source_run,game_key,bot_a,bot_b,game_index,swapped,winner,winner_raw,num_moves,time
main_tournament_resume,Random__VS__Heuristic__GAME__0,Random,Heuristic,0,False,Heuristic,-1,8,0.950472354888916
main_tournament_resume,Random__VS__Heuristic__GAME__1,Random,Heuristic,1,True,Heuristic,1,7,0.8273048400878906
main_tournament_resume,Random__VS__Heuristic__GAME__2,Random,Heuristic,2,False,Heuristic,-1,6,0.6177258491516113
main_tournament_resume,Random__VS__Heuristic__GAME__3,Random,Heuristic,3,True,Heuristic,1,9,1.613220453262329
main_tournament_resume,Random__VS__Heuristic__GAME__4,Random,Heuristic,4,False,Heuristic,-1,6,0.4607045650482178
main_tournament_resume,Random__VS__Heuristic__GAME__5,Random,Heuristic,5,True,Heuristic,1,9,1.4304983615875244
main_tournament_resume,Random__VS__Heuristic__GAME__6,Random,Heuristic,6,False,Heuristic,-1,10,2.3059909343719482
main_tournament_resume,Random__VS__Heuristic__GAME__7,Random,Heuristic,7,True,Heuristic,1,9,1.45943284034729
main_tournament_resume,Random__VS__Heuristic__GAME__8,Random,Heuristic,8,False,Heuristic,-1,10,2.597355365753174
main_tournament_resume,Random__VS__Heuristic__GAME__9,Random,Heuristic,9,True,Heuristic,1,13,4.035667419433594
main_tournament_resume,Random__VS__Heuristic__GAME__10,Random,Heuristic,10,False,Heuristic,-1,6,0.5719032287597656
main_tournament_resume,Random__VS__Heuristic__GAME__11,Random,Heuristic,11,True,Heuristic,1,11,2.6179776191711426
main_tournament_resume,Random__VS__Heuristic__GAME__12,Random,Heuristic,12,False,Heuristic,-1,10,1.6312966346740723
main_tournament_resume,Random__VS__Heuristic__GAME__13,Random,Heuristic,13,True,Heuristic,1,15,5.294428110122681
main_tournament_resume,Random__VS__Heuristic__GAME__14,Random,Heuristic,14,False,Heuristic,-1,8,1.1621110439300537
main_tournament_resume,Random__VS__Heuristic__GAME__15,Random,Heuristic,15,True,Heuristic,1,11,2.130608558654785
main_tournament_resume,Random__VS__Heuristic__GAME__16,Random,Heuristic,16,False,Heuristic,-1,8,0.8806819915771484
main_tournament_resume,Random__VS__Heuristic__GAME__17,Random,Heuristic,17,True,Heuristic,1,5,0.4825310707092285
main_tournament_resume,Random__VS__Heuristic__GAME__18,Random,Heuristic,18,False,Heuristic,-1,6,0.777641773223877
main_tournament_resume,Random__VS__Heuristic__GAME__19,Random,Heuristic,19,True,Heuristic,1,5,0.506035327911377
main_tournament_resume,Random__VS__Heuristic__GAME__20,Random,Heuristic,20,False,Heuristic,-1,8,1.3627257347106934
main_tournament_resume,Random__VS__Heuristic__GAME__21,Random,Heuristic,21,True,Heuristic,1,5,0.461076021194458
main_tournament_resume,Random__VS__Heuristic__GAME__22,Random,Heuristic,22,False,Heuristic,-1,10,2.221853256225586
main_tournament_resume,Random__VS__Heuristic__GAME__23,Random,Heuristic,23,True,Heuristic,1,7,1.0242633819580078
main_tournament_resume,Random__VS__Heuristic__GAME__24,Random,Heuristic,24,False,Heuristic,-1,16,5.590367794036865
main_tournament_resume,Random__VS__Heuristic__GAME__25,Random,Heuristic,25,True,Heuristic,1,7,1.105191946029663
main_tournament_resume,Random__VS__Heuristic__GAME__26,Random,Heuristic,26,False,Heuristic,-1,6,0.8122241497039795
main_tournament_resume,Random__VS__Heuristic__GAME__27,Random,Heuristic,27,True,Heuristic,1,7,1.1817748546600342
main_tournament_resume,Random__VS__Heuristic__GAME__28,Random,Heuristic,28,False,Heuristic,-1,10,1.4686033725738525
main_tournament_resume,Random__VS__Heuristic__GAME__29,Random,Heuristic,29,True,Heuristic,1,11,2.7869951725006104
main_tournament_resume,Random__VS__Heuristic__GAME__30,Random,Heuristic,30,False,Heuristic,-1,10,1.5218379497528076
main_tournament_resume,Random__VS__Heuristic__GAME__31,Random,Heuristic,31,True,Heuristic,1,5,0.469379186630249
main_tournament_resume,Random__VS__Heuristic__GAME__32,Random,Heuristic,32,False,Heuristic,-1,6,0.5331056118011475
main_tournament_resume,Random__VS__Heuristic__GAME__33,Random,Heuristic,33,True,Heuristic,1,7,1.0894105434417725
main_tournament_resume,Random__VS__Heuristic__GAME__34,Random,Heuristic,34,False,Heuristic,-1,8,1.3904194831848145
main_tournament_resume,Random__VS__Heuristic__GAME__35,Random,Heuristic,35,True,Heuristic,1,7,0.9053921699523926
main_tournament_resume,Random__VS__Heuristic__GAME__36,Random,Heuristic,36,False,Heuristic,-1,6,0.5555810928344727
main_tournament_resume,Random__VS__Heuristic__GAME__37,Random,Heuristic,37,True,Heuristic,1,7,1.2216401100158691
main_tournament_resume,Random__VS__Heuristic__GAME__38,Random,Heuristic,38,False,Heuristic,-1,7,1.1437246799468994
main_tournament_resume,Random__VS__Heuristic__GAME__39,Random,Heuristic,39,True,Heuristic,1,5,0.4910316467285156
main_tournament_resume,Random__VS__Heuristic__GAME__40,Random,Heuristic,40,False,Heuristic,-1,8,1.3820281028747559
main_tournament_resume,Random__VS__Heuristic__GAME__41,Random,Heuristic,41,True,Heuristic,1,7,1.0735042095184326
main_tournament_resume,Random__VS__Heuristic__GAME__42,Random,Heuristic,42,False,Heuristic,-1,12,3.5435948371887207
main_tournament_resume,Random__VS__Heuristic__GAME__43,Random,Heuristic,43,True,Heuristic,1,9,1.868664026260376
main_tournament_resume,Random__VS__Heuristic__GAME__44,Random,Heuristic,44,False,Heuristic,-1,8,1.4407730102539062
main_tournament_resume,Random__VS__Heuristic__GAME__45,Random,Heuristic,45,True,Heuristic,1,5,0.5088410377502441
main_tournament_resume,Random__VS__Heuristic__GAME__46,Random,Heuristic,46,False,Heuristic,-1,12,3.8858163356781006
main_tournament_resume,Random__VS__Heuristic__GAME__47,Random,Heuristic,47,True,Heuristic,1,11,3.0676350593566895
main_tournament_resume,Random__VS__Heuristic__GAME__48,Random,Heuristic,48,False,Heuristic,-1,8,1.2907192707061768
main_tournament_resume,Random__VS__Heuristic__GAME__49,Random,Heuristic,49,True,Heuristic,1,7,1.160069465637207
main_tournament_resume,Random__VS__AlphaBeta-new-d3__GAME__0,Random,AlphaBeta-new-d3,0,False,AlphaBeta-new-d3,-1,6,3.150560140609741
main_tournament_resume,Random__VS__AlphaBeta-new-d3__GAME__1,Random,AlphaBeta-new-d3,1,True,AlphaBeta-new-d3,1,37,24.933170080184937
main_tournament_resume,Random__VS__AlphaBeta-new-d3__GAME__2,Random,AlphaBeta-new-d3,2,False,AlphaBeta-new-d3,-1,8,2.7944772243499756
main_tournament_resume,Random__VS__AlphaBeta-new-d3__GAME__3,Random,AlphaBeta-new-d3,3,True,AlphaBeta-new-d3,1,7,3.790181875228882
main_tournament_resume,Random__VS__AlphaBeta-new-d3__GAME__4,Random,AlphaBeta-new-d3,4,False,AlphaBeta-new-d3,-1,16,10.229870080947876
main_tournament_resume,Random__VS__AlphaBeta-new-d3__GAME__5,Random,AlphaBeta-new-d3,5,True,AlphaBeta-new-d3,1,5,2.4055004119873047
main_tournament_resume,Random__VS__AlphaBeta-new-d3__GAME__6,Random,AlphaBeta-new-d3,6,False,Random,1,6,4.106524705886841
main_tournament_resume,Random__VS__AlphaBeta-new-d3__GAME__7,Random,AlphaBeta-new-d3,7,True,AlphaBeta-new-d3,1,5,2.9854371547698975
main_tournament_resume,Random__VS__AlphaBeta-new-d3__GAME__8,Random,AlphaBeta-new-d3,8,False,AlphaBeta-new-d3,-1,6,3.2350351810455322
main_tournament_resume,Random__VS__AlphaBeta-new-d3__GAME__9,Random,AlphaBeta-new-d3,9,True,AlphaBeta-new-d3,1,13,10.063982963562012
main_tournament_resume,Random__VS__AlphaBeta-new-d3__GAME__10,Random,AlphaBeta-new-d3,10,False,AlphaBeta-new-d3,-1,12,6.2045533657073975
main_tournament_resume,Random__VS__AlphaBeta-new-d3__GAME__11,Random,AlphaBeta-new-d3,11,True,Random,-1,8,4.23672080039978
main_tournament_resume,Random__VS__AlphaBeta-new-d3__GAME__12,Random,AlphaBeta-new-d3,12,False,AlphaBeta-new-d3,-1,16,8.945080041885376
main_tournament_resume,Random__VS__AlphaBeta-new-d3__GAME__13,Random,AlphaBeta-new-d3,13,True,AlphaBeta-new-d3,1,5,1.7683846950531006
main_tournament_resume,Random__VS__AlphaBeta-new-d3__GAME__14,Random,AlphaBeta-new-d3,14,False,AlphaBeta-new-d3,-1,8,3.346999406814575
main_tournament_resume,Random__VS__AlphaBeta-new-d3__GAME__15,Random,AlphaBeta-new-d3,15,True,Random,-1,23,17.412354946136475
main_tournament_resume,Random__VS__AlphaBeta-new-d3__GAME__16,Random,AlphaBeta-new-d3,16,False,AlphaBeta-new-d3,-1,8,3.1570167541503906
main_tournament_resume,Random__VS__AlphaBeta-new-d3__GAME__17,Random,AlphaBeta-new-d3,17,True,AlphaBeta-new-d3,1,5,1.3524951934814453
main_tournament_resume,Random__VS__AlphaBeta-new-d3__GAME__18,Random,AlphaBeta-new-d3,18,False,AlphaBeta-new-d3,-1,38,23.33422350883484
main_tournament_resume,Random__VS__AlphaBeta-new-d3__GAME__19,Random,AlphaBeta-new-d3,19,True,AlphaBeta-new-d3,1,7,4.361482858657837
main_tournament_resume,Random__VS__AlphaBeta-new-d3__GAME__20,Random,AlphaBeta-new-d3,20,False,AlphaBeta-new-d3,-1,12,7.5023322105407715
main_tournament_resume,Random__VS__AlphaBeta-new-d3__GAME__21,Random,AlphaBeta-new-d3,21,True,AlphaBeta-new-d3,1,7,4.254955291748047
main_tournament_resume,Random__VS__AlphaBeta-new-d3__GAME__22,Random,AlphaBeta-new-d3,22,False,AlphaBeta-new-d3,-1,12,6.750591993331909
main_tournament_resume,Random__VS__AlphaBeta-new-d3__GAME__23,Random,AlphaBeta-new-d3,23,True,AlphaBeta-new-d3,1,17,11.966107845306396
main_tournament_resume,Random__VS__AlphaBeta-new-d3__GAME__24,Random,AlphaBeta-new-d3,24,False,AlphaBeta-new-d3,-1,14,8.056948184967041
main_tournament_resume,Random__VS__AlphaBeta-new-d3__GAME__25,Random,AlphaBeta-new-d3,25,True,AlphaBeta-new-d3,1,9,4.449882507324219
main_tournament_resume,Random__VS__AlphaBeta-new-d3__GAME__26,Random,AlphaBeta-new-d3,26,False,AlphaBeta-new-d3,-1,16,9.162325382232666
main_tournament_resume,Random__VS__AlphaBeta-new-d3__GAME__27,Random,AlphaBeta-new-d3,27,True,AlphaBeta-new-d3,1,5,2.3676459789276123
main_tournament_resume,Random__VS__AlphaBeta-new-d3__GAME__28,Random,AlphaBeta-new-d3,28,False,draw,0,50,34.44067740440369
main_tournament_resume,Random__VS__AlphaBeta-new-d3__GAME__29,Random,AlphaBeta-new-d3,29,True,AlphaBeta-new-d3,1,11,5.950355768203735
main_tournament_resume,Random__VS__AlphaBeta-new-d3__GAME__30,Random,AlphaBeta-new-d3,30,False,draw,0,50,32.39426898956299
main_tournament_resume,Random__VS__AlphaBeta-new-d3__GAME__31,Random,AlphaBeta-new-d3,31,True,AlphaBeta-new-d3,1,7,3.0210049152374268
main_tournament_resume,Random__VS__AlphaBeta-new-d3__GAME__32,Random,AlphaBeta-new-d3,32,False,draw,0,50,37.14121079444885
main_tournament_resume,Random__VS__AlphaBeta-new-d3__GAME__33,Random,AlphaBeta-new-d3,33,True,AlphaBeta-new-d3,1,17,8.889344692230225
main_tournament_resume,Random__VS__AlphaBeta-new-d3__GAME__34,Random,AlphaBeta-new-d3,34,False,AlphaBeta-new-d3,-1,16,9.248600482940674
main_tournament_resume,Random__VS__AlphaBeta-new-d3__GAME__35,Random,AlphaBeta-new-d3,35,True,AlphaBeta-new-d3,1,5,1.8384466171264648
main_tournament_resume,Random__VS__AlphaBeta-new-d3__GAME__36,Random,AlphaBeta-new-d3,36,False,AlphaBeta-new-d3,-1,42,29.01213264465332
main_tournament_resume,Random__VS__AlphaBeta-new-d3__GAME__37,Random,AlphaBeta-new-d3,37,True,Random,-1,11,7.692720174789429
main_tournament_resume,Random__VS__AlphaBeta-new-d3__GAME__38,Random,AlphaBeta-new-d3,38,False,AlphaBeta-new-d3,-1,10,6.079126358032227
main_tournament_resume,Random__VS__AlphaBeta-new-d3__GAME__39,Random,AlphaBeta-new-d3,39,True,AlphaBeta-new-d3,1,11,5.782318592071533
main_tournament_resume,Random__VS__AlphaBeta-new-d3__GAME__40,Random,AlphaBeta-new-d3,40,False,AlphaBeta-new-d3,-1,36,23.03128957748413
main_tournament_resume,Random__VS__AlphaBeta-new-d3__GAME__41,Random,AlphaBeta-new-d3,41,True,AlphaBeta-new-d3,1,7,3.2330284118652344
main_tournament_resume,Random__VS__AlphaBeta-new-d3__GAME__42,Random,AlphaBeta-new-d3,42,False,Random,1,30,19.4052631855011
main_tournament_resume,Random__VS__AlphaBeta-new-d3__GAME__43,Random,AlphaBeta-new-d3,43,True,AlphaBeta-new-d3,1,9,4.706603288650513
main_tournament_resume,Random__VS__AlphaBeta-new-d3__GAME__44,Random,AlphaBeta-new-d3,44,False,Random,1,6,2.578167200088501
main_tournament_resume,Random__VS__AlphaBeta-new-d3__GAME__45,Random,AlphaBeta-new-d3,45,True,AlphaBeta-new-d3,1,11,4.783618688583374
main_tournament_resume,Random__VS__AlphaBeta-new-d3__GAME__46,Random,AlphaBeta-new-d3,46,False,AlphaBeta-new-d3,-1,8,3.0210795402526855
main_tournament_resume,Random__VS__AlphaBeta-new-d3__GAME__47,Random,AlphaBeta-new-d3,47,True,AlphaBeta-new-d3,1,19,11.531304597854614
main_tournament_resume,Random__VS__AlphaBeta-new-d3__GAME__48,Random,AlphaBeta-new-d3,48,False,AlphaBeta-new-d3,-1,6,3.030911922454834
main_tournament_resume,Random__VS__AlphaBeta-new-d3__GAME__49,Random,AlphaBeta-new-d3,49,True,AlphaBeta-new-d3,1,11,5.042881488800049
main_tournament_resume,Random__VS__MCTS-old-100__GAME__0,Random,MCTS-old-100,0,False,MCTS-old-100,-1,8,3.5286805629730225
main_tournament_resume,Random__VS__MCTS-old-100__GAME__1,Random,MCTS-old-100,1,True,MCTS-old-100,1,11,7.37052059173584
main_tournament_resume,Random__VS__MCTS-old-100__GAME__2,Random,MCTS-old-100,2,False,MCTS-old-100,-1,44,38.65039253234863
main_tournament_resume,Random__VS__MCTS-old-100__GAME__3,Random,MCTS-old-100,3,True,MCTS-old-100,1,25,19.824233055114746
main_tournament_resume,Random__VS__MCTS-old-100__GAME__4,Random,MCTS-old-100,4,False,MCTS-old-100,-1,10,5.311681032180786
main_tournament_resume,Random__VS__MCTS-old-100__GAME__5,Random,MCTS-old-100,5,True,MCTS-old-100,1,37,31.673038244247437
main_tournament_resume,Random__VS__MCTS-old-100__GAME__6,Random,MCTS-old-100,6,False,MCTS-old-100,-1,8,3.709479808807373
main_tournament_resume,Random__VS__MCTS-old-100__GAME__7,Random,MCTS-old-100,7,True,MCTS-old-100,1,7,4.313379764556885
main_tournament_resume,Random__VS__MCTS-old-100__GAME__8,Random,MCTS-old-100,8,False,MCTS-old-100,-1,22,14.295119524002075
main_tournament_resume,Random__VS__MCTS-old-100__GAME__9,Random,MCTS-old-100,9,True,MCTS-old-100,1,7,4.057116985321045
main_tournament_resume,Random__VS__MCTS-old-100__GAME__10,Random,MCTS-old-100,10,False,MCTS-old-100,-1,14,7.02029275894165
main_tournament_resume,Random__VS__MCTS-old-100__GAME__11,Random,MCTS-old-100,11,True,MCTS-old-100,1,7,3.7741715908050537
main_tournament_resume,Random__VS__MCTS-old-100__GAME__12,Random,MCTS-old-100,12,False,MCTS-old-100,-1,8,3.6865625381469727
main_tournament_resume,Random__VS__MCTS-old-100__GAME__13,Random,MCTS-old-100,13,True,MCTS-old-100,1,11,6.923216342926025
main_tournament_resume,Random__VS__MCTS-old-100__GAME__14,Random,MCTS-old-100,14,False,draw,0,50,43.05747413635254
main_tournament_resume,Random__VS__MCTS-old-100__GAME__15,Random,MCTS-old-100,15,True,MCTS-old-100,1,5,2.4329075813293457
main_tournament_resume,Random__VS__MCTS-old-100__GAME__16,Random,MCTS-old-100,16,False,MCTS-old-100,-1,8,3.706834316253662
main_tournament_resume,Random__VS__MCTS-old-100__GAME__17,Random,MCTS-old-100,17,True,Random,-1,9,5.719154357910156
main_tournament_resume,Random__VS__MCTS-old-100__GAME__18,Random,MCTS-old-100,18,False,MCTS-old-100,-1,8,4.086633682250977
main_tournament_resume,Random__VS__MCTS-old-100__GAME__19,Random,MCTS-old-100,19,True,MCTS-old-100,1,7,3.7697970867156982
main_tournament_resume,Random__VS__MCTS-old-100__GAME__20,Random,MCTS-old-100,20,False,Random,1,8,4.576012134552002
main_tournament_resume,Random__VS__MCTS-old-100__GAME__21,Random,MCTS-old-100,21,True,MCTS-old-100,1,5,2.407088279724121
main_tournament_resume,Random__VS__MCTS-old-100__GAME__22,Random,MCTS-old-100,22,False,MCTS-old-100,-1,6,2.342886209487915
main_tournament_resume,Random__VS__MCTS-old-100__GAME__23,Random,MCTS-old-100,23,True,MCTS-old-100,1,9,4.72648024559021
main_tournament_resume,Random__VS__MCTS-old-100__GAME__24,Random,MCTS-old-100,24,False,MCTS-old-100,-1,8,3.3409805297851562
main_tournament_resume,Random__VS__MCTS-old-100__GAME__25,Random,MCTS-old-100,25,True,MCTS-old-100,1,7,3.997779369354248
main_tournament_resume,Random__VS__MCTS-old-100__GAME__26,Random,MCTS-old-100,26,False,MCTS-old-100,-1,10,4.327593564987183
main_tournament_resume,Random__VS__MCTS-old-100__GAME__27,Random,MCTS-old-100,27,True,MCTS-old-100,1,5,2.2965376377105713
main_tournament_resume,Random__VS__MCTS-old-100__GAME__28,Random,MCTS-old-100,28,False,MCTS-old-100,-1,14,9.581212759017944
main_tournament_resume,Random__VS__MCTS-old-100__GAME__29,Random,MCTS-old-100,29,True,MCTS-old-100,1,13,8.057019472122192
main_tournament_resume,Random__VS__MCTS-old-100__GAME__30,Random,MCTS-old-100,30,False,MCTS-old-100,-1,40,35.40440821647644
main_tournament_resume,Random__VS__MCTS-old-100__GAME__31,Random,MCTS-old-100,31,True,MCTS-old-100,1,13,8.132867097854614
main_tournament_resume,Random__VS__MCTS-old-100__GAME__32,Random,MCTS-old-100,32,False,MCTS-old-100,-1,6,2.6325032711029053
main_tournament_resume,Random__VS__MCTS-old-100__GAME__33,Random,MCTS-old-100,33,True,MCTS-old-100,1,9,5.761425018310547
main_tournament_resume,Random__VS__MCTS-old-100__GAME__34,Random,MCTS-old-100,34,False,MCTS-old-100,-1,8,3.854363203048706
main_tournament_resume,Random__VS__MCTS-old-100__GAME__35,Random,MCTS-old-100,35,True,MCTS-old-100,1,5,2.3952713012695312
main_tournament_resume,Random__VS__MCTS-old-100__GAME__36,Random,MCTS-old-100,36,False,Random,1,6,3.2038819789886475
main_tournament_resume,Random__VS__MCTS-old-100__GAME__37,Random,MCTS-old-100,37,True,MCTS-old-100,1,5,2.3616209030151367
main_tournament_resume,Random__VS__MCTS-old-100__GAME__38,Random,MCTS-old-100,38,False,MCTS-old-100,-1,6,2.5168890953063965
main_tournament_resume,Random__VS__MCTS-old-100__GAME__39,Random,MCTS-old-100,39,True,MCTS-old-100,1,7,3.6576406955718994
main_tournament_resume,Random__VS__MCTS-old-100__GAME__40,Random,MCTS-old-100,40,False,MCTS-old-100,-1,8,4.755763292312622
main_tournament_resume,Random__VS__MCTS-old-100__GAME__41,Random,MCTS-old-100,41,True,MCTS-old-100,1,7,3.950355052947998
main_tournament_resume,Random__VS__MCTS-old-100__GAME__42,Random,MCTS-old-100,42,False,MCTS-old-100,-1,14,8.694807767868042
main_tournament_resume,Random__VS__MCTS-old-100__GAME__43,Random,MCTS-old-100,43,True,MCTS-old-100,1,5,3.0890419483184814
main_tournament_resume,Random__VS__MCTS-old-100__GAME__44,Random,MCTS-old-100,44,False,MCTS-old-100,-1,16,10.416592121124268
main_tournament_resume,Random__VS__MCTS-old-100__GAME__45,Random,MCTS-old-100,45,True,MCTS-old-100,1,13,8.54074501991272
main_tournament_resume,Random__VS__MCTS-old-100__GAME__46,Random,MCTS-old-100,46,False,MCTS-old-100,-1,6,2.5779781341552734
main_tournament_resume,Random__VS__MCTS-old-100__GAME__47,Random,MCTS-old-100,47,True,MCTS-old-100,1,5,2.320186138153076
main_tournament_resume,Random__VS__MCTS-old-100__GAME__48,Random,MCTS-old-100,48,False,MCTS-old-100,-1,8,3.5711638927459717
main_tournament_resume,Random__VS__MCTS-old-100__GAME__49,Random,MCTS-old-100,49,True,Random,-1,5,3.757786750793457
main_tournament_resume,Random__VS__MCTS-new-100__GAME__0,Random,MCTS-new-100,0,False,MCTS-new-100,-1,36,32.23336935043335
main_tournament_resume,Random__VS__MCTS-new-100__GAME__1,Random,MCTS-new-100,1,True,MCTS-new-100,1,7,4.280318975448608
main_tournament_resume,Random__VS__MCTS-new-100__GAME__2,Random,MCTS-new-100,2,False,MCTS-new-100,-1,14,8.625657320022583
main_tournament_resume,Random__VS__MCTS-new-100__GAME__3,Random,MCTS-new-100,3,True,MCTS-new-100,1,5,2.783511161804199
main_tournament_resume,Random__VS__MCTS-new-100__GAME__4,Random,MCTS-new-100,4,False,MCTS-new-100,-1,10,5.928900241851807
main_tournament_resume,Random__VS__MCTS-new-100__GAME__5,Random,MCTS-new-100,5,True,MCTS-new-100,1,5,2.5390098094940186
main_tournament_resume,Random__VS__MCTS-new-100__GAME__6,Random,MCTS-new-100,6,False,MCTS-new-100,-1,22,20.44772458076477
main_tournament_resume,Random__VS__MCTS-new-100__GAME__7,Random,MCTS-new-100,7,True,MCTS-new-100,1,7,3.5219576358795166
main_tournament_resume,Random__VS__MCTS-new-100__GAME__8,Random,MCTS-new-100,8,False,MCTS-new-100,-1,4,1.2019500732421875
main_tournament_resume,Random__VS__MCTS-new-100__GAME__9,Random,MCTS-new-100,9,True,MCTS-new-100,1,9,5.735756874084473
main_tournament_resume,Random__VS__MCTS-new-100__GAME__10,Random,MCTS-new-100,10,False,MCTS-new-100,-1,14,10.342601776123047
main_tournament_resume,Random__VS__MCTS-new-100__GAME__11,Random,MCTS-new-100,11,True,MCTS-new-100,1,11,6.547540903091431
main_tournament_resume,Random__VS__MCTS-new-100__GAME__12,Random,MCTS-new-100,12,False,draw,0,50,40.760308504104614
main_tournament_resume,Random__VS__MCTS-new-100__GAME__13,Random,MCTS-new-100,13,True,MCTS-new-100,1,7,4.043978214263916
main_tournament_resume,Random__VS__MCTS-new-100__GAME__14,Random,MCTS-new-100,14,False,MCTS-new-100,-1,28,23.611615657806396
main_tournament_resume,Random__VS__MCTS-new-100__GAME__15,Random,MCTS-new-100,15,True,MCTS-new-100,1,19,15.785004615783691
main_tournament_resume,Random__VS__MCTS-new-100__GAME__16,Random,MCTS-new-100,16,False,MCTS-new-100,-1,6,2.4951138496398926
main_tournament_resume,Random__VS__MCTS-new-100__GAME__17,Random,MCTS-new-100,17,True,MCTS-new-100,1,9,5.3491551876068115
main_tournament_resume,Random__VS__MCTS-new-100__GAME__18,Random,MCTS-new-100,18,False,MCTS-new-100,-1,14,12.274277925491333
main_tournament_resume,Random__VS__MCTS-new-100__GAME__19,Random,MCTS-new-100,19,True,MCTS-new-100,1,17,15.559725522994995
main_tournament_resume,Random__VS__MCTS-new-100__GAME__20,Random,MCTS-new-100,20,False,MCTS-new-100,-1,8,4.573165655136108
main_tournament_resume,Random__VS__MCTS-new-100__GAME__21,Random,MCTS-new-100,21,True,MCTS-new-100,1,9,6.54629373550415
main_tournament_resume,Random__VS__MCTS-new-100__GAME__22,Random,MCTS-new-100,22,False,MCTS-new-100,-1,10,6.48933744430542
main_tournament_resume,Random__VS__MCTS-new-100__GAME__23,Random,MCTS-new-100,23,True,MCTS-new-100,1,19,16.907400608062744
main_tournament_resume,Random__VS__MCTS-new-100__GAME__24,Random,MCTS-new-100,24,False,Random,1,10,5.748655319213867
main_tournament_resume,Random__VS__MCTS-new-100__GAME__25,Random,MCTS-new-100,25,True,MCTS-new-100,1,17,12.305192470550537
main_tournament_resume,Random__VS__MCTS-new-100__GAME__26,Random,MCTS-new-100,26,False,MCTS-new-100,-1,8,3.666989326477051
main_tournament_resume,Random__VS__MCTS-new-100__GAME__27,Random,MCTS-new-100,27,True,MCTS-new-100,1,9,5.546549320220947
main_tournament_resume,Random__VS__MCTS-new-100__GAME__28,Random,MCTS-new-100,28,False,MCTS-new-100,-1,8,3.9563167095184326
main_tournament_resume,Random__VS__MCTS-new-100__GAME__29,Random,MCTS-new-100,29,True,MCTS-new-100,1,7,5.012003183364868
main_tournament_resume,Random__VS__MCTS-new-100__GAME__30,Random,MCTS-new-100,30,False,MCTS-new-100,-1,4,1.4067952632904053
main_tournament_resume,Random__VS__MCTS-new-100__GAME__31,Random,MCTS-new-100,31,True,MCTS-new-100,1,7,4.1537559032440186
main_tournament_resume,Random__VS__MCTS-new-100__GAME__32,Random,MCTS-new-100,32,False,MCTS-new-100,-1,30,27.63277530670166
main_tournament_resume,Random__VS__MCTS-new-100__GAME__33,Random,MCTS-new-100,33,True,MCTS-new-100,1,11,7.999764442443848
main_tournament_resume,Random__VS__MCTS-new-100__GAME__34,Random,MCTS-new-100,34,False,MCTS-new-100,-1,14,7.99482536315918
main_tournament_resume,Random__VS__MCTS-new-100__GAME__35,Random,MCTS-new-100,35,True,MCTS-new-100,1,9,5.799490451812744
main_tournament_resume,Random__VS__MCTS-new-100__GAME__36,Random,MCTS-new-100,36,False,draw,0,50,52.398895502090454
main_tournament_resume,Random__VS__MCTS-new-100__GAME__37,Random,MCTS-new-100,37,True,MCTS-new-100,1,13,10.51656699180603
main_tournament_resume,Random__VS__MCTS-new-100__GAME__38,Random,MCTS-new-100,38,False,MCTS-new-100,-1,8,3.4514987468719482
main_tournament_resume,Random__VS__MCTS-new-100__GAME__39,Random,MCTS-new-100,39,True,MCTS-new-100,1,29,26.327061414718628
main_tournament_resume,Random__VS__MCTS-new-100__GAME__40,Random,MCTS-new-100,40,False,draw,0,50,48.31425619125366
main_tournament_resume,Random__VS__MCTS-new-100__GAME__41,Random,MCTS-new-100,41,True,draw,0,50,36.80046534538269
main_tournament_resume,Random__VS__MCTS-new-100__GAME__42,Random,MCTS-new-100,42,False,MCTS-new-100,-1,24,21.885860919952393
main_tournament_resume,Random__VS__MCTS-new-100__GAME__43,Random,MCTS-new-100,43,True,MCTS-new-100,1,11,7.238809108734131
main_tournament_resume,Random__VS__MCTS-new-100__GAME__44,Random,MCTS-new-100,44,False,MCTS-new-100,-1,14,10.483323097229004
main_tournament_resume,Random__VS__MCTS-new-100__GAME__45,Random,MCTS-new-100,45,True,MCTS-new-100,1,13,9.328903198242188
main_tournament_resume,Random__VS__MCTS-new-100__GAME__46,Random,MCTS-new-100,46,False,MCTS-new-100,-1,8,3.478123188018799
main_tournament_resume,Random__VS__MCTS-new-100__GAME__47,Random,MCTS-new-100,47,True,MCTS-new-100,1,17,13.108852863311768
main_tournament_resume,Random__VS__MCTS-new-100__GAME__48,Random,MCTS-new-100,48,False,MCTS-new-100,-1,10,5.605470895767212
main_tournament_resume,Random__VS__MCTS-new-100__GAME__49,Random,MCTS-new-100,49,True,MCTS-new-100,1,11,8.637836456298828
main_tournament_resume,Heuristic__VS__AlphaBeta-new-d3__GAME__0,Heuristic,AlphaBeta-new-d3,0,False,Heuristic,1,9,7.52640962600708
main_tournament_resume,Heuristic__VS__AlphaBeta-new-d3__GAME__1,Heuristic,AlphaBeta-new-d3,1,True,Heuristic,-1,6,4.180050373077393
main_tournament_resume,Heuristic__VS__AlphaBeta-new-d3__GAME__2,Heuristic,AlphaBeta-new-d3,2,False,Heuristic,1,9,7.16729211807251
main_tournament_resume,Heuristic__VS__AlphaBeta-new-d3__GAME__3,Heuristic,AlphaBeta-new-d3,3,True,Heuristic,-1,5,3.229294538497925
main_tournament_resume,Heuristic__VS__AlphaBeta-new-d3__GAME__4,Heuristic,AlphaBeta-new-d3,4,False,AlphaBeta-new-d3,-1,10,10.321864604949951
main_tournament_resume,Heuristic__VS__AlphaBeta-new-d3__GAME__5,Heuristic,AlphaBeta-new-d3,5,True,Heuristic,-1,7,7.950786113739014
main_tournament_resume,Heuristic__VS__AlphaBeta-new-d3__GAME__6,Heuristic,AlphaBeta-new-d3,6,False,Heuristic,1,5,2.5659966468811035
main_tournament_resume,Heuristic__VS__AlphaBeta-new-d3__GAME__7,Heuristic,AlphaBeta-new-d3,7,True,Heuristic,-1,8,6.309625625610352
main_tournament_resume,Heuristic__VS__AlphaBeta-new-d3__GAME__8,Heuristic,AlphaBeta-new-d3,8,False,Heuristic,1,6,4.420950412750244
main_tournament_resume,Heuristic__VS__AlphaBeta-new-d3__GAME__9,Heuristic,AlphaBeta-new-d3,9,True,Heuristic,-1,6,4.351047992706299
main_tournament_resume,Heuristic__VS__AlphaBeta-new-d3__GAME__10,Heuristic,AlphaBeta-new-d3,10,False,Heuristic,1,11,9.401361465454102
main_tournament_resume,Heuristic__VS__AlphaBeta-new-d3__GAME__11,Heuristic,AlphaBeta-new-d3,11,True,Heuristic,-1,6,4.275628566741943
main_tournament_resume,Heuristic__VS__AlphaBeta-new-d3__GAME__12,Heuristic,AlphaBeta-new-d3,12,False,Heuristic,1,9,7.9028379917144775
main_tournament_resume,Heuristic__VS__AlphaBeta-new-d3__GAME__13,Heuristic,AlphaBeta-new-d3,13,True,Heuristic,-1,4,3.3782694339752197
main_tournament_resume,Heuristic__VS__AlphaBeta-new-d3__GAME__14,Heuristic,AlphaBeta-new-d3,14,False,Heuristic,1,9,7.0842955112457275
main_tournament_resume,Heuristic__VS__AlphaBeta-new-d3__GAME__15,Heuristic,AlphaBeta-new-d3,15,True,Heuristic,-1,6,3.844175338745117
main_tournament_resume,Heuristic__VS__AlphaBeta-new-d3__GAME__16,Heuristic,AlphaBeta-new-d3,16,False,Heuristic,1,11,11.059996843338013
main_tournament_resume,Heuristic__VS__AlphaBeta-new-d3__GAME__17,Heuristic,AlphaBeta-new-d3,17,True,Heuristic,-1,6,3.69549298286438
main_tournament_resume,Heuristic__VS__AlphaBeta-new-d3__GAME__18,Heuristic,AlphaBeta-new-d3,18,False,Heuristic,1,7,4.590070009231567
main_tournament_resume,Heuristic__VS__AlphaBeta-new-d3__GAME__19,Heuristic,AlphaBeta-new-d3,19,True,Heuristic,-1,6,3.1087231636047363
main_tournament_resume,Heuristic__VS__AlphaBeta-new-d3__GAME__20,Heuristic,AlphaBeta-new-d3,20,False,Heuristic,1,9,6.912350416183472
main_tournament_resume,Heuristic__VS__AlphaBeta-new-d3__GAME__21,Heuristic,AlphaBeta-new-d3,21,True,Heuristic,-1,5,3.941240072250366
main_tournament_resume,Heuristic__VS__AlphaBeta-new-d3__GAME__22,Heuristic,AlphaBeta-new-d3,22,False,AlphaBeta-new-d3,-1,10,7.714288711547852
main_tournament_resume,Heuristic__VS__AlphaBeta-new-d3__GAME__23,Heuristic,AlphaBeta-new-d3,23,True,Heuristic,-1,10,8.912915468215942
main_tournament_resume,Heuristic__VS__AlphaBeta-new-d3__GAME__24,Heuristic,AlphaBeta-new-d3,24,False,Heuristic,1,5,2.9662952423095703
main_tournament_resume,Heuristic__VS__AlphaBeta-new-d3__GAME__25,Heuristic,AlphaBeta-new-d3,25,True,Heuristic,-1,6,4.144610643386841
main_tournament_resume,Heuristic__VS__AlphaBeta-new-d3__GAME__26,Heuristic,AlphaBeta-new-d3,26,False,Heuristic,1,7,4.821308612823486
main_tournament_resume,Heuristic__VS__AlphaBeta-new-d3__GAME__27,Heuristic,AlphaBeta-new-d3,27,True,Heuristic,-1,8,5.191256999969482
main_tournament_resume,Heuristic__VS__AlphaBeta-new-d3__GAME__28,Heuristic,AlphaBeta-new-d3,28,False,Heuristic,1,7,4.3596765995025635
main_tournament_resume,Heuristic__VS__AlphaBeta-new-d3__GAME__29,Heuristic,AlphaBeta-new-d3,29,True,Heuristic,-1,9,8.422374963760376
main_tournament_resume,Heuristic__VS__AlphaBeta-new-d3__GAME__30,Heuristic,AlphaBeta-new-d3,30,False,Heuristic,1,6,4.364826917648315
main_tournament_resume,Heuristic__VS__AlphaBeta-new-d3__GAME__31,Heuristic,AlphaBeta-new-d3,31,True,Heuristic,-1,8,5.916798830032349
main_tournament_resume,Heuristic__VS__AlphaBeta-new-d3__GAME__32,Heuristic,AlphaBeta-new-d3,32,False,Heuristic,1,7,4.526269435882568
main_tournament_resume,Heuristic__VS__AlphaBeta-new-d3__GAME__33,Heuristic,AlphaBeta-new-d3,33,True,Heuristic,-1,5,4.225878477096558
main_tournament_resume,Heuristic__VS__AlphaBeta-new-d3__GAME__34,Heuristic,AlphaBeta-new-d3,34,False,Heuristic,1,5,3.230555772781372
main_tournament_resume,Heuristic__VS__AlphaBeta-new-d3__GAME__35,Heuristic,AlphaBeta-new-d3,35,True,Heuristic,-1,12,10.960447311401367
main_tournament_resume,Heuristic__VS__AlphaBeta-new-d3__GAME__36,Heuristic,AlphaBeta-new-d3,36,False,Heuristic,1,11,8.194158554077148
main_tournament_resume,Heuristic__VS__AlphaBeta-new-d3__GAME__37,Heuristic,AlphaBeta-new-d3,37,True,Heuristic,-1,8,6.296907186508179
main_tournament_resume,Heuristic__VS__AlphaBeta-new-d3__GAME__38,Heuristic,AlphaBeta-new-d3,38,False,Heuristic,1,9,6.366223096847534
main_tournament_resume,Heuristic__VS__AlphaBeta-new-d3__GAME__39,Heuristic,AlphaBeta-new-d3,39,True,Heuristic,-1,10,8.606045246124268
main_tournament_resume,Heuristic__VS__AlphaBeta-new-d3__GAME__40,Heuristic,AlphaBeta-new-d3,40,False,Heuristic,1,8,6.062043905258179
main_tournament_resume,Heuristic__VS__AlphaBeta-new-d3__GAME__41,Heuristic,AlphaBeta-new-d3,41,True,Heuristic,-1,5,3.097935438156128
main_tournament_resume,Heuristic__VS__AlphaBeta-new-d3__GAME__42,Heuristic,AlphaBeta-new-d3,42,False,Heuristic,1,9,7.945230484008789
main_tournament_resume,Heuristic__VS__AlphaBeta-new-d3__GAME__43,Heuristic,AlphaBeta-new-d3,43,True,Heuristic,-1,10,8.567377090454102
main_tournament_resume,Heuristic__VS__AlphaBeta-new-d3__GAME__44,Heuristic,AlphaBeta-new-d3,44,False,Heuristic,1,7,4.713802814483643
main_tournament_resume,Heuristic__VS__AlphaBeta-new-d3__GAME__45,Heuristic,AlphaBeta-new-d3,45,True,Heuristic,-1,8,7.344640493392944
main_tournament_resume,Heuristic__VS__AlphaBeta-new-d3__GAME__46,Heuristic,AlphaBeta-new-d3,46,False,Heuristic,1,13,11.682329893112183
main_tournament_resume,Heuristic__VS__AlphaBeta-new-d3__GAME__47,Heuristic,AlphaBeta-new-d3,47,True,Heuristic,-1,5,3.602689266204834
main_tournament_resume,Heuristic__VS__AlphaBeta-new-d3__GAME__48,Heuristic,AlphaBeta-new-d3,48,False,Heuristic,1,9,6.059626817703247
main_tournament_resume,Heuristic__VS__AlphaBeta-new-d3__GAME__49,Heuristic,AlphaBeta-new-d3,49,True,Heuristic,-1,6,3.455580949783325
main_tournament_resume,Heuristic__VS__MCTS-old-100__GAME__0,Heuristic,MCTS-old-100,0,False,Heuristic,1,6,5.610519170761108
main_tournament_resume,Heuristic__VS__MCTS-old-100__GAME__1,Heuristic,MCTS-old-100,1,True,Heuristic,-1,16,18.380151987075806
main_tournament_resume,Heuristic__VS__MCTS-old-100__GAME__2,Heuristic,MCTS-old-100,2,False,Heuristic,1,13,11.446176528930664
main_tournament_resume,Heuristic__VS__MCTS-old-100__GAME__3,Heuristic,MCTS-old-100,3,True,Heuristic,-1,8,7.164613485336304
main_tournament_resume,Heuristic__VS__MCTS-old-100__GAME__4,Heuristic,MCTS-old-100,4,False,Heuristic,1,6,5.0447022914886475
main_tournament_resume,Heuristic__VS__MCTS-old-100__GAME__5,Heuristic,MCTS-old-100,5,True,Heuristic,-1,7,6.087532043457031
main_tournament_resume,Heuristic__VS__MCTS-old-100__GAME__6,Heuristic,MCTS-old-100,6,False,Heuristic,1,4,3.108999729156494
main_tournament_resume,Heuristic__VS__MCTS-old-100__GAME__7,Heuristic,MCTS-old-100,7,True,Heuristic,-1,30,55.30422306060791
main_tournament_resume,Heuristic__VS__MCTS-old-100__GAME__8,Heuristic,MCTS-old-100,8,False,Heuristic,1,13,11.87546992301941
main_tournament_resume,Heuristic__VS__MCTS-old-100__GAME__9,Heuristic,MCTS-old-100,9,True,Heuristic,-1,5,4.2433693408966064
main_tournament_resume,Heuristic__VS__MCTS-old-100__GAME__10,Heuristic,MCTS-old-100,10,False,Heuristic,1,19,28.000418663024902
main_tournament_resume,Heuristic__VS__MCTS-old-100__GAME__11,Heuristic,MCTS-old-100,11,True,draw,0,50,70.60007667541504
main_tournament_resume,Heuristic__VS__MCTS-old-100__GAME__12,Heuristic,MCTS-old-100,12,False,Heuristic,1,6,5.842244863510132
main_tournament_resume,Heuristic__VS__MCTS-old-100__GAME__13,Heuristic,MCTS-old-100,13,True,Heuristic,-1,10,9.89578127861023
main_tournament_resume,Heuristic__VS__MCTS-old-100__GAME__14,Heuristic,MCTS-old-100,14,False,Heuristic,1,27,36.38978028297424
main_tournament_resume,Heuristic__VS__MCTS-old-100__GAME__15,Heuristic,MCTS-old-100,15,True,Heuristic,-1,7,6.289790630340576
main_tournament_resume,Heuristic__VS__MCTS-old-100__GAME__16,Heuristic,MCTS-old-100,16,False,Heuristic,1,13,12.727749109268188
main_tournament_resume,Heuristic__VS__MCTS-old-100__GAME__17,Heuristic,MCTS-old-100,17,True,Heuristic,-1,36,49.616376638412476
main_tournament_resume,Heuristic__VS__MCTS-old-100__GAME__18,Heuristic,MCTS-old-100,18,False,Heuristic,1,9,8.880865573883057
main_tournament_resume,Heuristic__VS__MCTS-old-100__GAME__19,Heuristic,MCTS-old-100,19,True,Heuristic,-1,9,9.831067562103271
main_tournament_resume,Heuristic__VS__MCTS-old-100__GAME__20,Heuristic,MCTS-old-100,20,False,Heuristic,1,11,10.042564392089844
main_tournament_resume,Heuristic__VS__MCTS-old-100__GAME__21,Heuristic,MCTS-old-100,21,True,Heuristic,-1,7,6.458389759063721
main_tournament_resume,Heuristic__VS__MCTS-old-100__GAME__22,Heuristic,MCTS-old-100,22,False,Heuristic,1,4,2.876865863800049
main_tournament_resume,Heuristic__VS__MCTS-old-100__GAME__23,Heuristic,MCTS-old-100,23,True,Heuristic,-1,5,4.726359844207764
main_tournament_resume,Heuristic__VS__MCTS-old-100__GAME__24,Heuristic,MCTS-old-100,24,False,Heuristic,1,8,6.951350212097168
main_tournament_resume,Heuristic__VS__MCTS-old-100__GAME__25,Heuristic,MCTS-old-100,25,True,Heuristic,-1,10,9.16921329498291
main_tournament_resume,Heuristic__VS__MCTS-old-100__GAME__26,Heuristic,MCTS-old-100,26,False,Heuristic,1,6,4.482585668563843
main_tournament_resume,Heuristic__VS__MCTS-old-100__GAME__27,Heuristic,MCTS-old-100,27,True,Heuristic,-1,12,12.854679584503174
main_tournament_resume,Heuristic__VS__MCTS-old-100__GAME__28,Heuristic,MCTS-old-100,28,False,Heuristic,1,18,21.553739547729492
main_tournament_resume,Heuristic__VS__MCTS-old-100__GAME__29,Heuristic,MCTS-old-100,29,True,draw,0,50,54.07340359687805
main_tournament_resume,Heuristic__VS__MCTS-old-100__GAME__30,Heuristic,MCTS-old-100,30,False,Heuristic,1,15,18.210057258605957
main_tournament_resume,Heuristic__VS__MCTS-old-100__GAME__31,Heuristic,MCTS-old-100,31,True,Heuristic,-1,13,15.654033660888672
main_tournament_resume,Heuristic__VS__MCTS-old-100__GAME__32,Heuristic,MCTS-old-100,32,False,Heuristic,1,15,15.412029027938843
main_tournament_resume,Heuristic__VS__MCTS-old-100__GAME__33,Heuristic,MCTS-old-100,33,True,Heuristic,-1,6,5.6848907470703125
main_tournament_resume,Heuristic__VS__MCTS-old-100__GAME__34,Heuristic,MCTS-old-100,34,False,Heuristic,1,6,4.871259927749634
main_tournament_resume,Heuristic__VS__MCTS-old-100__GAME__35,Heuristic,MCTS-old-100,35,True,Heuristic,-1,16,19.436673164367676
main_tournament_resume,Heuristic__VS__MCTS-old-100__GAME__36,Heuristic,MCTS-old-100,36,False,MCTS-old-100,-1,24,36.64704465866089
main_tournament_resume,Heuristic__VS__MCTS-old-100__GAME__37,Heuristic,MCTS-old-100,37,True,Heuristic,-1,12,14.020931243896484
main_tournament_resume,Heuristic__VS__MCTS-old-100__GAME__38,Heuristic,MCTS-old-100,38,False,Heuristic,1,6,5.278968095779419
main_tournament_resume,Heuristic__VS__MCTS-old-100__GAME__39,Heuristic,MCTS-old-100,39,True,MCTS-old-100,1,9,7.739816904067993
main_tournament_resume,Heuristic__VS__MCTS-old-100__GAME__40,Heuristic,MCTS-old-100,40,False,Heuristic,1,9,7.351744651794434
main_tournament_resume,Heuristic__VS__MCTS-old-100__GAME__41,Heuristic,MCTS-old-100,41,True,Heuristic,-1,15,20.242103099822998
main_tournament_resume,Heuristic__VS__MCTS-old-100__GAME__42,Heuristic,MCTS-old-100,42,False,Heuristic,1,9,8.940775156021118
main_tournament_resume,Heuristic__VS__MCTS-old-100__GAME__43,Heuristic,MCTS-old-100,43,True,MCTS-old-100,1,9,7.111737966537476
main_tournament_resume,Heuristic__VS__MCTS-old-100__GAME__44,Heuristic,MCTS-old-100,44,False,Heuristic,1,12,13.33517575263977
main_tournament_resume,Heuristic__VS__MCTS-old-100__GAME__45,Heuristic,MCTS-old-100,45,True,Heuristic,-1,8,7.737339735031128
main_tournament_resume,Heuristic__VS__MCTS-old-100__GAME__46,Heuristic,MCTS-old-100,46,False,Heuristic,1,5,3.1547107696533203
main_tournament_resume,Heuristic__VS__MCTS-old-100__GAME__47,Heuristic,MCTS-old-100,47,True,Heuristic,-1,8,7.918740510940552
main_tournament_resume,Heuristic__VS__MCTS-old-100__GAME__48,Heuristic,MCTS-old-100,48,False,Heuristic,1,4,3.315464496612549
main_tournament_resume,Heuristic__VS__MCTS-old-100__GAME__49,Heuristic,MCTS-old-100,49,True,Heuristic,-1,9,9.085903406143188
main_tournament_resume,Heuristic__VS__MCTS-new-100__GAME__0,Heuristic,MCTS-new-100,0,False,Heuristic,1,13,19.201379537582397
main_tournament_resume,Heuristic__VS__MCTS-new-100__GAME__1,Heuristic,MCTS-new-100,1,True,Heuristic,-1,10,11.456566333770752
main_tournament_resume,Heuristic__VS__MCTS-new-100__GAME__2,Heuristic,MCTS-new-100,2,False,MCTS-new-100,-1,8,6.960123538970947
main_tournament_resume,Heuristic__VS__MCTS-new-100__GAME__3,Heuristic,MCTS-new-100,3,True,Heuristic,-1,9,8.906012535095215
main_tournament_resume,Heuristic__VS__MCTS-new-100__GAME__4,Heuristic,MCTS-new-100,4,False,Heuristic,1,4,3.2036757469177246
main_tournament_resume,Heuristic__VS__MCTS-new-100__GAME__5,Heuristic,MCTS-new-100,5,True,Heuristic,-1,9,11.880274057388306
main_tournament_resume,Heuristic__VS__MCTS-new-100__GAME__6,Heuristic,MCTS-new-100,6,False,Heuristic,1,11,15.078754425048828
main_tournament_resume,Heuristic__VS__MCTS-new-100__GAME__7,Heuristic,MCTS-new-100,7,True,Heuristic,-1,20,26.93110489845276
main_tournament_resume,Heuristic__VS__MCTS-new-100__GAME__8,Heuristic,MCTS-new-100,8,False,Heuristic,1,23,37.24925899505615
main_tournament_resume,Heuristic__VS__MCTS-new-100__GAME__9,Heuristic,MCTS-new-100,9,True,Heuristic,-1,11,10.396381378173828
main_tournament_resume,Heuristic__VS__MCTS-new-100__GAME__10,Heuristic,MCTS-new-100,10,False,MCTS-new-100,-1,10,8.972999572753906
main_tournament_resume,Heuristic__VS__MCTS-new-100__GAME__11,Heuristic,MCTS-new-100,11,True,Heuristic,-1,12,13.73579740524292
main_tournament_resume,Heuristic__VS__MCTS-new-100__GAME__12,Heuristic,MCTS-new-100,12,False,Heuristic,1,13,15.842129707336426
main_tournament_resume,Heuristic__VS__MCTS-new-100__GAME__13,Heuristic,MCTS-new-100,13,True,Heuristic,-1,10,10.305058002471924
main_tournament_resume,Heuristic__VS__MCTS-new-100__GAME__14,Heuristic,MCTS-new-100,14,False,Heuristic,1,7,5.418931484222412
main_tournament_resume,Heuristic__VS__MCTS-new-100__GAME__15,Heuristic,MCTS-new-100,15,True,Heuristic,-1,36,79.04986262321472
main_tournament_resume,Heuristic__VS__MCTS-new-100__GAME__16,Heuristic,MCTS-new-100,16,False,Heuristic,1,12,12.175661087036133
main_tournament_resume,Heuristic__VS__MCTS-new-100__GAME__17,Heuristic,MCTS-new-100,17,True,MCTS-new-100,1,9,8.20106291770935
main_tournament_resume,Heuristic__VS__MCTS-new-100__GAME__18,Heuristic,MCTS-new-100,18,False,Heuristic,1,5,3.7394607067108154
main_tournament_resume,Heuristic__VS__MCTS-new-100__GAME__19,Heuristic,MCTS-new-100,19,True,Heuristic,-1,8,6.723882675170898
main_tournament_resume,Heuristic__VS__MCTS-new-100__GAME__20,Heuristic,MCTS-new-100,20,False,Heuristic,1,7,5.068710803985596
main_tournament_resume,Heuristic__VS__MCTS-new-100__GAME__21,Heuristic,MCTS-new-100,21,True,draw,0,50,117.25964331626892
main_tournament_resume,Heuristic__VS__MCTS-new-100__GAME__22,Heuristic,MCTS-new-100,22,False,Heuristic,1,7,5.341090679168701
main_tournament_resume,Heuristic__VS__MCTS-new-100__GAME__23,Heuristic,MCTS-new-100,23,True,Heuristic,-1,30,73.19162893295288
main_tournament_resume,Heuristic__VS__MCTS-new-100__GAME__24,Heuristic,MCTS-new-100,24,False,Heuristic,1,8,6.507014989852905
main_tournament_resume,Heuristic__VS__MCTS-new-100__GAME__25,Heuristic,MCTS-new-100,25,True,draw,0,50,74.17430543899536
main_tournament_resume,Heuristic__VS__MCTS-new-100__GAME__26,Heuristic,MCTS-new-100,26,False,Heuristic,1,6,6.337609767913818
main_tournament_resume,Heuristic__VS__MCTS-new-100__GAME__27,Heuristic,MCTS-new-100,27,True,Heuristic,-1,9,8.365504026412964
main_tournament_resume,Heuristic__VS__MCTS-new-100__GAME__28,Heuristic,MCTS-new-100,28,False,Heuristic,1,13,15.195080041885376
main_tournament_resume,Heuristic__VS__MCTS-new-100__GAME__29,Heuristic,MCTS-new-100,29,True,Heuristic,-1,22,41.71556115150452
main_tournament_resume,Heuristic__VS__MCTS-new-100__GAME__30,Heuristic,MCTS-new-100,30,False,Heuristic,1,8,6.883870601654053
main_tournament_resume,Heuristic__VS__MCTS-new-100__GAME__31,Heuristic,MCTS-new-100,31,True,Heuristic,-1,21,33.590787410736084
main_tournament_resume,Heuristic__VS__MCTS-new-100__GAME__32,Heuristic,MCTS-new-100,32,False,Heuristic,1,13,15.166578769683838
main_tournament_resume,Heuristic__VS__MCTS-new-100__GAME__33,Heuristic,MCTS-new-100,33,True,draw,0,50,68.928377866745
main_tournament_resume,Heuristic__VS__MCTS-new-100__GAME__34,Heuristic,MCTS-new-100,34,False,Heuristic,1,5,3.6430599689483643
main_tournament_resume,Heuristic__VS__MCTS-new-100__GAME__35,Heuristic,MCTS-new-100,35,True,Heuristic,-1,5,5.570775985717773
main_tournament_resume,Heuristic__VS__MCTS-new-100__GAME__36,Heuristic,MCTS-new-100,36,False,Heuristic,1,4,3.629579544067383
main_tournament_resume,Heuristic__VS__MCTS-new-100__GAME__37,Heuristic,MCTS-new-100,37,True,Heuristic,-1,8,7.315117835998535
main_tournament_resume,Heuristic__VS__MCTS-new-100__GAME__38,Heuristic,MCTS-new-100,38,False,Heuristic,1,7,6.233704328536987
main_tournament_resume,Heuristic__VS__MCTS-new-100__GAME__39,Heuristic,MCTS-new-100,39,True,Heuristic,-1,8,8.410574913024902
main_tournament_resume,Heuristic__VS__MCTS-new-100__GAME__40,Heuristic,MCTS-new-100,40,False,MCTS-new-100,-1,8,5.977663516998291
main_tournament_resume,Heuristic__VS__MCTS-new-100__GAME__41,Heuristic,MCTS-new-100,41,True,Heuristic,-1,24,31.971283674240112
main_tournament_resume,Heuristic__VS__MCTS-new-100__GAME__42,Heuristic,MCTS-new-100,42,False,Heuristic,1,6,5.256319284439087
main_tournament_resume,Heuristic__VS__MCTS-new-100__GAME__43,Heuristic,MCTS-new-100,43,True,MCTS-new-100,1,9,8.924158096313477
main_tournament_resume,Heuristic__VS__MCTS-new-100__GAME__44,Heuristic,MCTS-new-100,44,False,Heuristic,1,17,25.112785816192627
main_tournament_resume,Heuristic__VS__MCTS-new-100__GAME__45,Heuristic,MCTS-new-100,45,True,Heuristic,-1,6,5.42395806312561
main_tournament_resume,Heuristic__VS__MCTS-new-100__GAME__46,Heuristic,MCTS-new-100,46,False,Heuristic,1,11,13.847062349319458
main_tournament_resume,Heuristic__VS__MCTS-new-100__GAME__47,Heuristic,MCTS-new-100,47,True,Heuristic,-1,11,13.854215383529663
main_tournament_resume,Heuristic__VS__MCTS-new-100__GAME__48,Heuristic,MCTS-new-100,48,False,Heuristic,1,5,3.479860544204712
main_tournament_resume,Heuristic__VS__MCTS-new-100__GAME__49,Heuristic,MCTS-new-100,49,True,Heuristic,-1,12,13.632407426834106
main_tournament_resume,AlphaBeta-new-d3__VS__MCTS-old-100__GAME__0,AlphaBeta-new-d3,MCTS-old-100,0,False,MCTS-old-100,-1,18,26.94974660873413
main_tournament_resume,AlphaBeta-new-d3__VS__MCTS-old-100__GAME__1,AlphaBeta-new-d3,MCTS-old-100,1,True,MCTS-old-100,1,7,8.10706114768982
main_tournament_resume,AlphaBeta-new-d3__VS__MCTS-old-100__GAME__2,AlphaBeta-new-d3,MCTS-old-100,2,False,AlphaBeta-new-d3,1,21,32.17561721801758
main_tournament_resume,AlphaBeta-new-d3__VS__MCTS-old-100__GAME__3,AlphaBeta-new-d3,MCTS-old-100,3,True,MCTS-old-100,1,13,16.045994758605957
main_tournament_resume,AlphaBeta-new-d3__VS__MCTS-old-100__GAME__4,AlphaBeta-new-d3,MCTS-old-100,4,False,MCTS-old-100,-1,6,7.140972375869751
main_tournament_resume,AlphaBeta-new-d3__VS__MCTS-old-100__GAME__5,AlphaBeta-new-d3,MCTS-old-100,5,True,MCTS-old-100,1,9,12.214099168777466
main_tournament_resume,AlphaBeta-new-d3__VS__MCTS-old-100__GAME__6,AlphaBeta-new-d3,MCTS-old-100,6,False,AlphaBeta-new-d3,1,9,11.896555423736572
main_tournament_resume,AlphaBeta-new-d3__VS__MCTS-old-100__GAME__7,AlphaBeta-new-d3,MCTS-old-100,7,True,MCTS-old-100,1,23,35.550137519836426
main_tournament_resume,AlphaBeta-new-d3__VS__MCTS-old-100__GAME__8,AlphaBeta-new-d3,MCTS-old-100,8,False,draw,0,50,73.03034520149231
main_tournament_resume,AlphaBeta-new-d3__VS__MCTS-old-100__GAME__9,AlphaBeta-new-d3,MCTS-old-100,9,True,MCTS-old-100,1,9,10.821923732757568
main_tournament_resume,AlphaBeta-new-d3__VS__MCTS-old-100__GAME__10,AlphaBeta-new-d3,MCTS-old-100,10,False,MCTS-old-100,-1,6,7.46873664855957
main_tournament_resume,AlphaBeta-new-d3__VS__MCTS-old-100__GAME__11,AlphaBeta-new-d3,MCTS-old-100,11,True,MCTS-old-100,1,11,11.991429567337036
main_tournament_resume,AlphaBeta-new-d3__VS__MCTS-old-100__GAME__12,AlphaBeta-new-d3,MCTS-old-100,12,False,MCTS-old-100,-1,6,5.294921875
main_tournament_resume,AlphaBeta-new-d3__VS__MCTS-old-100__GAME__13,AlphaBeta-new-d3,MCTS-old-100,13,True,AlphaBeta-new-d3,-1,8,9.625008821487427
main_tournament_resume,AlphaBeta-new-d3__VS__MCTS-old-100__GAME__14,AlphaBeta-new-d3,MCTS-old-100,14,False,MCTS-old-100,-1,6,6.645934581756592
main_tournament_resume,AlphaBeta-new-d3__VS__MCTS-old-100__GAME__15,AlphaBeta-new-d3,MCTS-old-100,15,True,MCTS-old-100,1,19,26.470346212387085
main_tournament_resume,AlphaBeta-new-d3__VS__MCTS-old-100__GAME__16,AlphaBeta-new-d3,MCTS-old-100,16,False,MCTS-old-100,-1,8,9.899613380432129
main_tournament_resume,AlphaBeta-new-d3__VS__MCTS-old-100__GAME__17,AlphaBeta-new-d3,MCTS-old-100,17,True,MCTS-old-100,1,11,12.359886646270752
main_tournament_resume,AlphaBeta-new-d3__VS__MCTS-old-100__GAME__18,AlphaBeta-new-d3,MCTS-old-100,18,False,MCTS-old-100,-1,22,34.99184012413025
main_tournament_resume,AlphaBeta-new-d3__VS__MCTS-old-100__GAME__19,AlphaBeta-new-d3,MCTS-old-100,19,True,MCTS-old-100,1,5,4.067804574966431
main_tournament_resume,AlphaBeta-new-d3__VS__MCTS-old-100__GAME__20,AlphaBeta-new-d3,MCTS-old-100,20,False,MCTS-old-100,-1,17,26.3490948677063
main_tournament_resume,AlphaBeta-new-d3__VS__MCTS-old-100__GAME__21,AlphaBeta-new-d3,MCTS-old-100,21,True,MCTS-old-100,1,5,5.448511123657227
main_tournament_resume,AlphaBeta-new-d3__VS__MCTS-old-100__GAME__22,AlphaBeta-new-d3,MCTS-old-100,22,False,AlphaBeta-new-d3,1,4,4.809999227523804
main_tournament_resume,AlphaBeta-new-d3__VS__MCTS-old-100__GAME__23,AlphaBeta-new-d3,MCTS-old-100,23,True,MCTS-old-100,1,11,13.563276290893555
main_tournament_resume,AlphaBeta-new-d3__VS__MCTS-old-100__GAME__24,AlphaBeta-new-d3,MCTS-old-100,24,False,MCTS-old-100,-1,8,8.793749570846558
main_tournament_resume,AlphaBeta-new-d3__VS__MCTS-old-100__GAME__25,AlphaBeta-new-d3,MCTS-old-100,25,True,MCTS-old-100,1,23,35.250159740448
main_tournament_resume,AlphaBeta-new-d3__VS__MCTS-old-100__GAME__26,AlphaBeta-new-d3,MCTS-old-100,26,False,AlphaBeta-new-d3,1,6,7.579374074935913
main_tournament_resume,AlphaBeta-new-d3__VS__MCTS-old-100__GAME__27,AlphaBeta-new-d3,MCTS-old-100,27,True,MCTS-old-100,1,7,7.0889527797698975
main_tournament_resume,AlphaBeta-new-d3__VS__MCTS-old-100__GAME__28,AlphaBeta-new-d3,MCTS-old-100,28,False,MCTS-old-100,-1,6,5.914763450622559
main_tournament_resume,AlphaBeta-new-d3__VS__MCTS-old-100__GAME__29,AlphaBeta-new-d3,MCTS-old-100,29,True,MCTS-old-100,1,15,20.053524255752563
main_tournament_resume,AlphaBeta-new-d3__VS__MCTS-old-100__GAME__30,AlphaBeta-new-d3,MCTS-old-100,30,False,MCTS-old-100,-1,10,11.596711874008179
main_tournament_resume,AlphaBeta-new-d3__VS__MCTS-old-100__GAME__31,AlphaBeta-new-d3,MCTS-old-100,31,True,MCTS-old-100,1,11,12.153470516204834
main_tournament_resume,AlphaBeta-new-d3__VS__MCTS-old-100__GAME__32,AlphaBeta-new-d3,MCTS-old-100,32,False,MCTS-old-100,-1,6,6.065603971481323
main_tournament_resume,AlphaBeta-new-d3__VS__MCTS-old-100__GAME__33,AlphaBeta-new-d3,MCTS-old-100,33,True,AlphaBeta-new-d3,-1,14,17.58681344985962
main_tournament_resume,AlphaBeta-new-d3__VS__MCTS-old-100__GAME__34,AlphaBeta-new-d3,MCTS-old-100,34,False,MCTS-old-100,-1,6,6.486069917678833
main_tournament_resume,AlphaBeta-new-d3__VS__MCTS-old-100__GAME__35,AlphaBeta-new-d3,MCTS-old-100,35,True,MCTS-old-100,1,25,34.63610529899597
main_tournament_resume,AlphaBeta-new-d3__VS__MCTS-old-100__GAME__36,AlphaBeta-new-d3,MCTS-old-100,36,False,MCTS-old-100,-1,12,16.62726902961731
main_tournament_resume,AlphaBeta-new-d3__VS__MCTS-old-100__GAME__37,AlphaBeta-new-d3,MCTS-old-100,37,True,AlphaBeta-new-d3,-1,11,14.244178533554077
main_tournament_resume,AlphaBeta-new-d3__VS__MCTS-old-100__GAME__38,AlphaBeta-new-d3,MCTS-old-100,38,False,MCTS-old-100,-1,6,5.86860990524292
main_tournament_resume,AlphaBeta-new-d3__VS__MCTS-old-100__GAME__39,AlphaBeta-new-d3,MCTS-old-100,39,True,AlphaBeta-new-d3,-1,6,5.904685974121094
main_tournament_resume,AlphaBeta-new-d3__VS__MCTS-old-100__GAME__40,AlphaBeta-new-d3,MCTS-old-100,40,False,MCTS-old-100,-1,10,10.033981323242188
main_tournament_resume,AlphaBeta-new-d3__VS__MCTS-old-100__GAME__41,AlphaBeta-new-d3,MCTS-old-100,41,True,AlphaBeta-new-d3,-1,10,12.339049577713013
main_tournament_resume,AlphaBeta-new-d3__VS__MCTS-old-100__GAME__42,AlphaBeta-new-d3,MCTS-old-100,42,False,MCTS-old-100,-1,12,16.405646800994873
main_tournament_resume,AlphaBeta-new-d3__VS__MCTS-old-100__GAME__43,AlphaBeta-new-d3,MCTS-old-100,43,True,AlphaBeta-new-d3,-1,19,27.52930498123169
main_tournament_resume,AlphaBeta-new-d3__VS__MCTS-old-100__GAME__44,AlphaBeta-new-d3,MCTS-old-100,44,False,MCTS-old-100,-1,20,29.817395210266113
main_tournament_resume,AlphaBeta-new-d3__VS__MCTS-old-100__GAME__45,AlphaBeta-new-d3,MCTS-old-100,45,True,MCTS-old-100,1,11,12.936241865158081
main_tournament_resume,AlphaBeta-new-d3__VS__MCTS-old-100__GAME__46,AlphaBeta-new-d3,MCTS-old-100,46,False,MCTS-old-100,-1,8,8.77501893043518
main_tournament_resume,AlphaBeta-new-d3__VS__MCTS-old-100__GAME__47,AlphaBeta-new-d3,MCTS-old-100,47,True,MCTS-old-100,1,7,7.185339689254761
main_tournament_resume,AlphaBeta-new-d3__VS__MCTS-old-100__GAME__48,AlphaBeta-new-d3,MCTS-old-100,48,False,MCTS-old-100,-1,6,6.168578147888184
main_tournament_resume,AlphaBeta-new-d3__VS__MCTS-old-100__GAME__49,AlphaBeta-new-d3,MCTS-old-100,49,True,MCTS-old-100,1,7,7.605684757232666
main_tournament_resume,AlphaBeta-new-d3__VS__MCTS-new-100__GAME__0,AlphaBeta-new-d3,MCTS-new-100,0,False,MCTS-new-100,-1,6,6.6538214683532715
main_tournament_resume,AlphaBeta-new-d3__VS__MCTS-new-100__GAME__1,AlphaBeta-new-d3,MCTS-new-100,1,True,MCTS-new-100,1,9,11.50361180305481
main_tournament_resume,AlphaBeta-new-d3__VS__MCTS-new-100__GAME__2,AlphaBeta-new-d3,MCTS-new-100,2,False,MCTS-new-100,-1,12,13.375354528427124
main_tournament_resume,AlphaBeta-new-d3__VS__MCTS-new-100__GAME__3,AlphaBeta-new-d3,MCTS-new-100,3,True,MCTS-new-100,1,7,8.003106594085693
main_tournament_resume,AlphaBeta-new-d3__VS__MCTS-new-100__GAME__4,AlphaBeta-new-d3,MCTS-new-100,4,False,AlphaBeta-new-d3,1,11,13.037964582443237
main_tournament_resume,AlphaBeta-new-d3__VS__MCTS-new-100__GAME__5,AlphaBeta-new-d3,MCTS-new-100,5,True,MCTS-new-100,1,15,22.933513641357422
main_tournament_resume,AlphaBeta-new-d3__VS__MCTS-new-100__GAME__6,AlphaBeta-new-d3,MCTS-new-100,6,False,AlphaBeta-new-d3,1,8,9.501655578613281
main_tournament_resume,AlphaBeta-new-d3__VS__MCTS-new-100__GAME__7,AlphaBeta-new-d3,MCTS-new-100,7,True,MCTS-new-100,1,5,5.479159355163574
main_tournament_resume,AlphaBeta-new-d3__VS__MCTS-new-100__GAME__8,AlphaBeta-new-d3,MCTS-new-100,8,False,MCTS-new-100,-1,6,6.236902713775635
main_tournament_resume,AlphaBeta-new-d3__VS__MCTS-new-100__GAME__9,AlphaBeta-new-d3,MCTS-new-100,9,True,MCTS-new-100,1,11,13.976983070373535
main_tournament_resume,AlphaBeta-new-d3__VS__MCTS-new-100__GAME__10,AlphaBeta-new-d3,MCTS-new-100,10,False,AlphaBeta-new-d3,1,11,16.831018209457397
main_tournament_resume,AlphaBeta-new-d3__VS__MCTS-new-100__GAME__11,AlphaBeta-new-d3,MCTS-new-100,11,True,MCTS-new-100,1,17,25.043490171432495
main_tournament_resume,AlphaBeta-new-d3__VS__MCTS-new-100__GAME__12,AlphaBeta-new-d3,MCTS-new-100,12,False,MCTS-new-100,-1,6,4.92975115776062
main_tournament_resume,AlphaBeta-new-d3__VS__MCTS-new-100__GAME__13,AlphaBeta-new-d3,MCTS-new-100,13,True,AlphaBeta-new-d3,-1,10,14.527217149734497
main_tournament_resume,AlphaBeta-new-d3__VS__MCTS-new-100__GAME__14,AlphaBeta-new-d3,MCTS-new-100,14,False,MCTS-new-100,-1,12,17.562838315963745
main_tournament_resume,AlphaBeta-new-d3__VS__MCTS-new-100__GAME__15,AlphaBeta-new-d3,MCTS-new-100,15,True,MCTS-new-100,1,7,7.886771202087402
main_tournament_resume,AlphaBeta-new-d3__VS__MCTS-new-100__GAME__16,AlphaBeta-new-d3,MCTS-new-100,16,False,MCTS-new-100,-1,6,6.044942855834961
main_tournament_resume,AlphaBeta-new-d3__VS__MCTS-new-100__GAME__17,AlphaBeta-new-d3,MCTS-new-100,17,True,AlphaBeta-new-d3,-1,10,13.374267339706421
main_tournament_resume,AlphaBeta-new-d3__VS__MCTS-new-100__GAME__18,AlphaBeta-new-d3,MCTS-new-100,18,False,MCTS-new-100,-1,4,3.0724034309387207
main_tournament_resume,AlphaBeta-new-d3__VS__MCTS-new-100__GAME__19,AlphaBeta-new-d3,MCTS-new-100,19,True,MCTS-new-100,1,13,16.225735425949097
main_tournament_resume,AlphaBeta-new-d3__VS__MCTS-new-100__GAME__20,AlphaBeta-new-d3,MCTS-new-100,20,False,AlphaBeta-new-d3,1,45,76.8586905002594
main_tournament_resume,AlphaBeta-new-d3__VS__MCTS-new-100__GAME__21,AlphaBeta-new-d3,MCTS-new-100,21,True,MCTS-new-100,1,5,5.058433532714844
main_tournament_resume,AlphaBeta-new-d3__VS__MCTS-new-100__GAME__22,AlphaBeta-new-d3,MCTS-new-100,22,False,MCTS-new-100,-1,6,6.1328065395355225
main_tournament_resume,AlphaBeta-new-d3__VS__MCTS-new-100__GAME__23,AlphaBeta-new-d3,MCTS-new-100,23,True,MCTS-new-100,1,13,15.942009925842285
main_tournament_resume,AlphaBeta-new-d3__VS__MCTS-new-100__GAME__24,AlphaBeta-new-d3,MCTS-new-100,24,False,MCTS-new-100,-1,8,8.257145166397095
main_tournament_resume,AlphaBeta-new-d3__VS__MCTS-new-100__GAME__25,AlphaBeta-new-d3,MCTS-new-100,25,True,MCTS-new-100,1,13,15.825595617294312
main_tournament_resume,AlphaBeta-new-d3__VS__MCTS-new-100__GAME__26,AlphaBeta-new-d3,MCTS-new-100,26,False,MCTS-new-100,-1,10,10.820464134216309
main_tournament_resume,AlphaBeta-new-d3__VS__MCTS-new-100__GAME__27,AlphaBeta-new-d3,MCTS-new-100,27,True,draw,0,50,81.0679681301117
main_tournament_resume,AlphaBeta-new-d3__VS__MCTS-new-100__GAME__28,AlphaBeta-new-d3,MCTS-new-100,28,False,MCTS-new-100,-1,6,7.722114562988281
main_tournament_resume,AlphaBeta-new-d3__VS__MCTS-new-100__GAME__29,AlphaBeta-new-d3,MCTS-new-100,29,True,MCTS-new-100,1,13,14.867011785507202
main_tournament_resume,AlphaBeta-new-d3__VS__MCTS-new-100__GAME__30,AlphaBeta-new-d3,MCTS-new-100,30,False,MCTS-new-100,-1,30,51.02686285972595
main_tournament_resume,AlphaBeta-new-d3__VS__MCTS-new-100__GAME__31,AlphaBeta-new-d3,MCTS-new-100,31,True,MCTS-new-100,1,17,21.64722967147827
main_tournament_resume,AlphaBeta-new-d3__VS__MCTS-new-100__GAME__32,AlphaBeta-new-d3,MCTS-new-100,32,False,AlphaBeta-new-d3,1,5,6.2307493686676025
main_tournament_resume,AlphaBeta-new-d3__VS__MCTS-new-100__GAME__33,AlphaBeta-new-d3,MCTS-new-100,33,True,AlphaBeta-new-d3,-1,14,17.646029472351074
main_tournament_resume,AlphaBeta-new-d3__VS__MCTS-new-100__GAME__34,AlphaBeta-new-d3,MCTS-new-100,34,False,AlphaBeta-new-d3,1,9,23.846291542053223
main_tournament_resume,AlphaBeta-new-d3__VS__MCTS-new-100__GAME__35,AlphaBeta-new-d3,MCTS-new-100,35,True,draw,0,50,72.67171907424927
main_tournament_resume,AlphaBeta-new-d3__VS__MCTS-new-100__GAME__36,AlphaBeta-new-d3,MCTS-new-100,36,False,AlphaBeta-new-d3,1,15,21.194005966186523
main_tournament_resume,AlphaBeta-new-d3__VS__MCTS-new-100__GAME__37,AlphaBeta-new-d3,MCTS-new-100,37,True,MCTS-new-100,1,7,7.987707614898682
main_tournament_resume,AlphaBeta-new-d3__VS__MCTS-new-100__GAME__38,AlphaBeta-new-d3,MCTS-new-100,38,False,MCTS-new-100,-1,10,11.714564561843872
main_tournament_resume,AlphaBeta-new-d3__VS__MCTS-new-100__GAME__39,AlphaBeta-new-d3,MCTS-new-100,39,True,MCTS-new-100,1,7,8.42767333984375
main_tournament_resume,AlphaBeta-new-d3__VS__MCTS-new-100__GAME__40,AlphaBeta-new-d3,MCTS-new-100,40,False,MCTS-new-100,-1,8,9.093793869018555
main_tournament_resume,AlphaBeta-new-d3__VS__MCTS-new-100__GAME__41,AlphaBeta-new-d3,MCTS-new-100,41,True,MCTS-new-100,1,19,26.310789108276367
main_tournament_resume,AlphaBeta-new-d3__VS__MCTS-new-100__GAME__42,AlphaBeta-new-d3,MCTS-new-100,42,False,MCTS-new-100,-1,9,10.347862720489502
main_tournament_resume,AlphaBeta-new-d3__VS__MCTS-new-100__GAME__43,AlphaBeta-new-d3,MCTS-new-100,43,True,MCTS-new-100,1,7,6.509092092514038
main_tournament_resume,AlphaBeta-new-d3__VS__MCTS-new-100__GAME__44,AlphaBeta-new-d3,MCTS-new-100,44,False,MCTS-new-100,-1,8,10.238895177841187
main_tournament_resume,AlphaBeta-new-d3__VS__MCTS-new-100__GAME__45,AlphaBeta-new-d3,MCTS-new-100,45,True,AlphaBeta-new-d3,-1,13,18.375065803527832
main_tournament_resume,AlphaBeta-new-d3__VS__MCTS-new-100__GAME__46,AlphaBeta-new-d3,MCTS-new-100,46,False,MCTS-new-100,-1,16,21.328099966049194
main_tournament_resume,AlphaBeta-new-d3__VS__MCTS-new-100__GAME__47,AlphaBeta-new-d3,MCTS-new-100,47,True,MCTS-new-100,1,17,25.693655967712402
main_tournament_resume,AlphaBeta-new-d3__VS__MCTS-new-100__GAME__48,AlphaBeta-new-d3,MCTS-new-100,48,False,MCTS-new-100,-1,10,13.19435977935791
main_tournament_resume,AlphaBeta-new-d3__VS__MCTS-new-100__GAME__49,AlphaBeta-new-d3,MCTS-new-100,49,True,MCTS-new-100,1,11,13.186992168426514
main_tournament_resume,MCTS-old-100__VS__MCTS-new-100__GAME__0,MCTS-old-100,MCTS-new-100,0,False,MCTS-new-100,-1,11,17.010136127471924
main_tournament_resume,MCTS-old-100__VS__MCTS-new-100__GAME__1,MCTS-old-100,MCTS-new-100,1,True,MCTS-old-100,-1,15,22.087920904159546
main_tournament_resume,MCTS-old-100__VS__MCTS-new-100__GAME__2,MCTS-old-100,MCTS-new-100,2,False,MCTS-new-100,-1,18,31.523926496505737
main_tournament_resume,MCTS-old-100__VS__MCTS-new-100__GAME__3,MCTS-old-100,MCTS-new-100,3,True,MCTS-old-100,-1,14,22.96472477912903
main_tournament_resume,MCTS-old-100__VS__MCTS-new-100__GAME__4,MCTS-old-100,MCTS-new-100,4,False,draw,0,50,98.45897650718689
main_tournament_resume,MCTS-old-100__VS__MCTS-new-100__GAME__5,MCTS-old-100,MCTS-new-100,5,True,MCTS-new-100,1,27,50.99815320968628
main_tournament_resume,MCTS-old-100__VS__MCTS-new-100__GAME__6,MCTS-old-100,MCTS-new-100,6,False,MCTS-new-100,-1,11,13.654136419296265
main_tournament_resume,MCTS-old-100__VS__MCTS-new-100__GAME__7,MCTS-old-100,MCTS-new-100,7,True,MCTS-new-100,1,6,8.210022449493408
main_tournament_resume,MCTS-old-100__VS__MCTS-new-100__GAME__8,MCTS-old-100,MCTS-new-100,8,False,MCTS-old-100,1,11,16.849246978759766
main_tournament_resume,MCTS-old-100__VS__MCTS-new-100__GAME__9,MCTS-old-100,MCTS-new-100,9,True,MCTS-new-100,1,9,11.533851623535156
main_tournament_resume,MCTS-old-100__VS__MCTS-new-100__GAME__10,MCTS-old-100,MCTS-new-100,10,False,draw,0,50,91.81740093231201
main_tournament_resume,MCTS-old-100__VS__MCTS-new-100__GAME__11,MCTS-old-100,MCTS-new-100,11,True,MCTS-new-100,1,6,7.272559881210327
main_tournament_resume,MCTS-old-100__VS__MCTS-new-100__GAME__12,MCTS-old-100,MCTS-new-100,12,False,MCTS-old-100,1,13,19.87260603904724
main_tournament_resume,MCTS-old-100__VS__MCTS-new-100__GAME__13,MCTS-old-100,MCTS-new-100,13,True,draw,0,50,103.77503657341003
main_tournament_resume,MCTS-old-100__VS__MCTS-new-100__GAME__14,MCTS-old-100,MCTS-new-100,14,False,draw,0,50,101.0799207687378
main_tournament_resume,MCTS-old-100__VS__MCTS-new-100__GAME__15,MCTS-old-100,MCTS-new-100,15,True,MCTS-old-100,-1,8,9.341066598892212
main_tournament_resume,MCTS-old-100__VS__MCTS-new-100__GAME__16,MCTS-old-100,MCTS-new-100,16,False,MCTS-old-100,1,26,48.721513509750366
main_tournament_resume,MCTS-old-100__VS__MCTS-new-100__GAME__17,MCTS-old-100,MCTS-new-100,17,True,draw,0,50,89.32180571556091
main_tournament_resume,MCTS-old-100__VS__MCTS-new-100__GAME__18,MCTS-old-100,MCTS-new-100,18,False,MCTS-old-100,1,19,31.823779821395874
main_tournament_resume,MCTS-old-100__VS__MCTS-new-100__GAME__19,MCTS-old-100,MCTS-new-100,19,True,MCTS-old-100,-1,32,56.1856472492218
main_tournament_resume,MCTS-old-100__VS__MCTS-new-100__GAME__20,MCTS-old-100,MCTS-new-100,20,False,MCTS-new-100,-1,18,29.115493059158325
main_tournament_resume,MCTS-old-100__VS__MCTS-new-100__GAME__21,MCTS-old-100,MCTS-new-100,21,True,MCTS-new-100,1,6,7.407923698425293
main_tournament_resume,MCTS-old-100__VS__MCTS-new-100__GAME__22,MCTS-old-100,MCTS-new-100,22,False,MCTS-new-100,-1,13,20.380207538604736
main_tournament_resume,MCTS-old-100__VS__MCTS-new-100__GAME__23,MCTS-old-100,MCTS-new-100,23,True,draw,0,50,94.61808562278748
main_tournament_resume,MCTS-old-100__VS__MCTS-new-100__GAME__24,MCTS-old-100,MCTS-new-100,24,False,draw,0,50,95.83694124221802
main_tournament_resume,MCTS-old-100__VS__MCTS-new-100__GAME__25,MCTS-old-100,MCTS-new-100,25,True,draw,0,50,93.1186466217041
main_tournament_resume,MCTS-old-100__VS__MCTS-new-100__GAME__26,MCTS-old-100,MCTS-new-100,26,False,MCTS-new-100,-1,19,26.74429702758789
main_tournament_resume,MCTS-old-100__VS__MCTS-new-100__GAME__27,MCTS-old-100,MCTS-new-100,27,True,MCTS-new-100,1,8,10.374741792678833
main_tournament_resume,MCTS-old-100__VS__MCTS-new-100__GAME__28,MCTS-old-100,MCTS-new-100,28,False,MCTS-new-100,-1,9,12.632356405258179
main_tournament_resume,MCTS-old-100__VS__MCTS-new-100__GAME__29,MCTS-old-100,MCTS-new-100,29,True,MCTS-old-100,-1,15,24.097819328308105
main_tournament_resume,MCTS-old-100__VS__MCTS-new-100__GAME__30,MCTS-old-100,MCTS-new-100,30,False,draw,0,50,94.73347163200378
main_tournament_resume,MCTS-old-100__VS__MCTS-new-100__GAME__31,MCTS-old-100,MCTS-new-100,31,True,MCTS-new-100,1,18,26.71549344062805
main_tournament_resume,MCTS-old-100__VS__MCTS-new-100__GAME__32,MCTS-old-100,MCTS-new-100,32,False,MCTS-old-100,1,45,90.72890305519104
main_tournament_resume,MCTS-old-100__VS__MCTS-new-100__GAME__33,MCTS-old-100,MCTS-new-100,33,True,MCTS-new-100,1,27,42.824291467666626
main_tournament_resume,MCTS-old-100__VS__MCTS-new-100__GAME__34,MCTS-old-100,MCTS-new-100,34,False,MCTS-old-100,1,9,20.60435676574707
main_tournament_resume,MCTS-old-100__VS__MCTS-new-100__GAME__35,MCTS-old-100,MCTS-new-100,35,True,draw,0,50,105.45943284034729
main_tournament_resume,MCTS-old-100__VS__MCTS-new-100__GAME__36,MCTS-old-100,MCTS-new-100,36,False,draw,0,50,110.41188740730286
main_tournament_resume,MCTS-old-100__VS__MCTS-new-100__GAME__37,MCTS-old-100,MCTS-new-100,37,True,draw,0,50,95.28510546684265
main_tournament_resume,MCTS-old-100__VS__MCTS-new-100__GAME__38,MCTS-old-100,MCTS-new-100,38,False,MCTS-old-100,1,21,39.33769202232361
main_tournament_resume,MCTS-old-100__VS__MCTS-new-100__GAME__39,MCTS-old-100,MCTS-new-100,39,True,MCTS-new-100,1,39,78.9956955909729
main_tournament_resume,MCTS-old-100__VS__MCTS-new-100__GAME__40,MCTS-old-100,MCTS-new-100,40,False,MCTS-old-100,1,9,24.643788814544678
main_tournament_resume,MCTS-old-100__VS__MCTS-new-100__GAME__41,MCTS-old-100,MCTS-new-100,41,True,draw,0,50,95.56589865684509
main_tournament_resume,MCTS-old-100__VS__MCTS-new-100__GAME__42,MCTS-old-100,MCTS-new-100,42,False,draw,0,50,109.52715516090393
main_tournament_resume,MCTS-old-100__VS__MCTS-new-100__GAME__43,MCTS-old-100,MCTS-new-100,43,True,draw,0,50,84.95750427246094
main_tournament_resume,MCTS-old-100__VS__MCTS-new-100__GAME__44,MCTS-old-100,MCTS-new-100,44,False,draw,0,50,93.66588830947876
main_tournament_resume,MCTS-old-100__VS__MCTS-new-100__GAME__45,MCTS-old-100,MCTS-new-100,45,True,MCTS-new-100,1,6,8.521534204483032
main_tournament_resume,MCTS-old-100__VS__MCTS-new-100__GAME__46,MCTS-old-100,MCTS-new-100,46,False,MCTS-new-100,-1,5,6.444009780883789
main_tournament_resume,MCTS-old-100__VS__MCTS-new-100__GAME__47,MCTS-old-100,MCTS-new-100,47,True,MCTS-new-100,1,6,8.128039598464966
main_tournament_resume,MCTS-old-100__VS__MCTS-new-100__GAME__48,MCTS-old-100,MCTS-new-100,48,False,MCTS-old-100,1,6,7.714216947555542
main_tournament_resume,MCTS-old-100__VS__MCTS-new-100__GAME__49,MCTS-old-100,MCTS-new-100,49,True,MCTS-old-100,-1,6,7.935828924179077
main_tournament_resume_2,Random__VS__Heuristic__GAME__0,Random,Heuristic,0,False,Heuristic,-1,8,1.1239979267120361
main_tournament_resume_2,Random__VS__Heuristic__GAME__1,Random,Heuristic,1,True,Heuristic,1,17,5.817296743392944
main_tournament_resume_2,Random__VS__Heuristic__GAME__2,Random,Heuristic,2,False,Heuristic,-1,24,11.822909832000732
main_tournament_resume_2,Random__VS__Heuristic__GAME__3,Random,Heuristic,3,True,Heuristic,1,11,3.0300872325897217
main_tournament_resume_2,Random__VS__Heuristic__GAME__4,Random,Heuristic,4,False,Heuristic,-1,6,0.661829948425293
main_tournament_resume_2,Random__VS__Heuristic__GAME__5,Random,Heuristic,5,True,Heuristic,1,11,2.4062001705169678
main_tournament_resume_2,Random__VS__Heuristic__GAME__6,Random,Heuristic,6,False,Heuristic,-1,16,3.3437888622283936
main_tournament_resume_2,Random__VS__Heuristic__GAME__7,Random,Heuristic,7,True,Heuristic,1,9,1.700592041015625
main_tournament_resume_2,Random__VS__Heuristic__GAME__8,Random,Heuristic,8,False,Heuristic,-1,8,1.22416353225708
main_tournament_resume_2,Random__VS__Heuristic__GAME__9,Random,Heuristic,9,True,Heuristic,1,9,1.6201231479644775
main_tournament_resume_2,Random__VS__Heuristic__GAME__10,Random,Heuristic,10,False,Heuristic,-1,10,1.8727521896362305
main_tournament_resume_2,Random__VS__Heuristic__GAME__11,Random,Heuristic,11,True,Heuristic,1,7,0.9138574600219727
main_tournament_resume_2,Random__VS__Heuristic__GAME__12,Random,Heuristic,12,False,Heuristic,-1,12,2.9334864616394043
main_tournament_resume_2,Random__VS__Heuristic__GAME__13,Random,Heuristic,13,True,Heuristic,1,9,1.7220749855041504
main_tournament_resume_2,Random__VS__Heuristic__GAME__14,Random,Heuristic,14,False,Heuristic,-1,8,1.4489669799804688
main_tournament_resume_2,Random__VS__Heuristic__GAME__15,Random,Heuristic,15,True,Heuristic,1,9,1.5056672096252441
main_tournament_resume_2,Random__VS__Heuristic__GAME__16,Random,Heuristic,16,False,Heuristic,-1,10,2.3141562938690186
main_tournament_resume_2,Random__VS__Heuristic__GAME__17,Random,Heuristic,17,True,Heuristic,1,9,1.9535846710205078
main_tournament_resume_2,Random__VS__Heuristic__GAME__18,Random,Heuristic,18,False,Heuristic,-1,6,0.515824556350708
main_tournament_resume_2,Random__VS__Heuristic__GAME__19,Random,Heuristic,19,True,Heuristic,1,5,0.47855257987976074
main_tournament_resume_2,Random__VS__Heuristic__GAME__20,Random,Heuristic,20,False,Heuristic,-1,10,2.070951223373413
main_tournament_resume_2,Random__VS__Heuristic__GAME__21,Random,Heuristic,21,True,Heuristic,1,5,0.43655920028686523
main_tournament_resume_2,Random__VS__Heuristic__GAME__22,Random,Heuristic,22,False,Heuristic,-1,6,0.6592016220092773
main_tournament_resume_2,Random__VS__Heuristic__GAME__23,Random,Heuristic,23,True,Heuristic,1,7,1.03464674949646
main_tournament_resume_2,Random__VS__Heuristic__GAME__24,Random,Heuristic,24,False,Heuristic,-1,8,0.9251527786254883
main_tournament_resume_2,Random__VS__Heuristic__GAME__25,Random,Heuristic,25,True,Heuristic,1,11,2.275257110595703
main_tournament_resume_2,Random__VS__Heuristic__GAME__26,Random,Heuristic,26,False,Heuristic,-1,8,1.4828557968139648
main_tournament_resume_2,Random__VS__Heuristic__GAME__27,Random,Heuristic,27,True,Heuristic,1,15,4.912902593612671
main_tournament_resume_2,Random__VS__Heuristic__GAME__28,Random,Heuristic,28,False,Heuristic,-1,6,0.6161050796508789
main_tournament_resume_2,Random__VS__Heuristic__GAME__29,Random,Heuristic,29,True,Heuristic,1,9,1.3823134899139404
main_tournament_resume_2,Random__VS__Heuristic__GAME__30,Random,Heuristic,30,False,Heuristic,-1,10,1.9275593757629395
main_tournament_resume_2,Random__VS__Heuristic__GAME__31,Random,Heuristic,31,True,Heuristic,1,5,0.4682328701019287
main_tournament_resume_2,Random__VS__Heuristic__GAME__32,Random,Heuristic,32,False,Heuristic,-1,6,0.7595474720001221
main_tournament_resume_2,Random__VS__Heuristic__GAME__33,Random,Heuristic,33,True,Heuristic,1,9,1.7408277988433838
main_tournament_resume_2,Random__VS__Heuristic__GAME__34,Random,Heuristic,34,False,Heuristic,-1,10,1.956146240234375
main_tournament_resume_2,Random__VS__Heuristic__GAME__35,Random,Heuristic,35,True,Heuristic,1,9,1.8465495109558105
main_tournament_resume_2,Random__VS__Heuristic__GAME__36,Random,Heuristic,36,False,Heuristic,-1,8,1.5939390659332275
main_tournament_resume_2,Random__VS__Heuristic__GAME__37,Random,Heuristic,37,True,Heuristic,1,11,2.7370402812957764
main_tournament_resume_2,Random__VS__Heuristic__GAME__38,Random,Heuristic,38,False,Heuristic,-1,6,0.5572853088378906
main_tournament_resume_2,Random__VS__Heuristic__GAME__39,Random,Heuristic,39,True,Heuristic,1,15,4.4916181564331055
main_tournament_resume_2,Random__VS__Heuristic__GAME__40,Random,Heuristic,40,False,Heuristic,-1,16,5.298139333724976
main_tournament_resume_2,Random__VS__Heuristic__GAME__41,Random,Heuristic,41,True,Heuristic,1,5,0.5000913143157959
main_tournament_resume_2,Random__VS__Heuristic__GAME__42,Random,Heuristic,42,False,Heuristic,-1,12,2.600982427597046
main_tournament_resume_2,Random__VS__Heuristic__GAME__43,Random,Heuristic,43,True,Heuristic,1,11,2.446129083633423
main_tournament_resume_2,Random__VS__Heuristic__GAME__44,Random,Heuristic,44,False,Heuristic,-1,6,0.6605367660522461
main_tournament_resume_2,Random__VS__Heuristic__GAME__45,Random,Heuristic,45,True,Heuristic,1,7,0.7998712062835693
main_tournament_resume_2,Random__VS__Heuristic__GAME__46,Random,Heuristic,46,False,Heuristic,-1,10,1.9855289459228516
main_tournament_resume_2,Random__VS__Heuristic__GAME__47,Random,Heuristic,47,True,Heuristic,1,11,3.205117702484131
main_tournament_resume_2,Random__VS__Heuristic__GAME__48,Random,Heuristic,48,False,Heuristic,-1,7,1.3435628414154053
main_tournament_resume_2,Random__VS__Heuristic__GAME__49,Random,Heuristic,49,True,Heuristic,1,8,1.4189069271087646
main_tournament_resume_2,Random__VS__Heuristic__GAME__50,Random,Heuristic,50,False,Heuristic,-1,10,2.148230791091919
main_tournament_resume_2,Random__VS__Heuristic__GAME__51,Random,Heuristic,51,True,Heuristic,1,9,1.6442029476165771
main_tournament_resume_2,Random__VS__Heuristic__GAME__52,Random,Heuristic,52,False,Heuristic,-1,6,0.5759871006011963
main_tournament_resume_2,Random__VS__Heuristic__GAME__53,Random,Heuristic,53,True,Heuristic,1,5,0.45697689056396484
main_tournament_resume_2,Random__VS__Heuristic__GAME__54,Random,Heuristic,54,False,Heuristic,-1,12,3.221684694290161
main_tournament_resume_2,Random__VS__Heuristic__GAME__55,Random,Heuristic,55,True,Heuristic,1,5,0.472412109375
main_tournament_resume_2,Random__VS__Heuristic__GAME__56,Random,Heuristic,56,False,Heuristic,-1,12,3.0116100311279297
main_tournament_resume_2,Random__VS__Heuristic__GAME__57,Random,Heuristic,57,True,Heuristic,1,7,0.8779773712158203
main_tournament_resume_2,Random__VS__Heuristic__GAME__58,Random,Heuristic,58,False,Heuristic,-1,12,2.248960494995117
main_tournament_resume_2,Random__VS__Heuristic__GAME__59,Random,Heuristic,59,True,Heuristic,1,11,2.6916332244873047
main_tournament_resume_2,Random__VS__Heuristic__GAME__60,Random,Heuristic,60,False,Heuristic,-1,8,0.8774456977844238
main_tournament_resume_2,Random__VS__Heuristic__GAME__61,Random,Heuristic,61,True,Heuristic,1,9,1.9780495166778564
main_tournament_resume_2,Random__VS__Heuristic__GAME__62,Random,Heuristic,62,False,Heuristic,-1,8,1.8336658477783203
main_tournament_resume_2,Random__VS__Heuristic__GAME__63,Random,Heuristic,63,True,Heuristic,1,9,1.8804421424865723
main_tournament_resume_2,Random__VS__Heuristic__GAME__64,Random,Heuristic,64,False,Heuristic,-1,6,0.7393150329589844
main_tournament_resume_2,Random__VS__Heuristic__GAME__65,Random,Heuristic,65,True,Heuristic,1,5,0.46631693840026855
main_tournament_resume_2,Random__VS__Heuristic__GAME__66,Random,Heuristic,66,False,Heuristic,-1,6,0.7005436420440674
main_tournament_resume_2,Random__VS__Heuristic__GAME__67,Random,Heuristic,67,True,Heuristic,1,7,0.9576358795166016
main_tournament_resume_2,Random__VS__Heuristic__GAME__68,Random,Heuristic,68,False,Heuristic,-1,8,1.5430998802185059
main_tournament_resume_2,Random__VS__Heuristic__GAME__69,Random,Heuristic,69,True,Heuristic,1,11,2.0047762393951416
main_tournament_resume_2,Random__VS__Heuristic__GAME__70,Random,Heuristic,70,False,Heuristic,-1,10,2.1391091346740723
main_tournament_resume_2,Random__VS__Heuristic__GAME__71,Random,Heuristic,71,True,Heuristic,1,7,0.9132676124572754
main_tournament_resume_2,Random__VS__Heuristic__GAME__72,Random,Heuristic,72,False,Heuristic,-1,8,1.2791423797607422
main_tournament_resume_2,Random__VS__Heuristic__GAME__73,Random,Heuristic,73,True,Heuristic,1,7,1.1096694469451904
main_tournament_resume_2,Random__VS__Heuristic__GAME__74,Random,Heuristic,74,False,Heuristic,-1,8,1.2993817329406738
main_tournament_resume_2,Random__VS__Heuristic__GAME__75,Random,Heuristic,75,True,Heuristic,1,5,0.439190149307251
main_tournament_resume_2,Random__VS__Heuristic__GAME__76,Random,Heuristic,76,False,Heuristic,-1,22,14.919986963272095
main_tournament_resume_2,Random__VS__Heuristic__GAME__77,Random,Heuristic,77,True,Heuristic,1,13,3.2172141075134277
main_tournament_resume_2,Random__VS__Heuristic__GAME__78,Random,Heuristic,78,False,Heuristic,-1,8,1.4447643756866455
main_tournament_resume_2,Random__VS__Heuristic__GAME__79,Random,Heuristic,79,True,Heuristic,1,9,1.3930580615997314
main_tournament_resume_2,Random__VS__Heuristic__GAME__80,Random,Heuristic,80,False,Heuristic,-1,10,2.71309757232666
main_tournament_resume_2,Random__VS__Heuristic__GAME__81,Random,Heuristic,81,True,Heuristic,1,11,2.5722544193267822
main_tournament_resume_2,Random__VS__Heuristic__GAME__82,Random,Heuristic,82,False,Heuristic,-1,8,1.1899135112762451
main_tournament_resume_2,Random__VS__Heuristic__GAME__83,Random,Heuristic,83,True,Heuristic,1,7,0.9307155609130859
main_tournament_resume_2,Random__VS__Heuristic__GAME__84,Random,Heuristic,84,False,Heuristic,-1,6,0.6619713306427002
main_tournament_resume_2,Random__VS__Heuristic__GAME__85,Random,Heuristic,85,True,Heuristic,1,13,5.251187562942505
main_tournament_resume_2,Random__VS__Heuristic__GAME__86,Random,Heuristic,86,False,Heuristic,-1,26,15.43509316444397
main_tournament_resume_2,Random__VS__Heuristic__GAME__87,Random,Heuristic,87,True,Heuristic,1,5,0.4279472827911377
main_tournament_resume_2,Random__VS__Heuristic__GAME__88,Random,Heuristic,88,False,Heuristic,-1,8,1.0227153301239014
main_tournament_resume_2,Random__VS__Heuristic__GAME__89,Random,Heuristic,89,True,Heuristic,1,5,0.43234777450561523
main_tournament_resume_2,Random__VS__Heuristic__GAME__90,Random,Heuristic,90,False,Heuristic,-1,6,0.586402416229248
main_tournament_resume_2,Random__VS__Heuristic__GAME__91,Random,Heuristic,91,True,Heuristic,1,11,2.311833620071411
main_tournament_resume_2,Random__VS__Heuristic__GAME__92,Random,Heuristic,92,False,Heuristic,-1,8,0.857105016708374
main_tournament_resume_2,Random__VS__Heuristic__GAME__93,Random,Heuristic,93,True,Heuristic,1,9,1.6520953178405762
main_tournament_resume_2,Random__VS__Heuristic__GAME__94,Random,Heuristic,94,False,Heuristic,-1,10,1.8043508529663086
main_tournament_resume_2,Random__VS__Heuristic__GAME__95,Random,Heuristic,95,True,Heuristic,1,7,1.0229122638702393
main_tournament_resume_2,Random__VS__Heuristic__GAME__96,Random,Heuristic,96,False,Heuristic,-1,8,1.4090993404388428
main_tournament_resume_2,Random__VS__Heuristic__GAME__97,Random,Heuristic,97,True,Heuristic,1,11,2.0622105598449707
main_tournament_resume_2,Random__VS__Heuristic__GAME__98,Random,Heuristic,98,False,Heuristic,-1,6,0.6822054386138916
main_tournament_resume_2,Random__VS__Heuristic__GAME__99,Random,Heuristic,99,True,Heuristic,1,9,1.4902925491333008
main_tournament_resume_2,Random__VS__Heuristic__GAME__100,Random,Heuristic,100,False,Heuristic,-1,12,2.466573476791382
main_tournament_resume_2,Random__VS__Heuristic__GAME__101,Random,Heuristic,101,True,Heuristic,1,11,2.841499090194702
main_tournament_resume_2,Random__VS__Heuristic__GAME__102,Random,Heuristic,102,False,Heuristic,-1,11,2.559025287628174
main_tournament_resume_2,Random__VS__Heuristic__GAME__103,Random,Heuristic,103,True,Heuristic,1,5,0.5092530250549316
main_tournament_resume_2,Random__VS__Heuristic__GAME__104,Random,Heuristic,104,False,Heuristic,-1,8,0.7213480472564697
main_tournament_resume_2,Random__VS__Heuristic__GAME__105,Random,Heuristic,105,True,Heuristic,1,9,2.067173480987549
main_tournament_resume_2,Random__VS__Heuristic__GAME__106,Random,Heuristic,106,False,Heuristic,-1,8,1.1835949420928955
main_tournament_resume_2,Random__VS__Heuristic__GAME__107,Random,Heuristic,107,True,Heuristic,1,5,0.4441821575164795
main_tournament_resume_2,Random__VS__Heuristic__GAME__108,Random,Heuristic,108,False,Heuristic,-1,8,1.4565246105194092
main_tournament_resume_2,Random__VS__Heuristic__GAME__109,Random,Heuristic,109,True,Heuristic,1,9,1.7032678127288818
main_tournament_resume_2,Random__VS__Heuristic__GAME__110,Random,Heuristic,110,False,Heuristic,-1,14,3.475634813308716
main_tournament_resume_2,Random__VS__Heuristic__GAME__111,Random,Heuristic,111,True,Heuristic,1,7,0.9432864189147949
main_tournament_resume_2,Random__VS__Heuristic__GAME__112,Random,Heuristic,112,False,Heuristic,-1,12,3.5995986461639404
main_tournament_resume_2,Random__VS__Heuristic__GAME__113,Random,Heuristic,113,True,Heuristic,1,21,7.708295106887817
main_tournament_resume_2,Random__VS__Heuristic__GAME__114,Random,Heuristic,114,False,Heuristic,-1,8,1.3427608013153076
main_tournament_resume_2,Random__VS__Heuristic__GAME__115,Random,Heuristic,115,True,Heuristic,1,11,2.0690159797668457
main_tournament_resume_2,Random__VS__Heuristic__GAME__116,Random,Heuristic,116,False,Heuristic,-1,6,0.569586992263794
main_tournament_resume_2,Random__VS__Heuristic__GAME__117,Random,Heuristic,117,True,Heuristic,1,9,2.1546990871429443
main_tournament_resume_2,Random__VS__Heuristic__GAME__118,Random,Heuristic,118,False,Heuristic,-1,6,0.6719858646392822
main_tournament_resume_2,Random__VS__Heuristic__GAME__119,Random,Heuristic,119,True,Heuristic,1,9,1.64064359664917
main_tournament_resume_2,Random__VS__Heuristic__GAME__120,Random,Heuristic,120,False,Heuristic,-1,8,1.369840145111084
main_tournament_resume_2,Random__VS__Heuristic__GAME__121,Random,Heuristic,121,True,Heuristic,1,19,6.681394577026367
main_tournament_resume_2,Random__VS__Heuristic__GAME__122,Random,Heuristic,122,False,Heuristic,-1,8,1.2058825492858887
main_tournament_resume_2,Random__VS__Heuristic__GAME__123,Random,Heuristic,123,True,Heuristic,1,9,1.940955638885498
main_tournament_resume_2,Random__VS__Heuristic__GAME__124,Random,Heuristic,124,False,Heuristic,-1,8,1.2242863178253174
main_tournament_resume_2,Random__VS__Heuristic__GAME__125,Random,Heuristic,125,True,Heuristic,1,5,0.42917370796203613
main_tournament_resume_2,Random__VS__Heuristic__GAME__126,Random,Heuristic,126,False,Heuristic,-1,8,1.0129809379577637
main_tournament_resume_2,Random__VS__Heuristic__GAME__127,Random,Heuristic,127,True,Heuristic,1,7,0.8477487564086914
main_tournament_resume_2,Random__VS__Heuristic__GAME__128,Random,Heuristic,128,False,Heuristic,-1,8,1.0251502990722656
main_tournament_resume_2,Random__VS__Heuristic__GAME__129,Random,Heuristic,129,True,Heuristic,1,7,1.1839473247528076
main_tournament_resume_2,Random__VS__Heuristic__GAME__130,Random,Heuristic,130,False,Heuristic,-1,8,1.0522608757019043
main_tournament_resume_2,Random__VS__Heuristic__GAME__131,Random,Heuristic,131,True,Heuristic,1,7,0.7763223648071289
main_tournament_resume_2,Random__VS__Heuristic__GAME__132,Random,Heuristic,132,False,Heuristic,-1,12,2.1915836334228516
main_tournament_resume_2,Random__VS__Heuristic__GAME__133,Random,Heuristic,133,True,Heuristic,1,7,0.921363353729248
main_tournament_resume_2,Random__VS__Heuristic__GAME__134,Random,Heuristic,134,False,Heuristic,-1,8,1.288444995880127
main_tournament_resume_2,Random__VS__Heuristic__GAME__135,Random,Heuristic,135,True,Heuristic,1,7,1.147017240524292
main_tournament_resume_2,Random__VS__Heuristic__GAME__136,Random,Heuristic,136,False,Heuristic,-1,14,3.6377408504486084
main_tournament_resume_2,Random__VS__Heuristic__GAME__137,Random,Heuristic,137,True,Heuristic,1,7,0.8327701091766357
main_tournament_resume_2,Random__VS__Heuristic__GAME__138,Random,Heuristic,138,False,Heuristic,-1,12,2.6765453815460205
main_tournament_resume_2,Random__VS__Heuristic__GAME__139,Random,Heuristic,139,True,Heuristic,1,7,0.7648224830627441
main_tournament_resume_2,Random__VS__Heuristic__GAME__140,Random,Heuristic,140,False,Heuristic,-1,14,5.581031322479248
main_tournament_resume_2,Random__VS__Heuristic__GAME__141,Random,Heuristic,141,True,Heuristic,1,11,2.6983933448791504
main_tournament_resume_2,Random__VS__Heuristic__GAME__142,Random,Heuristic,142,False,Heuristic,-1,12,3.1427533626556396
main_tournament_resume_2,Random__VS__Heuristic__GAME__143,Random,Heuristic,143,True,Heuristic,1,9,1.5222632884979248
main_tournament_resume_2,Random__VS__Heuristic__GAME__144,Random,Heuristic,144,False,Heuristic,-1,10,2.507502794265747
main_tournament_resume_2,Random__VS__Heuristic__GAME__145,Random,Heuristic,145,True,Heuristic,1,7,0.918250322341919
main_tournament_resume_2,Random__VS__Heuristic__GAME__146,Random,Heuristic,146,False,Heuristic,-1,6,0.7428617477416992
main_tournament_resume_2,Random__VS__Heuristic__GAME__147,Random,Heuristic,147,True,Heuristic,1,5,0.49100351333618164
main_tournament_resume_2,Random__VS__Heuristic__GAME__148,Random,Heuristic,148,False,Heuristic,-1,12,3.693129539489746
main_tournament_resume_2,Random__VS__Heuristic__GAME__149,Random,Heuristic,149,True,Heuristic,1,13,3.846675157546997
main_tournament_resume_2,Random__VS__Heuristic__GAME__150,Random,Heuristic,150,False,Heuristic,-1,5,0.5825090408325195
main_tournament_resume_2,Random__VS__Heuristic__GAME__151,Random,Heuristic,151,True,Heuristic,1,7,1.0055651664733887
main_tournament_resume_2,Random__VS__Heuristic__GAME__152,Random,Heuristic,152,False,Heuristic,-1,6,0.6451699733734131
main_tournament_resume_2,Random__VS__Heuristic__GAME__153,Random,Heuristic,153,True,Heuristic,1,11,2.431118965148926
main_tournament_resume_2,Random__VS__Heuristic__GAME__154,Random,Heuristic,154,False,Heuristic,-1,6,0.6809914112091064
main_tournament_resume_2,Random__VS__Heuristic__GAME__155,Random,Heuristic,155,True,Heuristic,1,9,1.0998332500457764
main_tournament_resume_2,Random__VS__Heuristic__GAME__156,Random,Heuristic,156,False,Heuristic,-1,10,2.5544180870056152
main_tournament_resume_2,Random__VS__Heuristic__GAME__157,Random,Heuristic,157,True,Heuristic,1,5,0.4840540885925293
main_tournament_resume_2,Random__VS__Heuristic__GAME__158,Random,Heuristic,158,False,Heuristic,-1,8,0.8891217708587646
main_tournament_resume_2,Random__VS__Heuristic__GAME__159,Random,Heuristic,159,True,Heuristic,1,5,0.4140019416809082
main_tournament_resume_2,Random__VS__Heuristic__GAME__160,Random,Heuristic,160,False,Heuristic,-1,8,1.058208703994751
main_tournament_resume_2,Random__VS__Heuristic__GAME__161,Random,Heuristic,161,True,Heuristic,1,5,0.43601346015930176
main_tournament_resume_2,Random__VS__Heuristic__GAME__162,Random,Heuristic,162,False,Heuristic,-1,10,3.321220874786377
main_tournament_resume_2,Random__VS__Heuristic__GAME__163,Random,Heuristic,163,True,Heuristic,1,7,1.0384547710418701
main_tournament_resume_2,Random__VS__Heuristic__GAME__164,Random,Heuristic,164,False,Heuristic,-1,8,1.3503444194793701
main_tournament_resume_2,Random__VS__Heuristic__GAME__165,Random,Heuristic,165,True,Heuristic,1,7,1.0107550621032715
main_tournament_resume_2,Random__VS__Heuristic__GAME__166,Random,Heuristic,166,False,Heuristic,-1,8,1.2719495296478271
main_tournament_resume_2,Random__VS__Heuristic__GAME__167,Random,Heuristic,167,True,Heuristic,1,9,1.4403836727142334
main_tournament_resume_2,Random__VS__Heuristic__GAME__168,Random,Heuristic,168,False,Heuristic,-1,10,1.379918098449707
main_tournament_resume_2,Random__VS__Heuristic__GAME__169,Random,Heuristic,169,True,Heuristic,1,7,0.8396484851837158
main_tournament_resume_2,Random__VS__Heuristic__GAME__170,Random,Heuristic,170,False,Heuristic,-1,12,2.425320625305176
main_tournament_resume_2,Random__VS__Heuristic__GAME__171,Random,Heuristic,171,True,Heuristic,1,9,1.454387903213501
main_tournament_resume_2,Random__VS__Heuristic__GAME__172,Random,Heuristic,172,False,Heuristic,-1,6,0.7388424873352051
main_tournament_resume_2,Random__VS__Heuristic__GAME__173,Random,Heuristic,173,True,Heuristic,1,9,2.0158839225769043
main_tournament_resume_2,Random__VS__Heuristic__GAME__174,Random,Heuristic,174,False,Heuristic,-1,8,0.8160905838012695
main_tournament_resume_2,Random__VS__Heuristic__GAME__175,Random,Heuristic,175,True,Heuristic,1,15,4.943392515182495
main_tournament_resume_2,Random__VS__Heuristic__GAME__176,Random,Heuristic,176,False,Heuristic,-1,10,1.9912679195404053
main_tournament_resume_2,Random__VS__Heuristic__GAME__177,Random,Heuristic,177,True,Heuristic,1,5,0.4211409091949463
main_tournament_resume_2,Random__VS__Heuristic__GAME__178,Random,Heuristic,178,False,Heuristic,-1,14,4.546793222427368
main_tournament_resume_2,Random__VS__Heuristic__GAME__179,Random,Heuristic,179,True,Heuristic,1,5,0.4718019962310791
main_tournament_resume_2,Random__VS__Heuristic__GAME__180,Random,Heuristic,180,False,Heuristic,-1,8,0.980067253112793
main_tournament_resume_2,Random__VS__Heuristic__GAME__181,Random,Heuristic,181,True,Heuristic,1,9,1.9726181030273438
main_tournament_resume_2,Random__VS__Heuristic__GAME__182,Random,Heuristic,182,False,Heuristic,-1,8,1.5034472942352295
main_tournament_resume_2,Random__VS__Heuristic__GAME__183,Random,Heuristic,183,True,Heuristic,1,7,0.98868727684021
main_tournament_resume_2,Random__VS__Heuristic__GAME__184,Random,Heuristic,184,False,Heuristic,-1,10,1.7107539176940918
main_tournament_resume_2,Random__VS__Heuristic__GAME__185,Random,Heuristic,185,True,Heuristic,1,5,0.43022775650024414
main_tournament_resume_2,Random__VS__Heuristic__GAME__186,Random,Heuristic,186,False,Heuristic,-1,6,0.567561149597168
main_tournament_resume_2,Random__VS__Heuristic__GAME__187,Random,Heuristic,187,True,Heuristic,1,5,0.44365715980529785
main_tournament_resume_2,Random__VS__Heuristic__GAME__188,Random,Heuristic,188,False,Heuristic,-1,10,2.0552077293395996
main_tournament_resume_2,Random__VS__Heuristic__GAME__189,Random,Heuristic,189,True,Heuristic,1,9,1.765476942062378
main_tournament_resume_2,Random__VS__Heuristic__GAME__190,Random,Heuristic,190,False,Heuristic,-1,10,0.8491344451904297
main_tournament_resume_2,Random__VS__Heuristic__GAME__191,Random,Heuristic,191,True,Heuristic,1,9,1.3199539184570312
main_tournament_resume_2,Random__VS__Heuristic__GAME__192,Random,Heuristic,192,False,Heuristic,-1,6,0.5052154064178467
main_tournament_resume_2,Random__VS__Heuristic__GAME__193,Random,Heuristic,193,True,Heuristic,1,9,1.768178939819336
main_tournament_resume_2,Random__VS__Heuristic__GAME__194,Random,Heuristic,194,False,Heuristic,-1,10,1.3719372749328613
main_tournament_resume_2,Random__VS__Heuristic__GAME__195,Random,Heuristic,195,True,Heuristic,1,5,0.4191761016845703
main_tournament_resume_2,Random__VS__Heuristic__GAME__196,Random,Heuristic,196,False,Heuristic,-1,10,2.1255242824554443
main_tournament_resume_2,Random__VS__Heuristic__GAME__197,Random,Heuristic,197,True,Heuristic,1,5,0.4861104488372803
main_tournament_resume_2,Random__VS__Heuristic__GAME__198,Random,Heuristic,198,False,Heuristic,-1,6,0.5278737545013428
main_tournament_resume_2,Random__VS__Heuristic__GAME__199,Random,Heuristic,199,True,Heuristic,1,7,0.9857673645019531
main_tournament_resume_2,Random__VS__AlphaBeta-new-d3__GAME__0,Random,AlphaBeta-new-d3,0,False,AlphaBeta-new-d3,-1,20,10.952108144760132
main_tournament_resume_2,Random__VS__AlphaBeta-new-d3__GAME__1,Random,AlphaBeta-new-d3,1,True,AlphaBeta-new-d3,1,23,16.637141227722168
main_tournament_resume_2,Random__VS__AlphaBeta-new-d3__GAME__2,Random,AlphaBeta-new-d3,2,False,AlphaBeta-new-d3,-1,8,3.509843349456787
main_tournament_resume_2,Random__VS__AlphaBeta-new-d3__GAME__3,Random,AlphaBeta-new-d3,3,True,AlphaBeta-new-d3,1,5,1.5261731147766113
main_tournament_resume_2,Random__VS__AlphaBeta-new-d3__GAME__4,Random,AlphaBeta-new-d3,4,False,AlphaBeta-new-d3,-1,14,7.6252970695495605
main_tournament_resume_2,Random__VS__AlphaBeta-new-d3__GAME__5,Random,AlphaBeta-new-d3,5,True,draw,0,50,38.042601346969604
main_tournament_resume_2,Random__VS__AlphaBeta-new-d3__GAME__6,Random,AlphaBeta-new-d3,6,False,AlphaBeta-new-d3,-1,8,3.288662910461426
main_tournament_resume_2,Random__VS__AlphaBeta-new-d3__GAME__7,Random,AlphaBeta-new-d3,7,True,AlphaBeta-new-d3,1,13,6.591584920883179
main_tournament_resume_2,Random__VS__AlphaBeta-new-d3__GAME__8,Random,AlphaBeta-new-d3,8,False,AlphaBeta-new-d3,-1,22,12.887388229370117
main_tournament_resume_2,Random__VS__AlphaBeta-new-d3__GAME__9,Random,AlphaBeta-new-d3,9,True,AlphaBeta-new-d3,1,25,15.934428215026855
main_tournament_resume_2,Random__VS__AlphaBeta-new-d3__GAME__10,Random,AlphaBeta-new-d3,10,False,AlphaBeta-new-d3,-1,12,6.898717880249023
main_tournament_resume_2,Random__VS__AlphaBeta-new-d3__GAME__11,Random,AlphaBeta-new-d3,11,True,AlphaBeta-new-d3,1,29,22.058634281158447
main_tournament_resume_2,Random__VS__AlphaBeta-new-d3__GAME__12,Random,AlphaBeta-new-d3,12,False,Random,1,4,2.2561163902282715
main_tournament_resume_2,Random__VS__AlphaBeta-new-d3__GAME__13,Random,AlphaBeta-new-d3,13,True,AlphaBeta-new-d3,1,9,3.681281805038452
main_tournament_resume_2,Random__VS__AlphaBeta-new-d3__GAME__14,Random,AlphaBeta-new-d3,14,False,AlphaBeta-new-d3,-1,36,26.23074960708618
main_tournament_resume_2,Random__VS__AlphaBeta-new-d3__GAME__15,Random,AlphaBeta-new-d3,15,True,AlphaBeta-new-d3,1,9,4.9889137744903564
main_tournament_resume_2,Random__VS__AlphaBeta-new-d3__GAME__16,Random,AlphaBeta-new-d3,16,False,Random,1,17,11.393932104110718
main_tournament_resume_2,Random__VS__AlphaBeta-new-d3__GAME__17,Random,AlphaBeta-new-d3,17,True,AlphaBeta-new-d3,1,31,21.498741626739502
main_tournament_resume_2,Random__VS__AlphaBeta-new-d3__GAME__18,Random,AlphaBeta-new-d3,18,False,AlphaBeta-new-d3,-1,14,8.03763222694397
main_tournament_resume_2,Random__VS__AlphaBeta-new-d3__GAME__19,Random,AlphaBeta-new-d3,19,True,AlphaBeta-new-d3,1,13,6.399512767791748
main_tournament_resume_2,Random__VS__AlphaBeta-new-d3__GAME__20,Random,AlphaBeta-new-d3,20,False,AlphaBeta-new-d3,-1,28,19.423001527786255
main_tournament_resume_2,Random__VS__AlphaBeta-new-d3__GAME__21,Random,AlphaBeta-new-d3,21,True,AlphaBeta-new-d3,1,7,2.7754993438720703
main_tournament_resume_2,Random__VS__AlphaBeta-new-d3__GAME__22,Random,AlphaBeta-new-d3,22,False,AlphaBeta-new-d3,-1,14,5.948999881744385
main_tournament_resume_2,Random__VS__AlphaBeta-new-d3__GAME__23,Random,AlphaBeta-new-d3,23,True,AlphaBeta-new-d3,1,5,2.3514904975891113
main_tournament_resume_2,Random__VS__AlphaBeta-new-d3__GAME__24,Random,AlphaBeta-new-d3,24,False,AlphaBeta-new-d3,-1,6,2.8217411041259766
main_tournament_resume_2,Random__VS__AlphaBeta-new-d3__GAME__25,Random,AlphaBeta-new-d3,25,True,AlphaBeta-new-d3,1,13,5.8180999755859375
main_tournament_resume_2,Random__VS__AlphaBeta-new-d3__GAME__26,Random,AlphaBeta-new-d3,26,False,AlphaBeta-new-d3,-1,8,2.8809986114501953
main_tournament_resume_2,Random__VS__AlphaBeta-new-d3__GAME__27,Random,AlphaBeta-new-d3,27,True,AlphaBeta-new-d3,1,7,2.3480019569396973
main_tournament_resume_2,Random__VS__AlphaBeta-new-d3__GAME__28,Random,AlphaBeta-new-d3,28,False,AlphaBeta-new-d3,-1,50,36.34531784057617
main_tournament_resume_2,Random__VS__AlphaBeta-new-d3__GAME__29,Random,AlphaBeta-new-d3,29,True,AlphaBeta-new-d3,1,5,2.2920072078704834
main_tournament_resume_2,Random__VS__AlphaBeta-new-d3__GAME__30,Random,AlphaBeta-new-d3,30,False,AlphaBeta-new-d3,-1,10,3.339001417160034
main_tournament_resume_2,Random__VS__AlphaBeta-new-d3__GAME__31,Random,AlphaBeta-new-d3,31,True,AlphaBeta-new-d3,1,9,2.984762191772461
main_tournament_resume_2,Random__VS__AlphaBeta-new-d3__GAME__32,Random,AlphaBeta-new-d3,32,False,AlphaBeta-new-d3,-1,6,2.1298773288726807
main_tournament_resume_2,Random__VS__AlphaBeta-new-d3__GAME__33,Random,AlphaBeta-new-d3,33,True,AlphaBeta-new-d3,1,41,31.036837100982666
main_tournament_resume_2,Random__VS__AlphaBeta-new-d3__GAME__34,Random,AlphaBeta-new-d3,34,False,AlphaBeta-new-d3,-1,10,4.404993534088135
main_tournament_resume_2,Random__VS__AlphaBeta-new-d3__GAME__35,Random,AlphaBeta-new-d3,35,True,AlphaBeta-new-d3,1,7,3.459495782852173
main_tournament_resume_2,Random__VS__AlphaBeta-new-d3__GAME__36,Random,AlphaBeta-new-d3,36,False,AlphaBeta-new-d3,-1,10,4.511667251586914
main_tournament_resume_2,Random__VS__AlphaBeta-new-d3__GAME__37,Random,AlphaBeta-new-d3,37,True,AlphaBeta-new-d3,1,7,3.7879133224487305
main_tournament_resume_2,Random__VS__AlphaBeta-new-d3__GAME__38,Random,AlphaBeta-new-d3,38,False,draw,0,50,38.6416449546814
main_tournament_resume_2,Random__VS__AlphaBeta-new-d3__GAME__39,Random,AlphaBeta-new-d3,39,True,AlphaBeta-new-d3,1,6,2.2319984436035156
main_tournament_resume_2,Random__VS__AlphaBeta-new-d3__GAME__40,Random,AlphaBeta-new-d3,40,False,draw,0,50,35.796419620513916
main_tournament_resume_2,Random__VS__AlphaBeta-new-d3__GAME__41,Random,AlphaBeta-new-d3,41,True,AlphaBeta-new-d3,1,11,6.107223749160767
main_tournament_resume_2,Random__VS__AlphaBeta-new-d3__GAME__42,Random,AlphaBeta-new-d3,42,False,AlphaBeta-new-d3,-1,8,3.723902940750122
main_tournament_resume_2,Random__VS__AlphaBeta-new-d3__GAME__43,Random,AlphaBeta-new-d3,43,True,Random,-1,7,3.7216498851776123
main_tournament_resume_2,Random__VS__AlphaBeta-new-d3__GAME__44,Random,AlphaBeta-new-d3,44,False,AlphaBeta-new-d3,-1,14,5.644427537918091
main_tournament_resume_2,Random__VS__AlphaBeta-new-d3__GAME__45,Random,AlphaBeta-new-d3,45,True,AlphaBeta-new-d3,1,5,1.8615658283233643
main_tournament_resume_2,Random__VS__AlphaBeta-new-d3__GAME__46,Random,AlphaBeta-new-d3,46,False,AlphaBeta-new-d3,-1,14,5.992649555206299
main_tournament_resume_2,Random__VS__AlphaBeta-new-d3__GAME__47,Random,AlphaBeta-new-d3,47,True,AlphaBeta-new-d3,1,11,5.585151195526123
main_tournament_resume_2,Random__VS__AlphaBeta-new-d3__GAME__48,Random,AlphaBeta-new-d3,48,False,AlphaBeta-new-d3,-1,14,5.638519287109375
main_tournament_resume_2,Random__VS__AlphaBeta-new-d3__GAME__49,Random,AlphaBeta-new-d3,49,True,AlphaBeta-new-d3,1,5,1.8281309604644775
main_tournament_resume_2,Random__VS__AlphaBeta-new-d3__GAME__50,Random,AlphaBeta-new-d3,50,False,AlphaBeta-new-d3,-1,10,4.308864593505859
main_tournament_resume_2,Random__VS__AlphaBeta-new-d3__GAME__51,Random,AlphaBeta-new-d3,51,True,AlphaBeta-new-d3,1,17,10.891840934753418
main_tournament_resume_2,Random__VS__AlphaBeta-new-d3__GAME__52,Random,AlphaBeta-new-d3,52,False,AlphaBeta-new-d3,-1,18,10.883970975875854
main_tournament_resume_2,Random__VS__AlphaBeta-new-d3__GAME__53,Random,AlphaBeta-new-d3,53,True,AlphaBeta-new-d3,1,19,12.117600202560425
main_tournament_resume_2,Random__VS__AlphaBeta-new-d3__GAME__54,Random,AlphaBeta-new-d3,54,False,AlphaBeta-new-d3,-1,16,10.559398412704468
main_tournament_resume_2,Random__VS__AlphaBeta-new-d3__GAME__55,Random,AlphaBeta-new-d3,55,True,Random,-1,7,4.390522480010986
main_tournament_resume_2,Random__VS__AlphaBeta-new-d3__GAME__56,Random,AlphaBeta-new-d3,56,False,AlphaBeta-new-d3,-1,30,21.955163717269897
main_tournament_resume_2,Random__VS__AlphaBeta-new-d3__GAME__57,Random,AlphaBeta-new-d3,57,True,AlphaBeta-new-d3,1,13,6.786939382553101
main_tournament_resume_2,Random__VS__AlphaBeta-new-d3__GAME__58,Random,AlphaBeta-new-d3,58,False,AlphaBeta-new-d3,-1,14,6.311584234237671
main_tournament_resume_2,Random__VS__AlphaBeta-new-d3__GAME__59,Random,AlphaBeta-new-d3,59,True,AlphaBeta-new-d3,1,13,6.072889089584351
main_tournament_resume_2,Random__VS__AlphaBeta-new-d3__GAME__60,Random,AlphaBeta-new-d3,60,False,draw,0,50,30.028393983840942
main_tournament_resume_2,Random__VS__AlphaBeta-new-d3__GAME__61,Random,AlphaBeta-new-d3,61,True,AlphaBeta-new-d3,1,5,1.8307292461395264
main_tournament_resume_2,Random__VS__AlphaBeta-new-d3__GAME__62,Random,AlphaBeta-new-d3,62,False,AlphaBeta-new-d3,-1,28,21.186674118041992
main_tournament_resume_2,Random__VS__AlphaBeta-new-d3__GAME__63,Random,AlphaBeta-new-d3,63,True,AlphaBeta-new-d3,1,13,6.5635387897491455
main_tournament_resume_2,Random__VS__AlphaBeta-new-d3__GAME__64,Random,AlphaBeta-new-d3,64,False,AlphaBeta-new-d3,-1,8,3.5186030864715576
main_tournament_resume_2,Random__VS__AlphaBeta-new-d3__GAME__65,Random,AlphaBeta-new-d3,65,True,AlphaBeta-new-d3,1,13,5.860488414764404
main_tournament_resume_2,Random__VS__AlphaBeta-new-d3__GAME__66,Random,AlphaBeta-new-d3,66,False,AlphaBeta-new-d3,-1,14,7.826233148574829
main_tournament_resume_2,Random__VS__AlphaBeta-new-d3__GAME__67,Random,AlphaBeta-new-d3,67,True,AlphaBeta-new-d3,1,31,16.18682098388672
main_tournament_resume_2,Random__VS__AlphaBeta-new-d3__GAME__68,Random,AlphaBeta-new-d3,68,False,AlphaBeta-new-d3,-1,16,7.342591285705566
main_tournament_resume_2,Random__VS__AlphaBeta-new-d3__GAME__69,Random,AlphaBeta-new-d3,69,True,AlphaBeta-new-d3,1,7,3.598846435546875
main_tournament_resume_2,Random__VS__AlphaBeta-new-d3__GAME__70,Random,AlphaBeta-new-d3,70,False,AlphaBeta-new-d3,-1,7,4.528533935546875
main_tournament_resume_2,Random__VS__AlphaBeta-new-d3__GAME__71,Random,AlphaBeta-new-d3,71,True,AlphaBeta-new-d3,1,21,13.129414081573486
main_tournament_resume_2,Random__VS__AlphaBeta-new-d3__GAME__72,Random,AlphaBeta-new-d3,72,False,AlphaBeta-new-d3,-1,10,4.8029444217681885
main_tournament_resume_2,Random__VS__AlphaBeta-new-d3__GAME__73,Random,AlphaBeta-new-d3,73,True,AlphaBeta-new-d3,1,5,1.940199851989746
main_tournament_resume_2,Random__VS__AlphaBeta-new-d3__GAME__74,Random,AlphaBeta-new-d3,74,False,draw,0,8,3.743474006652832
main_tournament_resume_2,Random__VS__AlphaBeta-new-d3__GAME__75,Random,AlphaBeta-new-d3,75,True,AlphaBeta-new-d3,1,7,2.6794753074645996
main_tournament_resume_2,Random__VS__AlphaBeta-new-d3__GAME__76,Random,AlphaBeta-new-d3,76,False,AlphaBeta-new-d3,-1,8,3.7536823749542236
main_tournament_resume_2,Random__VS__AlphaBeta-new-d3__GAME__77,Random,AlphaBeta-new-d3,77,True,AlphaBeta-new-d3,1,13,8.540971040725708
main_tournament_resume_2,Random__VS__AlphaBeta-new-d3__GAME__78,Random,AlphaBeta-new-d3,78,False,draw,0,50,32.770395040512085
main_tournament_resume_2,Random__VS__AlphaBeta-new-d3__GAME__79,Random,AlphaBeta-new-d3,79,True,AlphaBeta-new-d3,1,7,3.7338266372680664
main_tournament_resume_2,Random__VS__AlphaBeta-new-d3__GAME__80,Random,AlphaBeta-new-d3,80,False,AlphaBeta-new-d3,-1,12,6.949218273162842
main_tournament_resume_2,Random__VS__AlphaBeta-new-d3__GAME__81,Random,AlphaBeta-new-d3,81,True,AlphaBeta-new-d3,1,7,3.5985777378082275
main_tournament_resume_2,Random__VS__AlphaBeta-new-d3__GAME__82,Random,AlphaBeta-new-d3,82,False,AlphaBeta-new-d3,-1,12,5.84147834777832
main_tournament_resume_2,Random__VS__AlphaBeta-new-d3__GAME__83,Random,AlphaBeta-new-d3,83,True,AlphaBeta-new-d3,1,13,7.740685701370239
main_tournament_resume_2,Random__VS__AlphaBeta-new-d3__GAME__84,Random,AlphaBeta-new-d3,84,False,AlphaBeta-new-d3,-1,18,9.83212423324585
main_tournament_resume_2,Random__VS__AlphaBeta-new-d3__GAME__85,Random,AlphaBeta-new-d3,85,True,AlphaBeta-new-d3,1,7,3.045961618423462
main_tournament_resume_2,Random__VS__AlphaBeta-new-d3__GAME__86,Random,AlphaBeta-new-d3,86,False,AlphaBeta-new-d3,-1,8,2.911970853805542
main_tournament_resume_2,Random__VS__AlphaBeta-new-d3__GAME__87,Random,AlphaBeta-new-d3,87,True,AlphaBeta-new-d3,1,15,7.192530155181885
main_tournament_resume_2,Random__VS__AlphaBeta-new-d3__GAME__88,Random,AlphaBeta-new-d3,88,False,AlphaBeta-new-d3,-1,14,7.418907403945923
main_tournament_resume_2,Random__VS__AlphaBeta-new-d3__GAME__89,Random,AlphaBeta-new-d3,89,True,draw,0,50,39.05795764923096
main_tournament_resume_2,Random__VS__AlphaBeta-new-d3__GAME__90,Random,AlphaBeta-new-d3,90,False,AlphaBeta-new-d3,-1,6,2.2413859367370605
main_tournament_resume_2,Random__VS__AlphaBeta-new-d3__GAME__91,Random,AlphaBeta-new-d3,91,True,AlphaBeta-new-d3,1,5,1.5902037620544434
main_tournament_resume_2,Random__VS__AlphaBeta-new-d3__GAME__92,Random,AlphaBeta-new-d3,92,False,AlphaBeta-new-d3,-1,8,3.000570774078369
main_tournament_resume_2,Random__VS__AlphaBeta-new-d3__GAME__93,Random,AlphaBeta-new-d3,93,True,Random,-1,6,3.6271896362304688
main_tournament_resume_2,Random__VS__AlphaBeta-new-d3__GAME__94,Random,AlphaBeta-new-d3,94,False,AlphaBeta-new-d3,-1,20,9.640243530273438
main_tournament_resume_2,Random__VS__AlphaBeta-new-d3__GAME__95,Random,AlphaBeta-new-d3,95,True,AlphaBeta-new-d3,1,11,4.931642293930054
main_tournament_resume_2,Random__VS__AlphaBeta-new-d3__GAME__96,Random,AlphaBeta-new-d3,96,False,AlphaBeta-new-d3,-1,8,3.5942461490631104
main_tournament_resume_2,Random__VS__AlphaBeta-new-d3__GAME__97,Random,AlphaBeta-new-d3,97,True,AlphaBeta-new-d3,1,7,3.009683132171631
main_tournament_resume_2,Random__VS__AlphaBeta-new-d3__GAME__98,Random,AlphaBeta-new-d3,98,False,AlphaBeta-new-d3,-1,8,3.9096641540527344
main_tournament_resume_2,Random__VS__AlphaBeta-new-d3__GAME__99,Random,AlphaBeta-new-d3,99,True,AlphaBeta-new-d3,1,7,2.0476956367492676
main_tournament_resume_2,Random__VS__AlphaBeta-new-d3__GAME__100,Random,AlphaBeta-new-d3,100,False,Random,1,6,2.6447367668151855
main_tournament_resume_2,Random__VS__AlphaBeta-new-d3__GAME__101,Random,AlphaBeta-new-d3,101,True,AlphaBeta-new-d3,1,5,2.1391243934631348
main_tournament_resume_2,Random__VS__AlphaBeta-new-d3__GAME__102,Random,AlphaBeta-new-d3,102,False,AlphaBeta-new-d3,-1,20,12.349164962768555
main_tournament_resume_2,Random__VS__AlphaBeta-new-d3__GAME__103,Random,AlphaBeta-new-d3,103,True,AlphaBeta-new-d3,1,7,4.030576467514038
main_tournament_resume_2,Random__VS__AlphaBeta-new-d3__GAME__104,Random,AlphaBeta-new-d3,104,False,AlphaBeta-new-d3,-1,24,16.617545127868652
main_tournament_resume_2,Random__VS__AlphaBeta-new-d3__GAME__105,Random,AlphaBeta-new-d3,105,True,AlphaBeta-new-d3,1,9,5.005657434463501
main_tournament_resume_2,Random__VS__AlphaBeta-new-d3__GAME__106,Random,AlphaBeta-new-d3,106,False,AlphaBeta-new-d3,-1,10,4.756364583969116
main_tournament_resume_2,Random__VS__AlphaBeta-new-d3__GAME__107,Random,AlphaBeta-new-d3,107,True,AlphaBeta-new-d3,1,5,1.4439866542816162
main_tournament_resume_2,Random__VS__AlphaBeta-new-d3__GAME__108,Random,AlphaBeta-new-d3,108,False,AlphaBeta-new-d3,-1,8,2.7753448486328125
main_tournament_resume_2,Random__VS__AlphaBeta-new-d3__GAME__109,Random,AlphaBeta-new-d3,109,True,AlphaBeta-new-d3,1,7,2.400723695755005
main_tournament_resume_2,Random__VS__AlphaBeta-new-d3__GAME__110,Random,AlphaBeta-new-d3,110,False,AlphaBeta-new-d3,-1,12,5.2453179359436035
main_tournament_resume_2,Random__VS__AlphaBeta-new-d3__GAME__111,Random,AlphaBeta-new-d3,111,True,AlphaBeta-new-d3,1,9,3.0934042930603027
main_tournament_resume_2,Random__VS__AlphaBeta-new-d3__GAME__112,Random,AlphaBeta-new-d3,112,False,AlphaBeta-new-d3,-1,6,1.9473061561584473
main_tournament_resume_2,Random__VS__AlphaBeta-new-d3__GAME__113,Random,AlphaBeta-new-d3,113,True,Random,-1,30,20.46698832511902
main_tournament_resume_2,Random__VS__AlphaBeta-new-d3__GAME__114,Random,AlphaBeta-new-d3,114,False,AlphaBeta-new-d3,-1,14,6.558322429656982
main_tournament_resume_2,Random__VS__AlphaBeta-new-d3__GAME__115,Random,AlphaBeta-new-d3,115,True,AlphaBeta-new-d3,1,5,1.4720616340637207
main_tournament_resume_2,Random__VS__AlphaBeta-new-d3__GAME__116,Random,AlphaBeta-new-d3,116,False,AlphaBeta-new-d3,-1,14,6.997834205627441
main_tournament_resume_2,Random__VS__AlphaBeta-new-d3__GAME__117,Random,AlphaBeta-new-d3,117,True,AlphaBeta-new-d3,1,5,2.5655033588409424
main_tournament_resume_2,Random__VS__AlphaBeta-new-d3__GAME__118,Random,AlphaBeta-new-d3,118,False,AlphaBeta-new-d3,-1,6,2.075465679168701
main_tournament_resume_2,Random__VS__AlphaBeta-new-d3__GAME__119,Random,AlphaBeta-new-d3,119,True,AlphaBeta-new-d3,1,9,3.3910117149353027
main_tournament_resume_2,Random__VS__AlphaBeta-new-d3__GAME__120,Random,AlphaBeta-new-d3,120,False,draw,0,50,27.720326900482178
main_tournament_resume_2,Random__VS__AlphaBeta-new-d3__GAME__121,Random,AlphaBeta-new-d3,121,True,AlphaBeta-new-d3,1,21,7.319610595703125
main_tournament_resume_2,Random__VS__AlphaBeta-new-d3__GAME__122,Random,AlphaBeta-new-d3,122,False,AlphaBeta-new-d3,-1,30,19.98871374130249
main_tournament_resume_2,Random__VS__AlphaBeta-new-d3__GAME__123,Random,AlphaBeta-new-d3,123,True,AlphaBeta-new-d3,1,41,19.997758865356445
main_tournament_resume_2,Random__VS__AlphaBeta-new-d3__GAME__124,Random,AlphaBeta-new-d3,124,False,AlphaBeta-new-d3,-1,12,6.941644906997681
main_tournament_resume_2,Random__VS__AlphaBeta-new-d3__GAME__125,Random,AlphaBeta-new-d3,125,True,AlphaBeta-new-d3,1,5,2.1205389499664307
main_tournament_resume_2,Random__VS__AlphaBeta-new-d3__GAME__126,Random,AlphaBeta-new-d3,126,False,AlphaBeta-new-d3,-1,14,6.458328723907471
main_tournament_resume_2,Random__VS__AlphaBeta-new-d3__GAME__127,Random,AlphaBeta-new-d3,127,True,AlphaBeta-new-d3,1,9,5.560822248458862
main_tournament_resume_2,Random__VS__AlphaBeta-new-d3__GAME__128,Random,AlphaBeta-new-d3,128,False,AlphaBeta-new-d3,-1,8,3.011573553085327
main_tournament_resume_2,Random__VS__AlphaBeta-new-d3__GAME__129,Random,AlphaBeta-new-d3,129,True,AlphaBeta-new-d3,1,5,2.257537364959717
main_tournament_resume_2,Random__VS__AlphaBeta-new-d3__GAME__130,Random,AlphaBeta-new-d3,130,False,AlphaBeta-new-d3,-1,36,25.065688848495483
main_tournament_resume_2,Random__VS__AlphaBeta-new-d3__GAME__131,Random,AlphaBeta-new-d3,131,True,AlphaBeta-new-d3,1,7,3.2929842472076416
main_tournament_resume_2,Random__VS__AlphaBeta-new-d3__GAME__132,Random,AlphaBeta-new-d3,132,False,AlphaBeta-new-d3,-1,14,8.800014019012451
main_tournament_resume_2,Random__VS__AlphaBeta-new-d3__GAME__133,Random,AlphaBeta-new-d3,133,True,AlphaBeta-new-d3,1,9,4.255893707275391
main_tournament_resume_2,Random__VS__AlphaBeta-new-d3__GAME__134,Random,AlphaBeta-new-d3,134,False,AlphaBeta-new-d3,-1,10,4.09217381477356
main_tournament_resume_2,Random__VS__AlphaBeta-new-d3__GAME__135,Random,AlphaBeta-new-d3,135,True,AlphaBeta-new-d3,1,9,3.4646527767181396
main_tournament_resume_2,Random__VS__AlphaBeta-new-d3__GAME__136,Random,AlphaBeta-new-d3,136,False,AlphaBeta-new-d3,-1,12,5.456237077713013
main_tournament_resume_2,Random__VS__AlphaBeta-new-d3__GAME__137,Random,AlphaBeta-new-d3,137,True,AlphaBeta-new-d3,1,7,2.6519925594329834
main_tournament_resume_2,Random__VS__AlphaBeta-new-d3__GAME__138,Random,AlphaBeta-new-d3,138,False,AlphaBeta-new-d3,-1,20,12.012782096862793
main_tournament_resume_2,Random__VS__AlphaBeta-new-d3__GAME__139,Random,AlphaBeta-new-d3,139,True,AlphaBeta-new-d3,1,9,4.571924209594727
main_tournament_resume_2,Random__VS__AlphaBeta-new-d3__GAME__140,Random,AlphaBeta-new-d3,140,False,AlphaBeta-new-d3,-1,10,3.744399309158325
main_tournament_resume_2,Random__VS__AlphaBeta-new-d3__GAME__141,Random,AlphaBeta-new-d3,141,True,Random,-1,5,2.560089111328125
main_tournament_resume_2,Random__VS__AlphaBeta-new-d3__GAME__142,Random,AlphaBeta-new-d3,142,False,Random,1,10,5.428607702255249
main_tournament_resume_2,Random__VS__AlphaBeta-new-d3__GAME__143,Random,AlphaBeta-new-d3,143,True,AlphaBeta-new-d3,1,11,6.869696855545044
main_tournament_resume_2,Random__VS__AlphaBeta-new-d3__GAME__144,Random,AlphaBeta-new-d3,144,False,AlphaBeta-new-d3,-1,10,4.445680856704712
main_tournament_resume_2,Random__VS__AlphaBeta-new-d3__GAME__145,Random,AlphaBeta-new-d3,145,True,AlphaBeta-new-d3,1,11,5.060978889465332
main_tournament_resume_2,Random__VS__AlphaBeta-new-d3__GAME__146,Random,AlphaBeta-new-d3,146,False,AlphaBeta-new-d3,-1,16,10.026505708694458
main_tournament_resume_2,Random__VS__AlphaBeta-new-d3__GAME__147,Random,AlphaBeta-new-d3,147,True,AlphaBeta-new-d3,1,7,3.2690248489379883
main_tournament_resume_2,Random__VS__AlphaBeta-new-d3__GAME__148,Random,AlphaBeta-new-d3,148,False,AlphaBeta-new-d3,-1,8,2.869412899017334
main_tournament_resume_2,Random__VS__AlphaBeta-new-d3__GAME__149,Random,AlphaBeta-new-d3,149,True,draw,0,50,36.29786658287048
main_tournament_resume_2,Random__VS__AlphaBeta-new-d3__GAME__150,Random,AlphaBeta-new-d3,150,False,AlphaBeta-new-d3,-1,28,18.611335039138794
main_tournament_resume_2,Random__VS__AlphaBeta-new-d3__GAME__151,Random,AlphaBeta-new-d3,151,True,AlphaBeta-new-d3,1,9,3.560981273651123
main_tournament_resume_2,Random__VS__AlphaBeta-new-d3__GAME__152,Random,AlphaBeta-new-d3,152,False,Random,1,14,8.523295164108276
main_tournament_resume_2,Random__VS__AlphaBeta-new-d3__GAME__153,Random,AlphaBeta-new-d3,153,True,AlphaBeta-new-d3,1,7,2.502183198928833
main_tournament_resume_2,Random__VS__AlphaBeta-new-d3__GAME__154,Random,AlphaBeta-new-d3,154,False,AlphaBeta-new-d3,-1,30,16.594632148742676
main_tournament_resume_2,Random__VS__AlphaBeta-new-d3__GAME__155,Random,AlphaBeta-new-d3,155,True,AlphaBeta-new-d3,1,5,2.1677732467651367
main_tournament_resume_2,Random__VS__AlphaBeta-new-d3__GAME__156,Random,AlphaBeta-new-d3,156,False,AlphaBeta-new-d3,-1,8,3.552131414413452
main_tournament_resume_2,Random__VS__AlphaBeta-new-d3__GAME__157,Random,AlphaBeta-new-d3,157,True,Random,-1,6,2.95353364944458
main_tournament_resume_2,Random__VS__AlphaBeta-new-d3__GAME__158,Random,AlphaBeta-new-d3,158,False,AlphaBeta-new-d3,-1,14,7.979457378387451
main_tournament_resume_2,Random__VS__AlphaBeta-new-d3__GAME__159,Random,AlphaBeta-new-d3,159,True,AlphaBeta-new-d3,1,9,4.082340717315674
main_tournament_resume_2,Random__VS__AlphaBeta-new-d3__GAME__160,Random,AlphaBeta-new-d3,160,False,AlphaBeta-new-d3,-1,10,3.9397733211517334
main_tournament_resume_2,Random__VS__AlphaBeta-new-d3__GAME__161,Random,AlphaBeta-new-d3,161,True,Random,-1,11,6.2118566036224365
main_tournament_resume_2,Random__VS__AlphaBeta-new-d3__GAME__162,Random,AlphaBeta-new-d3,162,False,AlphaBeta-new-d3,-1,10,4.214627742767334
main_tournament_resume_2,Random__VS__AlphaBeta-new-d3__GAME__163,Random,AlphaBeta-new-d3,163,True,AlphaBeta-new-d3,1,13,7.160037994384766
main_tournament_resume_2,Random__VS__AlphaBeta-new-d3__GAME__164,Random,AlphaBeta-new-d3,164,False,AlphaBeta-new-d3,-1,40,23.175750970840454
main_tournament_resume_2,Random__VS__AlphaBeta-new-d3__GAME__165,Random,AlphaBeta-new-d3,165,True,AlphaBeta-new-d3,1,35,25.784400701522827
main_tournament_resume_2,Random__VS__AlphaBeta-new-d3__GAME__166,Random,AlphaBeta-new-d3,166,False,draw,0,50,34.43075489997864
main_tournament_resume_2,Random__VS__AlphaBeta-new-d3__GAME__167,Random,AlphaBeta-new-d3,167,True,AlphaBeta-new-d3,1,9,4.329483270645142
main_tournament_resume_2,Random__VS__AlphaBeta-new-d3__GAME__168,Random,AlphaBeta-new-d3,168,False,AlphaBeta-new-d3,-1,8,3.573582649230957
main_tournament_resume_2,Random__VS__AlphaBeta-new-d3__GAME__169,Random,AlphaBeta-new-d3,169,True,AlphaBeta-new-d3,1,15,7.77916955947876
main_tournament_resume_2,Random__VS__AlphaBeta-new-d3__GAME__170,Random,AlphaBeta-new-d3,170,False,AlphaBeta-new-d3,-1,20,15.479096412658691
main_tournament_resume_2,Random__VS__AlphaBeta-new-d3__GAME__171,Random,AlphaBeta-new-d3,171,True,Random,-1,6,3.321958303451538
main_tournament_resume_2,Random__VS__AlphaBeta-new-d3__GAME__172,Random,AlphaBeta-new-d3,172,False,AlphaBeta-new-d3,-1,10,4.2187819480896
main_tournament_resume_2,Random__VS__AlphaBeta-new-d3__GAME__173,Random,AlphaBeta-new-d3,173,True,AlphaBeta-new-d3,1,17,10.904381036758423
main_tournament_resume_2,Random__VS__AlphaBeta-new-d3__GAME__174,Random,AlphaBeta-new-d3,174,False,AlphaBeta-new-d3,-1,10,4.605789661407471
main_tournament_resume_2,Random__VS__AlphaBeta-new-d3__GAME__175,Random,AlphaBeta-new-d3,175,True,AlphaBeta-new-d3,1,9,4.8213207721710205
main_tournament_resume_2,Random__VS__AlphaBeta-new-d3__GAME__176,Random,AlphaBeta-new-d3,176,False,draw,0,50,35.100043296813965
main_tournament_resume_2,Random__VS__AlphaBeta-new-d3__GAME__177,Random,AlphaBeta-new-d3,177,True,AlphaBeta-new-d3,1,7,3.6407203674316406
main_tournament_resume_2,Random__VS__AlphaBeta-new-d3__GAME__178,Random,AlphaBeta-new-d3,178,False,AlphaBeta-new-d3,-1,8,2.885511875152588
main_tournament_resume_2,Random__VS__AlphaBeta-new-d3__GAME__179,Random,AlphaBeta-new-d3,179,True,AlphaBeta-new-d3,1,9,5.110822677612305
main_tournament_resume_2,Random__VS__AlphaBeta-new-d3__GAME__180,Random,AlphaBeta-new-d3,180,False,AlphaBeta-new-d3,-1,14,6.511882781982422
main_tournament_resume_2,Random__VS__AlphaBeta-new-d3__GAME__181,Random,AlphaBeta-new-d3,181,True,AlphaBeta-new-d3,1,7,2.9214274883270264
main_tournament_resume_2,Random__VS__AlphaBeta-new-d3__GAME__182,Random,AlphaBeta-new-d3,182,False,draw,0,50,31.91448736190796
main_tournament_resume_2,Random__VS__AlphaBeta-new-d3__GAME__183,Random,AlphaBeta-new-d3,183,True,AlphaBeta-new-d3,1,7,2.2268924713134766
main_tournament_resume_2,Random__VS__AlphaBeta-new-d3__GAME__184,Random,AlphaBeta-new-d3,184,False,Random,1,8,3.7139859199523926
main_tournament_resume_2,Random__VS__AlphaBeta-new-d3__GAME__185,Random,AlphaBeta-new-d3,185,True,AlphaBeta-new-d3,1,7,2.653369665145874
main_tournament_resume_2,Random__VS__AlphaBeta-new-d3__GAME__186,Random,AlphaBeta-new-d3,186,False,AlphaBeta-new-d3,-1,10,4.8189918994903564
main_tournament_resume_2,Random__VS__AlphaBeta-new-d3__GAME__187,Random,AlphaBeta-new-d3,187,True,AlphaBeta-new-d3,1,15,6.912275791168213
main_tournament_resume_2,Random__VS__AlphaBeta-new-d3__GAME__188,Random,AlphaBeta-new-d3,188,False,AlphaBeta-new-d3,-1,6,2.736497163772583
main_tournament_resume_2,Random__VS__AlphaBeta-new-d3__GAME__189,Random,AlphaBeta-new-d3,189,True,AlphaBeta-new-d3,1,9,3.88500714302063
main_tournament_resume_2,Random__VS__AlphaBeta-new-d3__GAME__190,Random,AlphaBeta-new-d3,190,False,AlphaBeta-new-d3,-1,26,17.984341144561768
main_tournament_resume_2,Random__VS__AlphaBeta-new-d3__GAME__191,Random,AlphaBeta-new-d3,191,True,AlphaBeta-new-d3,1,7,3.2739951610565186
main_tournament_resume_2,Random__VS__AlphaBeta-new-d3__GAME__192,Random,AlphaBeta-new-d3,192,False,AlphaBeta-new-d3,-1,4,0.8847427368164062
main_tournament_resume_2,Random__VS__AlphaBeta-new-d3__GAME__193,Random,AlphaBeta-new-d3,193,True,AlphaBeta-new-d3,1,15,8.45769739151001
main_tournament_resume_2,Random__VS__AlphaBeta-new-d3__GAME__194,Random,AlphaBeta-new-d3,194,False,AlphaBeta-new-d3,-1,6,2.2873477935791016
main_tournament_resume_2,Random__VS__AlphaBeta-new-d3__GAME__195,Random,AlphaBeta-new-d3,195,True,AlphaBeta-new-d3,1,5,2.09391713142395
main_tournament_resume_2,Random__VS__AlphaBeta-new-d3__GAME__196,Random,AlphaBeta-new-d3,196,False,Random,1,16,9.395509004592896
main_tournament_resume_2,Random__VS__AlphaBeta-new-d3__GAME__197,Random,AlphaBeta-new-d3,197,True,AlphaBeta-new-d3,1,9,5.676283597946167
main_tournament_resume_2,Random__VS__AlphaBeta-new-d3__GAME__198,Random,AlphaBeta-new-d3,198,False,AlphaBeta-new-d3,-1,10,3.5475735664367676
main_tournament_resume_2,Random__VS__AlphaBeta-new-d3__GAME__199,Random,AlphaBeta-new-d3,199,True,AlphaBeta-new-d3,1,11,5.240053176879883
main_tournament_resume_2,Random__VS__MCTS-old-100__GAME__0,Random,MCTS-old-100,0,False,MCTS-old-100,-1,6,2.3758046627044678
main_tournament_resume_2,Random__VS__MCTS-old-100__GAME__1,Random,MCTS-old-100,1,True,MCTS-old-100,1,9,4.53388237953186
main_tournament_resume_2,Random__VS__MCTS-old-100__GAME__2,Random,MCTS-old-100,2,False,MCTS-old-100,-1,10,4.27587103843689
main_tournament_resume_2,Random__VS__MCTS-old-100__GAME__3,Random,MCTS-old-100,3,True,MCTS-old-100,1,27,20.777899026870728
main_tournament_resume_2,Random__VS__MCTS-old-100__GAME__4,Random,MCTS-old-100,4,False,MCTS-old-100,-1,44,43.94036793708801
main_tournament_resume_2,Random__VS__MCTS-old-100__GAME__5,Random,MCTS-old-100,5,True,MCTS-old-100,1,11,6.046343803405762
main_tournament_resume_2,Random__VS__MCTS-old-100__GAME__6,Random,MCTS-old-100,6,False,MCTS-old-100,-1,10,5.072208642959595
main_tournament_resume_2,Random__VS__MCTS-old-100__GAME__7,Random,MCTS-old-100,7,True,MCTS-old-100,1,17,13.314030885696411
main_tournament_resume_2,Random__VS__MCTS-old-100__GAME__8,Random,MCTS-old-100,8,False,Random,1,8,4.984926223754883
main_tournament_resume_2,Random__VS__MCTS-old-100__GAME__9,Random,MCTS-old-100,9,True,MCTS-old-100,1,9,5.625614881515503
main_tournament_resume_2,Random__VS__MCTS-old-100__GAME__10,Random,MCTS-old-100,10,False,MCTS-old-100,-1,12,7.967837810516357
main_tournament_resume_2,Random__VS__MCTS-old-100__GAME__11,Random,MCTS-old-100,11,True,MCTS-old-100,1,7,3.550905466079712
main_tournament_resume_2,Random__VS__MCTS-old-100__GAME__12,Random,MCTS-old-100,12,False,Random,1,8,4.326156139373779
main_tournament_resume_2,Random__VS__MCTS-old-100__GAME__13,Random,MCTS-old-100,13,True,MCTS-old-100,1,5,3.0328426361083984
main_tournament_resume_2,Random__VS__MCTS-old-100__GAME__14,Random,MCTS-old-100,14,False,MCTS-old-100,-1,6,2.3190419673919678
main_tournament_resume_2,Random__VS__MCTS-old-100__GAME__15,Random,MCTS-old-100,15,True,MCTS-old-100,1,5,2.5844221115112305
main_tournament_resume_2,Random__VS__MCTS-old-100__GAME__16,Random,MCTS-old-100,16,False,MCTS-old-100,-1,10,5.277874231338501
main_tournament_resume_2,Random__VS__MCTS-old-100__GAME__17,Random,MCTS-old-100,17,True,MCTS-old-100,1,7,4.284624338150024
main_tournament_resume_2,Random__VS__MCTS-old-100__GAME__18,Random,MCTS-old-100,18,False,MCTS-old-100,-1,12,5.519191026687622
main_tournament_resume_2,Random__VS__MCTS-old-100__GAME__19,Random,MCTS-old-100,19,True,MCTS-old-100,1,9,5.080256700515747
main_tournament_resume_2,Random__VS__MCTS-old-100__GAME__20,Random,MCTS-old-100,20,False,MCTS-old-100,-1,44,41.5708441734314
main_tournament_resume_2,Random__VS__MCTS-old-100__GAME__21,Random,MCTS-old-100,21,True,MCTS-old-100,1,9,5.351777791976929
main_tournament_resume_2,Random__VS__MCTS-old-100__GAME__22,Random,MCTS-old-100,22,False,MCTS-old-100,-1,8,3.856525182723999
main_tournament_resume_2,Random__VS__MCTS-old-100__GAME__23,Random,MCTS-old-100,23,True,MCTS-old-100,1,11,7.324057579040527
main_tournament_resume_2,Random__VS__MCTS-old-100__GAME__24,Random,MCTS-old-100,24,False,MCTS-old-100,-1,26,24.44921851158142
main_tournament_resume_2,Random__VS__MCTS-old-100__GAME__25,Random,MCTS-old-100,25,True,MCTS-old-100,1,13,7.222916603088379
main_tournament_resume_2,Random__VS__MCTS-old-100__GAME__26,Random,MCTS-old-100,26,False,MCTS-old-100,-1,32,27.627351999282837
main_tournament_resume_2,Random__VS__MCTS-old-100__GAME__27,Random,MCTS-old-100,27,True,MCTS-old-100,1,47,39.89399266242981
main_tournament_resume_2,Random__VS__MCTS-old-100__GAME__28,Random,MCTS-old-100,28,False,MCTS-old-100,-1,18,10.15384030342102
main_tournament_resume_2,Random__VS__MCTS-old-100__GAME__29,Random,MCTS-old-100,29,True,MCTS-old-100,1,7,3.658242702484131
main_tournament_resume_2,Random__VS__MCTS-old-100__GAME__30,Random,MCTS-old-100,30,False,MCTS-old-100,-1,10,5.543498516082764
main_tournament_resume_2,Random__VS__MCTS-old-100__GAME__31,Random,MCTS-old-100,31,True,MCTS-old-100,1,15,11.37320065498352
main_tournament_resume_2,Random__VS__MCTS-old-100__GAME__32,Random,MCTS-old-100,32,False,MCTS-old-100,-1,6,2.9305150508880615
main_tournament_resume_2,Random__VS__MCTS-old-100__GAME__33,Random,MCTS-old-100,33,True,MCTS-old-100,1,7,3.264885902404785
main_tournament_resume_2,Random__VS__MCTS-old-100__GAME__34,Random,MCTS-old-100,34,False,MCTS-old-100,-1,18,12.320480823516846
main_tournament_resume_2,Random__VS__MCTS-old-100__GAME__35,Random,MCTS-old-100,35,True,draw,0,50,50.664796352386475
main_tournament_resume_2,Random__VS__MCTS-old-100__GAME__36,Random,MCTS-old-100,36,False,MCTS-old-100,-1,10,6.227195978164673
main_tournament_resume_2,Random__VS__MCTS-old-100__GAME__37,Random,MCTS-old-100,37,True,MCTS-old-100,1,9,6.210008144378662
main_tournament_resume_2,Random__VS__MCTS-old-100__GAME__38,Random,MCTS-old-100,38,False,MCTS-old-100,-1,12,7.400419235229492
main_tournament_resume_2,Random__VS__MCTS-old-100__GAME__39,Random,MCTS-old-100,39,True,MCTS-old-100,1,17,13.2749502658844
main_tournament_resume_2,Random__VS__MCTS-old-100__GAME__40,Random,MCTS-old-100,40,False,draw,0,50,48.25972080230713
main_tournament_resume_2,Random__VS__MCTS-old-100__GAME__41,Random,MCTS-old-100,41,True,draw,0,50,48.351619720458984
main_tournament_resume_2,Random__VS__MCTS-old-100__GAME__42,Random,MCTS-old-100,42,False,MCTS-old-100,-1,6,2.827563524246216
main_tournament_resume_2,Random__VS__MCTS-old-100__GAME__43,Random,MCTS-old-100,43,True,MCTS-old-100,1,7,4.095239877700806
main_tournament_resume_2,Random__VS__MCTS-old-100__GAME__44,Random,MCTS-old-100,44,False,MCTS-old-100,-1,14,8.579749822616577
main_tournament_resume_2,Random__VS__MCTS-old-100__GAME__45,Random,MCTS-old-100,45,True,MCTS-old-100,1,9,5.041230201721191
main_tournament_resume_2,Random__VS__MCTS-old-100__GAME__46,Random,MCTS-old-100,46,False,Random,1,10,6.007943391799927
main_tournament_resume_2,Random__VS__MCTS-old-100__GAME__47,Random,MCTS-old-100,47,True,MCTS-old-100,1,15,9.163083553314209
main_tournament_resume_2,Random__VS__MCTS-old-100__GAME__48,Random,MCTS-old-100,48,False,MCTS-old-100,-1,16,11.419955730438232
main_tournament_resume_2,Random__VS__MCTS-old-100__GAME__49,Random,MCTS-old-100,49,True,MCTS-old-100,1,7,3.5270750522613525
main_tournament_resume_2,Random__VS__MCTS-old-100__GAME__50,Random,MCTS-old-100,50,False,MCTS-old-100,-1,12,7.241451740264893
main_tournament_resume_2,Random__VS__MCTS-old-100__GAME__51,Random,MCTS-old-100,51,True,MCTS-old-100,1,13,8.727115392684937
main_tournament_resume_2,Random__VS__MCTS-old-100__GAME__52,Random,MCTS-old-100,52,False,MCTS-old-100,-1,14,8.227935314178467
main_tournament_resume_2,Random__VS__MCTS-old-100__GAME__53,Random,MCTS-old-100,53,True,Random,-1,20,17.11185646057129
main_tournament_resume_2,Random__VS__MCTS-old-100__GAME__54,Random,MCTS-old-100,54,False,MCTS-old-100,-1,18,12.530934810638428
main_tournament_resume_2,Random__VS__MCTS-old-100__GAME__55,Random,MCTS-old-100,55,True,Random,-1,25,19.34792685508728
main_tournament_resume_2,Random__VS__MCTS-old-100__GAME__56,Random,MCTS-old-100,56,False,Random,1,8,5.2161407470703125
main_tournament_resume_2,Random__VS__MCTS-old-100__GAME__57,Random,MCTS-old-100,57,True,MCTS-old-100,1,11,6.636526346206665
main_tournament_resume_2,Random__VS__MCTS-old-100__GAME__58,Random,MCTS-old-100,58,False,MCTS-old-100,-1,6,2.4441184997558594
main_tournament_resume_2,Random__VS__MCTS-old-100__GAME__59,Random,MCTS-old-100,59,True,MCTS-old-100,1,23,18.400123119354248
main_tournament_resume_2,Random__VS__MCTS-old-100__GAME__60,Random,MCTS-old-100,60,False,MCTS-old-100,-1,44,41.720396518707275
main_tournament_resume_2,Random__VS__MCTS-old-100__GAME__61,Random,MCTS-old-100,61,True,Random,-1,17,13.315797328948975
main_tournament_resume_2,Random__VS__MCTS-old-100__GAME__62,Random,MCTS-old-100,62,False,MCTS-old-100,-1,42,38.041529417037964
main_tournament_resume_2,Random__VS__MCTS-old-100__GAME__63,Random,MCTS-old-100,63,True,MCTS-old-100,1,5,2.7258241176605225
main_tournament_resume_2,Random__VS__MCTS-old-100__GAME__64,Random,MCTS-old-100,64,False,MCTS-old-100,-1,8,3.4757275581359863
main_tournament_resume_2,Random__VS__MCTS-old-100__GAME__65,Random,MCTS-old-100,65,True,MCTS-old-100,1,7,3.4092531204223633
main_tournament_resume_2,Random__VS__MCTS-old-100__GAME__66,Random,MCTS-old-100,66,False,MCTS-old-100,-1,16,8.704509258270264
main_tournament_resume_2,Random__VS__MCTS-old-100__GAME__67,Random,MCTS-old-100,67,True,MCTS-old-100,1,5,2.855045795440674
main_tournament_resume_2,Random__VS__MCTS-old-100__GAME__68,Random,MCTS-old-100,68,False,MCTS-old-100,-1,10,5.651959419250488
main_tournament_resume_2,Random__VS__MCTS-old-100__GAME__69,Random,MCTS-old-100,69,True,MCTS-old-100,1,7,4.041902542114258
main_tournament_resume_2,Random__VS__MCTS-old-100__GAME__70,Random,MCTS-old-100,70,False,MCTS-old-100,-1,16,9.147143363952637
main_tournament_resume_2,Random__VS__MCTS-old-100__GAME__71,Random,MCTS-old-100,71,True,MCTS-old-100,1,13,7.525526523590088
main_tournament_resume_2,Random__VS__MCTS-old-100__GAME__72,Random,MCTS-old-100,72,False,draw,0,50,47.529273986816406
main_tournament_resume_2,Random__VS__MCTS-old-100__GAME__73,Random,MCTS-old-100,73,True,MCTS-old-100,1,7,4.482618093490601
main_tournament_resume_2,Random__VS__MCTS-old-100__GAME__74,Random,MCTS-old-100,74,False,MCTS-old-100,-1,8,4.314114332199097
main_tournament_resume_2,Random__VS__MCTS-old-100__GAME__75,Random,MCTS-old-100,75,True,MCTS-old-100,1,5,2.341019868850708
main_tournament_resume_2,Random__VS__MCTS-old-100__GAME__76,Random,MCTS-old-100,76,False,MCTS-old-100,-1,24,17.814551830291748
main_tournament_resume_2,Random__VS__MCTS-old-100__GAME__77,Random,MCTS-old-100,77,True,MCTS-old-100,1,9,5.6986634731292725
main_tournament_resume_2,Random__VS__MCTS-old-100__GAME__78,Random,MCTS-old-100,78,False,Random,1,8,4.405953645706177
main_tournament_resume_2,Random__VS__MCTS-old-100__GAME__79,Random,MCTS-old-100,79,True,MCTS-old-100,1,19,14.762128114700317
main_tournament_resume_2,Random__VS__MCTS-old-100__GAME__80,Random,MCTS-old-100,80,False,MCTS-old-100,-1,14,9.498913049697876
main_tournament_resume_2,Random__VS__MCTS-old-100__GAME__81,Random,MCTS-old-100,81,True,MCTS-old-100,1,7,3.775951623916626
main_tournament_resume_2,Random__VS__MCTS-old-100__GAME__82,Random,MCTS-old-100,82,False,MCTS-old-100,-1,6,2.553727626800537
main_tournament_resume_2,Random__VS__MCTS-old-100__GAME__83,Random,MCTS-old-100,83,True,MCTS-old-100,1,13,9.000998258590698
main_tournament_resume_2,Random__VS__MCTS-old-100__GAME__84,Random,MCTS-old-100,84,False,MCTS-old-100,-1,28,22.342302560806274
main_tournament_resume_2,Random__VS__MCTS-old-100__GAME__85,Random,MCTS-old-100,85,True,MCTS-old-100,1,11,7.48865532875061
main_tournament_resume_2,Random__VS__MCTS-old-100__GAME__86,Random,MCTS-old-100,86,False,MCTS-old-100,-1,14,8.91056776046753
main_tournament_resume_2,Random__VS__MCTS-old-100__GAME__87,Random,MCTS-old-100,87,True,draw,0,50,43.19022274017334
main_tournament_resume_2,Random__VS__MCTS-old-100__GAME__88,Random,MCTS-old-100,88,False,MCTS-old-100,-1,9,5.18953800201416
main_tournament_resume_2,Random__VS__MCTS-old-100__GAME__89,Random,MCTS-old-100,89,True,MCTS-old-100,1,5,2.7376577854156494
main_tournament_resume_2,Random__VS__MCTS-old-100__GAME__90,Random,MCTS-old-100,90,False,MCTS-old-100,-1,26,16.750732421875
main_tournament_resume_2,Random__VS__MCTS-old-100__GAME__91,Random,MCTS-old-100,91,True,Random,-1,11,6.225552558898926
main_tournament_resume_2,Random__VS__MCTS-old-100__GAME__92,Random,MCTS-old-100,92,False,MCTS-old-100,-1,24,19.445250511169434
main_tournament_resume_2,Random__VS__MCTS-old-100__GAME__93,Random,MCTS-old-100,93,True,MCTS-old-100,1,41,35.530418157577515
main_tournament_resume_2,Random__VS__MCTS-old-100__GAME__94,Random,MCTS-old-100,94,False,MCTS-old-100,-1,26,18.39490056037903
main_tournament_resume_2,Random__VS__MCTS-old-100__GAME__95,Random,MCTS-old-100,95,True,Random,-1,7,4.641488313674927
main_tournament_resume_2,Random__VS__MCTS-old-100__GAME__96,Random,MCTS-old-100,96,False,MCTS-old-100,-1,20,15.448098182678223
main_tournament_resume_2,Random__VS__MCTS-old-100__GAME__97,Random,MCTS-old-100,97,True,Random,-1,21,14.478955268859863
main_tournament_resume_2,Random__VS__MCTS-old-100__GAME__98,Random,MCTS-old-100,98,False,MCTS-old-100,-1,12,6.791183948516846
main_tournament_resume_2,Random__VS__MCTS-old-100__GAME__99,Random,MCTS-old-100,99,True,MCTS-old-100,1,9,5.804663181304932
main_tournament_resume_2,Random__VS__MCTS-old-100__GAME__100,Random,MCTS-old-100,100,False,Random,1,4,2.4843101501464844
main_tournament_resume_2,Random__VS__MCTS-old-100__GAME__101,Random,MCTS-old-100,101,True,MCTS-old-100,1,9,5.400143384933472
main_tournament_resume_2,Random__VS__MCTS-old-100__GAME__102,Random,MCTS-old-100,102,False,Random,1,8,4.6410603523254395
main_tournament_resume_2,Random__VS__MCTS-old-100__GAME__103,Random,MCTS-old-100,103,True,MCTS-old-100,1,17,12.34216856956482
main_tournament_resume_2,Random__VS__MCTS-old-100__GAME__104,Random,MCTS-old-100,104,False,MCTS-old-100,-1,20,15.27489423751831
main_tournament_resume_2,Random__VS__MCTS-old-100__GAME__105,Random,MCTS-old-100,105,True,Random,-1,5,3.4977729320526123
main_tournament_resume_2,Random__VS__MCTS-old-100__GAME__106,Random,MCTS-old-100,106,False,MCTS-old-100,-1,6,2.4462687969207764
main_tournament_resume_2,Random__VS__MCTS-old-100__GAME__107,Random,MCTS-old-100,107,True,MCTS-old-100,1,9,4.861247301101685
main_tournament_resume_2,Random__VS__MCTS-old-100__GAME__108,Random,MCTS-old-100,108,False,MCTS-old-100,-1,26,18.31696391105652
main_tournament_resume_2,Random__VS__MCTS-old-100__GAME__109,Random,MCTS-old-100,109,True,MCTS-old-100,1,7,4.132251977920532
main_tournament_resume_2,Random__VS__MCTS-old-100__GAME__110,Random,MCTS-old-100,110,False,MCTS-old-100,-1,12,7.239017963409424
main_tournament_resume_2,Random__VS__MCTS-old-100__GAME__111,Random,MCTS-old-100,111,True,MCTS-old-100,1,7,3.5408244132995605
main_tournament_resume_2,Random__VS__MCTS-old-100__GAME__112,Random,MCTS-old-100,112,False,MCTS-old-100,-1,12,6.61896276473999
main_tournament_resume_2,Random__VS__MCTS-old-100__GAME__113,Random,MCTS-old-100,113,True,MCTS-old-100,1,9,4.5855934619903564
main_tournament_resume_2,Random__VS__MCTS-old-100__GAME__114,Random,MCTS-old-100,114,False,MCTS-old-100,-1,8,4.303828239440918
main_tournament_resume_2,Random__VS__MCTS-old-100__GAME__115,Random,MCTS-old-100,115,True,MCTS-old-100,1,9,4.926907300949097
main_tournament_resume_2,Random__VS__MCTS-old-100__GAME__116,Random,MCTS-old-100,116,False,MCTS-old-100,-1,6,2.5402414798736572
main_tournament_resume_2,Random__VS__MCTS-old-100__GAME__117,Random,MCTS-old-100,117,True,MCTS-old-100,1,7,4.506415843963623
main_tournament_resume_2,Random__VS__MCTS-old-100__GAME__118,Random,MCTS-old-100,118,False,MCTS-old-100,-1,10,4.830835342407227
main_tournament_resume_2,Random__VS__MCTS-old-100__GAME__119,Random,MCTS-old-100,119,True,MCTS-old-100,1,7,3.798954963684082
main_tournament_resume_2,Random__VS__MCTS-old-100__GAME__120,Random,MCTS-old-100,120,False,MCTS-old-100,-1,28,17.801156997680664
main_tournament_resume_2,Random__VS__MCTS-old-100__GAME__121,Random,MCTS-old-100,121,True,MCTS-old-100,1,11,7.029476881027222
main_tournament_resume_2,Random__VS__MCTS-old-100__GAME__122,Random,MCTS-old-100,122,False,Random,1,10,6.2026121616363525
main_tournament_resume_2,Random__VS__MCTS-old-100__GAME__123,Random,MCTS-old-100,123,True,MCTS-old-100,1,5,2.6796910762786865
main_tournament_resume_2,Random__VS__MCTS-old-100__GAME__124,Random,MCTS-old-100,124,False,MCTS-old-100,-1,8,3.340155839920044
main_tournament_resume_2,Random__VS__MCTS-old-100__GAME__125,Random,MCTS-old-100,125,True,draw,0,50,51.77045011520386
main_tournament_resume_2,Random__VS__MCTS-old-100__GAME__126,Random,MCTS-old-100,126,False,MCTS-old-100,-1,6,2.6131393909454346
main_tournament_resume_2,Random__VS__MCTS-old-100__GAME__127,Random,MCTS-old-100,127,True,MCTS-old-100,1,9,5.604462146759033
main_tournament_resume_2,Random__VS__MCTS-old-100__GAME__128,Random,MCTS-old-100,128,False,MCTS-old-100,-1,18,11.067522287368774
main_tournament_resume_2,Random__VS__MCTS-old-100__GAME__129,Random,MCTS-old-100,129,True,MCTS-old-100,1,7,3.752382755279541
main_tournament_resume_2,Random__VS__MCTS-old-100__GAME__130,Random,MCTS-old-100,130,False,MCTS-old-100,-1,32,29.067877531051636
main_tournament_resume_2,Random__VS__MCTS-old-100__GAME__131,Random,MCTS-old-100,131,True,MCTS-old-100,1,7,4.411863327026367
main_tournament_resume_2,Random__VS__MCTS-old-100__GAME__132,Random,MCTS-old-100,132,False,MCTS-old-100,-1,30,20.629953384399414
main_tournament_resume_2,Random__VS__MCTS-old-100__GAME__133,Random,MCTS-old-100,133,True,Random,-1,31,25.115285873413086
main_tournament_resume_2,Random__VS__MCTS-old-100__GAME__134,Random,MCTS-old-100,134,False,MCTS-old-100,-1,6,2.738518476486206
main_tournament_resume_2,Random__VS__MCTS-old-100__GAME__135,Random,MCTS-old-100,135,True,MCTS-old-100,1,11,6.14137864112854
main_tournament_resume_2,Random__VS__MCTS-old-100__GAME__136,Random,MCTS-old-100,136,False,Random,1,30,27.552448987960815
main_tournament_resume_2,Random__VS__MCTS-old-100__GAME__137,Random,MCTS-old-100,137,True,MCTS-old-100,1,7,3.552642583847046
main_tournament_resume_2,Random__VS__MCTS-old-100__GAME__138,Random,MCTS-old-100,138,False,MCTS-old-100,-1,6,2.2720088958740234
main_tournament_resume_2,Random__VS__MCTS-old-100__GAME__139,Random,MCTS-old-100,139,True,MCTS-old-100,1,17,12.707728862762451
main_tournament_resume_2,Random__VS__MCTS-old-100__GAME__140,Random,MCTS-old-100,140,False,draw,0,50,49.582886934280396
main_tournament_resume_2,Random__VS__MCTS-old-100__GAME__141,Random,MCTS-old-100,141,True,MCTS-old-100,1,9,5.51833701133728
main_tournament_resume_2,Random__VS__MCTS-old-100__GAME__142,Random,MCTS-old-100,142,False,MCTS-old-100,-1,12,5.9028613567352295
main_tournament_resume_2,Random__VS__MCTS-old-100__GAME__143,Random,MCTS-old-100,143,True,draw,0,50,49.94191098213196
main_tournament_resume_2,Random__VS__MCTS-old-100__GAME__144,Random,MCTS-old-100,144,False,MCTS-old-100,-1,20,11.922433376312256
main_tournament_resume_2,Random__VS__MCTS-old-100__GAME__145,Random,MCTS-old-100,145,True,MCTS-old-100,1,11,6.791111469268799
main_tournament_resume_2,Random__VS__MCTS-old-100__GAME__146,Random,MCTS-old-100,146,False,MCTS-old-100,-1,6,2.813190460205078
main_tournament_resume_2,Random__VS__MCTS-old-100__GAME__147,Random,MCTS-old-100,147,True,MCTS-old-100,1,9,5.266672134399414
main_tournament_resume_2,Random__VS__MCTS-old-100__GAME__148,Random,MCTS-old-100,148,False,MCTS-old-100,-1,32,29.68461775779724
main_tournament_resume_2,Random__VS__MCTS-old-100__GAME__149,Random,MCTS-old-100,149,True,MCTS-old-100,1,5,2.588160514831543
main_tournament_resume_2,Random__VS__MCTS-old-100__GAME__150,Random,MCTS-old-100,150,False,Random,1,26,15.97268009185791
main_tournament_resume_2,Random__VS__MCTS-old-100__GAME__151,Random,MCTS-old-100,151,True,MCTS-old-100,1,5,2.9200727939605713
main_tournament_resume_2,Random__VS__MCTS-old-100__GAME__152,Random,MCTS-old-100,152,False,MCTS-old-100,-1,8,3.5814390182495117
main_tournament_resume_2,Random__VS__MCTS-old-100__GAME__153,Random,MCTS-old-100,153,True,MCTS-old-100,1,9,4.638608455657959
main_tournament_resume_2,Random__VS__MCTS-old-100__GAME__154,Random,MCTS-old-100,154,False,MCTS-old-100,-1,8,3.8016111850738525
main_tournament_resume_2,Random__VS__MCTS-old-100__GAME__155,Random,MCTS-old-100,155,True,draw,0,50,36.28259634971619
main_tournament_resume_2,Random__VS__MCTS-old-100__GAME__156,Random,MCTS-old-100,156,False,MCTS-old-100,-1,10,6.485348463058472
main_tournament_resume_2,Random__VS__MCTS-old-100__GAME__157,Random,MCTS-old-100,157,True,Random,-1,7,4.563859939575195
main_tournament_resume_2,Random__VS__MCTS-old-100__GAME__158,Random,MCTS-old-100,158,False,MCTS-old-100,-1,8,4.39430832862854
main_tournament_resume_2,Random__VS__MCTS-old-100__GAME__159,Random,MCTS-old-100,159,True,MCTS-old-100,1,5,2.4273674488067627
main_tournament_resume_2,Random__VS__MCTS-old-100__GAME__160,Random,MCTS-old-100,160,False,MCTS-old-100,-1,34,27.755104064941406
main_tournament_resume_2,Random__VS__MCTS-old-100__GAME__161,Random,MCTS-old-100,161,True,MCTS-old-100,1,7,4.121595621109009
main_tournament_resume_2,Random__VS__MCTS-old-100__GAME__162,Random,MCTS-old-100,162,False,MCTS-old-100,-1,18,13.25357437133789
main_tournament_resume_2,Random__VS__MCTS-old-100__GAME__163,Random,MCTS-old-100,163,True,MCTS-old-100,1,7,3.8115603923797607
main_tournament_resume_2,Random__VS__MCTS-old-100__GAME__164,Random,MCTS-old-100,164,False,MCTS-old-100,-1,10,5.244041204452515
main_tournament_resume_2,Random__VS__MCTS-old-100__GAME__165,Random,MCTS-old-100,165,True,MCTS-old-100,1,11,6.921323776245117
main_tournament_resume_2,Random__VS__MCTS-old-100__GAME__166,Random,MCTS-old-100,166,False,Random,1,18,10.753563404083252
main_tournament_resume_2,Random__VS__MCTS-old-100__GAME__167,Random,MCTS-old-100,167,True,MCTS-old-100,1,11,6.8799662590026855
main_tournament_resume_2,Random__VS__MCTS-old-100__GAME__168,Random,MCTS-old-100,168,False,MCTS-old-100,-1,16,10.428717613220215
main_tournament_resume_2,Random__VS__MCTS-old-100__GAME__169,Random,MCTS-old-100,169,True,MCTS-old-100,1,7,3.832589864730835
main_tournament_resume_2,Random__VS__MCTS-old-100__GAME__170,Random,MCTS-old-100,170,False,MCTS-old-100,-1,16,8.973856449127197
main_tournament_resume_2,Random__VS__MCTS-old-100__GAME__171,Random,MCTS-old-100,171,True,MCTS-old-100,1,5,2.3364927768707275
main_tournament_resume_2,Random__VS__MCTS-old-100__GAME__172,Random,MCTS-old-100,172,False,MCTS-old-100,-1,12,7.069761753082275
main_tournament_resume_2,Random__VS__MCTS-old-100__GAME__173,Random,MCTS-old-100,173,True,MCTS-old-100,1,7,3.5627071857452393
main_tournament_resume_2,Random__VS__MCTS-old-100__GAME__174,Random,MCTS-old-100,174,False,MCTS-old-100,-1,8,4.05474853515625
main_tournament_resume_2,Random__VS__MCTS-old-100__GAME__175,Random,MCTS-old-100,175,True,MCTS-old-100,1,13,6.678445100784302
main_tournament_resume_2,Random__VS__MCTS-old-100__GAME__176,Random,MCTS-old-100,176,False,MCTS-old-100,-1,36,27.782843351364136
main_tournament_resume_2,Random__VS__MCTS-old-100__GAME__177,Random,MCTS-old-100,177,True,MCTS-old-100,1,5,2.5818281173706055
main_tournament_resume_2,Random__VS__MCTS-old-100__GAME__178,Random,MCTS-old-100,178,False,MCTS-old-100,-1,12,7.196259498596191
main_tournament_resume_2,Random__VS__MCTS-old-100__GAME__179,Random,MCTS-old-100,179,True,MCTS-old-100,1,11,7.778441429138184
main_tournament_resume_2,Random__VS__MCTS-old-100__GAME__180,Random,MCTS-old-100,180,False,MCTS-old-100,-1,10,5.225904703140259
main_tournament_resume_2,Random__VS__MCTS-old-100__GAME__181,Random,MCTS-old-100,181,True,MCTS-old-100,1,7,3.4576849937438965
main_tournament_resume_2,Random__VS__MCTS-old-100__GAME__182,Random,MCTS-old-100,182,False,Random,1,12,7.411806583404541
main_tournament_resume_2,Random__VS__MCTS-old-100__GAME__183,Random,MCTS-old-100,183,True,MCTS-old-100,1,9,5.998506546020508
main_tournament_resume_2,Random__VS__MCTS-old-100__GAME__184,Random,MCTS-old-100,184,False,MCTS-old-100,-1,26,20.397196531295776
main_tournament_resume_2,Random__VS__MCTS-old-100__GAME__185,Random,MCTS-old-100,185,True,MCTS-old-100,1,11,7.253169298171997
main_tournament_resume_2,Random__VS__MCTS-old-100__GAME__186,Random,MCTS-old-100,186,False,MCTS-old-100,-1,12,6.758768796920776
main_tournament_resume_2,Random__VS__MCTS-old-100__GAME__187,Random,MCTS-old-100,187,True,MCTS-old-100,1,5,2.5649912357330322
main_tournament_resume_2,Random__VS__MCTS-old-100__GAME__188,Random,MCTS-old-100,188,False,draw,0,50,40.265785217285156
main_tournament_resume_2,Random__VS__MCTS-old-100__GAME__189,Random,MCTS-old-100,189,True,MCTS-old-100,1,13,7.268964052200317
main_tournament_resume_2,Random__VS__MCTS-old-100__GAME__190,Random,MCTS-old-100,190,False,MCTS-old-100,-1,22,14.722595930099487
main_tournament_resume_2,Random__VS__MCTS-old-100__GAME__191,Random,MCTS-old-100,191,True,MCTS-old-100,1,35,22.853583097457886
main_tournament_resume_2,Random__VS__MCTS-old-100__GAME__192,Random,MCTS-old-100,192,False,MCTS-old-100,-1,12,6.941936731338501
main_tournament_resume_2,Random__VS__MCTS-old-100__GAME__193,Random,MCTS-old-100,193,True,MCTS-old-100,1,7,4.054067373275757
main_tournament_resume_2,Random__VS__MCTS-old-100__GAME__194,Random,MCTS-old-100,194,False,MCTS-old-100,-1,6,2.5616328716278076
main_tournament_resume_2,Random__VS__MCTS-old-100__GAME__195,Random,MCTS-old-100,195,True,MCTS-old-100,1,17,10.142562627792358
main_tournament_resume_2,Random__VS__MCTS-old-100__GAME__196,Random,MCTS-old-100,196,False,MCTS-old-100,-1,6,2.4095046520233154
main_tournament_resume_2,Random__VS__MCTS-old-100__GAME__197,Random,MCTS-old-100,197,True,MCTS-old-100,1,13,8.2874276638031
main_tournament_resume_2,Random__VS__MCTS-old-100__GAME__198,Random,MCTS-old-100,198,False,Random,1,42,34.34085464477539
main_tournament_resume_2,Random__VS__MCTS-old-100__GAME__199,Random,MCTS-old-100,199,True,MCTS-old-100,1,7,4.435395002365112
main_tournament_resume_2,Random__VS__MCTS-new-100__GAME__0,Random,MCTS-new-100,0,False,draw,0,50,51.33262825012207
main_tournament_resume_2,Random__VS__MCTS-new-100__GAME__1,Random,MCTS-new-100,1,True,MCTS-new-100,1,15,10.859647274017334
main_tournament_resume_2,Random__VS__MCTS-new-100__GAME__2,Random,MCTS-new-100,2,False,Random,1,10,6.441827297210693
main_tournament_resume_2,Random__VS__MCTS-new-100__GAME__3,Random,MCTS-new-100,3,True,MCTS-new-100,1,7,4.046295881271362
main_tournament_resume_2,Random__VS__MCTS-new-100__GAME__4,Random,MCTS-new-100,4,False,MCTS-new-100,-1,22,20.68655753135681
main_tournament_resume_2,Random__VS__MCTS-new-100__GAME__5,Random,MCTS-new-100,5,True,MCTS-new-100,1,9,6.201513290405273
main_tournament_resume_2,Random__VS__MCTS-new-100__GAME__6,Random,MCTS-new-100,6,False,MCTS-new-100,-1,16,11.147894620895386
main_tournament_resume_2,Random__VS__MCTS-new-100__GAME__7,Random,MCTS-new-100,7,True,MCTS-new-100,1,17,13.277569055557251
main_tournament_resume_2,Random__VS__MCTS-new-100__GAME__8,Random,MCTS-new-100,8,False,Random,1,12,9.083723783493042
main_tournament_resume_2,Random__VS__MCTS-new-100__GAME__9,Random,MCTS-new-100,9,True,MCTS-new-100,1,13,10.416213035583496
main_tournament_resume_2,Random__VS__MCTS-new-100__GAME__10,Random,MCTS-new-100,10,False,MCTS-new-100,-1,6,2.70902943611145
main_tournament_resume_2,Random__VS__MCTS-new-100__GAME__11,Random,MCTS-new-100,11,True,MCTS-new-100,1,7,4.903000831604004
main_tournament_resume_2,Random__VS__MCTS-new-100__GAME__12,Random,MCTS-new-100,12,False,MCTS-new-100,-1,6,3.140552282333374
main_tournament_resume_2,Random__VS__MCTS-new-100__GAME__13,Random,MCTS-new-100,13,True,MCTS-new-100,1,9,5.808828592300415
main_tournament_resume_2,Random__VS__MCTS-new-100__GAME__14,Random,MCTS-new-100,14,False,MCTS-new-100,-1,42,42.09105443954468
main_tournament_resume_2,Random__VS__MCTS-new-100__GAME__15,Random,MCTS-new-100,15,True,MCTS-new-100,1,19,15.151455402374268
main_tournament_resume_2,Random__VS__MCTS-new-100__GAME__16,Random,MCTS-new-100,16,False,MCTS-new-100,-1,8,3.487213134765625
main_tournament_resume_2,Random__VS__MCTS-new-100__GAME__17,Random,MCTS-new-100,17,True,MCTS-new-100,1,4,2.9354734420776367
main_tournament_resume_2,Random__VS__MCTS-new-100__GAME__18,Random,MCTS-new-100,18,False,MCTS-new-100,-1,6,2.4163758754730225
main_tournament_resume_2,Random__VS__MCTS-new-100__GAME__19,Random,MCTS-new-100,19,True,MCTS-new-100,1,31,36.536134243011475
main_tournament_resume_2,Random__VS__MCTS-new-100__GAME__20,Random,MCTS-new-100,20,False,MCTS-new-100,-1,6,2.719221353530884
main_tournament_resume_2,Random__VS__MCTS-new-100__GAME__21,Random,MCTS-new-100,21,True,MCTS-new-100,1,5,2.4278693199157715
main_tournament_resume_2,Random__VS__MCTS-new-100__GAME__22,Random,MCTS-new-100,22,False,MCTS-new-100,-1,8,4.647454500198364
main_tournament_resume_2,Random__VS__MCTS-new-100__GAME__23,Random,MCTS-new-100,23,True,draw,0,50,59.93927574157715
main_tournament_resume_2,Random__VS__MCTS-new-100__GAME__24,Random,MCTS-new-100,24,False,MCTS-new-100,-1,6,2.786802291870117
main_tournament_resume_2,Random__VS__MCTS-new-100__GAME__25,Random,MCTS-new-100,25,True,MCTS-new-100,1,7,3.8987467288970947
main_tournament_resume_2,Random__VS__MCTS-new-100__GAME__26,Random,MCTS-new-100,26,False,MCTS-new-100,-1,6,3.1548969745635986
main_tournament_resume_2,Random__VS__MCTS-new-100__GAME__27,Random,MCTS-new-100,27,True,MCTS-new-100,1,13,7.925749063491821
main_tournament_resume_2,Random__VS__MCTS-new-100__GAME__28,Random,MCTS-new-100,28,False,MCTS-new-100,-1,18,14.474381923675537
main_tournament_resume_2,Random__VS__MCTS-new-100__GAME__29,Random,MCTS-new-100,29,True,MCTS-new-100,1,9,4.422513008117676
main_tournament_resume_2,Random__VS__MCTS-new-100__GAME__30,Random,MCTS-new-100,30,False,MCTS-new-100,-1,24,17.13543152809143
main_tournament_resume_2,Random__VS__MCTS-new-100__GAME__31,Random,MCTS-new-100,31,True,MCTS-new-100,1,23,18.169389486312866
main_tournament_resume_2,Random__VS__MCTS-new-100__GAME__32,Random,MCTS-new-100,32,False,Random,1,8,4.4042253494262695
main_tournament_resume_2,Random__VS__MCTS-new-100__GAME__33,Random,MCTS-new-100,33,True,MCTS-new-100,1,23,16.119401216506958
main_tournament_resume_2,Random__VS__MCTS-new-100__GAME__34,Random,MCTS-new-100,34,False,MCTS-new-100,-1,16,11.1075918674469
main_tournament_resume_2,Random__VS__MCTS-new-100__GAME__35,Random,MCTS-new-100,35,True,MCTS-new-100,1,6,4.457655906677246
main_tournament_resume_2,Random__VS__MCTS-new-100__GAME__36,Random,MCTS-new-100,36,False,MCTS-new-100,-1,14,8.62016773223877
main_tournament_resume_2,Random__VS__MCTS-new-100__GAME__37,Random,MCTS-new-100,37,True,MCTS-new-100,1,9,6.589023113250732
main_tournament_resume_2,Random__VS__MCTS-new-100__GAME__38,Random,MCTS-new-100,38,False,MCTS-new-100,-1,36,40.316837310791016
main_tournament_resume_2,Random__VS__MCTS-new-100__GAME__39,Random,MCTS-new-100,39,True,MCTS-new-100,1,7,4.913958549499512
main_tournament_resume_2,Random__VS__MCTS-new-100__GAME__40,Random,MCTS-new-100,40,False,MCTS-new-100,-1,12,6.731168746948242
main_tournament_resume_2,Random__VS__MCTS-new-100__GAME__41,Random,MCTS-new-100,41,True,MCTS-new-100,1,29,26.94663166999817
main_tournament_resume_2,Random__VS__MCTS-new-100__GAME__42,Random,MCTS-new-100,42,False,MCTS-new-100,-1,6,3.350857734680176
main_tournament_resume_2,Random__VS__MCTS-new-100__GAME__43,Random,MCTS-new-100,43,True,MCTS-new-100,1,35,34.67823910713196
main_tournament_resume_2,Random__VS__MCTS-new-100__GAME__44,Random,MCTS-new-100,44,False,MCTS-new-100,-1,12,7.14919376373291
main_tournament_resume_2,Random__VS__MCTS-new-100__GAME__45,Random,MCTS-new-100,45,True,Random,-1,9,7.669151782989502
main_tournament_resume_2,Random__VS__MCTS-new-100__GAME__46,Random,MCTS-new-100,46,False,MCTS-new-100,-1,24,18.735225439071655
main_tournament_resume_2,Random__VS__MCTS-new-100__GAME__47,Random,MCTS-new-100,47,True,MCTS-new-100,1,11,7.955297231674194
main_tournament_resume_2,Random__VS__MCTS-new-100__GAME__48,Random,MCTS-new-100,48,False,draw,0,50,65.07924890518188
main_tournament_resume_2,Random__VS__MCTS-new-100__GAME__49,Random,MCTS-new-100,49,True,MCTS-new-100,1,5,3.0590624809265137
main_tournament_resume_2,Random__VS__MCTS-new-100__GAME__50,Random,MCTS-new-100,50,False,MCTS-new-100,-1,14,7.88309645652771
main_tournament_resume_2,Random__VS__MCTS-new-100__GAME__51,Random,MCTS-new-100,51,True,MCTS-new-100,1,15,11.068811893463135
main_tournament_resume_2,Random__VS__MCTS-new-100__GAME__52,Random,MCTS-new-100,52,False,MCTS-new-100,-1,14,9.789011716842651
main_tournament_resume_2,Random__VS__MCTS-new-100__GAME__53,Random,MCTS-new-100,53,True,MCTS-new-100,1,35,41.091084241867065
main_tournament_resume_2,Random__VS__MCTS-new-100__GAME__54,Random,MCTS-new-100,54,False,MCTS-new-100,-1,24,19.636343479156494
main_tournament_resume_2,Random__VS__MCTS-new-100__GAME__55,Random,MCTS-new-100,55,True,MCTS-new-100,1,13,8.642405271530151
main_tournament_resume_2,Random__VS__MCTS-new-100__GAME__56,Random,MCTS-new-100,56,False,MCTS-new-100,-1,22,20.105626583099365
main_tournament_resume_2,Random__VS__MCTS-new-100__GAME__57,Random,MCTS-new-100,57,True,MCTS-new-100,1,9,5.525404453277588
main_tournament_resume_2,Random__VS__MCTS-new-100__GAME__58,Random,MCTS-new-100,58,False,MCTS-new-100,-1,4,1.592339038848877
main_tournament_resume_2,Random__VS__MCTS-new-100__GAME__59,Random,MCTS-new-100,59,True,MCTS-new-100,1,9,4.794692754745483
main_tournament_resume_2,Random__VS__MCTS-new-100__GAME__60,Random,MCTS-new-100,60,False,MCTS-new-100,-1,8,4.78235936164856
main_tournament_resume_2,Random__VS__MCTS-new-100__GAME__61,Random,MCTS-new-100,61,True,MCTS-new-100,1,7,3.497572660446167
main_tournament_resume_2,Random__VS__MCTS-new-100__GAME__62,Random,MCTS-new-100,62,False,MCTS-new-100,-1,10,5.7314934730529785
main_tournament_resume_2,Random__VS__MCTS-new-100__GAME__63,Random,MCTS-new-100,63,True,MCTS-new-100,1,15,11.52346658706665
main_tournament_resume_2,Random__VS__MCTS-new-100__GAME__64,Random,MCTS-new-100,64,False,MCTS-new-100,-1,20,15.356693029403687
main_tournament_resume_2,Random__VS__MCTS-new-100__GAME__65,Random,MCTS-new-100,65,True,MCTS-new-100,1,7,4.227950572967529
main_tournament_resume_2,Random__VS__MCTS-new-100__GAME__66,Random,MCTS-new-100,66,False,MCTS-new-100,-1,12,8.015881299972534
main_tournament_resume_2,Random__VS__MCTS-new-100__GAME__67,Random,MCTS-new-100,67,True,MCTS-new-100,1,5,2.5773797035217285
main_tournament_resume_2,Random__VS__MCTS-new-100__GAME__68,Random,MCTS-new-100,68,False,MCTS-new-100,-1,10,4.52538275718689
main_tournament_resume_2,Random__VS__MCTS-new-100__GAME__69,Random,MCTS-new-100,69,True,MCTS-new-100,1,31,33.33879542350769
main_tournament_resume_2,Random__VS__MCTS-new-100__GAME__70,Random,MCTS-new-100,70,False,MCTS-new-100,-1,10,5.662054538726807
main_tournament_resume_2,Random__VS__MCTS-new-100__GAME__71,Random,MCTS-new-100,71,True,MCTS-new-100,1,5,2.5276122093200684
main_tournament_resume_2,Random__VS__MCTS-new-100__GAME__72,Random,MCTS-new-100,72,False,MCTS-new-100,-1,10,6.001489639282227
main_tournament_resume_2,Random__VS__MCTS-new-100__GAME__73,Random,MCTS-new-100,73,True,MCTS-new-100,1,5,3.163741111755371
main_tournament_resume_2,Random__VS__MCTS-new-100__GAME__74,Random,MCTS-new-100,74,False,MCTS-new-100,-1,10,6.582182168960571
main_tournament_resume_2,Random__VS__MCTS-new-100__GAME__75,Random,MCTS-new-100,75,True,MCTS-new-100,1,7,3.648411989212036
main_tournament_resume_2,Random__VS__MCTS-new-100__GAME__76,Random,MCTS-new-100,76,False,MCTS-new-100,-1,14,9.104285717010498
main_tournament_resume_2,Random__VS__MCTS-new-100__GAME__77,Random,MCTS-new-100,77,True,MCTS-new-100,1,9,7.8625006675720215
main_tournament_resume_2,Random__VS__MCTS-new-100__GAME__78,Random,MCTS-new-100,78,False,MCTS-new-100,-1,36,36.72955560684204
main_tournament_resume_2,Random__VS__MCTS-new-100__GAME__79,Random,MCTS-new-100,79,True,MCTS-new-100,1,7,3.550673007965088
main_tournament_resume_2,Random__VS__MCTS-new-100__GAME__80,Random,MCTS-new-100,80,False,MCTS-new-100,-1,8,4.120783567428589
main_tournament_resume_2,Random__VS__MCTS-new-100__GAME__81,Random,MCTS-new-100,81,True,MCTS-new-100,1,13,9.533219575881958
main_tournament_resume_2,Random__VS__MCTS-new-100__GAME__82,Random,MCTS-new-100,82,False,MCTS-new-100,-1,18,14.02617859840393
main_tournament_resume_2,Random__VS__MCTS-new-100__GAME__83,Random,MCTS-new-100,83,True,MCTS-new-100,1,17,14.346751928329468
main_tournament_resume_2,Random__VS__MCTS-new-100__GAME__84,Random,MCTS-new-100,84,False,MCTS-new-100,-1,14,8.646764755249023
main_tournament_resume_2,Random__VS__MCTS-new-100__GAME__85,Random,MCTS-new-100,85,True,MCTS-new-100,1,41,35.12593150138855
main_tournament_resume_2,Random__VS__MCTS-new-100__GAME__86,Random,MCTS-new-100,86,False,MCTS-new-100,-1,31,27.642740488052368
main_tournament_resume_2,Random__VS__MCTS-new-100__GAME__87,Random,MCTS-new-100,87,True,MCTS-new-100,1,7,4.687238931655884
main_tournament_resume_2,Random__VS__MCTS-new-100__GAME__88,Random,MCTS-new-100,88,False,MCTS-new-100,-1,16,12.45299506187439
main_tournament_resume_2,Random__VS__MCTS-new-100__GAME__89,Random,MCTS-new-100,89,True,MCTS-new-100,1,11,7.266014575958252
main_tournament_resume_2,Random__VS__MCTS-new-100__GAME__90,Random,MCTS-new-100,90,False,MCTS-new-100,-1,10,5.488364219665527
main_tournament_resume_2,Random__VS__MCTS-new-100__GAME__91,Random,MCTS-new-100,91,True,MCTS-new-100,1,9,5.91806173324585
main_tournament_resume_2,Random__VS__MCTS-new-100__GAME__92,Random,MCTS-new-100,92,False,MCTS-new-100,-1,6,2.4604809284210205
main_tournament_resume_2,Random__VS__MCTS-new-100__GAME__93,Random,MCTS-new-100,93,True,MCTS-new-100,1,14,11.970947742462158
main_tournament_resume_2,Random__VS__MCTS-new-100__GAME__94,Random,MCTS-new-100,94,False,MCTS-new-100,-1,6,2.6710410118103027
main_tournament_resume_2,Random__VS__MCTS-new-100__GAME__95,Random,MCTS-new-100,95,True,MCTS-new-100,1,11,7.44933295249939
main_tournament_resume_2,Random__VS__MCTS-new-100__GAME__96,Random,MCTS-new-100,96,False,MCTS-new-100,-1,10,4.864770174026489
main_tournament_resume_2,Random__VS__MCTS-new-100__GAME__97,Random,MCTS-new-100,97,True,MCTS-new-100,1,11,8.226329803466797
main_tournament_resume_2,Random__VS__MCTS-new-100__GAME__98,Random,MCTS-new-100,98,False,MCTS-new-100,-1,26,18.618072509765625
main_tournament_resume_2,Random__VS__MCTS-new-100__GAME__99,Random,MCTS-new-100,99,True,MCTS-new-100,1,11,8.236771821975708
main_tournament_resume_2,Random__VS__MCTS-new-100__GAME__100,Random,MCTS-new-100,100,False,MCTS-new-100,-1,18,15.694944620132446
main_tournament_resume_2,Random__VS__MCTS-new-100__GAME__101,Random,MCTS-new-100,101,True,MCTS-new-100,1,41,39.96295642852783
main_tournament_resume_2,Random__VS__MCTS-new-100__GAME__102,Random,MCTS-new-100,102,False,draw,0,50,47.55534648895264
main_tournament_resume_2,Random__VS__MCTS-new-100__GAME__103,Random,MCTS-new-100,103,True,MCTS-new-100,1,5,2.559880495071411
main_tournament_resume_2,Random__VS__MCTS-new-100__GAME__104,Random,MCTS-new-100,104,False,MCTS-new-100,-1,6,2.2137837409973145
main_tournament_resume_2,Random__VS__MCTS-new-100__GAME__105,Random,MCTS-new-100,105,True,Random,-1,5,4.355687141418457
main_tournament_resume_2,Random__VS__MCTS-new-100__GAME__106,Random,MCTS-new-100,106,False,draw,0,50,63.26108145713806
main_tournament_resume_2,Random__VS__MCTS-new-100__GAME__107,Random,MCTS-new-100,107,True,MCTS-new-100,1,13,9.744384527206421
main_tournament_resume_2,Random__VS__MCTS-new-100__GAME__108,Random,MCTS-new-100,108,False,MCTS-new-100,-1,10,5.3511962890625
main_tournament_resume_2,Random__VS__MCTS-new-100__GAME__109,Random,MCTS-new-100,109,True,MCTS-new-100,1,7,4.093676805496216
main_tournament_resume_2,Random__VS__MCTS-new-100__GAME__110,Random,MCTS-new-100,110,False,MCTS-new-100,-1,38,36.035194873809814
main_tournament_resume_2,Random__VS__MCTS-new-100__GAME__111,Random,MCTS-new-100,111,True,MCTS-new-100,1,7,4.4628987312316895
main_tournament_resume_2,Random__VS__MCTS-new-100__GAME__112,Random,MCTS-new-100,112,False,MCTS-new-100,-1,14,9.631654977798462
main_tournament_resume_2,Random__VS__MCTS-new-100__GAME__113,Random,MCTS-new-100,113,True,MCTS-new-100,1,7,5.004456043243408
main_tournament_resume_2,Random__VS__MCTS-new-100__GAME__114,Random,MCTS-new-100,114,False,Random,1,8,4.676454305648804
main_tournament_resume_2,Random__VS__MCTS-new-100__GAME__115,Random,MCTS-new-100,115,True,MCTS-new-100,1,5,2.508294105529785
main_tournament_resume_2,Random__VS__MCTS-new-100__GAME__116,Random,MCTS-new-100,116,False,MCTS-new-100,-1,8,3.5491511821746826
main_tournament_resume_2,Random__VS__MCTS-new-100__GAME__117,Random,MCTS-new-100,117,True,Random,-1,15,10.419715642929077
main_tournament_resume_2,Random__VS__MCTS-new-100__GAME__118,Random,MCTS-new-100,118,False,draw,0,50,43.56784129142761
main_tournament_resume_2,Random__VS__MCTS-new-100__GAME__119,Random,MCTS-new-100,119,True,MCTS-new-100,1,11,7.550116777420044
main_tournament_resume_2,Random__VS__MCTS-new-100__GAME__120,Random,MCTS-new-100,120,False,MCTS-new-100,-1,12,7.205798625946045
main_tournament_resume_2,Random__VS__MCTS-new-100__GAME__121,Random,MCTS-new-100,121,True,draw,0,50,44.89631223678589
main_tournament_resume_2,Random__VS__MCTS-new-100__GAME__122,Random,MCTS-new-100,122,False,MCTS-new-100,-1,22,16.765766143798828
main_tournament_resume_2,Random__VS__MCTS-new-100__GAME__123,Random,MCTS-new-100,123,True,Random,-1,11,8.628302335739136
main_tournament_resume_2,Random__VS__MCTS-new-100__GAME__124,Random,MCTS-new-100,124,False,Random,1,28,32.51710820198059
main_tournament_resume_2,Random__VS__MCTS-new-100__GAME__125,Random,MCTS-new-100,125,True,MCTS-new-100,1,5,2.3605997562408447
main_tournament_resume_2,Random__VS__MCTS-new-100__GAME__126,Random,MCTS-new-100,126,False,MCTS-new-100,-1,24,22.903417348861694
main_tournament_resume_2,Random__VS__MCTS-new-100__GAME__127,Random,MCTS-new-100,127,True,MCTS-new-100,1,17,14.127949237823486
main_tournament_resume_2,Random__VS__MCTS-new-100__GAME__128,Random,MCTS-new-100,128,False,MCTS-new-100,-1,22,13.554579496383667
main_tournament_resume_2,Random__VS__MCTS-new-100__GAME__129,Random,MCTS-new-100,129,True,MCTS-new-100,1,23,22.515767335891724
main_tournament_resume_2,Random__VS__MCTS-new-100__GAME__130,Random,MCTS-new-100,130,False,MCTS-new-100,-1,22,16.321649074554443
main_tournament_resume_2,Random__VS__MCTS-new-100__GAME__131,Random,MCTS-new-100,131,True,MCTS-new-100,1,5,2.5630080699920654
main_tournament_resume_2,Random__VS__MCTS-new-100__GAME__132,Random,MCTS-new-100,132,False,MCTS-new-100,-1,14,7.629731893539429
main_tournament_resume_2,Random__VS__MCTS-new-100__GAME__133,Random,MCTS-new-100,133,True,Random,-1,21,16.75484347343445
main_tournament_resume_2,Random__VS__MCTS-new-100__GAME__134,Random,MCTS-new-100,134,False,Random,1,16,15.940808773040771
main_tournament_resume_2,Random__VS__MCTS-new-100__GAME__135,Random,MCTS-new-100,135,True,MCTS-new-100,1,49,49.28997850418091
main_tournament_resume_2,Random__VS__MCTS-new-100__GAME__136,Random,MCTS-new-100,136,False,MCTS-new-100,-1,10,6.813553094863892
main_tournament_resume_2,Random__VS__MCTS-new-100__GAME__137,Random,MCTS-new-100,137,True,MCTS-new-100,1,7,3.8566222190856934
main_tournament_resume_2,Random__VS__MCTS-new-100__GAME__138,Random,MCTS-new-100,138,False,draw,0,50,50.46673917770386
main_tournament_resume_2,Random__VS__MCTS-new-100__GAME__139,Random,MCTS-new-100,139,True,MCTS-new-100,1,9,4.9164135456085205
main_tournament_resume_2,Random__VS__MCTS-new-100__GAME__140,Random,MCTS-new-100,140,False,MCTS-new-100,-1,10,5.0597779750823975
main_tournament_resume_2,Random__VS__MCTS-new-100__GAME__141,Random,MCTS-new-100,141,True,MCTS-new-100,1,11,5.973214626312256
main_tournament_resume_2,Random__VS__MCTS-new-100__GAME__142,Random,MCTS-new-100,142,False,MCTS-new-100,-1,24,20.840892553329468
main_tournament_resume_2,Random__VS__MCTS-new-100__GAME__143,Random,MCTS-new-100,143,True,MCTS-new-100,1,27,23.282260179519653
main_tournament_resume_2,Random__VS__MCTS-new-100__GAME__144,Random,MCTS-new-100,144,False,MCTS-new-100,-1,16,12.169847249984741
main_tournament_resume_2,Random__VS__MCTS-new-100__GAME__145,Random,MCTS-new-100,145,True,MCTS-new-100,1,25,21.803728580474854
main_tournament_resume_2,Random__VS__MCTS-new-100__GAME__146,Random,MCTS-new-100,146,False,MCTS-new-100,-1,34,24.67441749572754
main_tournament_resume_2,Random__VS__MCTS-new-100__GAME__147,Random,MCTS-new-100,147,True,MCTS-new-100,1,23,18.76571559906006
main_tournament_resume_2,Random__VS__MCTS-new-100__GAME__148,Random,MCTS-new-100,148,False,MCTS-new-100,-1,4,1.4111638069152832
main_tournament_resume_2,Random__VS__MCTS-new-100__GAME__149,Random,MCTS-new-100,149,True,MCTS-new-100,1,9,6.144942760467529
main_tournament_resume_2,Random__VS__MCTS-new-100__GAME__150,Random,MCTS-new-100,150,False,MCTS-new-100,-1,36,37.70763564109802
main_tournament_resume_2,Random__VS__MCTS-new-100__GAME__151,Random,MCTS-new-100,151,True,MCTS-new-100,1,11,8.292454242706299
main_tournament_resume_2,Random__VS__MCTS-new-100__GAME__152,Random,MCTS-new-100,152,False,MCTS-new-100,-1,12,7.595189809799194
main_tournament_resume_2,Random__VS__MCTS-new-100__GAME__153,Random,MCTS-new-100,153,True,MCTS-new-100,1,17,15.688506364822388
main_tournament_resume_2,Random__VS__MCTS-new-100__GAME__154,Random,MCTS-new-100,154,False,MCTS-new-100,-1,6,2.687851667404175
main_tournament_resume_2,Random__VS__MCTS-new-100__GAME__155,Random,MCTS-new-100,155,True,MCTS-new-100,1,11,6.238880395889282
main_tournament_resume_2,Random__VS__MCTS-new-100__GAME__156,Random,MCTS-new-100,156,False,Random,1,14,10.571025848388672
main_tournament_resume_2,Random__VS__MCTS-new-100__GAME__157,Random,MCTS-new-100,157,True,MCTS-new-100,1,23,24.450398206710815
main_tournament_resume_2,Random__VS__MCTS-new-100__GAME__158,Random,MCTS-new-100,158,False,Random,1,6,4.418788194656372
main_tournament_resume_2,Random__VS__MCTS-new-100__GAME__159,Random,MCTS-new-100,159,True,MCTS-new-100,1,15,11.681459903717041
main_tournament_resume_2,Random__VS__MCTS-new-100__GAME__160,Random,MCTS-new-100,160,False,MCTS-new-100,-1,18,15.891772747039795
main_tournament_resume_2,Random__VS__MCTS-new-100__GAME__161,Random,MCTS-new-100,161,True,MCTS-new-100,1,5,2.5177078247070312
main_tournament_resume_2,Random__VS__MCTS-new-100__GAME__162,Random,MCTS-new-100,162,False,MCTS-new-100,-1,12,7.309609413146973
main_tournament_resume_2,Random__VS__MCTS-new-100__GAME__163,Random,MCTS-new-100,163,True,MCTS-new-100,1,39,42.03438210487366
main_tournament_resume_2,Random__VS__MCTS-new-100__GAME__164,Random,MCTS-new-100,164,False,MCTS-new-100,-1,6,2.486640691757202
main_tournament_resume_2,Random__VS__MCTS-new-100__GAME__165,Random,MCTS-new-100,165,True,MCTS-new-100,1,19,15.39826774597168
main_tournament_resume_2,Random__VS__MCTS-new-100__GAME__166,Random,MCTS-new-100,166,False,Random,1,16,17.254592657089233
main_tournament_resume_2,Random__VS__MCTS-new-100__GAME__167,Random,MCTS-new-100,167,True,MCTS-new-100,1,27,24.482463598251343
main_tournament_resume_2,Random__VS__MCTS-new-100__GAME__168,Random,MCTS-new-100,168,False,MCTS-new-100,-1,24,23.19052243232727
main_tournament_resume_2,Random__VS__MCTS-new-100__GAME__169,Random,MCTS-new-100,169,True,draw,0,50,53.18216681480408
main_tournament_resume_2,Random__VS__MCTS-new-100__GAME__170,Random,MCTS-new-100,170,False,MCTS-new-100,-1,4,1.3795783519744873
main_tournament_resume_2,Random__VS__MCTS-new-100__GAME__171,Random,MCTS-new-100,171,True,MCTS-new-100,1,7,4.666463613510132
main_tournament_resume_2,Random__VS__MCTS-new-100__GAME__172,Random,MCTS-new-100,172,False,MCTS-new-100,-1,12,7.616539716720581
main_tournament_resume_2,Random__VS__MCTS-new-100__GAME__173,Random,MCTS-new-100,173,True,MCTS-new-100,1,5,2.578691005706787
main_tournament_resume_2,Random__VS__MCTS-new-100__GAME__174,Random,MCTS-new-100,174,False,MCTS-new-100,-1,14,7.118163585662842
main_tournament_resume_2,Random__VS__MCTS-new-100__GAME__175,Random,MCTS-new-100,175,True,MCTS-new-100,1,7,3.9417645931243896
main_tournament_resume_2,Random__VS__MCTS-new-100__GAME__176,Random,MCTS-new-100,176,False,draw,0,50,45.49170970916748
main_tournament_resume_2,Random__VS__MCTS-new-100__GAME__177,Random,MCTS-new-100,177,True,MCTS-new-100,1,7,4.031747817993164
main_tournament_resume_2,Random__VS__MCTS-new-100__GAME__178,Random,MCTS-new-100,178,False,MCTS-new-100,-1,38,25.430999994277954
main_tournament_resume_2,Random__VS__MCTS-new-100__GAME__179,Random,MCTS-new-100,179,True,MCTS-new-100,1,9,5.774091720581055
main_tournament_resume_2,Random__VS__MCTS-new-100__GAME__180,Random,MCTS-new-100,180,False,MCTS-new-100,-1,22,18.410320043563843
main_tournament_resume_2,Random__VS__MCTS-new-100__GAME__181,Random,MCTS-new-100,181,True,Random,-1,7,4.462258338928223
main_tournament_resume_2,Random__VS__MCTS-new-100__GAME__182,Random,MCTS-new-100,182,False,draw,0,50,35.52175831794739
main_tournament_resume_2,Random__VS__MCTS-new-100__GAME__183,Random,MCTS-new-100,183,True,MCTS-new-100,1,7,3.638113021850586
main_tournament_resume_2,Random__VS__MCTS-new-100__GAME__184,Random,MCTS-new-100,184,False,MCTS-new-100,-1,12,9.117987871170044
main_tournament_resume_2,Random__VS__MCTS-new-100__GAME__185,Random,MCTS-new-100,185,True,MCTS-new-100,1,7,4.99730372428894
main_tournament_resume_2,Random__VS__MCTS-new-100__GAME__186,Random,MCTS-new-100,186,False,MCTS-new-100,-1,6,2.2801780700683594
main_tournament_resume_2,Random__VS__MCTS-new-100__GAME__187,Random,MCTS-new-100,187,True,draw,0,50,56.829723834991455
main_tournament_resume_2,Random__VS__MCTS-new-100__GAME__188,Random,MCTS-new-100,188,False,Random,1,10,7.138237237930298
main_tournament_resume_2,Random__VS__MCTS-new-100__GAME__189,Random,MCTS-new-100,189,True,MCTS-new-100,1,17,12.620057106018066
main_tournament_resume_2,Random__VS__MCTS-new-100__GAME__190,Random,MCTS-new-100,190,False,MCTS-new-100,-1,14,8.57116413116455
main_tournament_resume_2,Random__VS__MCTS-new-100__GAME__191,Random,MCTS-new-100,191,True,draw,0,50,58.847153425216675
main_tournament_resume_2,Random__VS__MCTS-new-100__GAME__192,Random,MCTS-new-100,192,False,MCTS-new-100,-1,8,4.443224906921387
main_tournament_resume_2,Random__VS__MCTS-new-100__GAME__193,Random,MCTS-new-100,193,True,MCTS-new-100,1,27,23.80515432357788
main_tournament_resume_2,Random__VS__MCTS-new-100__GAME__194,Random,MCTS-new-100,194,False,MCTS-new-100,-1,8,3.4916534423828125
main_tournament_resume_2,Random__VS__MCTS-new-100__GAME__195,Random,MCTS-new-100,195,True,MCTS-new-100,1,29,24.84482479095459
main_tournament_resume_2,Random__VS__MCTS-new-100__GAME__196,Random,MCTS-new-100,196,False,draw,0,50,48.9780809879303
main_tournament_resume_2,Random__VS__MCTS-new-100__GAME__197,Random,MCTS-new-100,197,True,MCTS-new-100,1,9,6.929903268814087
main_tournament_resume_2,Random__VS__MCTS-new-100__GAME__198,Random,MCTS-new-100,198,False,MCTS-new-100,-1,12,7.288917303085327
main_tournament_resume_2,Random__VS__MCTS-new-100__GAME__199,Random,MCTS-new-100,199,True,MCTS-new-100,1,5,2.7174761295318604
main_tournament_resume_2,Heuristic__VS__AlphaBeta-new-d3__GAME__0,Heuristic,AlphaBeta-new-d3,0,False,Heuristic,1,7,3.741668224334717
main_tournament_resume_2,Heuristic__VS__AlphaBeta-new-d3__GAME__1,Heuristic,AlphaBeta-new-d3,1,True,Heuristic,-1,8,5.649125099182129
main_tournament_resume_2,Heuristic__VS__AlphaBeta-new-d3__GAME__2,Heuristic,AlphaBeta-new-d3,2,False,Heuristic,1,7,5.139571189880371
main_tournament_resume_2,Heuristic__VS__AlphaBeta-new-d3__GAME__3,Heuristic,AlphaBeta-new-d3,3,True,Heuristic,-1,19,20.812141180038452
main_tournament_resume_2,Heuristic__VS__AlphaBeta-new-d3__GAME__4,Heuristic,AlphaBeta-new-d3,4,False,Heuristic,1,7,4.693334579467773
main_tournament_resume_2,Heuristic__VS__AlphaBeta-new-d3__GAME__5,Heuristic,AlphaBeta-new-d3,5,True,Heuristic,-1,10,9.412999629974365
main_tournament_resume_2,Heuristic__VS__AlphaBeta-new-d3__GAME__6,Heuristic,AlphaBeta-new-d3,6,False,Heuristic,1,7,4.792930603027344
main_tournament_resume_2,Heuristic__VS__AlphaBeta-new-d3__GAME__7,Heuristic,AlphaBeta-new-d3,7,True,Heuristic,-1,10,7.8149189949035645
main_tournament_resume_2,Heuristic__VS__AlphaBeta-new-d3__GAME__8,Heuristic,AlphaBeta-new-d3,8,False,Heuristic,1,7,4.2440266609191895
main_tournament_resume_2,Heuristic__VS__AlphaBeta-new-d3__GAME__9,Heuristic,AlphaBeta-new-d3,9,True,Heuristic,-1,14,10.726804971694946
main_tournament_resume_2,Heuristic__VS__AlphaBeta-new-d3__GAME__10,Heuristic,AlphaBeta-new-d3,10,False,AlphaBeta-new-d3,-1,8,5.248000860214233
main_tournament_resume_2,Heuristic__VS__AlphaBeta-new-d3__GAME__11,Heuristic,AlphaBeta-new-d3,11,True,Heuristic,-1,6,3.886652708053589
main_tournament_resume_2,Heuristic__VS__AlphaBeta-new-d3__GAME__12,Heuristic,AlphaBeta-new-d3,12,False,Heuristic,1,7,4.017776966094971
main_tournament_resume_2,Heuristic__VS__AlphaBeta-new-d3__GAME__13,Heuristic,AlphaBeta-new-d3,13,True,Heuristic,-1,6,3.333141326904297
main_tournament_resume_2,Heuristic__VS__AlphaBeta-new-d3__GAME__14,Heuristic,AlphaBeta-new-d3,14,False,Heuristic,1,6,3.7526214122772217
main_tournament_resume_2,Heuristic__VS__AlphaBeta-new-d3__GAME__15,Heuristic,AlphaBeta-new-d3,15,True,Heuristic,-1,10,7.281140089035034
main_tournament_resume_2,Heuristic__VS__AlphaBeta-new-d3__GAME__16,Heuristic,AlphaBeta-new-d3,16,False,Heuristic,1,7,4.912473917007446
main_tournament_resume_2,Heuristic__VS__AlphaBeta-new-d3__GAME__17,Heuristic,AlphaBeta-new-d3,17,True,Heuristic,-1,10,7.220079183578491
main_tournament_resume_2,Heuristic__VS__AlphaBeta-new-d3__GAME__18,Heuristic,AlphaBeta-new-d3,18,False,AlphaBeta-new-d3,-1,8,5.48068380355835
main_tournament_resume_2,Heuristic__VS__AlphaBeta-new-d3__GAME__19,Heuristic,AlphaBeta-new-d3,19,True,Heuristic,-1,6,4.103076696395874
main_tournament_resume_2,Heuristic__VS__AlphaBeta-new-d3__GAME__20,Heuristic,AlphaBeta-new-d3,20,False,Heuristic,1,7,3.9919891357421875
main_tournament_resume_2,Heuristic__VS__AlphaBeta-new-d3__GAME__21,Heuristic,AlphaBeta-new-d3,21,True,Heuristic,-1,5,3.250765562057495
main_tournament_resume_2,Heuristic__VS__AlphaBeta-new-d3__GAME__22,Heuristic,AlphaBeta-new-d3,22,False,Heuristic,1,6,4.273730516433716
main_tournament_resume_2,Heuristic__VS__AlphaBeta-new-d3__GAME__23,Heuristic,AlphaBeta-new-d3,23,True,Heuristic,-1,4,2.4622700214385986
main_tournament_resume_2,Heuristic__VS__AlphaBeta-new-d3__GAME__24,Heuristic,AlphaBeta-new-d3,24,False,Heuristic,1,6,3.5135562419891357
main_tournament_resume_2,Heuristic__VS__AlphaBeta-new-d3__GAME__25,Heuristic,AlphaBeta-new-d3,25,True,Heuristic,-1,6,3.9474480152130127
main_tournament_resume_2,Heuristic__VS__AlphaBeta-new-d3__GAME__26,Heuristic,AlphaBeta-new-d3,26,False,Heuristic,1,7,4.990391969680786
main_tournament_resume_2,Heuristic__VS__AlphaBeta-new-d3__GAME__27,Heuristic,AlphaBeta-new-d3,27,True,Heuristic,-1,8,4.378437042236328
main_tournament_resume_2,Heuristic__VS__AlphaBeta-new-d3__GAME__28,Heuristic,AlphaBeta-new-d3,28,False,Heuristic,1,11,6.591119050979614
main_tournament_resume_2,Heuristic__VS__AlphaBeta-new-d3__GAME__29,Heuristic,AlphaBeta-new-d3,29,True,Heuristic,-1,6,4.291465520858765
main_tournament_resume_2,Heuristic__VS__AlphaBeta-new-d3__GAME__30,Heuristic,AlphaBeta-new-d3,30,False,Heuristic,1,8,4.853366851806641
main_tournament_resume_2,Heuristic__VS__AlphaBeta-new-d3__GAME__31,Heuristic,AlphaBeta-new-d3,31,True,Heuristic,-1,7,4.800027370452881
main_tournament_resume_2,Heuristic__VS__AlphaBeta-new-d3__GAME__32,Heuristic,AlphaBeta-new-d3,32,False,Heuristic,1,8,6.7098681926727295
main_tournament_resume_2,Heuristic__VS__AlphaBeta-new-d3__GAME__33,Heuristic,AlphaBeta-new-d3,33,True,Heuristic,-1,6,4.343747138977051
main_tournament_resume_2,Heuristic__VS__AlphaBeta-new-d3__GAME__34,Heuristic,AlphaBeta-new-d3,34,False,Heuristic,1,4,2.2219130992889404
main_tournament_resume_2,Heuristic__VS__AlphaBeta-new-d3__GAME__35,Heuristic,AlphaBeta-new-d3,35,True,Heuristic,-1,8,5.4159746170043945
main_tournament_resume_2,Heuristic__VS__AlphaBeta-new-d3__GAME__36,Heuristic,AlphaBeta-new-d3,36,False,Heuristic,1,7,3.5942070484161377
main_tournament_resume_2,Heuristic__VS__AlphaBeta-new-d3__GAME__37,Heuristic,AlphaBeta-new-d3,37,True,AlphaBeta-new-d3,1,11,8.386922359466553
main_tournament_resume_2,Heuristic__VS__AlphaBeta-new-d3__GAME__38,Heuristic,AlphaBeta-new-d3,38,False,Heuristic,1,13,10.779972076416016
main_tournament_resume_2,Heuristic__VS__AlphaBeta-new-d3__GAME__39,Heuristic,AlphaBeta-new-d3,39,True,Heuristic,-1,8,6.625297784805298
main_tournament_resume_2,Heuristic__VS__AlphaBeta-new-d3__GAME__40,Heuristic,AlphaBeta-new-d3,40,False,Heuristic,1,11,10.31074333190918
main_tournament_resume_2,Heuristic__VS__AlphaBeta-new-d3__GAME__41,Heuristic,AlphaBeta-new-d3,41,True,AlphaBeta-new-d3,1,11,6.8309080600738525
main_tournament_resume_2,Heuristic__VS__AlphaBeta-new-d3__GAME__42,Heuristic,AlphaBeta-new-d3,42,False,Heuristic,1,7,4.171821594238281
main_tournament_resume_2,Heuristic__VS__AlphaBeta-new-d3__GAME__43,Heuristic,AlphaBeta-new-d3,43,True,Heuristic,-1,6,3.712892532348633
main_tournament_resume_2,Heuristic__VS__AlphaBeta-new-d3__GAME__44,Heuristic,AlphaBeta-new-d3,44,False,Heuristic,1,6,4.706554651260376
main_tournament_resume_2,Heuristic__VS__AlphaBeta-new-d3__GAME__45,Heuristic,AlphaBeta-new-d3,45,True,Heuristic,-1,8,4.758087396621704
main_tournament_resume_2,Heuristic__VS__AlphaBeta-new-d3__GAME__46,Heuristic,AlphaBeta-new-d3,46,False,Heuristic,1,5,2.2972543239593506
main_tournament_resume_2,Heuristic__VS__AlphaBeta-new-d3__GAME__47,Heuristic,AlphaBeta-new-d3,47,True,Heuristic,-1,10,7.680225849151611
main_tournament_resume_2,Heuristic__VS__AlphaBeta-new-d3__GAME__48,Heuristic,AlphaBeta-new-d3,48,False,Heuristic,1,7,4.3812127113342285
main_tournament_resume_2,Heuristic__VS__AlphaBeta-new-d3__GAME__49,Heuristic,AlphaBeta-new-d3,49,True,Heuristic,-1,8,5.727834939956665
main_tournament_resume_2,Heuristic__VS__AlphaBeta-new-d3__GAME__50,Heuristic,AlphaBeta-new-d3,50,False,Heuristic,1,11,7.834673166275024
main_tournament_resume_2,Heuristic__VS__AlphaBeta-new-d3__GAME__51,Heuristic,AlphaBeta-new-d3,51,True,Heuristic,-1,6,3.725583553314209
main_tournament_resume_2,Heuristic__VS__AlphaBeta-new-d3__GAME__52,Heuristic,AlphaBeta-new-d3,52,False,Heuristic,1,5,1.9015791416168213
main_tournament_resume_2,Heuristic__VS__AlphaBeta-new-d3__GAME__53,Heuristic,AlphaBeta-new-d3,53,True,Heuristic,-1,6,3.226062297821045
main_tournament_resume_2,Heuristic__VS__AlphaBeta-new-d3__GAME__54,Heuristic,AlphaBeta-new-d3,54,False,Heuristic,1,6,3.648844003677368
main_tournament_resume_2,Heuristic__VS__AlphaBeta-new-d3__GAME__55,Heuristic,AlphaBeta-new-d3,55,True,Heuristic,-1,5,3.084743022918701
main_tournament_resume_2,Heuristic__VS__AlphaBeta-new-d3__GAME__56,Heuristic,AlphaBeta-new-d3,56,False,Heuristic,1,6,4.157815933227539
main_tournament_resume_2,Heuristic__VS__AlphaBeta-new-d3__GAME__57,Heuristic,AlphaBeta-new-d3,57,True,Heuristic,-1,8,5.658132791519165
main_tournament_resume_2,Heuristic__VS__AlphaBeta-new-d3__GAME__58,Heuristic,AlphaBeta-new-d3,58,False,Heuristic,1,7,4.389949321746826
main_tournament_resume_2,Heuristic__VS__AlphaBeta-new-d3__GAME__59,Heuristic,AlphaBeta-new-d3,59,True,Heuristic,-1,6,3.729609727859497
main_tournament_resume_2,Heuristic__VS__AlphaBeta-new-d3__GAME__60,Heuristic,AlphaBeta-new-d3,60,False,Heuristic,1,5,1.9218957424163818
main_tournament_resume_2,Heuristic__VS__AlphaBeta-new-d3__GAME__61,Heuristic,AlphaBeta-new-d3,61,True,Heuristic,-1,6,4.193946361541748
main_tournament_resume_2,Heuristic__VS__AlphaBeta-new-d3__GAME__62,Heuristic,AlphaBeta-new-d3,62,False,Heuristic,1,6,3.757901430130005
main_tournament_resume_2,Heuristic__VS__AlphaBeta-new-d3__GAME__63,Heuristic,AlphaBeta-new-d3,63,True,Heuristic,-1,8,5.6981260776519775
main_tournament_resume_2,Heuristic__VS__AlphaBeta-new-d3__GAME__64,Heuristic,AlphaBeta-new-d3,64,False,Heuristic,1,6,3.3712594509124756
main_tournament_resume_2,Heuristic__VS__AlphaBeta-new-d3__GAME__65,Heuristic,AlphaBeta-new-d3,65,True,Heuristic,-1,8,5.590375661849976
main_tournament_resume_2,Heuristic__VS__AlphaBeta-new-d3__GAME__66,Heuristic,AlphaBeta-new-d3,66,False,Heuristic,1,11,7.715467691421509
main_tournament_resume_2,Heuristic__VS__AlphaBeta-new-d3__GAME__67,Heuristic,AlphaBeta-new-d3,67,True,Heuristic,-1,8,5.4340643882751465
main_tournament_resume_2,Heuristic__VS__AlphaBeta-new-d3__GAME__68,Heuristic,AlphaBeta-new-d3,68,False,Heuristic,1,6,4.808580160140991
main_tournament_resume_2,Heuristic__VS__AlphaBeta-new-d3__GAME__69,Heuristic,AlphaBeta-new-d3,69,True,Heuristic,-1,8,4.923356056213379
main_tournament_resume_2,Heuristic__VS__AlphaBeta-new-d3__GAME__70,Heuristic,AlphaBeta-new-d3,70,False,Heuristic,1,5,2.9720990657806396
main_tournament_resume_2,Heuristic__VS__AlphaBeta-new-d3__GAME__71,Heuristic,AlphaBeta-new-d3,71,True,Heuristic,-1,8,5.977539300918579
main_tournament_resume_2,Heuristic__VS__AlphaBeta-new-d3__GAME__72,Heuristic,AlphaBeta-new-d3,72,False,Heuristic,1,5,2.3576250076293945
main_tournament_resume_2,Heuristic__VS__AlphaBeta-new-d3__GAME__73,Heuristic,AlphaBeta-new-d3,73,True,Heuristic,-1,6,3.987821340560913
main_tournament_resume_2,Heuristic__VS__AlphaBeta-new-d3__GAME__74,Heuristic,AlphaBeta-new-d3,74,False,Heuristic,1,4,2.4086642265319824
main_tournament_resume_2,Heuristic__VS__AlphaBeta-new-d3__GAME__75,Heuristic,AlphaBeta-new-d3,75,True,Heuristic,-1,12,10.46312689781189
main_tournament_resume_2,Heuristic__VS__AlphaBeta-new-d3__GAME__76,Heuristic,AlphaBeta-new-d3,76,False,Heuristic,1,5,2.2861337661743164
main_tournament_resume_2,Heuristic__VS__AlphaBeta-new-d3__GAME__77,Heuristic,AlphaBeta-new-d3,77,True,Heuristic,-1,5,3.032979965209961
main_tournament_resume_2,Heuristic__VS__AlphaBeta-new-d3__GAME__78,Heuristic,AlphaBeta-new-d3,78,False,Heuristic,1,15,14.186617374420166
main_tournament_resume_2,Heuristic__VS__AlphaBeta-new-d3__GAME__79,Heuristic,AlphaBeta-new-d3,79,True,Heuristic,-1,6,3.3333988189697266
main_tournament_resume_2,Heuristic__VS__AlphaBeta-new-d3__GAME__80,Heuristic,AlphaBeta-new-d3,80,False,Heuristic,1,5,2.6094088554382324
main_tournament_resume_2,Heuristic__VS__AlphaBeta-new-d3__GAME__81,Heuristic,AlphaBeta-new-d3,81,True,Heuristic,-1,6,3.835059642791748
main_tournament_resume_2,Heuristic__VS__AlphaBeta-new-d3__GAME__82,Heuristic,AlphaBeta-new-d3,82,False,Heuristic,1,7,4.715404033660889
main_tournament_resume_2,Heuristic__VS__AlphaBeta-new-d3__GAME__83,Heuristic,AlphaBeta-new-d3,83,True,Heuristic,-1,6,3.2861664295196533
main_tournament_resume_2,Heuristic__VS__AlphaBeta-new-d3__GAME__84,Heuristic,AlphaBeta-new-d3,84,False,Heuristic,1,13,11.592236757278442
main_tournament_resume_2,Heuristic__VS__AlphaBeta-new-d3__GAME__85,Heuristic,AlphaBeta-new-d3,85,True,Heuristic,-1,6,3.5897297859191895
main_tournament_resume_2,Heuristic__VS__AlphaBeta-new-d3__GAME__86,Heuristic,AlphaBeta-new-d3,86,False,Heuristic,1,7,3.6698694229125977
main_tournament_resume_2,Heuristic__VS__AlphaBeta-new-d3__GAME__87,Heuristic,AlphaBeta-new-d3,87,True,AlphaBeta-new-d3,1,13,10.66046690940857
main_tournament_resume_2,Heuristic__VS__AlphaBeta-new-d3__GAME__88,Heuristic,AlphaBeta-new-d3,88,False,Heuristic,1,7,4.195542335510254
main_tournament_resume_2,Heuristic__VS__AlphaBeta-new-d3__GAME__89,Heuristic,AlphaBeta-new-d3,89,True,Heuristic,-1,5,3.19972825050354
main_tournament_resume_2,Heuristic__VS__AlphaBeta-new-d3__GAME__90,Heuristic,AlphaBeta-new-d3,90,False,Heuristic,1,7,4.02636981010437
main_tournament_resume_2,Heuristic__VS__AlphaBeta-new-d3__GAME__91,Heuristic,AlphaBeta-new-d3,91,True,Heuristic,-1,20,17.589515924453735
main_tournament_resume_2,Heuristic__VS__AlphaBeta-new-d3__GAME__92,Heuristic,AlphaBeta-new-d3,92,False,Heuristic,1,9,5.204414129257202
main_tournament_resume_2,Heuristic__VS__AlphaBeta-new-d3__GAME__93,Heuristic,AlphaBeta-new-d3,93,True,Heuristic,-1,6,3.9985129833221436
main_tournament_resume_2,Heuristic__VS__AlphaBeta-new-d3__GAME__94,Heuristic,AlphaBeta-new-d3,94,False,Heuristic,1,9,5.155380964279175
main_tournament_resume_2,Heuristic__VS__AlphaBeta-new-d3__GAME__95,Heuristic,AlphaBeta-new-d3,95,True,Heuristic,-1,5,2.827108383178711
main_tournament_resume_2,Heuristic__VS__AlphaBeta-new-d3__GAME__96,Heuristic,AlphaBeta-new-d3,96,False,Heuristic,1,7,3.4913954734802246
main_tournament_resume_2,Heuristic__VS__AlphaBeta-new-d3__GAME__97,Heuristic,AlphaBeta-new-d3,97,True,Heuristic,-1,6,2.9120264053344727
main_tournament_resume_2,Heuristic__VS__AlphaBeta-new-d3__GAME__98,Heuristic,AlphaBeta-new-d3,98,False,Heuristic,1,6,3.142681360244751
main_tournament_resume_2,Heuristic__VS__AlphaBeta-new-d3__GAME__99,Heuristic,AlphaBeta-new-d3,99,True,Heuristic,-1,12,9.226499080657959
main_tournament_resume_2,Heuristic__VS__AlphaBeta-new-d3__GAME__100,Heuristic,AlphaBeta-new-d3,100,False,Heuristic,1,6,3.688904285430908
main_tournament_resume_2,Heuristic__VS__AlphaBeta-new-d3__GAME__101,Heuristic,AlphaBeta-new-d3,101,True,Heuristic,-1,6,4.178709506988525
main_tournament_resume_2,Heuristic__VS__AlphaBeta-new-d3__GAME__102,Heuristic,AlphaBeta-new-d3,102,False,Heuristic,1,5,2.883025646209717
main_tournament_resume_2,Heuristic__VS__AlphaBeta-new-d3__GAME__103,Heuristic,AlphaBeta-new-d3,103,True,Heuristic,-1,6,4.569499969482422
main_tournament_resume_2,Heuristic__VS__AlphaBeta-new-d3__GAME__104,Heuristic,AlphaBeta-new-d3,104,False,Heuristic,1,5,1.842134952545166
main_tournament_resume_2,Heuristic__VS__AlphaBeta-new-d3__GAME__105,Heuristic,AlphaBeta-new-d3,105,True,Heuristic,-1,7,4.95590615272522
main_tournament_resume_2,Heuristic__VS__AlphaBeta-new-d3__GAME__106,Heuristic,AlphaBeta-new-d3,106,False,Heuristic,1,6,3.6143252849578857
main_tournament_resume_2,Heuristic__VS__AlphaBeta-new-d3__GAME__107,Heuristic,AlphaBeta-new-d3,107,True,Heuristic,-1,10,6.354186534881592
main_tournament_resume_2,Heuristic__VS__AlphaBeta-new-d3__GAME__108,Heuristic,AlphaBeta-new-d3,108,False,Heuristic,1,13,12.740140438079834
main_tournament_resume_2,Heuristic__VS__AlphaBeta-new-d3__GAME__109,Heuristic,AlphaBeta-new-d3,109,True,Heuristic,-1,6,3.9058306217193604
main_tournament_resume_2,Heuristic__VS__AlphaBeta-new-d3__GAME__110,Heuristic,AlphaBeta-new-d3,110,False,Heuristic,1,6,3.5221493244171143
main_tournament_resume_2,Heuristic__VS__AlphaBeta-new-d3__GAME__111,Heuristic,AlphaBeta-new-d3,111,True,Heuristic,-1,6,3.1565990447998047
main_tournament_resume_2,Heuristic__VS__AlphaBeta-new-d3__GAME__112,Heuristic,AlphaBeta-new-d3,112,False,Heuristic,1,7,3.9422390460968018
main_tournament_resume_2,Heuristic__VS__AlphaBeta-new-d3__GAME__113,Heuristic,AlphaBeta-new-d3,113,True,Heuristic,-1,6,4.5400707721710205
main_tournament_resume_2,Heuristic__VS__AlphaBeta-new-d3__GAME__114,Heuristic,AlphaBeta-new-d3,114,False,Heuristic,1,17,15.275847673416138
main_tournament_resume_2,Heuristic__VS__AlphaBeta-new-d3__GAME__115,Heuristic,AlphaBeta-new-d3,115,True,Heuristic,-1,6,4.064774990081787
main_tournament_resume_2,Heuristic__VS__AlphaBeta-new-d3__GAME__116,Heuristic,AlphaBeta-new-d3,116,False,Heuristic,1,5,2.9129703044891357
main_tournament_resume_2,Heuristic__VS__AlphaBeta-new-d3__GAME__117,Heuristic,AlphaBeta-new-d3,117,True,Heuristic,-1,16,16.905741930007935
main_tournament_resume_2,Heuristic__VS__AlphaBeta-new-d3__GAME__118,Heuristic,AlphaBeta-new-d3,118,False,Heuristic,1,7,4.340564966201782
main_tournament_resume_2,Heuristic__VS__AlphaBeta-new-d3__GAME__119,Heuristic,AlphaBeta-new-d3,119,True,AlphaBeta-new-d3,1,9,6.31838059425354
main_tournament_resume_2,Heuristic__VS__AlphaBeta-new-d3__GAME__120,Heuristic,AlphaBeta-new-d3,120,False,Heuristic,1,11,8.674729108810425
main_tournament_resume_2,Heuristic__VS__AlphaBeta-new-d3__GAME__121,Heuristic,AlphaBeta-new-d3,121,True,Heuristic,-1,14,13.541805267333984
main_tournament_resume_2,Heuristic__VS__AlphaBeta-new-d3__GAME__122,Heuristic,AlphaBeta-new-d3,122,False,Heuristic,1,9,6.086737632751465
main_tournament_resume_2,Heuristic__VS__AlphaBeta-new-d3__GAME__123,Heuristic,AlphaBeta-new-d3,123,True,Heuristic,-1,8,6.638325214385986
main_tournament_resume_2,Heuristic__VS__AlphaBeta-new-d3__GAME__124,Heuristic,AlphaBeta-new-d3,124,False,Heuristic,1,13,10.769684076309204
main_tournament_resume_2,Heuristic__VS__AlphaBeta-new-d3__GAME__125,Heuristic,AlphaBeta-new-d3,125,True,Heuristic,-1,10,9.78907036781311
main_tournament_resume_2,Heuristic__VS__AlphaBeta-new-d3__GAME__126,Heuristic,AlphaBeta-new-d3,126,False,Heuristic,1,6,3.725172996520996
main_tournament_resume_2,Heuristic__VS__AlphaBeta-new-d3__GAME__127,Heuristic,AlphaBeta-new-d3,127,True,Heuristic,-1,6,4.033665657043457
main_tournament_resume_2,Heuristic__VS__AlphaBeta-new-d3__GAME__128,Heuristic,AlphaBeta-new-d3,128,False,Heuristic,1,15,12.540546655654907
main_tournament_resume_2,Heuristic__VS__AlphaBeta-new-d3__GAME__129,Heuristic,AlphaBeta-new-d3,129,True,Heuristic,-1,5,3.2710952758789062
main_tournament_resume_2,Heuristic__VS__AlphaBeta-new-d3__GAME__130,Heuristic,AlphaBeta-new-d3,130,False,Heuristic,1,5,2.1953463554382324
main_tournament_resume_2,Heuristic__VS__AlphaBeta-new-d3__GAME__131,Heuristic,AlphaBeta-new-d3,131,True,Heuristic,-1,8,6.4527411460876465
main_tournament_resume_2,Heuristic__VS__AlphaBeta-new-d3__GAME__132,Heuristic,AlphaBeta-new-d3,132,False,Heuristic,1,4,3.1073496341705322
main_tournament_resume_2,Heuristic__VS__AlphaBeta-new-d3__GAME__133,Heuristic,AlphaBeta-new-d3,133,True,Heuristic,-1,6,3.9968762397766113
main_tournament_resume_2,Heuristic__VS__AlphaBeta-new-d3__GAME__134,Heuristic,AlphaBeta-new-d3,134,False,Heuristic,1,11,7.752700328826904
main_tournament_resume_2,Heuristic__VS__AlphaBeta-new-d3__GAME__135,Heuristic,AlphaBeta-new-d3,135,True,Heuristic,-1,14,13.33138394355774
main_tournament_resume_2,Heuristic__VS__AlphaBeta-new-d3__GAME__136,Heuristic,AlphaBeta-new-d3,136,False,Heuristic,1,11,9.544405460357666
main_tournament_resume_2,Heuristic__VS__AlphaBeta-new-d3__GAME__137,Heuristic,AlphaBeta-new-d3,137,True,Heuristic,-1,12,10.826119184494019
main_tournament_resume_2,Heuristic__VS__AlphaBeta-new-d3__GAME__138,Heuristic,AlphaBeta-new-d3,138,False,Heuristic,1,8,7.090029239654541
main_tournament_resume_2,Heuristic__VS__AlphaBeta-new-d3__GAME__139,Heuristic,AlphaBeta-new-d3,139,True,Heuristic,-1,8,6.51835298538208
main_tournament_resume_2,Heuristic__VS__AlphaBeta-new-d3__GAME__140,Heuristic,AlphaBeta-new-d3,140,False,Heuristic,1,8,5.7474987506866455
main_tournament_resume_2,Heuristic__VS__AlphaBeta-new-d3__GAME__141,Heuristic,AlphaBeta-new-d3,141,True,Heuristic,-1,6,3.845334053039551
main_tournament_resume_2,Heuristic__VS__AlphaBeta-new-d3__GAME__142,Heuristic,AlphaBeta-new-d3,142,False,Heuristic,1,9,6.070440053939819
main_tournament_resume_2,Heuristic__VS__AlphaBeta-new-d3__GAME__143,Heuristic,AlphaBeta-new-d3,143,True,Heuristic,-1,10,6.954167366027832
main_tournament_resume_2,Heuristic__VS__AlphaBeta-new-d3__GAME__144,Heuristic,AlphaBeta-new-d3,144,False,Heuristic,1,7,4.517640113830566
main_tournament_resume_2,Heuristic__VS__AlphaBeta-new-d3__GAME__145,Heuristic,AlphaBeta-new-d3,145,True,Heuristic,-1,12,8.86858320236206
main_tournament_resume_2,Heuristic__VS__AlphaBeta-new-d3__GAME__146,Heuristic,AlphaBeta-new-d3,146,False,Heuristic,1,5,2.38066029548645
main_tournament_resume_2,Heuristic__VS__AlphaBeta-new-d3__GAME__147,Heuristic,AlphaBeta-new-d3,147,True,Heuristic,-1,5,3.150634765625
main_tournament_resume_2,Heuristic__VS__AlphaBeta-new-d3__GAME__148,Heuristic,AlphaBeta-new-d3,148,False,Heuristic,1,7,3.993647575378418
main_tournament_resume_2,Heuristic__VS__AlphaBeta-new-d3__GAME__149,Heuristic,AlphaBeta-new-d3,149,True,Heuristic,-1,8,4.537658452987671
main_tournament_resume_2,Heuristic__VS__AlphaBeta-new-d3__GAME__150,Heuristic,AlphaBeta-new-d3,150,False,Heuristic,1,7,3.7362513542175293
main_tournament_resume_2,Heuristic__VS__AlphaBeta-new-d3__GAME__151,Heuristic,AlphaBeta-new-d3,151,True,AlphaBeta-new-d3,1,7,4.840870141983032
main_tournament_resume_2,Heuristic__VS__AlphaBeta-new-d3__GAME__152,Heuristic,AlphaBeta-new-d3,152,False,Heuristic,1,11,7.735362768173218
main_tournament_resume_2,Heuristic__VS__AlphaBeta-new-d3__GAME__153,Heuristic,AlphaBeta-new-d3,153,True,Heuristic,-1,8,6.4280619621276855
main_tournament_resume_2,Heuristic__VS__AlphaBeta-new-d3__GAME__154,Heuristic,AlphaBeta-new-d3,154,False,Heuristic,1,8,6.743841886520386
main_tournament_resume_2,Heuristic__VS__AlphaBeta-new-d3__GAME__155,Heuristic,AlphaBeta-new-d3,155,True,Heuristic,-1,5,3.3261702060699463
main_tournament_resume_2,Heuristic__VS__AlphaBeta-new-d3__GAME__156,Heuristic,AlphaBeta-new-d3,156,False,Heuristic,1,7,3.833787202835083
main_tournament_resume_2,Heuristic__VS__AlphaBeta-new-d3__GAME__157,Heuristic,AlphaBeta-new-d3,157,True,Heuristic,-1,8,5.658974885940552
main_tournament_resume_2,Heuristic__VS__AlphaBeta-new-d3__GAME__158,Heuristic,AlphaBeta-new-d3,158,False,Heuristic,1,7,4.775665521621704
main_tournament_resume_2,Heuristic__VS__AlphaBeta-new-d3__GAME__159,Heuristic,AlphaBeta-new-d3,159,True,Heuristic,-1,10,6.502174615859985
main_tournament_resume_2,Heuristic__VS__AlphaBeta-new-d3__GAME__160,Heuristic,AlphaBeta-new-d3,160,False,Heuristic,1,11,8.9537034034729
main_tournament_resume_2,Heuristic__VS__AlphaBeta-new-d3__GAME__161,Heuristic,AlphaBeta-new-d3,161,True,Heuristic,-1,7,6.4145989418029785
main_tournament_resume_2,Heuristic__VS__AlphaBeta-new-d3__GAME__162,Heuristic,AlphaBeta-new-d3,162,False,Heuristic,1,5,2.417510509490967
main_tournament_resume_2,Heuristic__VS__AlphaBeta-new-d3__GAME__163,Heuristic,AlphaBeta-new-d3,163,True,Heuristic,-1,6,3.5590250492095947
main_tournament_resume_2,Heuristic__VS__AlphaBeta-new-d3__GAME__164,Heuristic,AlphaBeta-new-d3,164,False,Heuristic,1,4,2.3065524101257324
main_tournament_resume_2,Heuristic__VS__AlphaBeta-new-d3__GAME__165,Heuristic,AlphaBeta-new-d3,165,True,Heuristic,-1,6,4.2998435497283936
main_tournament_resume_2,Heuristic__VS__AlphaBeta-new-d3__GAME__166,Heuristic,AlphaBeta-new-d3,166,False,Heuristic,1,5,2.7528440952301025
main_tournament_resume_2,Heuristic__VS__AlphaBeta-new-d3__GAME__167,Heuristic,AlphaBeta-new-d3,167,True,Heuristic,-1,6,3.0935487747192383
main_tournament_resume_2,Heuristic__VS__AlphaBeta-new-d3__GAME__168,Heuristic,AlphaBeta-new-d3,168,False,Heuristic,1,7,4.210195302963257
main_tournament_resume_2,Heuristic__VS__AlphaBeta-new-d3__GAME__169,Heuristic,AlphaBeta-new-d3,169,True,Heuristic,-1,6,4.161815166473389
main_tournament_resume_2,Heuristic__VS__AlphaBeta-new-d3__GAME__170,Heuristic,AlphaBeta-new-d3,170,False,Heuristic,1,7,4.535747289657593
main_tournament_resume_2,Heuristic__VS__AlphaBeta-new-d3__GAME__171,Heuristic,AlphaBeta-new-d3,171,True,Heuristic,-1,16,17.355268955230713
main_tournament_resume_2,Heuristic__VS__AlphaBeta-new-d3__GAME__172,Heuristic,AlphaBeta-new-d3,172,False,Heuristic,1,17,13.710479497909546
main_tournament_resume_2,Heuristic__VS__AlphaBeta-new-d3__GAME__173,Heuristic,AlphaBeta-new-d3,173,True,Heuristic,-1,6,4.736599683761597
main_tournament_resume_2,Heuristic__VS__AlphaBeta-new-d3__GAME__174,Heuristic,AlphaBeta-new-d3,174,False,Heuristic,1,6,3.1222786903381348
main_tournament_resume_2,Heuristic__VS__AlphaBeta-new-d3__GAME__175,Heuristic,AlphaBeta-new-d3,175,True,Heuristic,-1,6,3.6706223487854004
main_tournament_resume_2,Heuristic__VS__AlphaBeta-new-d3__GAME__176,Heuristic,AlphaBeta-new-d3,176,False,Heuristic,1,13,11.015805721282959
main_tournament_resume_2,Heuristic__VS__AlphaBeta-new-d3__GAME__177,Heuristic,AlphaBeta-new-d3,177,True,Heuristic,-1,8,5.330891847610474
main_tournament_resume_2,Heuristic__VS__AlphaBeta-new-d3__GAME__178,Heuristic,AlphaBeta-new-d3,178,False,Heuristic,1,6,3.8982932567596436
main_tournament_resume_2,Heuristic__VS__AlphaBeta-new-d3__GAME__179,Heuristic,AlphaBeta-new-d3,179,True,AlphaBeta-new-d3,1,9,5.885174036026001
main_tournament_resume_2,Heuristic__VS__AlphaBeta-new-d3__GAME__180,Heuristic,AlphaBeta-new-d3,180,False,Heuristic,1,11,8.357986211776733
main_tournament_resume_2,Heuristic__VS__AlphaBeta-new-d3__GAME__181,Heuristic,AlphaBeta-new-d3,181,True,Heuristic,-1,8,6.193435430526733
main_tournament_resume_2,Heuristic__VS__AlphaBeta-new-d3__GAME__182,Heuristic,AlphaBeta-new-d3,182,False,Heuristic,1,15,13.415907621383667
main_tournament_resume_2,Heuristic__VS__AlphaBeta-new-d3__GAME__183,Heuristic,AlphaBeta-new-d3,183,True,Heuristic,-1,8,5.492790460586548
main_tournament_resume_2,Heuristic__VS__AlphaBeta-new-d3__GAME__184,Heuristic,AlphaBeta-new-d3,184,False,Heuristic,1,9,6.962734222412109
main_tournament_resume_2,Heuristic__VS__AlphaBeta-new-d3__GAME__185,Heuristic,AlphaBeta-new-d3,185,True,Heuristic,-1,7,6.356729745864868
main_tournament_resume_2,Heuristic__VS__AlphaBeta-new-d3__GAME__186,Heuristic,AlphaBeta-new-d3,186,False,Heuristic,1,6,4.827315807342529
main_tournament_resume_2,Heuristic__VS__AlphaBeta-new-d3__GAME__187,Heuristic,AlphaBeta-new-d3,187,True,Heuristic,-1,6,3.7990562915802
main_tournament_resume_2,Heuristic__VS__AlphaBeta-new-d3__GAME__188,Heuristic,AlphaBeta-new-d3,188,False,Heuristic,1,7,5.907471418380737
main_tournament_resume_2,Heuristic__VS__AlphaBeta-new-d3__GAME__189,Heuristic,AlphaBeta-new-d3,189,True,Heuristic,-1,6,3.6527016162872314
main_tournament_resume_2,Heuristic__VS__AlphaBeta-new-d3__GAME__190,Heuristic,AlphaBeta-new-d3,190,False,Heuristic,1,5,3.764709234237671
main_tournament_resume_2,Heuristic__VS__AlphaBeta-new-d3__GAME__191,Heuristic,AlphaBeta-new-d3,191,True,Heuristic,-1,8,6.352442979812622
main_tournament_resume_2,Heuristic__VS__AlphaBeta-new-d3__GAME__192,Heuristic,AlphaBeta-new-d3,192,False,Heuristic,1,7,4.805396556854248
main_tournament_resume_2,Heuristic__VS__AlphaBeta-new-d3__GAME__193,Heuristic,AlphaBeta-new-d3,193,True,Heuristic,-1,8,6.637221336364746
main_tournament_resume_2,Heuristic__VS__AlphaBeta-new-d3__GAME__194,Heuristic,AlphaBeta-new-d3,194,False,Heuristic,1,7,5.236843824386597
main_tournament_resume_2,Heuristic__VS__AlphaBeta-new-d3__GAME__195,Heuristic,AlphaBeta-new-d3,195,True,Heuristic,-1,6,4.824319839477539
main_tournament_resume_2,Heuristic__VS__AlphaBeta-new-d3__GAME__196,Heuristic,AlphaBeta-new-d3,196,False,Heuristic,1,6,4.593198776245117
main_tournament_resume_2,Heuristic__VS__AlphaBeta-new-d3__GAME__197,Heuristic,AlphaBeta-new-d3,197,True,Heuristic,-1,14,14.148934841156006
main_tournament_resume_2,Heuristic__VS__AlphaBeta-new-d3__GAME__198,Heuristic,AlphaBeta-new-d3,198,False,Heuristic,1,9,7.6548919677734375
main_tournament_resume_2,Heuristic__VS__AlphaBeta-new-d3__GAME__199,Heuristic,AlphaBeta-new-d3,199,True,Heuristic,-1,6,4.570285797119141
main_tournament_resume_2,Heuristic__VS__MCTS-old-100__GAME__0,Heuristic,MCTS-old-100,0,False,Heuristic,1,6,4.715649604797363
main_tournament_resume_2,Heuristic__VS__MCTS-old-100__GAME__1,Heuristic,MCTS-old-100,1,True,Heuristic,-1,14,15.20566463470459
main_tournament_resume_2,Heuristic__VS__MCTS-old-100__GAME__2,Heuristic,MCTS-old-100,2,False,Heuristic,1,4,2.9132301807403564
main_tournament_resume_2,Heuristic__VS__MCTS-old-100__GAME__3,Heuristic,MCTS-old-100,3,True,Heuristic,-1,20,30.70232653617859
main_tournament_resume_2,Heuristic__VS__MCTS-old-100__GAME__4,Heuristic,MCTS-old-100,4,False,Heuristic,1,6,4.535113334655762
main_tournament_resume_2,Heuristic__VS__MCTS-old-100__GAME__5,Heuristic,MCTS-old-100,5,True,Heuristic,-1,23,28.00344753265381
main_tournament_resume_2,Heuristic__VS__MCTS-old-100__GAME__6,Heuristic,MCTS-old-100,6,False,Heuristic,1,10,9.70704984664917
main_tournament_resume_2,Heuristic__VS__MCTS-old-100__GAME__7,Heuristic,MCTS-old-100,7,True,Heuristic,-1,6,5.01454758644104
main_tournament_resume_2,Heuristic__VS__MCTS-old-100__GAME__8,Heuristic,MCTS-old-100,8,False,Heuristic,1,7,5.559473037719727
main_tournament_resume_2,Heuristic__VS__MCTS-old-100__GAME__9,Heuristic,MCTS-old-100,9,True,Heuristic,-1,13,14.676696538925171
main_tournament_resume_2,Heuristic__VS__MCTS-old-100__GAME__10,Heuristic,MCTS-old-100,10,False,Heuristic,1,6,4.531566381454468
main_tournament_resume_2,Heuristic__VS__MCTS-old-100__GAME__11,Heuristic,MCTS-old-100,11,True,Heuristic,-1,11,10.041539192199707
main_tournament_resume_2,Heuristic__VS__MCTS-old-100__GAME__12,Heuristic,MCTS-old-100,12,False,Heuristic,1,19,23.05075716972351
main_tournament_resume_2,Heuristic__VS__MCTS-old-100__GAME__13,Heuristic,MCTS-old-100,13,True,Heuristic,-1,6,4.482524394989014
main_tournament_resume_2,Heuristic__VS__MCTS-old-100__GAME__14,Heuristic,MCTS-old-100,14,False,Heuristic,1,6,4.832500457763672
main_tournament_resume_2,Heuristic__VS__MCTS-old-100__GAME__15,Heuristic,MCTS-old-100,15,True,Heuristic,-1,7,7.055570602416992
main_tournament_resume_2,Heuristic__VS__MCTS-old-100__GAME__16,Heuristic,MCTS-old-100,16,False,Heuristic,1,7,5.017487287521362
main_tournament_resume_2,Heuristic__VS__MCTS-old-100__GAME__17,Heuristic,MCTS-old-100,17,True,MCTS-old-100,1,9,7.867740869522095
main_tournament_resume_2,Heuristic__VS__MCTS-old-100__GAME__18,Heuristic,MCTS-old-100,18,False,Heuristic,1,6,4.624988555908203
main_tournament_resume_2,Heuristic__VS__MCTS-old-100__GAME__19,Heuristic,MCTS-old-100,19,True,Heuristic,-1,14,15.263550996780396
main_tournament_resume_2,Heuristic__VS__MCTS-old-100__GAME__20,Heuristic,MCTS-old-100,20,False,Heuristic,1,4,2.864299774169922
main_tournament_resume_2,Heuristic__VS__MCTS-old-100__GAME__21,Heuristic,MCTS-old-100,21,True,Heuristic,-1,9,7.774653911590576
main_tournament_resume_2,Heuristic__VS__MCTS-old-100__GAME__22,Heuristic,MCTS-old-100,22,False,Heuristic,1,13,12.699724674224854
main_tournament_resume_2,Heuristic__VS__MCTS-old-100__GAME__23,Heuristic,MCTS-old-100,23,True,Heuristic,-1,5,4.314951658248901
main_tournament_resume_2,Heuristic__VS__MCTS-old-100__GAME__24,Heuristic,MCTS-old-100,24,False,MCTS-old-100,-1,8,5.6304333209991455
main_tournament_resume_2,Heuristic__VS__MCTS-old-100__GAME__25,Heuristic,MCTS-old-100,25,True,Heuristic,-1,17,20.86291003227234
main_tournament_resume_2,Heuristic__VS__MCTS-old-100__GAME__26,Heuristic,MCTS-old-100,26,False,Heuristic,1,8,6.8630945682525635
main_tournament_resume_2,Heuristic__VS__MCTS-old-100__GAME__27,Heuristic,MCTS-old-100,27,True,Heuristic,-1,8,6.672773122787476
main_tournament_resume_2,Heuristic__VS__MCTS-old-100__GAME__28,Heuristic,MCTS-old-100,28,False,Heuristic,1,9,8.684869766235352
main_tournament_resume_2,Heuristic__VS__MCTS-old-100__GAME__29,Heuristic,MCTS-old-100,29,True,Heuristic,-1,6,4.980851650238037
main_tournament_resume_2,Heuristic__VS__MCTS-old-100__GAME__30,Heuristic,MCTS-old-100,30,False,Heuristic,1,14,17.645421266555786
main_tournament_resume_2,Heuristic__VS__MCTS-old-100__GAME__31,Heuristic,MCTS-old-100,31,True,MCTS-old-100,1,9,8.523287534713745
main_tournament_resume_2,Heuristic__VS__MCTS-old-100__GAME__32,Heuristic,MCTS-old-100,32,False,Heuristic,1,10,10.726489305496216
main_tournament_resume_2,Heuristic__VS__MCTS-old-100__GAME__33,Heuristic,MCTS-old-100,33,True,Heuristic,-1,12,12.669384956359863
main_tournament_resume_2,Heuristic__VS__MCTS-old-100__GAME__34,Heuristic,MCTS-old-100,34,False,Heuristic,1,6,4.699870347976685
main_tournament_resume_2,Heuristic__VS__MCTS-old-100__GAME__35,Heuristic,MCTS-old-100,35,True,Heuristic,-1,15,19.52831530570984
main_tournament_resume_2,Heuristic__VS__MCTS-old-100__GAME__36,Heuristic,MCTS-old-100,36,False,Heuristic,1,8,7.30443811416626
main_tournament_resume_2,Heuristic__VS__MCTS-old-100__GAME__37,Heuristic,MCTS-old-100,37,True,Heuristic,-1,16,15.782234907150269
main_tournament_resume_2,Heuristic__VS__MCTS-old-100__GAME__38,Heuristic,MCTS-old-100,38,False,Heuristic,1,7,4.858148813247681
main_tournament_resume_2,Heuristic__VS__MCTS-old-100__GAME__39,Heuristic,MCTS-old-100,39,True,MCTS-old-100,1,15,21.42093586921692
main_tournament_resume_2,Heuristic__VS__MCTS-old-100__GAME__40,Heuristic,MCTS-old-100,40,False,Heuristic,1,15,14.06751012802124
main_tournament_resume_2,Heuristic__VS__MCTS-old-100__GAME__41,Heuristic,MCTS-old-100,41,True,Heuristic,-1,9,7.391170978546143
main_tournament_resume_2,Heuristic__VS__MCTS-old-100__GAME__42,Heuristic,MCTS-old-100,42,False,Heuristic,1,15,16.079416275024414
main_tournament_resume_2,Heuristic__VS__MCTS-old-100__GAME__43,Heuristic,MCTS-old-100,43,True,Heuristic,-1,14,17.189292192459106
main_tournament_resume_2,Heuristic__VS__MCTS-old-100__GAME__44,Heuristic,MCTS-old-100,44,False,Heuristic,1,4,2.9374945163726807
main_tournament_resume_2,Heuristic__VS__MCTS-old-100__GAME__45,Heuristic,MCTS-old-100,45,True,Heuristic,-1,9,7.550988674163818
main_tournament_resume_2,Heuristic__VS__MCTS-old-100__GAME__46,Heuristic,MCTS-old-100,46,False,Heuristic,1,6,4.5124571323394775
main_tournament_resume_2,Heuristic__VS__MCTS-old-100__GAME__47,Heuristic,MCTS-old-100,47,True,MCTS-old-100,1,19,23.829875707626343
main_tournament_resume_2,Heuristic__VS__MCTS-old-100__GAME__48,Heuristic,MCTS-old-100,48,False,Heuristic,1,7,5.334317684173584
main_tournament_resume_2,Heuristic__VS__MCTS-old-100__GAME__49,Heuristic,MCTS-old-100,49,True,Heuristic,-1,8,6.5350353717803955
main_tournament_resume_2,Heuristic__VS__MCTS-old-100__GAME__50,Heuristic,MCTS-old-100,50,False,Heuristic,1,19,26.514835834503174
main_tournament_resume_2,Heuristic__VS__MCTS-old-100__GAME__51,Heuristic,MCTS-old-100,51,True,Heuristic,-1,16,16.213688373565674
main_tournament_resume_2,Heuristic__VS__MCTS-old-100__GAME__52,Heuristic,MCTS-old-100,52,False,draw,0,50,76.14511728286743
main_tournament_resume_2,Heuristic__VS__MCTS-old-100__GAME__53,Heuristic,MCTS-old-100,53,True,Heuristic,-1,7,6.512661457061768
main_tournament_resume_2,Heuristic__VS__MCTS-old-100__GAME__54,Heuristic,MCTS-old-100,54,False,Heuristic,1,18,20.495980978012085
main_tournament_resume_2,Heuristic__VS__MCTS-old-100__GAME__55,Heuristic,MCTS-old-100,55,True,Heuristic,-1,10,8.623282194137573
main_tournament_resume_2,Heuristic__VS__MCTS-old-100__GAME__56,Heuristic,MCTS-old-100,56,False,Heuristic,1,9,7.199702978134155
main_tournament_resume_2,Heuristic__VS__MCTS-old-100__GAME__57,Heuristic,MCTS-old-100,57,True,MCTS-old-100,1,9,8.571208000183105
main_tournament_resume_2,Heuristic__VS__MCTS-old-100__GAME__58,Heuristic,MCTS-old-100,58,False,Heuristic,1,11,9.858181238174438
main_tournament_resume_2,Heuristic__VS__MCTS-old-100__GAME__59,Heuristic,MCTS-old-100,59,True,Heuristic,-1,18,20.34333086013794
main_tournament_resume_2,Heuristic__VS__MCTS-old-100__GAME__60,Heuristic,MCTS-old-100,60,False,Heuristic,1,9,7.414853811264038
main_tournament_resume_2,Heuristic__VS__MCTS-old-100__GAME__61,Heuristic,MCTS-old-100,61,True,Heuristic,-1,14,17.330845594406128
main_tournament_resume_2,Heuristic__VS__MCTS-old-100__GAME__62,Heuristic,MCTS-old-100,62,False,Heuristic,1,6,5.210978031158447
main_tournament_resume_2,Heuristic__VS__MCTS-old-100__GAME__63,Heuristic,MCTS-old-100,63,True,Heuristic,-1,26,44.08860397338867
main_tournament_resume_2,Heuristic__VS__MCTS-old-100__GAME__64,Heuristic,MCTS-old-100,64,False,Heuristic,1,17,20.33029556274414
main_tournament_resume_2,Heuristic__VS__MCTS-old-100__GAME__65,Heuristic,MCTS-old-100,65,True,Heuristic,-1,10,9.162505149841309
main_tournament_resume_2,Heuristic__VS__MCTS-old-100__GAME__66,Heuristic,MCTS-old-100,66,False,Heuristic,1,6,4.459719657897949
main_tournament_resume_2,Heuristic__VS__MCTS-old-100__GAME__67,Heuristic,MCTS-old-100,67,True,Heuristic,-1,20,27.003233671188354
main_tournament_resume_2,Heuristic__VS__MCTS-old-100__GAME__68,Heuristic,MCTS-old-100,68,False,Heuristic,1,6,4.570739507675171
main_tournament_resume_2,Heuristic__VS__MCTS-old-100__GAME__69,Heuristic,MCTS-old-100,69,True,Heuristic,-1,10,11.401175022125244
main_tournament_resume_2,Heuristic__VS__MCTS-old-100__GAME__70,Heuristic,MCTS-old-100,70,False,Heuristic,1,15,17.657341957092285
main_tournament_resume_2,Heuristic__VS__MCTS-old-100__GAME__71,Heuristic,MCTS-old-100,71,True,Heuristic,-1,10,10.620627164840698
main_tournament_resume_2,Heuristic__VS__MCTS-old-100__GAME__72,Heuristic,MCTS-old-100,72,False,MCTS-old-100,-1,12,10.999151468276978
main_tournament_resume_2,Heuristic__VS__MCTS-old-100__GAME__73,Heuristic,MCTS-old-100,73,True,Heuristic,-1,22,35.288893699645996
main_tournament_resume_2,Heuristic__VS__MCTS-old-100__GAME__74,Heuristic,MCTS-old-100,74,False,Heuristic,1,30,45.3150372505188
main_tournament_resume_2,Heuristic__VS__MCTS-old-100__GAME__75,Heuristic,MCTS-old-100,75,True,MCTS-old-100,1,21,27.667758464813232
main_tournament_resume_2,Heuristic__VS__MCTS-old-100__GAME__76,Heuristic,MCTS-old-100,76,False,Heuristic,1,17,18.14167070388794
main_tournament_resume_2,Heuristic__VS__MCTS-old-100__GAME__77,Heuristic,MCTS-old-100,77,True,Heuristic,-1,7,5.844916582107544
main_tournament_resume_2,Heuristic__VS__MCTS-old-100__GAME__78,Heuristic,MCTS-old-100,78,False,Heuristic,1,6,4.584750413894653
main_tournament_resume_2,Heuristic__VS__MCTS-old-100__GAME__79,Heuristic,MCTS-old-100,79,True,Heuristic,-1,16,23.307868480682373
main_tournament_resume_2,Heuristic__VS__MCTS-old-100__GAME__80,Heuristic,MCTS-old-100,80,False,Heuristic,1,9,7.003685235977173
main_tournament_resume_2,Heuristic__VS__MCTS-old-100__GAME__81,Heuristic,MCTS-old-100,81,True,Heuristic,-1,8,7.129332542419434
main_tournament_resume_2,Heuristic__VS__MCTS-old-100__GAME__82,Heuristic,MCTS-old-100,82,False,Heuristic,1,8,7.680830717086792
main_tournament_resume_2,Heuristic__VS__MCTS-old-100__GAME__83,Heuristic,MCTS-old-100,83,True,Heuristic,-1,5,4.113771915435791
main_tournament_resume_2,Heuristic__VS__MCTS-old-100__GAME__84,Heuristic,MCTS-old-100,84,False,Heuristic,1,9,8.312719583511353
main_tournament_resume_2,Heuristic__VS__MCTS-old-100__GAME__85,Heuristic,MCTS-old-100,85,True,Heuristic,-1,17,23.50839376449585
main_tournament_resume_2,Heuristic__VS__MCTS-old-100__GAME__86,Heuristic,MCTS-old-100,86,False,Heuristic,1,6,4.612568140029907
main_tournament_resume_2,Heuristic__VS__MCTS-old-100__GAME__87,Heuristic,MCTS-old-100,87,True,Heuristic,-1,10,10.057531356811523
main_tournament_resume_2,Heuristic__VS__MCTS-old-100__GAME__88,Heuristic,MCTS-old-100,88,False,Heuristic,1,15,17.081140279769897
main_tournament_resume_2,Heuristic__VS__MCTS-old-100__GAME__89,Heuristic,MCTS-old-100,89,True,MCTS-old-100,1,13,13.631542205810547
main_tournament_resume_2,Heuristic__VS__MCTS-old-100__GAME__90,Heuristic,MCTS-old-100,90,False,Heuristic,1,12,12.566877603530884
main_tournament_resume_2,Heuristic__VS__MCTS-old-100__GAME__91,Heuristic,MCTS-old-100,91,True,MCTS-old-100,1,13,14.196712970733643
main_tournament_resume_2,Heuristic__VS__MCTS-old-100__GAME__92,Heuristic,MCTS-old-100,92,False,Heuristic,1,6,4.503222465515137
main_tournament_resume_2,Heuristic__VS__MCTS-old-100__GAME__93,Heuristic,MCTS-old-100,93,True,Heuristic,-1,10,9.264477491378784
main_tournament_resume_2,Heuristic__VS__MCTS-old-100__GAME__94,Heuristic,MCTS-old-100,94,False,Heuristic,1,6,4.218864440917969
main_tournament_resume_2,Heuristic__VS__MCTS-old-100__GAME__95,Heuristic,MCTS-old-100,95,True,Heuristic,-1,5,4.561682939529419
main_tournament_resume_2,Heuristic__VS__MCTS-old-100__GAME__96,Heuristic,MCTS-old-100,96,False,Heuristic,1,5,3.1606285572052
main_tournament_resume_2,Heuristic__VS__MCTS-old-100__GAME__97,Heuristic,MCTS-old-100,97,True,Heuristic,-1,11,12.085999965667725
main_tournament_resume_2,Heuristic__VS__MCTS-old-100__GAME__98,Heuristic,MCTS-old-100,98,False,MCTS-old-100,-1,26,47.96195983886719
main_tournament_resume_2,Heuristic__VS__MCTS-old-100__GAME__99,Heuristic,MCTS-old-100,99,True,Heuristic,-1,7,5.798758506774902
main_tournament_resume_2,Heuristic__VS__MCTS-old-100__GAME__100,Heuristic,MCTS-old-100,100,False,Heuristic,1,11,10.047673463821411
main_tournament_resume_2,Heuristic__VS__MCTS-old-100__GAME__101,Heuristic,MCTS-old-100,101,True,Heuristic,-1,5,4.208249092102051
main_tournament_resume_2,Heuristic__VS__MCTS-old-100__GAME__102,Heuristic,MCTS-old-100,102,False,Heuristic,1,11,10.696779489517212
main_tournament_resume_2,Heuristic__VS__MCTS-old-100__GAME__103,Heuristic,MCTS-old-100,103,True,MCTS-old-100,1,9,7.665632963180542
main_tournament_resume_2,Heuristic__VS__MCTS-old-100__GAME__104,Heuristic,MCTS-old-100,104,False,Heuristic,1,6,4.751570701599121
main_tournament_resume_2,Heuristic__VS__MCTS-old-100__GAME__105,Heuristic,MCTS-old-100,105,True,Heuristic,-1,5,4.436243534088135
main_tournament_resume_2,Heuristic__VS__MCTS-old-100__GAME__106,Heuristic,MCTS-old-100,106,False,Heuristic,1,39,72.95552706718445
main_tournament_resume_2,Heuristic__VS__MCTS-old-100__GAME__107,Heuristic,MCTS-old-100,107,True,Heuristic,-1,26,49.327953815460205
main_tournament_resume_2,Heuristic__VS__MCTS-old-100__GAME__108,Heuristic,MCTS-old-100,108,False,Heuristic,1,9,7.525397777557373
main_tournament_resume_2,Heuristic__VS__MCTS-old-100__GAME__109,Heuristic,MCTS-old-100,109,True,MCTS-old-100,1,9,8.515731573104858
main_tournament_resume_2,Heuristic__VS__MCTS-old-100__GAME__110,Heuristic,MCTS-old-100,110,False,Heuristic,1,14,13.337246179580688
main_tournament_resume_2,Heuristic__VS__MCTS-old-100__GAME__111,Heuristic,MCTS-old-100,111,True,Heuristic,-1,13,15.145586967468262
main_tournament_resume_2,Heuristic__VS__MCTS-old-100__GAME__112,Heuristic,MCTS-old-100,112,False,MCTS-old-100,-1,12,12.280457496643066
main_tournament_resume_2,Heuristic__VS__MCTS-old-100__GAME__113,Heuristic,MCTS-old-100,113,True,Heuristic,-1,18,24.127920150756836
main_tournament_resume_2,Heuristic__VS__MCTS-old-100__GAME__114,Heuristic,MCTS-old-100,114,False,Heuristic,1,7,4.993378639221191
main_tournament_resume_2,Heuristic__VS__MCTS-old-100__GAME__115,Heuristic,MCTS-old-100,115,True,Heuristic,-1,5,4.176807880401611
main_tournament_resume_2,Heuristic__VS__MCTS-old-100__GAME__116,Heuristic,MCTS-old-100,116,False,Heuristic,1,8,7.007331371307373
main_tournament_resume_2,Heuristic__VS__MCTS-old-100__GAME__117,Heuristic,MCTS-old-100,117,True,Heuristic,-1,5,4.7662272453308105
main_tournament_resume_2,Heuristic__VS__MCTS-old-100__GAME__118,Heuristic,MCTS-old-100,118,False,Heuristic,1,6,4.702246427536011
main_tournament_resume_2,Heuristic__VS__MCTS-old-100__GAME__119,Heuristic,MCTS-old-100,119,True,Heuristic,-1,16,17.552819967269897
main_tournament_resume_2,Heuristic__VS__MCTS-old-100__GAME__120,Heuristic,MCTS-old-100,120,False,Heuristic,1,4,2.7886836528778076
main_tournament_resume_2,Heuristic__VS__MCTS-old-100__GAME__121,Heuristic,MCTS-old-100,121,True,Heuristic,-1,9,8.25298810005188
main_tournament_resume_2,Heuristic__VS__MCTS-old-100__GAME__122,Heuristic,MCTS-old-100,122,False,Heuristic,1,6,4.751259088516235
main_tournament_resume_2,Heuristic__VS__MCTS-old-100__GAME__123,Heuristic,MCTS-old-100,123,True,Heuristic,-1,5,4.205618143081665
main_tournament_resume_2,Heuristic__VS__MCTS-old-100__GAME__124,Heuristic,MCTS-old-100,124,False,Heuristic,1,6,4.538132667541504
main_tournament_resume_2,Heuristic__VS__MCTS-old-100__GAME__125,Heuristic,MCTS-old-100,125,True,Heuristic,-1,13,11.990310192108154
main_tournament_resume_2,Heuristic__VS__MCTS-old-100__GAME__126,Heuristic,MCTS-old-100,126,False,Heuristic,1,6,4.8193519115448
main_tournament_resume_2,Heuristic__VS__MCTS-old-100__GAME__127,Heuristic,MCTS-old-100,127,True,Heuristic,-1,10,10.401962995529175
main_tournament_resume_2,Heuristic__VS__MCTS-old-100__GAME__128,Heuristic,MCTS-old-100,128,False,Heuristic,1,9,7.589858055114746
main_tournament_resume_2,Heuristic__VS__MCTS-old-100__GAME__129,Heuristic,MCTS-old-100,129,True,Heuristic,-1,5,4.204678535461426
main_tournament_resume_2,Heuristic__VS__MCTS-old-100__GAME__130,Heuristic,MCTS-old-100,130,False,Heuristic,1,6,4.469654321670532
main_tournament_resume_2,Heuristic__VS__MCTS-old-100__GAME__131,Heuristic,MCTS-old-100,131,True,Heuristic,-1,8,7.368440628051758
main_tournament_resume_2,Heuristic__VS__MCTS-old-100__GAME__132,Heuristic,MCTS-old-100,132,False,Heuristic,1,12,11.794929265975952
main_tournament_resume_2,Heuristic__VS__MCTS-old-100__GAME__133,Heuristic,MCTS-old-100,133,True,Heuristic,-1,9,7.7480409145355225
main_tournament_resume_2,Heuristic__VS__MCTS-old-100__GAME__134,Heuristic,MCTS-old-100,134,False,Heuristic,1,7,4.889833688735962
main_tournament_resume_2,Heuristic__VS__MCTS-old-100__GAME__135,Heuristic,MCTS-old-100,135,True,Heuristic,-1,10,10.516727924346924
main_tournament_resume_2,Heuristic__VS__MCTS-old-100__GAME__136,Heuristic,MCTS-old-100,136,False,Heuristic,1,7,4.924731254577637
main_tournament_resume_2,Heuristic__VS__MCTS-old-100__GAME__137,Heuristic,MCTS-old-100,137,True,Heuristic,-1,5,4.161282300949097
main_tournament_resume_2,Heuristic__VS__MCTS-old-100__GAME__138,Heuristic,MCTS-old-100,138,False,Heuristic,1,8,6.882025241851807
main_tournament_resume_2,Heuristic__VS__MCTS-old-100__GAME__139,Heuristic,MCTS-old-100,139,True,Heuristic,-1,9,8.583635568618774
main_tournament_resume_2,Heuristic__VS__MCTS-old-100__GAME__140,Heuristic,MCTS-old-100,140,False,Heuristic,1,6,4.698843717575073
main_tournament_resume_2,Heuristic__VS__MCTS-old-100__GAME__141,Heuristic,MCTS-old-100,141,True,Heuristic,-1,20,32.781567096710205
main_tournament_resume_2,Heuristic__VS__MCTS-old-100__GAME__142,Heuristic,MCTS-old-100,142,False,Heuristic,1,6,4.790468692779541
main_tournament_resume_2,Heuristic__VS__MCTS-old-100__GAME__143,Heuristic,MCTS-old-100,143,True,Heuristic,-1,5,4.462716102600098
main_tournament_resume_2,Heuristic__VS__MCTS-old-100__GAME__144,Heuristic,MCTS-old-100,144,False,Heuristic,1,10,8.592031002044678
main_tournament_resume_2,Heuristic__VS__MCTS-old-100__GAME__145,Heuristic,MCTS-old-100,145,True,MCTS-old-100,1,9,8.066987037658691
main_tournament_resume_2,Heuristic__VS__MCTS-old-100__GAME__146,Heuristic,MCTS-old-100,146,False,Heuristic,1,13,13.316950559616089
main_tournament_resume_2,Heuristic__VS__MCTS-old-100__GAME__147,Heuristic,MCTS-old-100,147,True,MCTS-old-100,1,9,7.83402419090271
main_tournament_resume_2,Heuristic__VS__MCTS-old-100__GAME__148,Heuristic,MCTS-old-100,148,False,Heuristic,1,8,8.252602815628052
main_tournament_resume_2,Heuristic__VS__MCTS-old-100__GAME__149,Heuristic,MCTS-old-100,149,True,Heuristic,-1,7,6.424263954162598
main_tournament_resume_2,Heuristic__VS__MCTS-old-100__GAME__150,Heuristic,MCTS-old-100,150,False,Heuristic,1,17,19.893566131591797
main_tournament_resume_2,Heuristic__VS__MCTS-old-100__GAME__151,Heuristic,MCTS-old-100,151,True,Heuristic,-1,8,6.955175161361694
main_tournament_resume_2,Heuristic__VS__MCTS-old-100__GAME__152,Heuristic,MCTS-old-100,152,False,Heuristic,1,12,11.08471965789795
main_tournament_resume_2,Heuristic__VS__MCTS-old-100__GAME__153,Heuristic,MCTS-old-100,153,True,Heuristic,-1,11,10.061721801757812
main_tournament_resume_2,Heuristic__VS__MCTS-old-100__GAME__154,Heuristic,MCTS-old-100,154,False,Heuristic,1,6,4.616584777832031
main_tournament_resume_2,Heuristic__VS__MCTS-old-100__GAME__155,Heuristic,MCTS-old-100,155,True,Heuristic,-1,24,37.4111545085907
main_tournament_resume_2,Heuristic__VS__MCTS-old-100__GAME__156,Heuristic,MCTS-old-100,156,False,Heuristic,1,13,14.302587747573853
main_tournament_resume_2,Heuristic__VS__MCTS-old-100__GAME__157,Heuristic,MCTS-old-100,157,True,Heuristic,-1,10,9.174957990646362
main_tournament_resume_2,Heuristic__VS__MCTS-old-100__GAME__158,Heuristic,MCTS-old-100,158,False,Heuristic,1,13,13.374539852142334
main_tournament_resume_2,Heuristic__VS__MCTS-old-100__GAME__159,Heuristic,MCTS-old-100,159,True,Heuristic,-1,7,6.591997146606445
main_tournament_resume_2,Heuristic__VS__MCTS-old-100__GAME__160,Heuristic,MCTS-old-100,160,False,MCTS-old-100,-1,18,22.917146921157837
main_tournament_resume_2,Heuristic__VS__MCTS-old-100__GAME__161,Heuristic,MCTS-old-100,161,True,Heuristic,-1,6,4.898895978927612
main_tournament_resume_2,Heuristic__VS__MCTS-old-100__GAME__162,Heuristic,MCTS-old-100,162,False,MCTS-old-100,-1,32,62.64192056655884
main_tournament_resume_2,Heuristic__VS__MCTS-old-100__GAME__163,Heuristic,MCTS-old-100,163,True,MCTS-old-100,1,7,6.380670547485352
main_tournament_resume_2,Heuristic__VS__MCTS-old-100__GAME__164,Heuristic,MCTS-old-100,164,False,Heuristic,1,9,8.544230461120605
main_tournament_resume_2,Heuristic__VS__MCTS-old-100__GAME__165,Heuristic,MCTS-old-100,165,True,Heuristic,-1,30,51.47955250740051
main_tournament_resume_2,Heuristic__VS__MCTS-old-100__GAME__166,Heuristic,MCTS-old-100,166,False,Heuristic,1,6,4.74841833114624
main_tournament_resume_2,Heuristic__VS__MCTS-old-100__GAME__167,Heuristic,MCTS-old-100,167,True,draw,0,50,64.6354455947876
main_tournament_resume_2,Heuristic__VS__MCTS-old-100__GAME__168,Heuristic,MCTS-old-100,168,False,Heuristic,1,6,4.693801164627075
main_tournament_resume_2,Heuristic__VS__MCTS-old-100__GAME__169,Heuristic,MCTS-old-100,169,True,MCTS-old-100,1,9,8.211530447006226
main_tournament_resume_2,Heuristic__VS__MCTS-old-100__GAME__170,Heuristic,MCTS-old-100,170,False,Heuristic,1,6,4.650043964385986
main_tournament_resume_2,Heuristic__VS__MCTS-old-100__GAME__171,Heuristic,MCTS-old-100,171,True,Heuristic,-1,11,12.183311700820923
main_tournament_resume_2,Heuristic__VS__MCTS-old-100__GAME__172,Heuristic,MCTS-old-100,172,False,Heuristic,1,4,3.0096805095672607
main_tournament_resume_2,Heuristic__VS__MCTS-old-100__GAME__173,Heuristic,MCTS-old-100,173,True,Heuristic,-1,8,7.060794115066528
main_tournament_resume_2,Heuristic__VS__MCTS-old-100__GAME__174,Heuristic,MCTS-old-100,174,False,Heuristic,1,11,10.965689420700073
main_tournament_resume_2,Heuristic__VS__MCTS-old-100__GAME__175,Heuristic,MCTS-old-100,175,True,Heuristic,-1,5,4.5316948890686035
main_tournament_resume_2,Heuristic__VS__MCTS-old-100__GAME__176,Heuristic,MCTS-old-100,176,False,Heuristic,1,10,11.449472904205322
main_tournament_resume_2,Heuristic__VS__MCTS-old-100__GAME__177,Heuristic,MCTS-old-100,177,True,Heuristic,-1,12,13.143088817596436
main_tournament_resume_2,Heuristic__VS__MCTS-old-100__GAME__178,Heuristic,MCTS-old-100,178,False,Heuristic,1,11,10.01594066619873
main_tournament_resume_2,Heuristic__VS__MCTS-old-100__GAME__179,Heuristic,MCTS-old-100,179,True,Heuristic,-1,17,18.535544872283936
main_tournament_resume_2,Heuristic__VS__MCTS-old-100__GAME__180,Heuristic,MCTS-old-100,180,False,Heuristic,1,4,2.911337375640869
main_tournament_resume_2,Heuristic__VS__MCTS-old-100__GAME__181,Heuristic,MCTS-old-100,181,True,Heuristic,-1,14,18.476617336273193
main_tournament_resume_2,Heuristic__VS__MCTS-old-100__GAME__182,Heuristic,MCTS-old-100,182,False,Heuristic,1,4,2.8917877674102783
main_tournament_resume_2,Heuristic__VS__MCTS-old-100__GAME__183,Heuristic,MCTS-old-100,183,True,MCTS-old-100,1,9,9.136138439178467
main_tournament_resume_2,Heuristic__VS__MCTS-old-100__GAME__184,Heuristic,MCTS-old-100,184,False,draw,0,50,102.1912579536438
main_tournament_resume_2,Heuristic__VS__MCTS-old-100__GAME__185,Heuristic,MCTS-old-100,185,True,Heuristic,-1,8,6.536900758743286
main_tournament_resume_2,Heuristic__VS__MCTS-old-100__GAME__186,Heuristic,MCTS-old-100,186,False,Heuristic,1,7,5.2614641189575195
main_tournament_resume_2,Heuristic__VS__MCTS-old-100__GAME__187,Heuristic,MCTS-old-100,187,True,Heuristic,-1,10,10.247231483459473
main_tournament_resume_2,Heuristic__VS__MCTS-old-100__GAME__188,Heuristic,MCTS-old-100,188,False,draw,0,50,120.58527255058289
main_tournament_resume_2,Heuristic__VS__MCTS-old-100__GAME__189,Heuristic,MCTS-old-100,189,True,Heuristic,-1,9,8.541138172149658
main_tournament_resume_2,Heuristic__VS__MCTS-old-100__GAME__190,Heuristic,MCTS-old-100,190,False,Heuristic,1,6,4.687790155410767
main_tournament_resume_2,Heuristic__VS__MCTS-old-100__GAME__191,Heuristic,MCTS-old-100,191,True,Heuristic,-1,14,16.36003589630127
main_tournament_resume_2,Heuristic__VS__MCTS-old-100__GAME__192,Heuristic,MCTS-old-100,192,False,Heuristic,1,13,12.113548994064331
main_tournament_resume_2,Heuristic__VS__MCTS-old-100__GAME__193,Heuristic,MCTS-old-100,193,True,Heuristic,-1,7,5.792386531829834
main_tournament_resume_2,Heuristic__VS__MCTS-old-100__GAME__194,Heuristic,MCTS-old-100,194,False,Heuristic,1,17,20.952566146850586
main_tournament_resume_2,Heuristic__VS__MCTS-old-100__GAME__195,Heuristic,MCTS-old-100,195,True,Heuristic,-1,5,4.917001724243164
main_tournament_resume_2,Heuristic__VS__MCTS-old-100__GAME__196,Heuristic,MCTS-old-100,196,False,Heuristic,1,7,5.2461676597595215
main_tournament_resume_2,Heuristic__VS__MCTS-old-100__GAME__197,Heuristic,MCTS-old-100,197,True,Heuristic,-1,5,4.285313844680786
main_tournament_resume_2,Heuristic__VS__MCTS-old-100__GAME__198,Heuristic,MCTS-old-100,198,False,Heuristic,1,6,5.124541521072388
main_tournament_resume_2,Heuristic__VS__MCTS-old-100__GAME__199,Heuristic,MCTS-old-100,199,True,MCTS-old-100,1,9,8.745848178863525
main_tournament_resume_2,Heuristic__VS__MCTS-new-100__GAME__0,Heuristic,MCTS-new-100,0,False,Heuristic,1,8,7.2300028800964355
main_tournament_resume_2,Heuristic__VS__MCTS-new-100__GAME__1,Heuristic,MCTS-new-100,1,True,Heuristic,-1,6,5.297500371932983
main_tournament_resume_2,Heuristic__VS__MCTS-new-100__GAME__2,Heuristic,MCTS-new-100,2,False,Heuristic,1,6,4.4179089069366455
main_tournament_resume_2,Heuristic__VS__MCTS-new-100__GAME__3,Heuristic,MCTS-new-100,3,True,Heuristic,-1,8,8.502597570419312
main_tournament_resume_2,Heuristic__VS__MCTS-new-100__GAME__4,Heuristic,MCTS-new-100,4,False,Heuristic,1,11,11.485621213912964
main_tournament_resume_2,Heuristic__VS__MCTS-new-100__GAME__5,Heuristic,MCTS-new-100,5,True,Heuristic,-1,16,19.597561359405518
main_tournament_resume_2,Heuristic__VS__MCTS-new-100__GAME__6,Heuristic,MCTS-new-100,6,False,Heuristic,1,10,8.604806423187256
main_tournament_resume_2,Heuristic__VS__MCTS-new-100__GAME__7,Heuristic,MCTS-new-100,7,True,MCTS-new-100,1,9,9.134427309036255
main_tournament_resume_2,Heuristic__VS__MCTS-new-100__GAME__8,Heuristic,MCTS-new-100,8,False,Heuristic,1,6,4.632176399230957
main_tournament_resume_2,Heuristic__VS__MCTS-new-100__GAME__9,Heuristic,MCTS-new-100,9,True,Heuristic,-1,5,4.347676515579224
main_tournament_resume_2,Heuristic__VS__MCTS-new-100__GAME__10,Heuristic,MCTS-new-100,10,False,Heuristic,1,11,10.261903762817383
main_tournament_resume_2,Heuristic__VS__MCTS-new-100__GAME__11,Heuristic,MCTS-new-100,11,True,draw,0,50,119.89195466041565
main_tournament_resume_2,Heuristic__VS__MCTS-new-100__GAME__12,Heuristic,MCTS-new-100,12,False,Heuristic,1,8,6.434921741485596
main_tournament_resume_2,Heuristic__VS__MCTS-new-100__GAME__13,Heuristic,MCTS-new-100,13,True,Heuristic,-1,5,4.3068766593933105
main_tournament_resume_2,Heuristic__VS__MCTS-new-100__GAME__14,Heuristic,MCTS-new-100,14,False,Heuristic,1,13,13.240112781524658
main_tournament_resume_2,Heuristic__VS__MCTS-new-100__GAME__15,Heuristic,MCTS-new-100,15,True,MCTS-new-100,1,11,12.242142915725708
main_tournament_resume_2,Heuristic__VS__MCTS-new-100__GAME__16,Heuristic,MCTS-new-100,16,False,Heuristic,1,19,27.746543645858765
main_tournament_resume_2,Heuristic__VS__MCTS-new-100__GAME__17,Heuristic,MCTS-new-100,17,True,Heuristic,-1,10,9.418798923492432
main_tournament_resume_2,Heuristic__VS__MCTS-new-100__GAME__18,Heuristic,MCTS-new-100,18,False,Heuristic,1,9,7.91517448425293
main_tournament_resume_2,Heuristic__VS__MCTS-new-100__GAME__19,Heuristic,MCTS-new-100,19,True,Heuristic,-1,16,25.773767709732056
main_tournament_resume_2,Heuristic__VS__MCTS-new-100__GAME__20,Heuristic,MCTS-new-100,20,False,Heuristic,1,29,53.78850769996643
main_tournament_resume_2,Heuristic__VS__MCTS-new-100__GAME__21,Heuristic,MCTS-new-100,21,True,MCTS-new-100,1,13,16.361982107162476
main_tournament_resume_2,Heuristic__VS__MCTS-new-100__GAME__22,Heuristic,MCTS-new-100,22,False,Heuristic,1,6,4.877424955368042
main_tournament_resume_2,Heuristic__VS__MCTS-new-100__GAME__23,Heuristic,MCTS-new-100,23,True,Heuristic,-1,18,23.11209201812744
main_tournament_resume_2,Heuristic__VS__MCTS-new-100__GAME__24,Heuristic,MCTS-new-100,24,False,Heuristic,1,9,10.533913850784302
main_tournament_resume_2,Heuristic__VS__MCTS-new-100__GAME__25,Heuristic,MCTS-new-100,25,True,Heuristic,-1,9,10.14205265045166
main_tournament_resume_2,Heuristic__VS__MCTS-new-100__GAME__26,Heuristic,MCTS-new-100,26,False,Heuristic,1,11,10.490885496139526
main_tournament_resume_2,Heuristic__VS__MCTS-new-100__GAME__27,Heuristic,MCTS-new-100,27,True,Heuristic,-1,9,11.302781820297241
main_tournament_resume_2,Heuristic__VS__MCTS-new-100__GAME__28,Heuristic,MCTS-new-100,28,False,Heuristic,1,9,9.746633768081665
main_tournament_resume_2,Heuristic__VS__MCTS-new-100__GAME__29,Heuristic,MCTS-new-100,29,True,Heuristic,-1,10,9.806763887405396
main_tournament_resume_2,Heuristic__VS__MCTS-new-100__GAME__30,Heuristic,MCTS-new-100,30,False,Heuristic,1,13,14.437365770339966
main_tournament_resume_2,Heuristic__VS__MCTS-new-100__GAME__31,Heuristic,MCTS-new-100,31,True,Heuristic,-1,5,4.906317234039307
main_tournament_resume_2,Heuristic__VS__MCTS-new-100__GAME__32,Heuristic,MCTS-new-100,32,False,Heuristic,1,15,17.19886803627014
main_tournament_resume_2,Heuristic__VS__MCTS-new-100__GAME__33,Heuristic,MCTS-new-100,33,True,MCTS-new-100,1,7,6.494719743728638
main_tournament_resume_2,Heuristic__VS__MCTS-new-100__GAME__34,Heuristic,MCTS-new-100,34,False,Heuristic,1,5,3.736589193344116
main_tournament_resume_2,Heuristic__VS__MCTS-new-100__GAME__35,Heuristic,MCTS-new-100,35,True,Heuristic,-1,8,7.229706525802612
main_tournament_resume_2,Heuristic__VS__MCTS-new-100__GAME__36,Heuristic,MCTS-new-100,36,False,Heuristic,1,6,4.880872964859009
main_tournament_resume_2,Heuristic__VS__MCTS-new-100__GAME__37,Heuristic,MCTS-new-100,37,True,Heuristic,-1,12,12.583342552185059
main_tournament_resume_2,Heuristic__VS__MCTS-new-100__GAME__38,Heuristic,MCTS-new-100,38,False,Heuristic,1,4,2.9936885833740234
main_tournament_resume_2,Heuristic__VS__MCTS-new-100__GAME__39,Heuristic,MCTS-new-100,39,True,Heuristic,-1,22,33.851221561431885
main_tournament_resume_2,Heuristic__VS__MCTS-new-100__GAME__40,Heuristic,MCTS-new-100,40,False,Heuristic,1,15,19.162850856781006
main_tournament_resume_2,Heuristic__VS__MCTS-new-100__GAME__41,Heuristic,MCTS-new-100,41,True,Heuristic,-1,6,4.950484991073608
main_tournament_resume_2,Heuristic__VS__MCTS-new-100__GAME__42,Heuristic,MCTS-new-100,42,False,draw,0,50,62.58799910545349
main_tournament_resume_2,Heuristic__VS__MCTS-new-100__GAME__43,Heuristic,MCTS-new-100,43,True,Heuristic,-1,12,12.46994948387146
main_tournament_resume_2,Heuristic__VS__MCTS-new-100__GAME__44,Heuristic,MCTS-new-100,44,False,Heuristic,1,11,10.910562515258789
main_tournament_resume_2,Heuristic__VS__MCTS-new-100__GAME__45,Heuristic,MCTS-new-100,45,True,MCTS-new-100,1,13,15.355060577392578
main_tournament_resume_2,Heuristic__VS__MCTS-new-100__GAME__46,Heuristic,MCTS-new-100,46,False,Heuristic,1,7,5.368978261947632
main_tournament_resume_2,Heuristic__VS__MCTS-new-100__GAME__47,Heuristic,MCTS-new-100,47,True,Heuristic,-1,6,5.046615123748779
main_tournament_resume_2,Heuristic__VS__MCTS-new-100__GAME__48,Heuristic,MCTS-new-100,48,False,Heuristic,1,6,4.761719465255737
main_tournament_resume_2,Heuristic__VS__MCTS-new-100__GAME__49,Heuristic,MCTS-new-100,49,True,Heuristic,-1,7,6.555568218231201
main_tournament_resume_2,Heuristic__VS__MCTS-new-100__GAME__50,Heuristic,MCTS-new-100,50,False,MCTS-new-100,-1,10,10.100591659545898
main_tournament_resume_2,Heuristic__VS__MCTS-new-100__GAME__51,Heuristic,MCTS-new-100,51,True,Heuristic,-1,9,8.914786577224731
main_tournament_resume_2,Heuristic__VS__MCTS-new-100__GAME__52,Heuristic,MCTS-new-100,52,False,Heuristic,1,6,4.7137696743011475
main_tournament_resume_2,Heuristic__VS__MCTS-new-100__GAME__53,Heuristic,MCTS-new-100,53,True,MCTS-new-100,1,9,9.59022068977356
main_tournament_resume_2,Heuristic__VS__MCTS-new-100__GAME__54,Heuristic,MCTS-new-100,54,False,Heuristic,1,7,5.134087800979614
main_tournament_resume_2,Heuristic__VS__MCTS-new-100__GAME__55,Heuristic,MCTS-new-100,55,True,Heuristic,-1,13,17.690327882766724
main_tournament_resume_2,Heuristic__VS__MCTS-new-100__GAME__56,Heuristic,MCTS-new-100,56,False,Heuristic,1,4,2.9611709117889404
main_tournament_resume_2,Heuristic__VS__MCTS-new-100__GAME__57,Heuristic,MCTS-new-100,57,True,MCTS-new-100,1,9,9.293071031570435
main_tournament_resume_2,Heuristic__VS__MCTS-new-100__GAME__58,Heuristic,MCTS-new-100,58,False,Heuristic,1,7,5.134621858596802
main_tournament_resume_2,Heuristic__VS__MCTS-new-100__GAME__59,Heuristic,MCTS-new-100,59,True,MCTS-new-100,1,9,10.13502836227417
main_tournament_resume_2,Heuristic__VS__MCTS-new-100__GAME__60,Heuristic,MCTS-new-100,60,False,Heuristic,1,5,3.762197732925415
main_tournament_resume_2,Heuristic__VS__MCTS-new-100__GAME__61,Heuristic,MCTS-new-100,61,True,Heuristic,-1,7,6.463684558868408
main_tournament_resume_2,Heuristic__VS__MCTS-new-100__GAME__62,Heuristic,MCTS-new-100,62,False,MCTS-new-100,-1,10,10.132359981536865
main_tournament_resume_2,Heuristic__VS__MCTS-new-100__GAME__63,Heuristic,MCTS-new-100,63,True,Heuristic,-1,10,10.634018421173096
main_tournament_resume_2,Heuristic__VS__MCTS-new-100__GAME__64,Heuristic,MCTS-new-100,64,False,Heuristic,1,17,22.79533886909485
main_tournament_resume_2,Heuristic__VS__MCTS-new-100__GAME__65,Heuristic,MCTS-new-100,65,True,Heuristic,-1,8,7.117401361465454
main_tournament_resume_2,Heuristic__VS__MCTS-new-100__GAME__66,Heuristic,MCTS-new-100,66,False,Heuristic,1,31,55.968321084976196
main_tournament_resume_2,Heuristic__VS__MCTS-new-100__GAME__67,Heuristic,MCTS-new-100,67,True,Heuristic,-1,7,7.263608932495117
main_tournament_resume_2,Heuristic__VS__MCTS-new-100__GAME__68,Heuristic,MCTS-new-100,68,False,Heuristic,1,6,5.299126625061035
main_tournament_resume_2,Heuristic__VS__MCTS-new-100__GAME__69,Heuristic,MCTS-new-100,69,True,Heuristic,-1,6,5.173108816146851
main_tournament_resume_2,Heuristic__VS__MCTS-new-100__GAME__70,Heuristic,MCTS-new-100,70,False,Heuristic,1,11,11.025865316390991
main_tournament_resume_2,Heuristic__VS__MCTS-new-100__GAME__71,Heuristic,MCTS-new-100,71,True,Heuristic,-1,9,11.445985078811646
main_tournament_resume_2,Heuristic__VS__MCTS-new-100__GAME__72,Heuristic,MCTS-new-100,72,False,Heuristic,1,9,7.742855548858643
main_tournament_resume_2,Heuristic__VS__MCTS-new-100__GAME__73,Heuristic,MCTS-new-100,73,True,MCTS-new-100,1,33,74.54019713401794
main_tournament_resume_2,Heuristic__VS__MCTS-new-100__GAME__74,Heuristic,MCTS-new-100,74,False,MCTS-new-100,-1,8,6.593376636505127
main_tournament_resume_2,Heuristic__VS__MCTS-new-100__GAME__75,Heuristic,MCTS-new-100,75,True,Heuristic,-1,8,7.130741834640503
main_tournament_resume_2,Heuristic__VS__MCTS-new-100__GAME__76,Heuristic,MCTS-new-100,76,False,Heuristic,1,7,5.898545026779175
main_tournament_resume_2,Heuristic__VS__MCTS-new-100__GAME__77,Heuristic,MCTS-new-100,77,True,Heuristic,-1,7,6.209296226501465
main_tournament_resume_2,Heuristic__VS__MCTS-new-100__GAME__78,Heuristic,MCTS-new-100,78,False,Heuristic,1,7,5.9162437915802
main_tournament_resume_2,Heuristic__VS__MCTS-new-100__GAME__79,Heuristic,MCTS-new-100,79,True,Heuristic,-1,12,15.717450857162476
main_tournament_resume_2,Heuristic__VS__MCTS-new-100__GAME__80,Heuristic,MCTS-new-100,80,False,MCTS-new-100,-1,14,14.870011806488037
main_tournament_resume_2,Heuristic__VS__MCTS-new-100__GAME__81,Heuristic,MCTS-new-100,81,True,Heuristic,-1,10,9.515556573867798
main_tournament_resume_2,Heuristic__VS__MCTS-new-100__GAME__82,Heuristic,MCTS-new-100,82,False,Heuristic,1,4,3.1499390602111816
main_tournament_resume_2,Heuristic__VS__MCTS-new-100__GAME__83,Heuristic,MCTS-new-100,83,True,Heuristic,-1,16,19.87391757965088
main_tournament_resume_2,Heuristic__VS__MCTS-new-100__GAME__84,Heuristic,MCTS-new-100,84,False,Heuristic,1,5,3.363882064819336
main_tournament_resume_2,Heuristic__VS__MCTS-new-100__GAME__85,Heuristic,MCTS-new-100,85,True,Heuristic,-1,8,8.697418689727783
main_tournament_resume_2,Heuristic__VS__MCTS-new-100__GAME__86,Heuristic,MCTS-new-100,86,False,Heuristic,1,7,6.582804441452026
main_tournament_resume_2,Heuristic__VS__MCTS-new-100__GAME__87,Heuristic,MCTS-new-100,87,True,Heuristic,-1,12,11.771275281906128
main_tournament_resume_2,Heuristic__VS__MCTS-new-100__GAME__88,Heuristic,MCTS-new-100,88,False,Heuristic,1,7,5.4321699142456055
main_tournament_resume_2,Heuristic__VS__MCTS-new-100__GAME__89,Heuristic,MCTS-new-100,89,True,draw,0,50,78.59165787696838
main_tournament_resume_2,Heuristic__VS__MCTS-new-100__GAME__90,Heuristic,MCTS-new-100,90,False,Heuristic,1,6,4.6221582889556885
main_tournament_resume_2,Heuristic__VS__MCTS-new-100__GAME__91,Heuristic,MCTS-new-100,91,True,Heuristic,-1,5,5.7189977169036865
main_tournament_resume_2,Heuristic__VS__MCTS-new-100__GAME__92,Heuristic,MCTS-new-100,92,False,Heuristic,1,6,5.9025719165802
main_tournament_resume_2,Heuristic__VS__MCTS-new-100__GAME__93,Heuristic,MCTS-new-100,93,True,Heuristic,-1,18,25.70174813270569
main_tournament_resume_2,Heuristic__VS__MCTS-new-100__GAME__94,Heuristic,MCTS-new-100,94,False,Heuristic,1,9,9.58587908744812
main_tournament_resume_2,Heuristic__VS__MCTS-new-100__GAME__95,Heuristic,MCTS-new-100,95,True,Heuristic,-1,12,15.10591745376587
main_tournament_resume_2,Heuristic__VS__MCTS-new-100__GAME__96,Heuristic,MCTS-new-100,96,False,Heuristic,1,7,5.088399171829224
main_tournament_resume_2,Heuristic__VS__MCTS-new-100__GAME__97,Heuristic,MCTS-new-100,97,True,Heuristic,-1,12,13.31229281425476
main_tournament_resume_2,Heuristic__VS__MCTS-new-100__GAME__98,Heuristic,MCTS-new-100,98,False,Heuristic,1,21,31.09300398826599
main_tournament_resume_2,Heuristic__VS__MCTS-new-100__GAME__99,Heuristic,MCTS-new-100,99,True,draw,0,50,75.28450298309326
main_tournament_resume_2,Heuristic__VS__MCTS-new-100__GAME__100,Heuristic,MCTS-new-100,100,False,Heuristic,1,6,4.795987129211426
main_tournament_resume_2,Heuristic__VS__MCTS-new-100__GAME__101,Heuristic,MCTS-new-100,101,True,MCTS-new-100,1,9,8.675876140594482
main_tournament_resume_2,Heuristic__VS__MCTS-new-100__GAME__102,Heuristic,MCTS-new-100,102,False,Heuristic,1,6,4.724009037017822
main_tournament_resume_2,Heuristic__VS__MCTS-new-100__GAME__103,Heuristic,MCTS-new-100,103,True,draw,0,50,63.504613637924194
main_tournament_resume_2,Heuristic__VS__MCTS-new-100__GAME__104,Heuristic,MCTS-new-100,104,False,MCTS-new-100,-1,12,10.99444055557251
main_tournament_resume_2,Heuristic__VS__MCTS-new-100__GAME__105,Heuristic,MCTS-new-100,105,True,MCTS-new-100,1,15,21.929361820220947
main_tournament_resume_2,Heuristic__VS__MCTS-new-100__GAME__106,Heuristic,MCTS-new-100,106,False,Heuristic,1,22,38.63990116119385
main_tournament_resume_2,Heuristic__VS__MCTS-new-100__GAME__107,Heuristic,MCTS-new-100,107,True,Heuristic,-1,7,5.769016981124878
main_tournament_resume_2,Heuristic__VS__MCTS-new-100__GAME__108,Heuristic,MCTS-new-100,108,False,Heuristic,1,6,6.178815841674805
main_tournament_resume_2,Heuristic__VS__MCTS-new-100__GAME__109,Heuristic,MCTS-new-100,109,True,Heuristic,-1,5,4.229262351989746
main_tournament_resume_2,Heuristic__VS__MCTS-new-100__GAME__110,Heuristic,MCTS-new-100,110,False,Heuristic,1,4,2.8605411052703857
main_tournament_resume_2,Heuristic__VS__MCTS-new-100__GAME__111,Heuristic,MCTS-new-100,111,True,draw,0,50,117.2031455039978
main_tournament_resume_2,Heuristic__VS__MCTS-new-100__GAME__112,Heuristic,MCTS-new-100,112,False,Heuristic,1,4,2.9397013187408447
main_tournament_resume_2,Heuristic__VS__MCTS-new-100__GAME__113,Heuristic,MCTS-new-100,113,True,MCTS-new-100,1,11,10.58219027519226
main_tournament_resume_2,Heuristic__VS__MCTS-new-100__GAME__114,Heuristic,MCTS-new-100,114,False,Heuristic,1,6,5.454974174499512
main_tournament_resume_2,Heuristic__VS__MCTS-new-100__GAME__115,Heuristic,MCTS-new-100,115,True,Heuristic,-1,6,4.95662522315979
main_tournament_resume_2,Heuristic__VS__MCTS-new-100__GAME__116,Heuristic,MCTS-new-100,116,False,Heuristic,1,6,5.137861490249634
main_tournament_resume_2,Heuristic__VS__MCTS-new-100__GAME__117,Heuristic,MCTS-new-100,117,True,Heuristic,-1,8,7.438127040863037
main_tournament_resume_2,Heuristic__VS__MCTS-new-100__GAME__118,Heuristic,MCTS-new-100,118,False,Heuristic,1,6,4.904315710067749
main_tournament_resume_2,Heuristic__VS__MCTS-new-100__GAME__119,Heuristic,MCTS-new-100,119,True,Heuristic,-1,10,9.89421033859253
main_tournament_resume_2,Heuristic__VS__MCTS-new-100__GAME__120,Heuristic,MCTS-new-100,120,False,Heuristic,1,15,33.05037307739258
main_tournament_resume_2,Heuristic__VS__MCTS-new-100__GAME__121,Heuristic,MCTS-new-100,121,True,Heuristic,-1,7,6.172656059265137
main_tournament_resume_2,Heuristic__VS__MCTS-new-100__GAME__122,Heuristic,MCTS-new-100,122,False,Heuristic,1,6,5.267598867416382
main_tournament_resume_2,Heuristic__VS__MCTS-new-100__GAME__123,Heuristic,MCTS-new-100,123,True,MCTS-new-100,1,9,10.173790693283081
main_tournament_resume_2,Heuristic__VS__MCTS-new-100__GAME__124,Heuristic,MCTS-new-100,124,False,Heuristic,1,9,7.4865007400512695
main_tournament_resume_2,Heuristic__VS__MCTS-new-100__GAME__125,Heuristic,MCTS-new-100,125,True,Heuristic,-1,5,4.206625699996948
main_tournament_resume_2,Heuristic__VS__MCTS-new-100__GAME__126,Heuristic,MCTS-new-100,126,False,Heuristic,1,4,3.034231662750244
main_tournament_resume_2,Heuristic__VS__MCTS-new-100__GAME__127,Heuristic,MCTS-new-100,127,True,Heuristic,-1,8,7.177850961685181
main_tournament_resume_2,Heuristic__VS__MCTS-new-100__GAME__128,Heuristic,MCTS-new-100,128,False,Heuristic,1,5,3.425945997238159
main_tournament_resume_2,Heuristic__VS__MCTS-new-100__GAME__129,Heuristic,MCTS-new-100,129,True,Heuristic,-1,9,8.49820065498352
main_tournament_resume_2,Heuristic__VS__MCTS-new-100__GAME__130,Heuristic,MCTS-new-100,130,False,Heuristic,1,6,5.909996509552002
main_tournament_resume_2,Heuristic__VS__MCTS-new-100__GAME__131,Heuristic,MCTS-new-100,131,True,Heuristic,-1,9,8.292749166488647
main_tournament_resume_2,Heuristic__VS__MCTS-new-100__GAME__132,Heuristic,MCTS-new-100,132,False,Heuristic,1,8,7.73233962059021
main_tournament_resume_2,Heuristic__VS__MCTS-new-100__GAME__133,Heuristic,MCTS-new-100,133,True,Heuristic,-1,10,12.453493356704712
main_tournament_resume_2,Heuristic__VS__MCTS-new-100__GAME__134,Heuristic,MCTS-new-100,134,False,Heuristic,1,9,8.252985715866089
main_tournament_resume_2,Heuristic__VS__MCTS-new-100__GAME__135,Heuristic,MCTS-new-100,135,True,Heuristic,-1,12,14.528372287750244
main_tournament_resume_2,Heuristic__VS__MCTS-new-100__GAME__136,Heuristic,MCTS-new-100,136,False,Heuristic,1,6,4.97771954536438
main_tournament_resume_2,Heuristic__VS__MCTS-new-100__GAME__137,Heuristic,MCTS-new-100,137,True,Heuristic,-1,10,10.683154106140137
main_tournament_resume_2,Heuristic__VS__MCTS-new-100__GAME__138,Heuristic,MCTS-new-100,138,False,Heuristic,1,15,18.501111268997192
main_tournament_resume_2,Heuristic__VS__MCTS-new-100__GAME__139,Heuristic,MCTS-new-100,139,True,Heuristic,-1,11,11.637142181396484
main_tournament_resume_2,Heuristic__VS__MCTS-new-100__GAME__140,Heuristic,MCTS-new-100,140,False,Heuristic,1,10,9.708749294281006
main_tournament_resume_2,Heuristic__VS__MCTS-new-100__GAME__141,Heuristic,MCTS-new-100,141,True,Heuristic,-1,15,17.201868772506714
main_tournament_resume_2,Heuristic__VS__MCTS-new-100__GAME__142,Heuristic,MCTS-new-100,142,False,Heuristic,1,8,8.640742063522339
main_tournament_resume_2,Heuristic__VS__MCTS-new-100__GAME__143,Heuristic,MCTS-new-100,143,True,Heuristic,-1,15,19.30849003791809
main_tournament_resume_2,Heuristic__VS__MCTS-new-100__GAME__144,Heuristic,MCTS-new-100,144,False,Heuristic,1,6,4.751330375671387
main_tournament_resume_2,Heuristic__VS__MCTS-new-100__GAME__145,Heuristic,MCTS-new-100,145,True,Heuristic,-1,12,11.183881998062134
main_tournament_resume_2,Heuristic__VS__MCTS-new-100__GAME__146,Heuristic,MCTS-new-100,146,False,Heuristic,1,19,29.41318106651306
main_tournament_resume_2,Heuristic__VS__MCTS-new-100__GAME__147,Heuristic,MCTS-new-100,147,True,Heuristic,-1,10,9.678472757339478
main_tournament_resume_2,Heuristic__VS__MCTS-new-100__GAME__148,Heuristic,MCTS-new-100,148,False,Heuristic,1,5,3.1850948333740234
main_tournament_resume_2,Heuristic__VS__MCTS-new-100__GAME__149,Heuristic,MCTS-new-100,149,True,MCTS-new-100,1,17,28.744515419006348
main_tournament_resume_2,Heuristic__VS__MCTS-new-100__GAME__150,Heuristic,MCTS-new-100,150,False,Heuristic,1,7,4.982762098312378
main_tournament_resume_2,Heuristic__VS__MCTS-new-100__GAME__151,Heuristic,MCTS-new-100,151,True,MCTS-new-100,1,9,10.375467777252197
main_tournament_resume_2,Heuristic__VS__MCTS-new-100__GAME__152,Heuristic,MCTS-new-100,152,False,Heuristic,1,14,15.186812400817871
main_tournament_resume_2,Heuristic__VS__MCTS-new-100__GAME__153,Heuristic,MCTS-new-100,153,True,Heuristic,-1,17,26.384777307510376
main_tournament_resume_2,Heuristic__VS__MCTS-new-100__GAME__154,Heuristic,MCTS-new-100,154,False,MCTS-new-100,-1,10,9.226900815963745
main_tournament_resume_2,Heuristic__VS__MCTS-new-100__GAME__155,Heuristic,MCTS-new-100,155,True,Heuristic,-1,14,16.800633668899536
main_tournament_resume_2,Heuristic__VS__MCTS-new-100__GAME__156,Heuristic,MCTS-new-100,156,False,Heuristic,1,6,5.737807512283325
main_tournament_resume_2,Heuristic__VS__MCTS-new-100__GAME__157,Heuristic,MCTS-new-100,157,True,Heuristic,-1,5,4.29815149307251
main_tournament_resume_2,Heuristic__VS__MCTS-new-100__GAME__158,Heuristic,MCTS-new-100,158,False,Heuristic,1,11,9.73195195198059
main_tournament_resume_2,Heuristic__VS__MCTS-new-100__GAME__159,Heuristic,MCTS-new-100,159,True,Heuristic,-1,6,5.526674270629883
main_tournament_resume_2,Heuristic__VS__MCTS-new-100__GAME__160,Heuristic,MCTS-new-100,160,False,Heuristic,1,9,8.111624956130981
main_tournament_resume_2,Heuristic__VS__MCTS-new-100__GAME__161,Heuristic,MCTS-new-100,161,True,Heuristic,-1,16,22.236029624938965
main_tournament_resume_2,Heuristic__VS__MCTS-new-100__GAME__162,Heuristic,MCTS-new-100,162,False,Heuristic,1,17,19.911875247955322
main_tournament_resume_2,Heuristic__VS__MCTS-new-100__GAME__163,Heuristic,MCTS-new-100,163,True,MCTS-new-100,1,13,16.216400861740112
main_tournament_resume_2,Heuristic__VS__MCTS-new-100__GAME__164,Heuristic,MCTS-new-100,164,False,Heuristic,1,9,8.344411134719849
main_tournament_resume_2,Heuristic__VS__MCTS-new-100__GAME__165,Heuristic,MCTS-new-100,165,True,Heuristic,-1,24,44.65615677833557
main_tournament_resume_2,Heuristic__VS__MCTS-new-100__GAME__166,Heuristic,MCTS-new-100,166,False,Heuristic,1,4,2.94899320602417
main_tournament_resume_2,Heuristic__VS__MCTS-new-100__GAME__167,Heuristic,MCTS-new-100,167,True,Heuristic,-1,31,47.535829067230225
main_tournament_resume_2,Heuristic__VS__MCTS-new-100__GAME__168,Heuristic,MCTS-new-100,168,False,Heuristic,1,6,5.025432586669922
main_tournament_resume_2,Heuristic__VS__MCTS-new-100__GAME__169,Heuristic,MCTS-new-100,169,True,Heuristic,-1,48,85.40416026115417
main_tournament_resume_2,Heuristic__VS__MCTS-new-100__GAME__170,Heuristic,MCTS-new-100,170,False,Heuristic,1,6,4.53403377532959
main_tournament_resume_2,Heuristic__VS__MCTS-new-100__GAME__171,Heuristic,MCTS-new-100,171,True,Heuristic,-1,8,8.153566598892212
main_tournament_resume_2,Heuristic__VS__MCTS-new-100__GAME__172,Heuristic,MCTS-new-100,172,False,Heuristic,1,13,14.507276773452759
main_tournament_resume_2,Heuristic__VS__MCTS-new-100__GAME__173,Heuristic,MCTS-new-100,173,True,Heuristic,-1,14,15.858630657196045
main_tournament_resume_2,Heuristic__VS__MCTS-new-100__GAME__174,Heuristic,MCTS-new-100,174,False,MCTS-new-100,-1,8,5.944344758987427
main_tournament_resume_2,Heuristic__VS__MCTS-new-100__GAME__175,Heuristic,MCTS-new-100,175,True,Heuristic,-1,12,12.109743118286133
main_tournament_resume_2,Heuristic__VS__MCTS-new-100__GAME__176,Heuristic,MCTS-new-100,176,False,Heuristic,1,7,4.760890960693359
main_tournament_resume_2,Heuristic__VS__MCTS-new-100__GAME__177,Heuristic,MCTS-new-100,177,True,Heuristic,-1,5,4.494498014450073
main_tournament_resume_2,Heuristic__VS__MCTS-new-100__GAME__178,Heuristic,MCTS-new-100,178,False,Heuristic,1,6,4.517325162887573
main_tournament_resume_2,Heuristic__VS__MCTS-new-100__GAME__179,Heuristic,MCTS-new-100,179,True,MCTS-new-100,1,9,9.563175439834595
main_tournament_resume_2,Heuristic__VS__MCTS-new-100__GAME__180,Heuristic,MCTS-new-100,180,False,Heuristic,1,6,4.732645273208618
main_tournament_resume_2,Heuristic__VS__MCTS-new-100__GAME__181,Heuristic,MCTS-new-100,181,True,Heuristic,-1,10,9.268331527709961
main_tournament_resume_2,Heuristic__VS__MCTS-new-100__GAME__182,Heuristic,MCTS-new-100,182,False,draw,0,50,60.301453828811646
main_tournament_resume_2,Heuristic__VS__MCTS-new-100__GAME__183,Heuristic,MCTS-new-100,183,True,Heuristic,-1,10,12.08574104309082
main_tournament_resume_2,Heuristic__VS__MCTS-new-100__GAME__184,Heuristic,MCTS-new-100,184,False,Heuristic,1,4,2.827380895614624
main_tournament_resume_2,Heuristic__VS__MCTS-new-100__GAME__185,Heuristic,MCTS-new-100,185,True,Heuristic,-1,13,14.30296778678894
main_tournament_resume_2,Heuristic__VS__MCTS-new-100__GAME__186,Heuristic,MCTS-new-100,186,False,Heuristic,1,19,23.643184423446655
main_tournament_resume_2,Heuristic__VS__MCTS-new-100__GAME__187,Heuristic,MCTS-new-100,187,True,Heuristic,-1,22,35.339691162109375
main_tournament_resume_2,Heuristic__VS__MCTS-new-100__GAME__188,Heuristic,MCTS-new-100,188,False,Heuristic,1,6,5.071903228759766
main_tournament_resume_2,Heuristic__VS__MCTS-new-100__GAME__189,Heuristic,MCTS-new-100,189,True,Heuristic,-1,10,11.353620767593384
main_tournament_resume_2,Heuristic__VS__MCTS-new-100__GAME__190,Heuristic,MCTS-new-100,190,False,MCTS-new-100,-1,10,8.270682573318481
main_tournament_resume_2,Heuristic__VS__MCTS-new-100__GAME__191,Heuristic,MCTS-new-100,191,True,Heuristic,-1,14,16.28889751434326
main_tournament_resume_2,Heuristic__VS__MCTS-new-100__GAME__192,Heuristic,MCTS-new-100,192,False,Heuristic,1,5,3.282034397125244
main_tournament_resume_2,Heuristic__VS__MCTS-new-100__GAME__193,Heuristic,MCTS-new-100,193,True,Heuristic,-1,10,9.422703504562378
main_tournament_resume_2,Heuristic__VS__MCTS-new-100__GAME__194,Heuristic,MCTS-new-100,194,False,Heuristic,1,7,5.286987781524658
main_tournament_resume_2,Heuristic__VS__MCTS-new-100__GAME__195,Heuristic,MCTS-new-100,195,True,Heuristic,-1,6,4.885611295700073
main_tournament_resume_2,Heuristic__VS__MCTS-new-100__GAME__196,Heuristic,MCTS-new-100,196,False,Heuristic,1,27,48.188050746917725
main_tournament_resume_2,Heuristic__VS__MCTS-new-100__GAME__197,Heuristic,MCTS-new-100,197,True,Heuristic,-1,19,29.221661806106567
main_tournament_resume_2,Heuristic__VS__MCTS-new-100__GAME__198,Heuristic,MCTS-new-100,198,False,Heuristic,1,4,2.9559550285339355
main_tournament_resume_2,Heuristic__VS__MCTS-new-100__GAME__199,Heuristic,MCTS-new-100,199,True,Heuristic,-1,5,5.063406467437744
main_tournament_resume_2,AlphaBeta-new-d3__VS__MCTS-old-100__GAME__0,AlphaBeta-new-d3,MCTS-old-100,0,False,AlphaBeta-new-d3,1,6,6.814044952392578
main_tournament_resume_2,AlphaBeta-new-d3__VS__MCTS-old-100__GAME__1,AlphaBeta-new-d3,MCTS-old-100,1,True,MCTS-old-100,1,31,54.38480496406555
main_tournament_resume_2,AlphaBeta-new-d3__VS__MCTS-old-100__GAME__2,AlphaBeta-new-d3,MCTS-old-100,2,False,MCTS-old-100,-1,8,10.061447858810425
main_tournament_resume_2,AlphaBeta-new-d3__VS__MCTS-old-100__GAME__3,AlphaBeta-new-d3,MCTS-old-100,3,True,MCTS-old-100,1,9,10.203341484069824
main_tournament_resume_2,AlphaBeta-new-d3__VS__MCTS-old-100__GAME__4,AlphaBeta-new-d3,MCTS-old-100,4,False,MCTS-old-100,-1,6,5.707088947296143
main_tournament_resume_2,AlphaBeta-new-d3__VS__MCTS-old-100__GAME__5,AlphaBeta-new-d3,MCTS-old-100,5,True,MCTS-old-100,1,7,8.230494737625122
main_tournament_resume_2,AlphaBeta-new-d3__VS__MCTS-old-100__GAME__6,AlphaBeta-new-d3,MCTS-old-100,6,False,AlphaBeta-new-d3,1,8,10.61233401298523
main_tournament_resume_2,AlphaBeta-new-d3__VS__MCTS-old-100__GAME__7,AlphaBeta-new-d3,MCTS-old-100,7,True,MCTS-old-100,1,10,13.293460130691528
main_tournament_resume_2,AlphaBeta-new-d3__VS__MCTS-old-100__GAME__8,AlphaBeta-new-d3,MCTS-old-100,8,False,MCTS-old-100,-1,8,8.794630765914917
main_tournament_resume_2,AlphaBeta-new-d3__VS__MCTS-old-100__GAME__9,AlphaBeta-new-d3,MCTS-old-100,9,True,AlphaBeta-new-d3,-1,9,11.311136722564697
main_tournament_resume_2,AlphaBeta-new-d3__VS__MCTS-old-100__GAME__10,AlphaBeta-new-d3,MCTS-old-100,10,False,MCTS-old-100,-1,6,6.646090507507324
main_tournament_resume_2,AlphaBeta-new-d3__VS__MCTS-old-100__GAME__11,AlphaBeta-new-d3,MCTS-old-100,11,True,MCTS-old-100,1,7,8.159586191177368
main_tournament_resume_2,AlphaBeta-new-d3__VS__MCTS-old-100__GAME__12,AlphaBeta-new-d3,MCTS-old-100,12,False,MCTS-old-100,-1,6,6.548440217971802
main_tournament_resume_2,AlphaBeta-new-d3__VS__MCTS-old-100__GAME__13,AlphaBeta-new-d3,MCTS-old-100,13,True,AlphaBeta-new-d3,-1,14,18.921627521514893
main_tournament_resume_2,AlphaBeta-new-d3__VS__MCTS-old-100__GAME__14,AlphaBeta-new-d3,MCTS-old-100,14,False,MCTS-old-100,-1,40,72.46196389198303
main_tournament_resume_2,AlphaBeta-new-d3__VS__MCTS-old-100__GAME__15,AlphaBeta-new-d3,MCTS-old-100,15,True,MCTS-old-100,1,7,8.002167463302612
main_tournament_resume_2,AlphaBeta-new-d3__VS__MCTS-old-100__GAME__16,AlphaBeta-new-d3,MCTS-old-100,16,False,MCTS-old-100,-1,4,3.8918464183807373
main_tournament_resume_2,AlphaBeta-new-d3__VS__MCTS-old-100__GAME__17,AlphaBeta-new-d3,MCTS-old-100,17,True,MCTS-old-100,1,5,5.4593751430511475
main_tournament_resume_2,AlphaBeta-new-d3__VS__MCTS-old-100__GAME__18,AlphaBeta-new-d3,MCTS-old-100,18,False,AlphaBeta-new-d3,1,18,27.54717469215393
main_tournament_resume_2,AlphaBeta-new-d3__VS__MCTS-old-100__GAME__19,AlphaBeta-new-d3,MCTS-old-100,19,True,MCTS-old-100,1,15,21.040107011795044
main_tournament_resume_2,AlphaBeta-new-d3__VS__MCTS-old-100__GAME__20,AlphaBeta-new-d3,MCTS-old-100,20,False,AlphaBeta-new-d3,1,8,10.111136436462402
main_tournament_resume_2,AlphaBeta-new-d3__VS__MCTS-old-100__GAME__21,AlphaBeta-new-d3,MCTS-old-100,21,True,MCTS-old-100,1,6,7.184762239456177
main_tournament_resume_2,AlphaBeta-new-d3__VS__MCTS-old-100__GAME__22,AlphaBeta-new-d3,MCTS-old-100,22,False,AlphaBeta-new-d3,1,12,16.575915575027466
main_tournament_resume_2,AlphaBeta-new-d3__VS__MCTS-old-100__GAME__23,AlphaBeta-new-d3,MCTS-old-100,23,True,MCTS-old-100,1,15,21.117549419403076
main_tournament_resume_2,AlphaBeta-new-d3__VS__MCTS-old-100__GAME__24,AlphaBeta-new-d3,MCTS-old-100,24,False,MCTS-old-100,-1,6,6.760047435760498
main_tournament_resume_2,AlphaBeta-new-d3__VS__MCTS-old-100__GAME__25,AlphaBeta-new-d3,MCTS-old-100,25,True,MCTS-old-100,1,7,6.858960390090942
main_tournament_resume_2,AlphaBeta-new-d3__VS__MCTS-old-100__GAME__26,AlphaBeta-new-d3,MCTS-old-100,26,False,MCTS-old-100,-1,4,4.1875152587890625
main_tournament_resume_2,AlphaBeta-new-d3__VS__MCTS-old-100__GAME__27,AlphaBeta-new-d3,MCTS-old-100,27,True,MCTS-old-100,1,7,7.823825836181641
main_tournament_resume_2,AlphaBeta-new-d3__VS__MCTS-old-100__GAME__28,AlphaBeta-new-d3,MCTS-old-100,28,False,MCTS-old-100,-1,6,5.582175254821777
main_tournament_resume_2,AlphaBeta-new-d3__VS__MCTS-old-100__GAME__29,AlphaBeta-new-d3,MCTS-old-100,29,True,AlphaBeta-new-d3,-1,26,40.23667502403259
main_tournament_resume_2,AlphaBeta-new-d3__VS__MCTS-old-100__GAME__30,AlphaBeta-new-d3,MCTS-old-100,30,False,MCTS-old-100,-1,14,19.12895131111145
main_tournament_resume_2,AlphaBeta-new-d3__VS__MCTS-old-100__GAME__31,AlphaBeta-new-d3,MCTS-old-100,31,True,MCTS-old-100,1,7,7.697560787200928
main_tournament_resume_2,AlphaBeta-new-d3__VS__MCTS-old-100__GAME__32,AlphaBeta-new-d3,MCTS-old-100,32,False,MCTS-old-100,-1,22,33.8489875793457
main_tournament_resume_2,AlphaBeta-new-d3__VS__MCTS-old-100__GAME__33,AlphaBeta-new-d3,MCTS-old-100,33,True,MCTS-old-100,1,11,12.403018236160278
main_tournament_resume_2,AlphaBeta-new-d3__VS__MCTS-old-100__GAME__34,AlphaBeta-new-d3,MCTS-old-100,34,False,MCTS-old-100,-1,26,39.92750000953674
main_tournament_resume_2,AlphaBeta-new-d3__VS__MCTS-old-100__GAME__35,AlphaBeta-new-d3,MCTS-old-100,35,True,MCTS-old-100,1,15,19.77884531021118
main_tournament_resume_2,AlphaBeta-new-d3__VS__MCTS-old-100__GAME__36,AlphaBeta-new-d3,MCTS-old-100,36,False,MCTS-old-100,-1,12,16.512482166290283
main_tournament_resume_2,AlphaBeta-new-d3__VS__MCTS-old-100__GAME__37,AlphaBeta-new-d3,MCTS-old-100,37,True,MCTS-old-100,1,13,16.664609909057617
main_tournament_resume_2,AlphaBeta-new-d3__VS__MCTS-old-100__GAME__38,AlphaBeta-new-d3,MCTS-old-100,38,False,AlphaBeta-new-d3,1,11,13.821899890899658
main_tournament_resume_2,AlphaBeta-new-d3__VS__MCTS-old-100__GAME__39,AlphaBeta-new-d3,MCTS-old-100,39,True,MCTS-old-100,1,9,10.961821794509888
main_tournament_resume_2,AlphaBeta-new-d3__VS__MCTS-old-100__GAME__40,AlphaBeta-new-d3,MCTS-old-100,40,False,MCTS-old-100,-1,8,8.47316575050354
main_tournament_resume_2,AlphaBeta-new-d3__VS__MCTS-old-100__GAME__41,AlphaBeta-new-d3,MCTS-old-100,41,True,AlphaBeta-new-d3,-1,18,28.21502113342285
main_tournament_resume_2,AlphaBeta-new-d3__VS__MCTS-old-100__GAME__42,AlphaBeta-new-d3,MCTS-old-100,42,False,AlphaBeta-new-d3,1,7,7.873739957809448
main_tournament_resume_2,AlphaBeta-new-d3__VS__MCTS-old-100__GAME__43,AlphaBeta-new-d3,MCTS-old-100,43,True,MCTS-old-100,1,11,14.488493919372559
main_tournament_resume_2,AlphaBeta-new-d3__VS__MCTS-old-100__GAME__44,AlphaBeta-new-d3,MCTS-old-100,44,False,MCTS-old-100,-1,8,8.9944429397583
main_tournament_resume_2,AlphaBeta-new-d3__VS__MCTS-old-100__GAME__45,AlphaBeta-new-d3,MCTS-old-100,45,True,MCTS-old-100,1,5,5.3616228103637695
main_tournament_resume_2,AlphaBeta-new-d3__VS__MCTS-old-100__GAME__46,AlphaBeta-new-d3,MCTS-old-100,46,False,MCTS-old-100,-1,10,11.908809661865234
main_tournament_resume_2,AlphaBeta-new-d3__VS__MCTS-old-100__GAME__47,AlphaBeta-new-d3,MCTS-old-100,47,True,MCTS-old-100,1,7,8.442062854766846
main_tournament_resume_2,AlphaBeta-new-d3__VS__MCTS-old-100__GAME__48,AlphaBeta-new-d3,MCTS-old-100,48,False,MCTS-old-100,-1,12,16.09292221069336
main_tournament_resume_2,AlphaBeta-new-d3__VS__MCTS-old-100__GAME__49,AlphaBeta-new-d3,MCTS-old-100,49,True,AlphaBeta-new-d3,-1,10,11.226246356964111
main_tournament_resume_2,AlphaBeta-new-d3__VS__MCTS-old-100__GAME__50,AlphaBeta-new-d3,MCTS-old-100,50,False,MCTS-old-100,-1,6,6.1130781173706055
main_tournament_resume_2,AlphaBeta-new-d3__VS__MCTS-old-100__GAME__51,AlphaBeta-new-d3,MCTS-old-100,51,True,MCTS-old-100,1,13,17.52954363822937
main_tournament_resume_2,AlphaBeta-new-d3__VS__MCTS-old-100__GAME__52,AlphaBeta-new-d3,MCTS-old-100,52,False,MCTS-old-100,-1,14,18.988111972808838
main_tournament_resume_2,AlphaBeta-new-d3__VS__MCTS-old-100__GAME__53,AlphaBeta-new-d3,MCTS-old-100,53,True,AlphaBeta-new-d3,-1,8,9.227687358856201
main_tournament_resume_2,AlphaBeta-new-d3__VS__MCTS-old-100__GAME__54,AlphaBeta-new-d3,MCTS-old-100,54,False,AlphaBeta-new-d3,1,5,4.8618903160095215
main_tournament_resume_2,AlphaBeta-new-d3__VS__MCTS-old-100__GAME__55,AlphaBeta-new-d3,MCTS-old-100,55,True,draw,0,50,76.76656889915466
main_tournament_resume_2,AlphaBeta-new-d3__VS__MCTS-old-100__GAME__56,AlphaBeta-new-d3,MCTS-old-100,56,False,MCTS-old-100,-1,4,3.8157238960266113
main_tournament_resume_2,AlphaBeta-new-d3__VS__MCTS-old-100__GAME__57,AlphaBeta-new-d3,MCTS-old-100,57,True,MCTS-old-100,1,13,17.873121976852417
main_tournament_resume_2,AlphaBeta-new-d3__VS__MCTS-old-100__GAME__58,AlphaBeta-new-d3,MCTS-old-100,58,False,MCTS-old-100,-1,6,6.212651252746582
main_tournament_resume_2,AlphaBeta-new-d3__VS__MCTS-old-100__GAME__59,AlphaBeta-new-d3,MCTS-old-100,59,True,MCTS-old-100,1,36,54.822012186050415
main_tournament_resume_2,AlphaBeta-new-d3__VS__MCTS-old-100__GAME__60,AlphaBeta-new-d3,MCTS-old-100,60,False,MCTS-old-100,-1,8,9.339118480682373
main_tournament_resume_2,AlphaBeta-new-d3__VS__MCTS-old-100__GAME__61,AlphaBeta-new-d3,MCTS-old-100,61,True,AlphaBeta-new-d3,-1,13,18.225184440612793
main_tournament_resume_2,AlphaBeta-new-d3__VS__MCTS-old-100__GAME__62,AlphaBeta-new-d3,MCTS-old-100,62,False,AlphaBeta-new-d3,1,7,7.499601364135742
main_tournament_resume_2,AlphaBeta-new-d3__VS__MCTS-old-100__GAME__63,AlphaBeta-new-d3,MCTS-old-100,63,True,MCTS-old-100,1,11,14.490669012069702
main_tournament_resume_2,AlphaBeta-new-d3__VS__MCTS-old-100__GAME__64,AlphaBeta-new-d3,MCTS-old-100,64,False,MCTS-old-100,-1,6,5.454705715179443
main_tournament_resume_2,AlphaBeta-new-d3__VS__MCTS-old-100__GAME__65,AlphaBeta-new-d3,MCTS-old-100,65,True,AlphaBeta-new-d3,-1,7,8.762372255325317
main_tournament_resume_2,AlphaBeta-new-d3__VS__MCTS-old-100__GAME__66,AlphaBeta-new-d3,MCTS-old-100,66,False,MCTS-old-100,-1,8,9.932615995407104
main_tournament_resume_2,AlphaBeta-new-d3__VS__MCTS-old-100__GAME__67,AlphaBeta-new-d3,MCTS-old-100,67,True,MCTS-old-100,1,5,5.011377334594727
main_tournament_resume_2,AlphaBeta-new-d3__VS__MCTS-old-100__GAME__68,AlphaBeta-new-d3,MCTS-old-100,68,False,MCTS-old-100,-1,8,7.225386142730713
main_tournament_resume_2,AlphaBeta-new-d3__VS__MCTS-old-100__GAME__69,AlphaBeta-new-d3,MCTS-old-100,69,True,MCTS-old-100,1,7,7.186925649642944
main_tournament_resume_2,AlphaBeta-new-d3__VS__MCTS-old-100__GAME__70,AlphaBeta-new-d3,MCTS-old-100,70,False,MCTS-old-100,-1,20,30.665101766586304
main_tournament_resume_2,AlphaBeta-new-d3__VS__MCTS-old-100__GAME__71,AlphaBeta-new-d3,MCTS-old-100,71,True,MCTS-old-100,1,19,27.547038793563843
main_tournament_resume_2,AlphaBeta-new-d3__VS__MCTS-old-100__GAME__72,AlphaBeta-new-d3,MCTS-old-100,72,False,MCTS-old-100,-1,4,3.820807456970215
main_tournament_resume_2,AlphaBeta-new-d3__VS__MCTS-old-100__GAME__73,AlphaBeta-new-d3,MCTS-old-100,73,True,MCTS-old-100,1,5,5.461668491363525
main_tournament_resume_2,AlphaBeta-new-d3__VS__MCTS-old-100__GAME__74,AlphaBeta-new-d3,MCTS-old-100,74,False,MCTS-old-100,-1,10,11.51494836807251
main_tournament_resume_2,AlphaBeta-new-d3__VS__MCTS-old-100__GAME__75,AlphaBeta-new-d3,MCTS-old-100,75,True,MCTS-old-100,1,9,9.214503526687622
main_tournament_resume_2,AlphaBeta-new-d3__VS__MCTS-old-100__GAME__76,AlphaBeta-new-d3,MCTS-old-100,76,False,MCTS-old-100,-1,22,31.285351514816284
main_tournament_resume_2,AlphaBeta-new-d3__VS__MCTS-old-100__GAME__77,AlphaBeta-new-d3,MCTS-old-100,77,True,AlphaBeta-new-d3,-1,12,17.012689352035522
main_tournament_resume_2,AlphaBeta-new-d3__VS__MCTS-old-100__GAME__78,AlphaBeta-new-d3,MCTS-old-100,78,False,MCTS-old-100,-1,24,32.94505596160889
main_tournament_resume_2,AlphaBeta-new-d3__VS__MCTS-old-100__GAME__79,AlphaBeta-new-d3,MCTS-old-100,79,True,AlphaBeta-new-d3,-1,11,15.45378565788269
main_tournament_resume_2,AlphaBeta-new-d3__VS__MCTS-old-100__GAME__80,AlphaBeta-new-d3,MCTS-old-100,80,False,MCTS-old-100,-1,6,6.636439323425293
main_tournament_resume_2,AlphaBeta-new-d3__VS__MCTS-old-100__GAME__81,AlphaBeta-new-d3,MCTS-old-100,81,True,MCTS-old-100,1,7,8.079872369766235
main_tournament_resume_2,AlphaBeta-new-d3__VS__MCTS-old-100__GAME__82,AlphaBeta-new-d3,MCTS-old-100,82,False,AlphaBeta-new-d3,1,7,7.806062936782837
main_tournament_resume_2,AlphaBeta-new-d3__VS__MCTS-old-100__GAME__83,AlphaBeta-new-d3,MCTS-old-100,83,True,MCTS-old-100,1,9,10.97860336303711
main_tournament_resume_2,AlphaBeta-new-d3__VS__MCTS-old-100__GAME__84,AlphaBeta-new-d3,MCTS-old-100,84,False,MCTS-old-100,-1,16,22.34093952178955
main_tournament_resume_2,AlphaBeta-new-d3__VS__MCTS-old-100__GAME__85,AlphaBeta-new-d3,MCTS-old-100,85,True,AlphaBeta-new-d3,-1,6,6.605826139450073
main_tournament_resume_2,AlphaBeta-new-d3__VS__MCTS-old-100__GAME__86,AlphaBeta-new-d3,MCTS-old-100,86,False,MCTS-old-100,-1,8,8.4490327835083
main_tournament_resume_2,AlphaBeta-new-d3__VS__MCTS-old-100__GAME__87,AlphaBeta-new-d3,MCTS-old-100,87,True,MCTS-old-100,1,13,16.466420888900757
main_tournament_resume_2,AlphaBeta-new-d3__VS__MCTS-old-100__GAME__88,AlphaBeta-new-d3,MCTS-old-100,88,False,AlphaBeta-new-d3,1,7,8.78140664100647
main_tournament_resume_2,AlphaBeta-new-d3__VS__MCTS-old-100__GAME__89,AlphaBeta-new-d3,MCTS-old-100,89,True,MCTS-old-100,1,13,16.57158374786377
main_tournament_resume_2,AlphaBeta-new-d3__VS__MCTS-old-100__GAME__90,AlphaBeta-new-d3,MCTS-old-100,90,False,MCTS-old-100,-1,6,5.5168585777282715
main_tournament_resume_2,AlphaBeta-new-d3__VS__MCTS-old-100__GAME__91,AlphaBeta-new-d3,MCTS-old-100,91,True,MCTS-old-100,1,4,5.714541673660278
main_tournament_resume_2,AlphaBeta-new-d3__VS__MCTS-old-100__GAME__92,AlphaBeta-new-d3,MCTS-old-100,92,False,MCTS-old-100,-1,20,32.22248601913452
main_tournament_resume_2,AlphaBeta-new-d3__VS__MCTS-old-100__GAME__93,AlphaBeta-new-d3,MCTS-old-100,93,True,MCTS-old-100,1,11,14.46133017539978
main_tournament_resume_2,AlphaBeta-new-d3__VS__MCTS-old-100__GAME__94,AlphaBeta-new-d3,MCTS-old-100,94,False,MCTS-old-100,-1,6,6.8663341999053955
main_tournament_resume_2,AlphaBeta-new-d3__VS__MCTS-old-100__GAME__95,AlphaBeta-new-d3,MCTS-old-100,95,True,MCTS-old-100,1,7,7.853132486343384
main_tournament_resume_2,AlphaBeta-new-d3__VS__MCTS-old-100__GAME__96,AlphaBeta-new-d3,MCTS-old-100,96,False,MCTS-old-100,-1,6,6.310741186141968
main_tournament_resume_2,AlphaBeta-new-d3__VS__MCTS-old-100__GAME__97,AlphaBeta-new-d3,MCTS-old-100,97,True,MCTS-old-100,1,7,7.428508996963501
main_tournament_resume_2,AlphaBeta-new-d3__VS__MCTS-old-100__GAME__98,AlphaBeta-new-d3,MCTS-old-100,98,False,MCTS-old-100,-1,6,6.624608993530273
main_tournament_resume_2,AlphaBeta-new-d3__VS__MCTS-old-100__GAME__99,AlphaBeta-new-d3,MCTS-old-100,99,True,AlphaBeta-new-d3,-1,8,8.93526840209961
main_tournament_resume_2,AlphaBeta-new-d3__VS__MCTS-old-100__GAME__100,AlphaBeta-new-d3,MCTS-old-100,100,False,AlphaBeta-new-d3,1,5,5.185623407363892
main_tournament_resume_2,AlphaBeta-new-d3__VS__MCTS-old-100__GAME__101,AlphaBeta-new-d3,MCTS-old-100,101,True,draw,0,50,83.90314555168152
main_tournament_resume_2,AlphaBeta-new-d3__VS__MCTS-old-100__GAME__102,AlphaBeta-new-d3,MCTS-old-100,102,False,draw,0,50,64.67774200439453
main_tournament_resume_2,AlphaBeta-new-d3__VS__MCTS-old-100__GAME__103,AlphaBeta-new-d3,MCTS-old-100,103,True,MCTS-old-100,1,7,8.908480405807495
main_tournament_resume_2,AlphaBeta-new-d3__VS__MCTS-old-100__GAME__104,AlphaBeta-new-d3,MCTS-old-100,104,False,MCTS-old-100,-1,9,11.043619632720947
main_tournament_resume_2,AlphaBeta-new-d3__VS__MCTS-old-100__GAME__105,AlphaBeta-new-d3,MCTS-old-100,105,True,MCTS-old-100,1,7,6.676435947418213
main_tournament_resume_2,AlphaBeta-new-d3__VS__MCTS-old-100__GAME__106,AlphaBeta-new-d3,MCTS-old-100,106,False,MCTS-old-100,-1,20,25.967050790786743
main_tournament_resume_2,AlphaBeta-new-d3__VS__MCTS-old-100__GAME__107,AlphaBeta-new-d3,MCTS-old-100,107,True,MCTS-old-100,1,7,8.3037850856781
main_tournament_resume_2,AlphaBeta-new-d3__VS__MCTS-old-100__GAME__108,AlphaBeta-new-d3,MCTS-old-100,108,False,MCTS-old-100,-1,6,6.253725528717041
main_tournament_resume_2,AlphaBeta-new-d3__VS__MCTS-old-100__GAME__109,AlphaBeta-new-d3,MCTS-old-100,109,True,MCTS-old-100,1,17,25.001934051513672
main_tournament_resume_2,AlphaBeta-new-d3__VS__MCTS-old-100__GAME__110,AlphaBeta-new-d3,MCTS-old-100,110,False,MCTS-old-100,-1,5,5.922107934951782
main_tournament_resume_2,AlphaBeta-new-d3__VS__MCTS-old-100__GAME__111,AlphaBeta-new-d3,MCTS-old-100,111,True,MCTS-old-100,1,13,15.245836019515991
main_tournament_resume_2,AlphaBeta-new-d3__VS__MCTS-old-100__GAME__112,AlphaBeta-new-d3,MCTS-old-100,112,False,AlphaBeta-new-d3,1,13,16.164733409881592
main_tournament_resume_2,AlphaBeta-new-d3__VS__MCTS-old-100__GAME__113,AlphaBeta-new-d3,MCTS-old-100,113,True,MCTS-old-100,1,8,9.872501611709595
main_tournament_resume_2,AlphaBeta-new-d3__VS__MCTS-old-100__GAME__114,AlphaBeta-new-d3,MCTS-old-100,114,False,AlphaBeta-new-d3,1,6,6.947718143463135
main_tournament_resume_2,AlphaBeta-new-d3__VS__MCTS-old-100__GAME__115,AlphaBeta-new-d3,MCTS-old-100,115,True,MCTS-old-100,1,7,7.4837493896484375
main_tournament_resume_2,AlphaBeta-new-d3__VS__MCTS-old-100__GAME__116,AlphaBeta-new-d3,MCTS-old-100,116,False,MCTS-old-100,-1,6,6.218428134918213
main_tournament_resume_2,AlphaBeta-new-d3__VS__MCTS-old-100__GAME__117,AlphaBeta-new-d3,MCTS-old-100,117,True,MCTS-old-100,1,7,7.768562316894531
main_tournament_resume_2,AlphaBeta-new-d3__VS__MCTS-old-100__GAME__118,AlphaBeta-new-d3,MCTS-old-100,118,False,AlphaBeta-new-d3,1,14,19.563953638076782
main_tournament_resume_2,AlphaBeta-new-d3__VS__MCTS-old-100__GAME__119,AlphaBeta-new-d3,MCTS-old-100,119,True,MCTS-old-100,1,9,9.870888948440552
main_tournament_resume_2,AlphaBeta-new-d3__VS__MCTS-old-100__GAME__120,AlphaBeta-new-d3,MCTS-old-100,120,False,MCTS-old-100,-1,6,5.8128321170806885
main_tournament_resume_2,AlphaBeta-new-d3__VS__MCTS-old-100__GAME__121,AlphaBeta-new-d3,MCTS-old-100,121,True,MCTS-old-100,1,15,18.8677921295166
main_tournament_resume_2,AlphaBeta-new-d3__VS__MCTS-old-100__GAME__122,AlphaBeta-new-d3,MCTS-old-100,122,False,MCTS-old-100,-1,6,5.78152322769165
main_tournament_resume_2,AlphaBeta-new-d3__VS__MCTS-old-100__GAME__123,AlphaBeta-new-d3,MCTS-old-100,123,True,MCTS-old-100,1,9,10.840972900390625
main_tournament_resume_2,AlphaBeta-new-d3__VS__MCTS-old-100__GAME__124,AlphaBeta-new-d3,MCTS-old-100,124,False,MCTS-old-100,-1,4,4.296048879623413
main_tournament_resume_2,AlphaBeta-new-d3__VS__MCTS-old-100__GAME__125,AlphaBeta-new-d3,MCTS-old-100,125,True,MCTS-old-100,1,7,8.622119426727295
main_tournament_resume_2,AlphaBeta-new-d3__VS__MCTS-old-100__GAME__126,AlphaBeta-new-d3,MCTS-old-100,126,False,AlphaBeta-new-d3,1,7,7.32428765296936
main_tournament_resume_2,AlphaBeta-new-d3__VS__MCTS-old-100__GAME__127,AlphaBeta-new-d3,MCTS-old-100,127,True,MCTS-old-100,1,7,8.35335373878479
main_tournament_resume_2,AlphaBeta-new-d3__VS__MCTS-old-100__GAME__128,AlphaBeta-new-d3,MCTS-old-100,128,False,AlphaBeta-new-d3,1,6,6.935945272445679
main_tournament_resume_2,AlphaBeta-new-d3__VS__MCTS-old-100__GAME__129,AlphaBeta-new-d3,MCTS-old-100,129,True,MCTS-old-100,1,9,11.251685857772827
main_tournament_resume_2,AlphaBeta-new-d3__VS__MCTS-old-100__GAME__130,AlphaBeta-new-d3,MCTS-old-100,130,False,AlphaBeta-new-d3,1,9,11.581844806671143
main_tournament_resume_2,AlphaBeta-new-d3__VS__MCTS-old-100__GAME__131,AlphaBeta-new-d3,MCTS-old-100,131,True,MCTS-old-100,1,17,23.402273893356323
main_tournament_resume_2,AlphaBeta-new-d3__VS__MCTS-old-100__GAME__132,AlphaBeta-new-d3,MCTS-old-100,132,False,AlphaBeta-new-d3,1,6,6.879117012023926
main_tournament_resume_2,AlphaBeta-new-d3__VS__MCTS-old-100__GAME__133,AlphaBeta-new-d3,MCTS-old-100,133,True,MCTS-old-100,1,7,8.666492938995361
main_tournament_resume_2,AlphaBeta-new-d3__VS__MCTS-old-100__GAME__134,AlphaBeta-new-d3,MCTS-old-100,134,False,MCTS-old-100,-1,6,5.67449426651001
main_tournament_resume_2,AlphaBeta-new-d3__VS__MCTS-old-100__GAME__135,AlphaBeta-new-d3,MCTS-old-100,135,True,MCTS-old-100,1,13,15.513813018798828
main_tournament_resume_2,AlphaBeta-new-d3__VS__MCTS-old-100__GAME__136,AlphaBeta-new-d3,MCTS-old-100,136,False,MCTS-old-100,-1,8,9.89488172531128
main_tournament_resume_2,AlphaBeta-new-d3__VS__MCTS-old-100__GAME__137,AlphaBeta-new-d3,MCTS-old-100,137,True,MCTS-old-100,1,11,12.783606767654419
main_tournament_resume_2,AlphaBeta-new-d3__VS__MCTS-old-100__GAME__138,AlphaBeta-new-d3,MCTS-old-100,138,False,MCTS-old-100,-1,10,13.87131953239441
main_tournament_resume_2,AlphaBeta-new-d3__VS__MCTS-old-100__GAME__139,AlphaBeta-new-d3,MCTS-old-100,139,True,AlphaBeta-new-d3,-1,8,10.109179258346558
main_tournament_resume_2,AlphaBeta-new-d3__VS__MCTS-old-100__GAME__140,AlphaBeta-new-d3,MCTS-old-100,140,False,AlphaBeta-new-d3,1,7,7.715919733047485
main_tournament_resume_2,AlphaBeta-new-d3__VS__MCTS-old-100__GAME__141,AlphaBeta-new-d3,MCTS-old-100,141,True,AlphaBeta-new-d3,-1,8,10.057492733001709
main_tournament_resume_2,AlphaBeta-new-d3__VS__MCTS-old-100__GAME__142,AlphaBeta-new-d3,MCTS-old-100,142,False,MCTS-old-100,-1,6,6.358822822570801
main_tournament_resume_2,AlphaBeta-new-d3__VS__MCTS-old-100__GAME__143,AlphaBeta-new-d3,MCTS-old-100,143,True,MCTS-old-100,1,7,8.461024284362793
main_tournament_resume_2,AlphaBeta-new-d3__VS__MCTS-old-100__GAME__144,AlphaBeta-new-d3,MCTS-old-100,144,False,MCTS-old-100,-1,8,8.847179889678955
main_tournament_resume_2,AlphaBeta-new-d3__VS__MCTS-old-100__GAME__145,AlphaBeta-new-d3,MCTS-old-100,145,True,MCTS-old-100,1,11,14.050487756729126
main_tournament_resume_2,AlphaBeta-new-d3__VS__MCTS-old-100__GAME__146,AlphaBeta-new-d3,MCTS-old-100,146,False,MCTS-old-100,-1,34,48.114805936813354
main_tournament_resume_2,AlphaBeta-new-d3__VS__MCTS-old-100__GAME__147,AlphaBeta-new-d3,MCTS-old-100,147,True,MCTS-old-100,1,21,32.427709341049194
main_tournament_resume_2,AlphaBeta-new-d3__VS__MCTS-old-100__GAME__148,AlphaBeta-new-d3,MCTS-old-100,148,False,AlphaBeta-new-d3,1,14,18.346530437469482
main_tournament_resume_2,AlphaBeta-new-d3__VS__MCTS-old-100__GAME__149,AlphaBeta-new-d3,MCTS-old-100,149,True,MCTS-old-100,1,9,11.76565957069397
main_tournament_resume_2,AlphaBeta-new-d3__VS__MCTS-old-100__GAME__150,AlphaBeta-new-d3,MCTS-old-100,150,False,AlphaBeta-new-d3,1,14,18.45908784866333
main_tournament_resume_2,AlphaBeta-new-d3__VS__MCTS-old-100__GAME__151,AlphaBeta-new-d3,MCTS-old-100,151,True,MCTS-old-100,1,23,30.887364149093628
main_tournament_resume_2,AlphaBeta-new-d3__VS__MCTS-old-100__GAME__152,AlphaBeta-new-d3,MCTS-old-100,152,False,draw,0,50,71.68504691123962
main_tournament_resume_2,AlphaBeta-new-d3__VS__MCTS-old-100__GAME__153,AlphaBeta-new-d3,MCTS-old-100,153,True,MCTS-old-100,1,7,8.248605251312256
main_tournament_resume_2,AlphaBeta-new-d3__VS__MCTS-old-100__GAME__154,AlphaBeta-new-d3,MCTS-old-100,154,False,MCTS-old-100,-1,12,16.163365125656128
main_tournament_resume_2,AlphaBeta-new-d3__VS__MCTS-old-100__GAME__155,AlphaBeta-new-d3,MCTS-old-100,155,True,MCTS-old-100,1,7,6.4325642585754395
main_tournament_resume_2,AlphaBeta-new-d3__VS__MCTS-old-100__GAME__156,AlphaBeta-new-d3,MCTS-old-100,156,False,MCTS-old-100,-1,8,8.691059589385986
main_tournament_resume_2,AlphaBeta-new-d3__VS__MCTS-old-100__GAME__157,AlphaBeta-new-d3,MCTS-old-100,157,True,MCTS-old-100,1,4,5.3722052574157715
main_tournament_resume_2,AlphaBeta-new-d3__VS__MCTS-old-100__GAME__158,AlphaBeta-new-d3,MCTS-old-100,158,False,MCTS-old-100,-1,20,29.589447259902954
main_tournament_resume_2,AlphaBeta-new-d3__VS__MCTS-old-100__GAME__159,AlphaBeta-new-d3,MCTS-old-100,159,True,MCTS-old-100,1,5,5.058722257614136
main_tournament_resume_2,AlphaBeta-new-d3__VS__MCTS-old-100__GAME__160,AlphaBeta-new-d3,MCTS-old-100,160,False,MCTS-old-100,-1,14,16.039384603500366
main_tournament_resume_2,AlphaBeta-new-d3__VS__MCTS-old-100__GAME__161,AlphaBeta-new-d3,MCTS-old-100,161,True,AlphaBeta-new-d3,-1,12,17.081773042678833
main_tournament_resume_2,AlphaBeta-new-d3__VS__MCTS-old-100__GAME__162,AlphaBeta-new-d3,MCTS-old-100,162,False,MCTS-old-100,-1,20,27.331283807754517
main_tournament_resume_2,AlphaBeta-new-d3__VS__MCTS-old-100__GAME__163,AlphaBeta-new-d3,MCTS-old-100,163,True,MCTS-old-100,1,7,8.392034769058228
main_tournament_resume_2,AlphaBeta-new-d3__VS__MCTS-old-100__GAME__164,AlphaBeta-new-d3,MCTS-old-100,164,False,MCTS-old-100,-1,10,12.264439105987549
main_tournament_resume_2,AlphaBeta-new-d3__VS__MCTS-old-100__GAME__165,AlphaBeta-new-d3,MCTS-old-100,165,True,MCTS-old-100,1,13,16.535582065582275
main_tournament_resume_2,AlphaBeta-new-d3__VS__MCTS-old-100__GAME__166,AlphaBeta-new-d3,MCTS-old-100,166,False,MCTS-old-100,-1,6,6.290337562561035
main_tournament_resume_2,AlphaBeta-new-d3__VS__MCTS-old-100__GAME__167,AlphaBeta-new-d3,MCTS-old-100,167,True,MCTS-old-100,1,7,8.717842817306519
main_tournament_resume_2,AlphaBeta-new-d3__VS__MCTS-old-100__GAME__168,AlphaBeta-new-d3,MCTS-old-100,168,False,MCTS-old-100,-1,6,6.569234132766724
main_tournament_resume_2,AlphaBeta-new-d3__VS__MCTS-old-100__GAME__169,AlphaBeta-new-d3,MCTS-old-100,169,True,MCTS-old-100,1,9,11.872452020645142
main_tournament_resume_2,AlphaBeta-new-d3__VS__MCTS-old-100__GAME__170,AlphaBeta-new-d3,MCTS-old-100,170,False,AlphaBeta-new-d3,1,15,21.470624923706055
main_tournament_resume_2,AlphaBeta-new-d3__VS__MCTS-old-100__GAME__171,AlphaBeta-new-d3,MCTS-old-100,171,True,MCTS-old-100,1,9,11.524809122085571
main_tournament_resume_2,AlphaBeta-new-d3__VS__MCTS-old-100__GAME__172,AlphaBeta-new-d3,MCTS-old-100,172,False,MCTS-old-100,-1,6,6.864663600921631
main_tournament_resume_2,AlphaBeta-new-d3__VS__MCTS-old-100__GAME__173,AlphaBeta-new-d3,MCTS-old-100,173,True,MCTS-old-100,1,7,7.9884865283966064
main_tournament_resume_2,AlphaBeta-new-d3__VS__MCTS-old-100__GAME__174,AlphaBeta-new-d3,MCTS-old-100,174,False,AlphaBeta-new-d3,1,6,6.830234050750732
main_tournament_resume_2,AlphaBeta-new-d3__VS__MCTS-old-100__GAME__175,AlphaBeta-new-d3,MCTS-old-100,175,True,MCTS-old-100,1,13,17.1141095161438
main_tournament_resume_2,AlphaBeta-new-d3__VS__MCTS-old-100__GAME__176,AlphaBeta-new-d3,MCTS-old-100,176,False,MCTS-old-100,-1,6,5.775763511657715
main_tournament_resume_2,AlphaBeta-new-d3__VS__MCTS-old-100__GAME__177,AlphaBeta-new-d3,MCTS-old-100,177,True,MCTS-old-100,1,9,10.524222373962402
main_tournament_resume_2,AlphaBeta-new-d3__VS__MCTS-old-100__GAME__178,AlphaBeta-new-d3,MCTS-old-100,178,False,MCTS-old-100,-1,8,9.62408709526062
main_tournament_resume_2,AlphaBeta-new-d3__VS__MCTS-old-100__GAME__179,AlphaBeta-new-d3,MCTS-old-100,179,True,AlphaBeta-new-d3,-1,18,27.393874168395996
main_tournament_resume_2,AlphaBeta-new-d3__VS__MCTS-old-100__GAME__180,AlphaBeta-new-d3,MCTS-old-100,180,False,AlphaBeta-new-d3,1,6,7.327966928482056
main_tournament_resume_2,AlphaBeta-new-d3__VS__MCTS-old-100__GAME__181,AlphaBeta-new-d3,MCTS-old-100,181,True,AlphaBeta-new-d3,-1,8,9.244283437728882
main_tournament_resume_2,AlphaBeta-new-d3__VS__MCTS-old-100__GAME__182,AlphaBeta-new-d3,MCTS-old-100,182,False,MCTS-old-100,-1,11,15.265832901000977
main_tournament_resume_2,AlphaBeta-new-d3__VS__MCTS-old-100__GAME__183,AlphaBeta-new-d3,MCTS-old-100,183,True,MCTS-old-100,1,13,16.280717611312866
main_tournament_resume_2,AlphaBeta-new-d3__VS__MCTS-old-100__GAME__184,AlphaBeta-new-d3,MCTS-old-100,184,False,MCTS-old-100,-1,8,8.956131219863892
main_tournament_resume_2,AlphaBeta-new-d3__VS__MCTS-old-100__GAME__185,AlphaBeta-new-d3,MCTS-old-100,185,True,MCTS-old-100,1,7,8.260653257369995
main_tournament_resume_2,AlphaBeta-new-d3__VS__MCTS-old-100__GAME__186,AlphaBeta-new-d3,MCTS-old-100,186,False,AlphaBeta-new-d3,1,9,11.19200086593628
main_tournament_resume_2,AlphaBeta-new-d3__VS__MCTS-old-100__GAME__187,AlphaBeta-new-d3,MCTS-old-100,187,True,AlphaBeta-new-d3,-1,9,11.599563121795654
main_tournament_resume_2,AlphaBeta-new-d3__VS__MCTS-old-100__GAME__188,AlphaBeta-new-d3,MCTS-old-100,188,False,MCTS-old-100,-1,10,10.802858829498291
main_tournament_resume_2,AlphaBeta-new-d3__VS__MCTS-old-100__GAME__189,AlphaBeta-new-d3,MCTS-old-100,189,True,AlphaBeta-new-d3,-1,14,17.027092695236206
main_tournament_resume_2,AlphaBeta-new-d3__VS__MCTS-old-100__GAME__190,AlphaBeta-new-d3,MCTS-old-100,190,False,MCTS-old-100,-1,6,5.518841981887817
main_tournament_resume_2,AlphaBeta-new-d3__VS__MCTS-old-100__GAME__191,AlphaBeta-new-d3,MCTS-old-100,191,True,MCTS-old-100,1,7,8.697557210922241
main_tournament_resume_2,AlphaBeta-new-d3__VS__MCTS-old-100__GAME__192,AlphaBeta-new-d3,MCTS-old-100,192,False,MCTS-old-100,-1,28,45.948710441589355
main_tournament_resume_2,AlphaBeta-new-d3__VS__MCTS-old-100__GAME__193,AlphaBeta-new-d3,MCTS-old-100,193,True,MCTS-old-100,1,7,9.043656349182129
main_tournament_resume_2,AlphaBeta-new-d3__VS__MCTS-old-100__GAME__194,AlphaBeta-new-d3,MCTS-old-100,194,False,MCTS-old-100,-1,26,33.94321608543396
main_tournament_resume_2,AlphaBeta-new-d3__VS__MCTS-old-100__GAME__195,AlphaBeta-new-d3,MCTS-old-100,195,True,MCTS-old-100,1,7,8.696811199188232
main_tournament_resume_2,AlphaBeta-new-d3__VS__MCTS-old-100__GAME__196,AlphaBeta-new-d3,MCTS-old-100,196,False,MCTS-old-100,-1,12,16.90683126449585
main_tournament_resume_2,AlphaBeta-new-d3__VS__MCTS-old-100__GAME__197,AlphaBeta-new-d3,MCTS-old-100,197,True,MCTS-old-100,1,7,8.205857038497925
main_tournament_resume_2,AlphaBeta-new-d3__VS__MCTS-old-100__GAME__198,AlphaBeta-new-d3,MCTS-old-100,198,False,MCTS-old-100,-1,8,8.628278970718384
main_tournament_resume_2,AlphaBeta-new-d3__VS__MCTS-old-100__GAME__199,AlphaBeta-new-d3,MCTS-old-100,199,True,MCTS-old-100,1,5,5.373314619064331
main_tournament_resume_2,AlphaBeta-new-d3__VS__MCTS-new-100__GAME__0,AlphaBeta-new-d3,MCTS-new-100,0,False,MCTS-new-100,-1,5,6.45015549659729
main_tournament_resume_2,AlphaBeta-new-d3__VS__MCTS-new-100__GAME__1,AlphaBeta-new-d3,MCTS-new-100,1,True,MCTS-new-100,1,11,14.684102296829224
main_tournament_resume_2,AlphaBeta-new-d3__VS__MCTS-new-100__GAME__2,AlphaBeta-new-d3,MCTS-new-100,2,False,MCTS-new-100,-1,10,13.572365283966064
main_tournament_resume_2,AlphaBeta-new-d3__VS__MCTS-new-100__GAME__3,AlphaBeta-new-d3,MCTS-new-100,3,True,AlphaBeta-new-d3,-1,22,35.430554151535034
main_tournament_resume_2,AlphaBeta-new-d3__VS__MCTS-new-100__GAME__4,AlphaBeta-new-d3,MCTS-new-100,4,False,AlphaBeta-new-d3,1,26,37.462902307510376
main_tournament_resume_2,AlphaBeta-new-d3__VS__MCTS-new-100__GAME__5,AlphaBeta-new-d3,MCTS-new-100,5,True,MCTS-new-100,1,11,13.324667692184448
main_tournament_resume_2,AlphaBeta-new-d3__VS__MCTS-new-100__GAME__6,AlphaBeta-new-d3,MCTS-new-100,6,False,AlphaBeta-new-d3,1,6,7.557938814163208
main_tournament_resume_2,AlphaBeta-new-d3__VS__MCTS-new-100__GAME__7,AlphaBeta-new-d3,MCTS-new-100,7,True,MCTS-new-100,1,11,15.167199611663818
main_tournament_resume_2,AlphaBeta-new-d3__VS__MCTS-new-100__GAME__8,AlphaBeta-new-d3,MCTS-new-100,8,False,AlphaBeta-new-d3,1,7,7.540441036224365
main_tournament_resume_2,AlphaBeta-new-d3__VS__MCTS-new-100__GAME__9,AlphaBeta-new-d3,MCTS-new-100,9,True,MCTS-new-100,1,9,10.298222541809082
main_tournament_resume_2,AlphaBeta-new-d3__VS__MCTS-new-100__GAME__10,AlphaBeta-new-d3,MCTS-new-100,10,False,MCTS-new-100,-1,12,14.74419903755188
main_tournament_resume_2,AlphaBeta-new-d3__VS__MCTS-new-100__GAME__11,AlphaBeta-new-d3,MCTS-new-100,11,True,AlphaBeta-new-d3,-1,8,9.803437232971191
main_tournament_resume_2,AlphaBeta-new-d3__VS__MCTS-new-100__GAME__12,AlphaBeta-new-d3,MCTS-new-100,12,False,MCTS-new-100,-1,8,9.970261335372925
main_tournament_resume_2,AlphaBeta-new-d3__VS__MCTS-new-100__GAME__13,AlphaBeta-new-d3,MCTS-new-100,13,True,MCTS-new-100,1,7,9.065860271453857
main_tournament_resume_2,AlphaBeta-new-d3__VS__MCTS-new-100__GAME__14,AlphaBeta-new-d3,MCTS-new-100,14,False,draw,0,50,85.3630473613739
main_tournament_resume_2,AlphaBeta-new-d3__VS__MCTS-new-100__GAME__15,AlphaBeta-new-d3,MCTS-new-100,15,True,MCTS-new-100,1,6,8.110023021697998
main_tournament_resume_2,AlphaBeta-new-d3__VS__MCTS-new-100__GAME__16,AlphaBeta-new-d3,MCTS-new-100,16,False,MCTS-new-100,-1,6,6.864232540130615
main_tournament_resume_2,AlphaBeta-new-d3__VS__MCTS-new-100__GAME__17,AlphaBeta-new-d3,MCTS-new-100,17,True,MCTS-new-100,1,7,7.7142438888549805
main_tournament_resume_2,AlphaBeta-new-d3__VS__MCTS-new-100__GAME__18,AlphaBeta-new-d3,MCTS-new-100,18,False,MCTS-new-100,-1,28,47.05136275291443
main_tournament_resume_2,AlphaBeta-new-d3__VS__MCTS-new-100__GAME__19,AlphaBeta-new-d3,MCTS-new-100,19,True,MCTS-new-100,1,21,34.308703660964966
main_tournament_resume_2,AlphaBeta-new-d3__VS__MCTS-new-100__GAME__20,AlphaBeta-new-d3,MCTS-new-100,20,False,AlphaBeta-new-d3,1,12,15.815799951553345
main_tournament_resume_2,AlphaBeta-new-d3__VS__MCTS-new-100__GAME__21,AlphaBeta-new-d3,MCTS-new-100,21,True,MCTS-new-100,1,7,7.374216794967651
main_tournament_resume_2,AlphaBeta-new-d3__VS__MCTS-new-100__GAME__22,AlphaBeta-new-d3,MCTS-new-100,22,False,MCTS-new-100,-1,6,6.240019798278809
main_tournament_resume_2,AlphaBeta-new-d3__VS__MCTS-new-100__GAME__23,AlphaBeta-new-d3,MCTS-new-100,23,True,AlphaBeta-new-d3,-1,8,10.002244472503662
main_tournament_resume_2,AlphaBeta-new-d3__VS__MCTS-new-100__GAME__24,AlphaBeta-new-d3,MCTS-new-100,24,False,AlphaBeta-new-d3,1,5,6.045029878616333
main_tournament_resume_2,AlphaBeta-new-d3__VS__MCTS-new-100__GAME__25,AlphaBeta-new-d3,MCTS-new-100,25,True,AlphaBeta-new-d3,-1,9,11.534515857696533
main_tournament_resume_2,AlphaBeta-new-d3__VS__MCTS-new-100__GAME__26,AlphaBeta-new-d3,MCTS-new-100,26,False,MCTS-new-100,-1,20,28.87701392173767
main_tournament_resume_2,AlphaBeta-new-d3__VS__MCTS-new-100__GAME__27,AlphaBeta-new-d3,MCTS-new-100,27,True,MCTS-new-100,1,10,13.170658111572266
main_tournament_resume_2,AlphaBeta-new-d3__VS__MCTS-new-100__GAME__28,AlphaBeta-new-d3,MCTS-new-100,28,False,AlphaBeta-new-d3,1,6,7.606916427612305
main_tournament_resume_2,AlphaBeta-new-d3__VS__MCTS-new-100__GAME__29,AlphaBeta-new-d3,MCTS-new-100,29,True,MCTS-new-100,1,9,9.974957942962646
main_tournament_resume_2,AlphaBeta-new-d3__VS__MCTS-new-100__GAME__30,AlphaBeta-new-d3,MCTS-new-100,30,False,MCTS-new-100,-1,6,4.9163384437561035
main_tournament_resume_2,AlphaBeta-new-d3__VS__MCTS-new-100__GAME__31,AlphaBeta-new-d3,MCTS-new-100,31,True,MCTS-new-100,1,24,36.478018283843994
main_tournament_resume_2,AlphaBeta-new-d3__VS__MCTS-new-100__GAME__32,AlphaBeta-new-d3,MCTS-new-100,32,False,AlphaBeta-new-d3,1,5,4.9740588665008545
main_tournament_resume_2,AlphaBeta-new-d3__VS__MCTS-new-100__GAME__33,AlphaBeta-new-d3,MCTS-new-100,33,True,AlphaBeta-new-d3,-1,26,48.45071244239807
main_tournament_resume_2,AlphaBeta-new-d3__VS__MCTS-new-100__GAME__34,AlphaBeta-new-d3,MCTS-new-100,34,False,AlphaBeta-new-d3,1,9,10.651731491088867
main_tournament_resume_2,AlphaBeta-new-d3__VS__MCTS-new-100__GAME__35,AlphaBeta-new-d3,MCTS-new-100,35,True,MCTS-new-100,1,7,7.657406806945801
main_tournament_resume_2,AlphaBeta-new-d3__VS__MCTS-new-100__GAME__36,AlphaBeta-new-d3,MCTS-new-100,36,False,MCTS-new-100,-1,6,6.332374572753906
main_tournament_resume_2,AlphaBeta-new-d3__VS__MCTS-new-100__GAME__37,AlphaBeta-new-d3,MCTS-new-100,37,True,MCTS-new-100,1,11,14.562075138092041
main_tournament_resume_2,AlphaBeta-new-d3__VS__MCTS-new-100__GAME__38,AlphaBeta-new-d3,MCTS-new-100,38,False,MCTS-new-100,-1,10,12.763836860656738
main_tournament_resume_2,AlphaBeta-new-d3__VS__MCTS-new-100__GAME__39,AlphaBeta-new-d3,MCTS-new-100,39,True,MCTS-new-100,1,9,11.50337529182434
main_tournament_resume_2,AlphaBeta-new-d3__VS__MCTS-new-100__GAME__40,AlphaBeta-new-d3,MCTS-new-100,40,False,MCTS-new-100,-1,20,34.290228843688965
main_tournament_resume_2,AlphaBeta-new-d3__VS__MCTS-new-100__GAME__41,AlphaBeta-new-d3,MCTS-new-100,41,True,AlphaBeta-new-d3,-1,11,13.437233209609985
main_tournament_resume_2,AlphaBeta-new-d3__VS__MCTS-new-100__GAME__42,AlphaBeta-new-d3,MCTS-new-100,42,False,MCTS-new-100,-1,4,2.7826240062713623
main_tournament_resume_2,AlphaBeta-new-d3__VS__MCTS-new-100__GAME__43,AlphaBeta-new-d3,MCTS-new-100,43,True,MCTS-new-100,1,7,7.423084497451782
main_tournament_resume_2,AlphaBeta-new-d3__VS__MCTS-new-100__GAME__44,AlphaBeta-new-d3,MCTS-new-100,44,False,MCTS-new-100,-1,16,23.33625054359436
main_tournament_resume_2,AlphaBeta-new-d3__VS__MCTS-new-100__GAME__45,AlphaBeta-new-d3,MCTS-new-100,45,True,MCTS-new-100,1,7,7.7564005851745605
main_tournament_resume_2,AlphaBeta-new-d3__VS__MCTS-new-100__GAME__46,AlphaBeta-new-d3,MCTS-new-100,46,False,draw,0,50,90.24957585334778
main_tournament_resume_2,AlphaBeta-new-d3__VS__MCTS-new-100__GAME__47,AlphaBeta-new-d3,MCTS-new-100,47,True,MCTS-new-100,1,7,8.409327507019043
main_tournament_resume_2,AlphaBeta-new-d3__VS__MCTS-new-100__GAME__48,AlphaBeta-new-d3,MCTS-new-100,48,False,MCTS-new-100,-1,6,7.109496831893921
main_tournament_resume_2,AlphaBeta-new-d3__VS__MCTS-new-100__GAME__49,AlphaBeta-new-d3,MCTS-new-100,49,True,MCTS-new-100,1,11,12.018188238143921
main_tournament_resume_2,AlphaBeta-new-d3__VS__MCTS-new-100__GAME__50,AlphaBeta-new-d3,MCTS-new-100,50,False,draw,0,50,91.37690949440002
main_tournament_resume_2,AlphaBeta-new-d3__VS__MCTS-new-100__GAME__51,AlphaBeta-new-d3,MCTS-new-100,51,True,MCTS-new-100,1,9,11.333513259887695
main_tournament_resume_2,AlphaBeta-new-d3__VS__MCTS-new-100__GAME__52,AlphaBeta-new-d3,MCTS-new-100,52,False,MCTS-new-100,-1,36,60.75333094596863
main_tournament_resume_2,AlphaBeta-new-d3__VS__MCTS-new-100__GAME__53,AlphaBeta-new-d3,MCTS-new-100,53,True,MCTS-new-100,1,10,13.004796743392944
main_tournament_resume_2,AlphaBeta-new-d3__VS__MCTS-new-100__GAME__54,AlphaBeta-new-d3,MCTS-new-100,54,False,MCTS-new-100,-1,8,10.850154876708984
main_tournament_resume_2,AlphaBeta-new-d3__VS__MCTS-new-100__GAME__55,AlphaBeta-new-d3,MCTS-new-100,55,True,AlphaBeta-new-d3,-1,14,19.13223171234131
main_tournament_resume_2,AlphaBeta-new-d3__VS__MCTS-new-100__GAME__56,AlphaBeta-new-d3,MCTS-new-100,56,False,AlphaBeta-new-d3,1,7,7.647406339645386
main_tournament_resume_2,AlphaBeta-new-d3__VS__MCTS-new-100__GAME__57,AlphaBeta-new-d3,MCTS-new-100,57,True,draw,0,50,70.64798498153687
main_tournament_resume_2,AlphaBeta-new-d3__VS__MCTS-new-100__GAME__58,AlphaBeta-new-d3,MCTS-new-100,58,False,AlphaBeta-new-d3,1,12,16.599292278289795
main_tournament_resume_2,AlphaBeta-new-d3__VS__MCTS-new-100__GAME__59,AlphaBeta-new-d3,MCTS-new-100,59,True,MCTS-new-100,1,9,10.848565816879272
main_tournament_resume_2,AlphaBeta-new-d3__VS__MCTS-new-100__GAME__60,AlphaBeta-new-d3,MCTS-new-100,60,False,MCTS-new-100,-1,8,7.830101013183594
main_tournament_resume_2,AlphaBeta-new-d3__VS__MCTS-new-100__GAME__61,AlphaBeta-new-d3,MCTS-new-100,61,True,MCTS-new-100,1,9,10.135055303573608
main_tournament_resume_2,AlphaBeta-new-d3__VS__MCTS-new-100__GAME__62,AlphaBeta-new-d3,MCTS-new-100,62,False,MCTS-new-100,-1,16,22.11852216720581
main_tournament_resume_2,AlphaBeta-new-d3__VS__MCTS-new-100__GAME__63,AlphaBeta-new-d3,MCTS-new-100,63,True,MCTS-new-100,1,9,10.197450876235962
main_tournament_resume_2,AlphaBeta-new-d3__VS__MCTS-new-100__GAME__64,AlphaBeta-new-d3,MCTS-new-100,64,False,MCTS-new-100,-1,10,13.658930540084839
main_tournament_resume_2,AlphaBeta-new-d3__VS__MCTS-new-100__GAME__65,AlphaBeta-new-d3,MCTS-new-100,65,True,MCTS-new-100,1,7,7.843180179595947
main_tournament_resume_2,AlphaBeta-new-d3__VS__MCTS-new-100__GAME__66,AlphaBeta-new-d3,MCTS-new-100,66,False,MCTS-new-100,-1,12,16.12188172340393
main_tournament_resume_2,AlphaBeta-new-d3__VS__MCTS-new-100__GAME__67,AlphaBeta-new-d3,MCTS-new-100,67,True,MCTS-new-100,1,9,12.048638343811035
main_tournament_resume_2,AlphaBeta-new-d3__VS__MCTS-new-100__GAME__68,AlphaBeta-new-d3,MCTS-new-100,68,False,MCTS-new-100,-1,6,6.410162687301636
main_tournament_resume_2,AlphaBeta-new-d3__VS__MCTS-new-100__GAME__69,AlphaBeta-new-d3,MCTS-new-100,69,True,MCTS-new-100,1,13,16.164457082748413
main_tournament_resume_2,AlphaBeta-new-d3__VS__MCTS-new-100__GAME__70,AlphaBeta-new-d3,MCTS-new-100,70,False,MCTS-new-100,-1,17,24.46060538291931
main_tournament_resume_2,AlphaBeta-new-d3__VS__MCTS-new-100__GAME__71,AlphaBeta-new-d3,MCTS-new-100,71,True,MCTS-new-100,1,11,14.427441596984863
main_tournament_resume_2,AlphaBeta-new-d3__VS__MCTS-new-100__GAME__72,AlphaBeta-new-d3,MCTS-new-100,72,False,MCTS-new-100,-1,10,12.483378171920776
main_tournament_resume_2,AlphaBeta-new-d3__VS__MCTS-new-100__GAME__73,AlphaBeta-new-d3,MCTS-new-100,73,True,MCTS-new-100,1,7,8.245918989181519
main_tournament_resume_2,AlphaBeta-new-d3__VS__MCTS-new-100__GAME__74,AlphaBeta-new-d3,MCTS-new-100,74,False,MCTS-new-100,-1,10,12.856641292572021
main_tournament_resume_2,AlphaBeta-new-d3__VS__MCTS-new-100__GAME__75,AlphaBeta-new-d3,MCTS-new-100,75,True,MCTS-new-100,1,6,7.946191787719727
main_tournament_resume_2,AlphaBeta-new-d3__VS__MCTS-new-100__GAME__76,AlphaBeta-new-d3,MCTS-new-100,76,False,MCTS-new-100,-1,30,50.49644374847412
main_tournament_resume_2,AlphaBeta-new-d3__VS__MCTS-new-100__GAME__77,AlphaBeta-new-d3,MCTS-new-100,77,True,AlphaBeta-new-d3,-1,13,16.926056623458862
main_tournament_resume_2,AlphaBeta-new-d3__VS__MCTS-new-100__GAME__78,AlphaBeta-new-d3,MCTS-new-100,78,False,MCTS-new-100,-1,10,11.310598373413086
main_tournament_resume_2,AlphaBeta-new-d3__VS__MCTS-new-100__GAME__79,AlphaBeta-new-d3,MCTS-new-100,79,True,MCTS-new-100,1,9,10.41191554069519
main_tournament_resume_2,AlphaBeta-new-d3__VS__MCTS-new-100__GAME__80,AlphaBeta-new-d3,MCTS-new-100,80,False,MCTS-new-100,-1,8,10.217565774917603
main_tournament_resume_2,AlphaBeta-new-d3__VS__MCTS-new-100__GAME__81,AlphaBeta-new-d3,MCTS-new-100,81,True,MCTS-new-100,1,6,8.129167795181274
main_tournament_resume_2,AlphaBeta-new-d3__VS__MCTS-new-100__GAME__82,AlphaBeta-new-d3,MCTS-new-100,82,False,MCTS-new-100,-1,20,29.281096935272217
main_tournament_resume_2,AlphaBeta-new-d3__VS__MCTS-new-100__GAME__83,AlphaBeta-new-d3,MCTS-new-100,83,True,MCTS-new-100,1,7,10.139539241790771
main_tournament_resume_2,AlphaBeta-new-d3__VS__MCTS-new-100__GAME__84,AlphaBeta-new-d3,MCTS-new-100,84,False,MCTS-new-100,-1,8,9.811128854751587
main_tournament_resume_2,AlphaBeta-new-d3__VS__MCTS-new-100__GAME__85,AlphaBeta-new-d3,MCTS-new-100,85,True,MCTS-new-100,1,13,16.831058979034424
main_tournament_resume_2,AlphaBeta-new-d3__VS__MCTS-new-100__GAME__86,AlphaBeta-new-d3,MCTS-new-100,86,False,AlphaBeta-new-d3,1,4,4.11269474029541
main_tournament_resume_2,AlphaBeta-new-d3__VS__MCTS-new-100__GAME__87,AlphaBeta-new-d3,MCTS-new-100,87,True,AlphaBeta-new-d3,-1,18,26.123891830444336
main_tournament_resume_2,AlphaBeta-new-d3__VS__MCTS-new-100__GAME__88,AlphaBeta-new-d3,MCTS-new-100,88,False,MCTS-new-100,-1,12,15.446096658706665
main_tournament_resume_2,AlphaBeta-new-d3__VS__MCTS-new-100__GAME__89,AlphaBeta-new-d3,MCTS-new-100,89,True,MCTS-new-100,1,9,10.443300485610962
main_tournament_resume_2,AlphaBeta-new-d3__VS__MCTS-new-100__GAME__90,AlphaBeta-new-d3,MCTS-new-100,90,False,MCTS-new-100,-1,44,82.41250348091125
main_tournament_resume_2,AlphaBeta-new-d3__VS__MCTS-new-100__GAME__91,AlphaBeta-new-d3,MCTS-new-100,91,True,AlphaBeta-new-d3,-1,10,15.841623783111572
main_tournament_resume_2,AlphaBeta-new-d3__VS__MCTS-new-100__GAME__92,AlphaBeta-new-d3,MCTS-new-100,92,False,MCTS-new-100,-1,14,19.008615016937256
main_tournament_resume_2,AlphaBeta-new-d3__VS__MCTS-new-100__GAME__93,AlphaBeta-new-d3,MCTS-new-100,93,True,MCTS-new-100,1,7,7.969454765319824
main_tournament_resume_2,AlphaBeta-new-d3__VS__MCTS-new-100__GAME__94,AlphaBeta-new-d3,MCTS-new-100,94,False,MCTS-new-100,-1,6,7.0677361488342285
main_tournament_resume_2,AlphaBeta-new-d3__VS__MCTS-new-100__GAME__95,AlphaBeta-new-d3,MCTS-new-100,95,True,AlphaBeta-new-d3,-1,25,42.214425802230835
main_tournament_resume_2,AlphaBeta-new-d3__VS__MCTS-new-100__GAME__96,AlphaBeta-new-d3,MCTS-new-100,96,False,MCTS-new-100,-1,8,10.384322881698608
main_tournament_resume_2,AlphaBeta-new-d3__VS__MCTS-new-100__GAME__97,AlphaBeta-new-d3,MCTS-new-100,97,True,AlphaBeta-new-d3,-1,8,11.566311359405518
main_tournament_resume_2,AlphaBeta-new-d3__VS__MCTS-new-100__GAME__98,AlphaBeta-new-d3,MCTS-new-100,98,False,MCTS-new-100,-1,6,6.244384288787842
main_tournament_resume_2,AlphaBeta-new-d3__VS__MCTS-new-100__GAME__99,AlphaBeta-new-d3,MCTS-new-100,99,True,MCTS-new-100,1,5,5.11798357963562
main_tournament_resume_2,AlphaBeta-new-d3__VS__MCTS-new-100__GAME__100,AlphaBeta-new-d3,MCTS-new-100,100,False,MCTS-new-100,-1,7,8.792619943618774
main_tournament_resume_2,AlphaBeta-new-d3__VS__MCTS-new-100__GAME__101,AlphaBeta-new-d3,MCTS-new-100,101,True,MCTS-new-100,1,25,42.172691822052
main_tournament_resume_2,AlphaBeta-new-d3__VS__MCTS-new-100__GAME__102,AlphaBeta-new-d3,MCTS-new-100,102,False,AlphaBeta-new-d3,1,11,14.055623769760132
main_tournament_resume_2,AlphaBeta-new-d3__VS__MCTS-new-100__GAME__103,AlphaBeta-new-d3,MCTS-new-100,103,True,MCTS-new-100,1,7,7.427745580673218
main_tournament_resume_2,AlphaBeta-new-d3__VS__MCTS-new-100__GAME__104,AlphaBeta-new-d3,MCTS-new-100,104,False,AlphaBeta-new-d3,1,8,9.925353765487671
main_tournament_resume_2,AlphaBeta-new-d3__VS__MCTS-new-100__GAME__105,AlphaBeta-new-d3,MCTS-new-100,105,True,MCTS-new-100,1,11,15.316211462020874
main_tournament_resume_2,AlphaBeta-new-d3__VS__MCTS-new-100__GAME__106,AlphaBeta-new-d3,MCTS-new-100,106,False,MCTS-new-100,-1,12,14.468794107437134
main_tournament_resume_2,AlphaBeta-new-d3__VS__MCTS-new-100__GAME__107,AlphaBeta-new-d3,MCTS-new-100,107,True,MCTS-new-100,1,25,38.84047508239746
main_tournament_resume_2,AlphaBeta-new-d3__VS__MCTS-new-100__GAME__108,AlphaBeta-new-d3,MCTS-new-100,108,False,MCTS-new-100,-1,26,44.43368744850159
main_tournament_resume_2,AlphaBeta-new-d3__VS__MCTS-new-100__GAME__109,AlphaBeta-new-d3,MCTS-new-100,109,True,MCTS-new-100,1,15,23.771815061569214
main_tournament_resume_2,AlphaBeta-new-d3__VS__MCTS-new-100__GAME__110,AlphaBeta-new-d3,MCTS-new-100,110,False,MCTS-new-100,-1,26,42.61845135688782
main_tournament_resume_2,AlphaBeta-new-d3__VS__MCTS-new-100__GAME__111,AlphaBeta-new-d3,MCTS-new-100,111,True,MCTS-new-100,1,9,10.520211935043335
main_tournament_resume_2,AlphaBeta-new-d3__VS__MCTS-new-100__GAME__112,AlphaBeta-new-d3,MCTS-new-100,112,False,AlphaBeta-new-d3,1,8,10.803316116333008
main_tournament_resume_2,AlphaBeta-new-d3__VS__MCTS-new-100__GAME__113,AlphaBeta-new-d3,MCTS-new-100,113,True,MCTS-new-100,1,9,11.897043943405151
main_tournament_resume_2,AlphaBeta-new-d3__VS__MCTS-new-100__GAME__114,AlphaBeta-new-d3,MCTS-new-100,114,False,AlphaBeta-new-d3,1,11,14.601659536361694
main_tournament_resume_2,AlphaBeta-new-d3__VS__MCTS-new-100__GAME__115,AlphaBeta-new-d3,MCTS-new-100,115,True,MCTS-new-100,1,7,7.987306118011475
main_tournament_resume_2,AlphaBeta-new-d3__VS__MCTS-new-100__GAME__116,AlphaBeta-new-d3,MCTS-new-100,116,False,MCTS-new-100,-1,6,6.037208080291748
main_tournament_resume_2,AlphaBeta-new-d3__VS__MCTS-new-100__GAME__117,AlphaBeta-new-d3,MCTS-new-100,117,True,AlphaBeta-new-d3,-1,7,8.799619674682617
main_tournament_resume_2,AlphaBeta-new-d3__VS__MCTS-new-100__GAME__118,AlphaBeta-new-d3,MCTS-new-100,118,False,MCTS-new-100,-1,14,20.29297184944153
main_tournament_resume_2,AlphaBeta-new-d3__VS__MCTS-new-100__GAME__119,AlphaBeta-new-d3,MCTS-new-100,119,True,AlphaBeta-new-d3,-1,10,15.746809959411621
main_tournament_resume_2,AlphaBeta-new-d3__VS__MCTS-new-100__GAME__120,AlphaBeta-new-d3,MCTS-new-100,120,False,MCTS-new-100,-1,12,14.595525741577148
main_tournament_resume_2,AlphaBeta-new-d3__VS__MCTS-new-100__GAME__121,AlphaBeta-new-d3,MCTS-new-100,121,True,MCTS-new-100,1,9,11.007619380950928
main_tournament_resume_2,AlphaBeta-new-d3__VS__MCTS-new-100__GAME__122,AlphaBeta-new-d3,MCTS-new-100,122,False,AlphaBeta-new-d3,1,8,9.486711978912354
main_tournament_resume_2,AlphaBeta-new-d3__VS__MCTS-new-100__GAME__123,AlphaBeta-new-d3,MCTS-new-100,123,True,MCTS-new-100,1,13,17.320377826690674
main_tournament_resume_2,AlphaBeta-new-d3__VS__MCTS-new-100__GAME__124,AlphaBeta-new-d3,MCTS-new-100,124,False,AlphaBeta-new-d3,1,15,21.16829776763916
main_tournament_resume_2,AlphaBeta-new-d3__VS__MCTS-new-100__GAME__125,AlphaBeta-new-d3,MCTS-new-100,125,True,MCTS-new-100,1,9,10.69507646560669
main_tournament_resume_2,AlphaBeta-new-d3__VS__MCTS-new-100__GAME__126,AlphaBeta-new-d3,MCTS-new-100,126,False,AlphaBeta-new-d3,1,15,20.523303985595703
main_tournament_resume_2,AlphaBeta-new-d3__VS__MCTS-new-100__GAME__127,AlphaBeta-new-d3,MCTS-new-100,127,True,AlphaBeta-new-d3,-1,16,26.265081644058228
main_tournament_resume_2,AlphaBeta-new-d3__VS__MCTS-new-100__GAME__128,AlphaBeta-new-d3,MCTS-new-100,128,False,MCTS-new-100,-1,8,9.123775243759155
main_tournament_resume_2,AlphaBeta-new-d3__VS__MCTS-new-100__GAME__129,AlphaBeta-new-d3,MCTS-new-100,129,True,AlphaBeta-new-d3,-1,28,54.05571460723877
main_tournament_resume_2,AlphaBeta-new-d3__VS__MCTS-new-100__GAME__130,AlphaBeta-new-d3,MCTS-new-100,130,False,MCTS-new-100,-1,12,15.573625326156616
main_tournament_resume_2,AlphaBeta-new-d3__VS__MCTS-new-100__GAME__131,AlphaBeta-new-d3,MCTS-new-100,131,True,AlphaBeta-new-d3,-1,10,14.867678880691528
main_tournament_resume_2,AlphaBeta-new-d3__VS__MCTS-new-100__GAME__132,AlphaBeta-new-d3,MCTS-new-100,132,False,MCTS-new-100,-1,8,10.066355228424072
main_tournament_resume_2,AlphaBeta-new-d3__VS__MCTS-new-100__GAME__133,AlphaBeta-new-d3,MCTS-new-100,133,True,MCTS-new-100,1,5,4.998745679855347
main_tournament_resume_2,AlphaBeta-new-d3__VS__MCTS-new-100__GAME__134,AlphaBeta-new-d3,MCTS-new-100,134,False,MCTS-new-100,-1,8,8.143051862716675
main_tournament_resume_2,AlphaBeta-new-d3__VS__MCTS-new-100__GAME__135,AlphaBeta-new-d3,MCTS-new-100,135,True,MCTS-new-100,1,6,7.161851644515991
main_tournament_resume_2,AlphaBeta-new-d3__VS__MCTS-new-100__GAME__136,AlphaBeta-new-d3,MCTS-new-100,136,False,AlphaBeta-new-d3,1,5,5.724360942840576
main_tournament_resume_2,AlphaBeta-new-d3__VS__MCTS-new-100__GAME__137,AlphaBeta-new-d3,MCTS-new-100,137,True,MCTS-new-100,1,11,14.422096729278564
main_tournament_resume_2,AlphaBeta-new-d3__VS__MCTS-new-100__GAME__138,AlphaBeta-new-d3,MCTS-new-100,138,False,MCTS-new-100,-1,8,9.68015193939209
main_tournament_resume_2,AlphaBeta-new-d3__VS__MCTS-new-100__GAME__139,AlphaBeta-new-d3,MCTS-new-100,139,True,MCTS-new-100,1,9,10.580163478851318
main_tournament_resume_2,AlphaBeta-new-d3__VS__MCTS-new-100__GAME__140,AlphaBeta-new-d3,MCTS-new-100,140,False,MCTS-new-100,-1,10,13.474952697753906
main_tournament_resume_2,AlphaBeta-new-d3__VS__MCTS-new-100__GAME__141,AlphaBeta-new-d3,MCTS-new-100,141,True,MCTS-new-100,1,5,4.7361602783203125
main_tournament_resume_2,AlphaBeta-new-d3__VS__MCTS-new-100__GAME__142,AlphaBeta-new-d3,MCTS-new-100,142,False,MCTS-new-100,-1,8,10.359426021575928
main_tournament_resume_2,AlphaBeta-new-d3__VS__MCTS-new-100__GAME__143,AlphaBeta-new-d3,MCTS-new-100,143,True,MCTS-new-100,1,7,7.146121978759766
main_tournament_resume_2,AlphaBeta-new-d3__VS__MCTS-new-100__GAME__144,AlphaBeta-new-d3,MCTS-new-100,144,False,AlphaBeta-new-d3,1,7,9.250244140625
main_tournament_resume_2,AlphaBeta-new-d3__VS__MCTS-new-100__GAME__145,AlphaBeta-new-d3,MCTS-new-100,145,True,MCTS-new-100,1,19,26.85236167907715
main_tournament_resume_2,AlphaBeta-new-d3__VS__MCTS-new-100__GAME__146,AlphaBeta-new-d3,MCTS-new-100,146,False,MCTS-new-100,-1,6,5.538113355636597
main_tournament_resume_2,AlphaBeta-new-d3__VS__MCTS-new-100__GAME__147,AlphaBeta-new-d3,MCTS-new-100,147,True,MCTS-new-100,1,5,5.569770097732544
main_tournament_resume_2,AlphaBeta-new-d3__VS__MCTS-new-100__GAME__148,AlphaBeta-new-d3,MCTS-new-100,148,False,MCTS-new-100,-1,10,12.589414596557617
main_tournament_resume_2,AlphaBeta-new-d3__VS__MCTS-new-100__GAME__149,AlphaBeta-new-d3,MCTS-new-100,149,True,draw,0,50,73.88332462310791
main_tournament_resume_2,AlphaBeta-new-d3__VS__MCTS-new-100__GAME__150,AlphaBeta-new-d3,MCTS-new-100,150,False,AlphaBeta-new-d3,1,6,7.392993688583374
main_tournament_resume_2,AlphaBeta-new-d3__VS__MCTS-new-100__GAME__151,AlphaBeta-new-d3,MCTS-new-100,151,True,MCTS-new-100,1,6,8.164190530776978
main_tournament_resume_2,AlphaBeta-new-d3__VS__MCTS-new-100__GAME__152,AlphaBeta-new-d3,MCTS-new-100,152,False,MCTS-new-100,-1,6,6.985166788101196
main_tournament_resume_2,AlphaBeta-new-d3__VS__MCTS-new-100__GAME__153,AlphaBeta-new-d3,MCTS-new-100,153,True,MCTS-new-100,1,5,3.949605941772461
main_tournament_resume_2,AlphaBeta-new-d3__VS__MCTS-new-100__GAME__154,AlphaBeta-new-d3,MCTS-new-100,154,False,MCTS-new-100,-1,8,8.711209774017334
main_tournament_resume_2,AlphaBeta-new-d3__VS__MCTS-new-100__GAME__155,AlphaBeta-new-d3,MCTS-new-100,155,True,MCTS-new-100,1,11,14.447303056716919
main_tournament_resume_2,AlphaBeta-new-d3__VS__MCTS-new-100__GAME__156,AlphaBeta-new-d3,MCTS-new-100,156,False,AlphaBeta-new-d3,1,11,13.046653270721436
main_tournament_resume_2,AlphaBeta-new-d3__VS__MCTS-new-100__GAME__157,AlphaBeta-new-d3,MCTS-new-100,157,True,AlphaBeta-new-d3,-1,18,25.45745038986206
main_tournament_resume_2,AlphaBeta-new-d3__VS__MCTS-new-100__GAME__158,AlphaBeta-new-d3,MCTS-new-100,158,False,MCTS-new-100,-1,18,24.267194032669067
main_tournament_resume_2,AlphaBeta-new-d3__VS__MCTS-new-100__GAME__159,AlphaBeta-new-d3,MCTS-new-100,159,True,MCTS-new-100,1,21,35.240156412124634
main_tournament_resume_2,AlphaBeta-new-d3__VS__MCTS-new-100__GAME__160,AlphaBeta-new-d3,MCTS-new-100,160,False,MCTS-new-100,-1,12,15.922659635543823
main_tournament_resume_2,AlphaBeta-new-d3__VS__MCTS-new-100__GAME__161,AlphaBeta-new-d3,MCTS-new-100,161,True,MCTS-new-100,1,15,21.140136003494263
main_tournament_resume_2,AlphaBeta-new-d3__VS__MCTS-new-100__GAME__162,AlphaBeta-new-d3,MCTS-new-100,162,False,MCTS-new-100,-1,10,13.361491918563843
main_tournament_resume_2,AlphaBeta-new-d3__VS__MCTS-new-100__GAME__163,AlphaBeta-new-d3,MCTS-new-100,163,True,AlphaBeta-new-d3,-1,7,9.535362720489502
main_tournament_resume_2,AlphaBeta-new-d3__VS__MCTS-new-100__GAME__164,AlphaBeta-new-d3,MCTS-new-100,164,False,MCTS-new-100,-1,6,7.1010072231292725
main_tournament_resume_2,AlphaBeta-new-d3__VS__MCTS-new-100__GAME__165,AlphaBeta-new-d3,MCTS-new-100,165,True,MCTS-new-100,1,7,8.771767616271973
main_tournament_resume_2,AlphaBeta-new-d3__VS__MCTS-new-100__GAME__166,AlphaBeta-new-d3,MCTS-new-100,166,False,MCTS-new-100,-1,6,7.180498361587524
main_tournament_resume_2,AlphaBeta-new-d3__VS__MCTS-new-100__GAME__167,AlphaBeta-new-d3,MCTS-new-100,167,True,MCTS-new-100,1,7,9.274847030639648
main_tournament_resume_2,AlphaBeta-new-d3__VS__MCTS-new-100__GAME__168,AlphaBeta-new-d3,MCTS-new-100,168,False,MCTS-new-100,-1,10,12.47550916671753
main_tournament_resume_2,AlphaBeta-new-d3__VS__MCTS-new-100__GAME__169,AlphaBeta-new-d3,MCTS-new-100,169,True,MCTS-new-100,1,11,14.789718389511108
main_tournament_resume_2,AlphaBeta-new-d3__VS__MCTS-new-100__GAME__170,AlphaBeta-new-d3,MCTS-new-100,170,False,AlphaBeta-new-d3,1,9,11.213334798812866
main_tournament_resume_2,AlphaBeta-new-d3__VS__MCTS-new-100__GAME__171,AlphaBeta-new-d3,MCTS-new-100,171,True,MCTS-new-100,1,40,72.62976813316345
main_tournament_resume_2,AlphaBeta-new-d3__VS__MCTS-new-100__GAME__172,AlphaBeta-new-d3,MCTS-new-100,172,False,MCTS-new-100,-1,8,9.199780225753784
main_tournament_resume_2,AlphaBeta-new-d3__VS__MCTS-new-100__GAME__173,AlphaBeta-new-d3,MCTS-new-100,173,True,MCTS-new-100,1,7,8.273174047470093
main_tournament_resume_2,AlphaBeta-new-d3__VS__MCTS-new-100__GAME__174,AlphaBeta-new-d3,MCTS-new-100,174,False,MCTS-new-100,-1,10,12.049099206924438
main_tournament_resume_2,AlphaBeta-new-d3__VS__MCTS-new-100__GAME__175,AlphaBeta-new-d3,MCTS-new-100,175,True,MCTS-new-100,1,7,8.86368703842163
main_tournament_resume_2,AlphaBeta-new-d3__VS__MCTS-new-100__GAME__176,AlphaBeta-new-d3,MCTS-new-100,176,False,MCTS-new-100,-1,48,90.09704923629761
main_tournament_resume_2,AlphaBeta-new-d3__VS__MCTS-new-100__GAME__177,AlphaBeta-new-d3,MCTS-new-100,177,True,MCTS-new-100,1,7,7.232482194900513
main_tournament_resume_2,AlphaBeta-new-d3__VS__MCTS-new-100__GAME__178,AlphaBeta-new-d3,MCTS-new-100,178,False,MCTS-new-100,-1,8,9.503596067428589
main_tournament_resume_2,AlphaBeta-new-d3__VS__MCTS-new-100__GAME__179,AlphaBeta-new-d3,MCTS-new-100,179,True,MCTS-new-100,1,7,7.719029903411865
main_tournament_resume_2,AlphaBeta-new-d3__VS__MCTS-new-100__GAME__180,AlphaBeta-new-d3,MCTS-new-100,180,False,MCTS-new-100,-1,4,3.825258255004883
main_tournament_resume_2,AlphaBeta-new-d3__VS__MCTS-new-100__GAME__181,AlphaBeta-new-d3,MCTS-new-100,181,True,MCTS-new-100,1,9,11.978253841400146
main_tournament_resume_2,AlphaBeta-new-d3__VS__MCTS-new-100__GAME__182,AlphaBeta-new-d3,MCTS-new-100,182,False,MCTS-new-100,-1,26,44.853288888931274
main_tournament_resume_2,AlphaBeta-new-d3__VS__MCTS-new-100__GAME__183,AlphaBeta-new-d3,MCTS-new-100,183,True,MCTS-new-100,1,7,8.59670615196228
main_tournament_resume_2,AlphaBeta-new-d3__VS__MCTS-new-100__GAME__184,AlphaBeta-new-d3,MCTS-new-100,184,False,MCTS-new-100,-1,8,10.364880561828613
main_tournament_resume_2,AlphaBeta-new-d3__VS__MCTS-new-100__GAME__185,AlphaBeta-new-d3,MCTS-new-100,185,True,MCTS-new-100,1,19,27.286097049713135
main_tournament_resume_2,AlphaBeta-new-d3__VS__MCTS-new-100__GAME__186,AlphaBeta-new-d3,MCTS-new-100,186,False,MCTS-new-100,-1,6,7.265597581863403
main_tournament_resume_2,AlphaBeta-new-d3__VS__MCTS-new-100__GAME__187,AlphaBeta-new-d3,MCTS-new-100,187,True,MCTS-new-100,1,15,22.441807746887207
main_tournament_resume_2,AlphaBeta-new-d3__VS__MCTS-new-100__GAME__188,AlphaBeta-new-d3,MCTS-new-100,188,False,MCTS-new-100,-1,6,6.3155083656311035
main_tournament_resume_2,AlphaBeta-new-d3__VS__MCTS-new-100__GAME__189,AlphaBeta-new-d3,MCTS-new-100,189,True,draw,0,50,104.62531638145447
main_tournament_resume_2,AlphaBeta-new-d3__VS__MCTS-new-100__GAME__190,AlphaBeta-new-d3,MCTS-new-100,190,False,draw,0,50,98.78706192970276
main_tournament_resume_2,AlphaBeta-new-d3__VS__MCTS-new-100__GAME__191,AlphaBeta-new-d3,MCTS-new-100,191,True,AlphaBeta-new-d3,-1,12,17.778236389160156
main_tournament_resume_2,AlphaBeta-new-d3__VS__MCTS-new-100__GAME__192,AlphaBeta-new-d3,MCTS-new-100,192,False,MCTS-new-100,-1,6,6.593435764312744
main_tournament_resume_2,AlphaBeta-new-d3__VS__MCTS-new-100__GAME__193,AlphaBeta-new-d3,MCTS-new-100,193,True,MCTS-new-100,1,9,11.013258934020996
main_tournament_resume_2,AlphaBeta-new-d3__VS__MCTS-new-100__GAME__194,AlphaBeta-new-d3,MCTS-new-100,194,False,MCTS-new-100,-1,6,6.5084388256073
main_tournament_resume_2,AlphaBeta-new-d3__VS__MCTS-new-100__GAME__195,AlphaBeta-new-d3,MCTS-new-100,195,True,MCTS-new-100,1,19,27.546547889709473
main_tournament_resume_2,AlphaBeta-new-d3__VS__MCTS-new-100__GAME__196,AlphaBeta-new-d3,MCTS-new-100,196,False,MCTS-new-100,-1,12,15.669727087020874
main_tournament_resume_2,AlphaBeta-new-d3__VS__MCTS-new-100__GAME__197,AlphaBeta-new-d3,MCTS-new-100,197,True,MCTS-new-100,1,13,17.178772926330566
main_tournament_resume_2,AlphaBeta-new-d3__VS__MCTS-new-100__GAME__198,AlphaBeta-new-d3,MCTS-new-100,198,False,MCTS-new-100,-1,5,5.6018500328063965
main_tournament_resume_2,AlphaBeta-new-d3__VS__MCTS-new-100__GAME__199,AlphaBeta-new-d3,MCTS-new-100,199,True,AlphaBeta-new-d3,-1,9,12.547316551208496
main_tournament_resume_2,MCTS-old-100__VS__MCTS-new-100__GAME__0,MCTS-old-100,MCTS-new-100,0,False,MCTS-old-100,1,13,17.43958330154419
main_tournament_resume_2,MCTS-old-100__VS__MCTS-new-100__GAME__1,MCTS-old-100,MCTS-new-100,1,True,MCTS-new-100,1,11,16.64703893661499
main_tournament_resume_2,MCTS-old-100__VS__MCTS-new-100__GAME__2,MCTS-old-100,MCTS-new-100,2,False,MCTS-new-100,-1,9,13.030202865600586
main_tournament_resume_2,MCTS-old-100__VS__MCTS-new-100__GAME__3,MCTS-old-100,MCTS-new-100,3,True,MCTS-old-100,-1,9,12.013751745223999
main_tournament_resume_2,MCTS-old-100__VS__MCTS-new-100__GAME__4,MCTS-old-100,MCTS-new-100,4,False,MCTS-new-100,-1,18,30.07752013206482
main_tournament_resume_2,MCTS-old-100__VS__MCTS-new-100__GAME__5,MCTS-old-100,MCTS-new-100,5,True,draw,0,50,86.58599042892456
main_tournament_resume_2,MCTS-old-100__VS__MCTS-new-100__GAME__6,MCTS-old-100,MCTS-new-100,6,False,MCTS-old-100,1,19,32.91360378265381
main_tournament_resume_2,MCTS-old-100__VS__MCTS-new-100__GAME__7,MCTS-old-100,MCTS-new-100,7,True,MCTS-old-100,-1,6,7.132723808288574
main_tournament_resume_2,MCTS-old-100__VS__MCTS-new-100__GAME__8,MCTS-old-100,MCTS-new-100,8,False,MCTS-old-100,1,30,57.01759648323059
main_tournament_resume_2,MCTS-old-100__VS__MCTS-new-100__GAME__9,MCTS-old-100,MCTS-new-100,9,True,MCTS-old-100,-1,42,72.93605732917786
main_tournament_resume_2,MCTS-old-100__VS__MCTS-new-100__GAME__10,MCTS-old-100,MCTS-new-100,10,False,MCTS-old-100,1,22,35.01315522193909
main_tournament_resume_2,MCTS-old-100__VS__MCTS-new-100__GAME__11,MCTS-old-100,MCTS-new-100,11,True,MCTS-new-100,1,7,9.588891506195068
main_tournament_resume_2,MCTS-old-100__VS__MCTS-new-100__GAME__12,MCTS-old-100,MCTS-new-100,12,False,MCTS-old-100,1,8,11.047643423080444
main_tournament_resume_2,MCTS-old-100__VS__MCTS-new-100__GAME__13,MCTS-old-100,MCTS-new-100,13,True,MCTS-new-100,1,9,11.341046571731567
main_tournament_resume_2,MCTS-old-100__VS__MCTS-new-100__GAME__14,MCTS-old-100,MCTS-new-100,14,False,MCTS-old-100,1,21,38.39570474624634
main_tournament_resume_2,MCTS-old-100__VS__MCTS-new-100__GAME__15,MCTS-old-100,MCTS-new-100,15,True,MCTS-old-100,-1,6,6.990295886993408
main_tournament_resume_2,MCTS-old-100__VS__MCTS-new-100__GAME__16,MCTS-old-100,MCTS-new-100,16,False,MCTS-old-100,1,28,54.731427907943726
main_tournament_resume_2,MCTS-old-100__VS__MCTS-new-100__GAME__17,MCTS-old-100,MCTS-new-100,17,True,MCTS-new-100,1,18,25.588155269622803
main_tournament_resume_2,MCTS-old-100__VS__MCTS-new-100__GAME__18,MCTS-old-100,MCTS-new-100,18,False,MCTS-old-100,1,9,19.35477924346924
main_tournament_resume_2,MCTS-old-100__VS__MCTS-new-100__GAME__19,MCTS-old-100,MCTS-new-100,19,True,MCTS-new-100,1,6,8.563973426818848
main_tournament_resume_2,MCTS-old-100__VS__MCTS-new-100__GAME__20,MCTS-old-100,MCTS-new-100,20,False,MCTS-old-100,1,6,8.927289962768555
main_tournament_resume_2,MCTS-old-100__VS__MCTS-new-100__GAME__21,MCTS-old-100,MCTS-new-100,21,True,MCTS-old-100,-1,7,9.764779329299927
main_tournament_resume_2,MCTS-old-100__VS__MCTS-new-100__GAME__22,MCTS-old-100,MCTS-new-100,22,False,draw,0,50,99.93148183822632
main_tournament_resume_2,MCTS-old-100__VS__MCTS-new-100__GAME__23,MCTS-old-100,MCTS-new-100,23,True,draw,0,50,104.42958974838257
main_tournament_resume_2,MCTS-old-100__VS__MCTS-new-100__GAME__24,MCTS-old-100,MCTS-new-100,24,False,MCTS-new-100,-1,29,46.090027809143066
main_tournament_resume_2,MCTS-old-100__VS__MCTS-new-100__GAME__25,MCTS-old-100,MCTS-new-100,25,True,MCTS-old-100,-1,5,6.1918556690216064
main_tournament_resume_2,MCTS-old-100__VS__MCTS-new-100__GAME__26,MCTS-old-100,MCTS-new-100,26,False,MCTS-new-100,-1,9,11.40283489227295
main_tournament_resume_2,MCTS-old-100__VS__MCTS-new-100__GAME__27,MCTS-old-100,MCTS-new-100,27,True,MCTS-new-100,1,5,5.102371454238892
main_tournament_resume_2,MCTS-old-100__VS__MCTS-new-100__GAME__28,MCTS-old-100,MCTS-new-100,28,False,MCTS-old-100,1,7,9.599362134933472
main_tournament_resume_2,MCTS-old-100__VS__MCTS-new-100__GAME__29,MCTS-old-100,MCTS-new-100,29,True,MCTS-new-100,1,41,101.94277095794678
main_tournament_resume_2,MCTS-old-100__VS__MCTS-new-100__GAME__30,MCTS-old-100,MCTS-new-100,30,False,MCTS-new-100,-1,6,6.7885847091674805
main_tournament_resume_2,MCTS-old-100__VS__MCTS-new-100__GAME__31,MCTS-old-100,MCTS-new-100,31,True,MCTS-old-100,-1,28,58.008894205093384
main_tournament_resume_2,MCTS-old-100__VS__MCTS-new-100__GAME__32,MCTS-old-100,MCTS-new-100,32,False,draw,0,50,89.00569438934326
main_tournament_resume_2,MCTS-old-100__VS__MCTS-new-100__GAME__33,MCTS-old-100,MCTS-new-100,33,True,MCTS-old-100,-1,7,8.86644721031189
main_tournament_resume_2,MCTS-old-100__VS__MCTS-new-100__GAME__34,MCTS-old-100,MCTS-new-100,34,False,MCTS-new-100,-1,8,9.329224348068237
main_tournament_resume_2,MCTS-old-100__VS__MCTS-new-100__GAME__35,MCTS-old-100,MCTS-new-100,35,True,MCTS-new-100,1,8,11.377264261245728
main_tournament_resume_2,MCTS-old-100__VS__MCTS-new-100__GAME__36,MCTS-old-100,MCTS-new-100,36,False,MCTS-old-100,1,9,13.37393593788147
main_tournament_resume_2,MCTS-old-100__VS__MCTS-new-100__GAME__37,MCTS-old-100,MCTS-new-100,37,True,MCTS-old-100,-1,7,8.980228185653687
main_tournament_resume_2,MCTS-old-100__VS__MCTS-new-100__GAME__38,MCTS-old-100,MCTS-new-100,38,False,draw,0,50,104.17219185829163
main_tournament_resume_2,MCTS-old-100__VS__MCTS-new-100__GAME__39,MCTS-old-100,MCTS-new-100,39,True,MCTS-old-100,-1,8,8.916082620620728
main_tournament_resume_2,MCTS-old-100__VS__MCTS-new-100__GAME__40,MCTS-old-100,MCTS-new-100,40,False,MCTS-new-100,-1,8,10.363141775131226
main_tournament_resume_2,MCTS-old-100__VS__MCTS-new-100__GAME__41,MCTS-old-100,MCTS-new-100,41,True,MCTS-new-100,1,23,39.69659113883972
main_tournament_resume_2,MCTS-old-100__VS__MCTS-new-100__GAME__42,MCTS-old-100,MCTS-new-100,42,False,MCTS-new-100,-1,38,70.62793254852295
main_tournament_resume_2,MCTS-old-100__VS__MCTS-new-100__GAME__43,MCTS-old-100,MCTS-new-100,43,True,MCTS-new-100,1,13,21.119155883789062
main_tournament_resume_2,MCTS-old-100__VS__MCTS-new-100__GAME__44,MCTS-old-100,MCTS-new-100,44,False,MCTS-old-100,1,7,8.32820463180542
main_tournament_resume_2,MCTS-old-100__VS__MCTS-new-100__GAME__45,MCTS-old-100,MCTS-new-100,45,True,MCTS-old-100,-1,23,35.219764709472656
main_tournament_resume_2,MCTS-old-100__VS__MCTS-new-100__GAME__46,MCTS-old-100,MCTS-new-100,46,False,MCTS-new-100,-1,5,6.928330183029175
main_tournament_resume_2,MCTS-old-100__VS__MCTS-new-100__GAME__47,MCTS-old-100,MCTS-new-100,47,True,MCTS-new-100,1,4,4.926831483840942
main_tournament_resume_2,MCTS-old-100__VS__MCTS-new-100__GAME__48,MCTS-old-100,MCTS-new-100,48,False,MCTS-new-100,-1,12,16.67137098312378
main_tournament_resume_2,MCTS-old-100__VS__MCTS-new-100__GAME__49,MCTS-old-100,MCTS-new-100,49,True,MCTS-old-100,-1,24,39.52307486534119
main_tournament_resume_2,MCTS-old-100__VS__MCTS-new-100__GAME__50,MCTS-old-100,MCTS-new-100,50,False,MCTS-old-100,1,7,8.357529163360596
main_tournament_resume_2,MCTS-old-100__VS__MCTS-new-100__GAME__51,MCTS-old-100,MCTS-new-100,51,True,MCTS-old-100,-1,24,41.55748271942139
main_tournament_resume_2,MCTS-old-100__VS__MCTS-new-100__GAME__52,MCTS-old-100,MCTS-new-100,52,False,MCTS-old-100,1,6,7.518840312957764
main_tournament_resume_2,MCTS-old-100__VS__MCTS-new-100__GAME__53,MCTS-old-100,MCTS-new-100,53,True,MCTS-old-100,-1,21,33.87743091583252
main_tournament_resume_2,MCTS-old-100__VS__MCTS-new-100__GAME__54,MCTS-old-100,MCTS-new-100,54,False,MCTS-new-100,-1,22,37.48752188682556
main_tournament_resume_2,MCTS-old-100__VS__MCTS-new-100__GAME__55,MCTS-old-100,MCTS-new-100,55,True,MCTS-old-100,-1,17,30.234203338623047
main_tournament_resume_2,MCTS-old-100__VS__MCTS-new-100__GAME__56,MCTS-old-100,MCTS-new-100,56,False,MCTS-old-100,1,6,8.19464635848999
main_tournament_resume_2,MCTS-old-100__VS__MCTS-new-100__GAME__57,MCTS-old-100,MCTS-new-100,57,True,MCTS-new-100,1,7,7.929452180862427
main_tournament_resume_2,MCTS-old-100__VS__MCTS-new-100__GAME__58,MCTS-old-100,MCTS-new-100,58,False,MCTS-new-100,-1,9,12.916034936904907
main_tournament_resume_2,MCTS-old-100__VS__MCTS-new-100__GAME__59,MCTS-old-100,MCTS-new-100,59,True,draw,0,50,88.6682186126709
main_tournament_resume_2,MCTS-old-100__VS__MCTS-new-100__GAME__60,MCTS-old-100,MCTS-new-100,60,False,MCTS-old-100,1,10,15.187166213989258
main_tournament_resume_2,MCTS-old-100__VS__MCTS-new-100__GAME__61,MCTS-old-100,MCTS-new-100,61,True,MCTS-new-100,1,19,29.61625051498413
main_tournament_resume_2,MCTS-old-100__VS__MCTS-new-100__GAME__62,MCTS-old-100,MCTS-new-100,62,False,draw,0,50,90.07332301139832
main_tournament_resume_2,MCTS-old-100__VS__MCTS-new-100__GAME__63,MCTS-old-100,MCTS-new-100,63,True,MCTS-old-100,-1,9,12.243828058242798
main_tournament_resume_2,MCTS-old-100__VS__MCTS-new-100__GAME__64,MCTS-old-100,MCTS-new-100,64,False,draw,0,50,96.269944190979
main_tournament_resume_2,MCTS-old-100__VS__MCTS-new-100__GAME__65,MCTS-old-100,MCTS-new-100,65,True,MCTS-new-100,1,8,11.759141445159912
main_tournament_resume_2,MCTS-old-100__VS__MCTS-new-100__GAME__66,MCTS-old-100,MCTS-new-100,66,False,MCTS-new-100,-1,34,70.12009763717651
main_tournament_resume_2,MCTS-old-100__VS__MCTS-new-100__GAME__67,MCTS-old-100,MCTS-new-100,67,True,MCTS-new-100,1,8,11.42412257194519
main_tournament_resume_2,MCTS-old-100__VS__MCTS-new-100__GAME__68,MCTS-old-100,MCTS-new-100,68,False,MCTS-new-100,-1,17,27.242162942886353
main_tournament_resume_2,MCTS-old-100__VS__MCTS-new-100__GAME__69,MCTS-old-100,MCTS-new-100,69,True,MCTS-new-100,1,11,15.31421947479248
main_tournament_resume_2,MCTS-old-100__VS__MCTS-new-100__GAME__70,MCTS-old-100,MCTS-new-100,70,False,draw,0,50,85.18200254440308
main_tournament_resume_2,MCTS-old-100__VS__MCTS-new-100__GAME__71,MCTS-old-100,MCTS-new-100,71,True,MCTS-old-100,-1,9,12.686861038208008
main_tournament_resume_2,MCTS-old-100__VS__MCTS-new-100__GAME__72,MCTS-old-100,MCTS-new-100,72,False,MCTS-new-100,-1,15,27.24695134162903
main_tournament_resume_2,MCTS-old-100__VS__MCTS-new-100__GAME__73,MCTS-old-100,MCTS-new-100,73,True,draw,0,50,93.53428554534912
main_tournament_resume_2,MCTS-old-100__VS__MCTS-new-100__GAME__74,MCTS-old-100,MCTS-new-100,74,False,MCTS-old-100,1,29,52.78495669364929
main_tournament_resume_2,MCTS-old-100__VS__MCTS-new-100__GAME__75,MCTS-old-100,MCTS-new-100,75,True,MCTS-old-100,-1,28,48.01073956489563
main_tournament_resume_2,MCTS-old-100__VS__MCTS-new-100__GAME__76,MCTS-old-100,MCTS-new-100,76,False,MCTS-new-100,-1,27,49.64062285423279
main_tournament_resume_2,MCTS-old-100__VS__MCTS-new-100__GAME__77,MCTS-old-100,MCTS-new-100,77,True,MCTS-old-100,-1,31,57.54210424423218
main_tournament_resume_2,MCTS-old-100__VS__MCTS-new-100__GAME__78,MCTS-old-100,MCTS-new-100,78,False,MCTS-old-100,1,12,16.64009141921997
main_tournament_resume_2,MCTS-old-100__VS__MCTS-new-100__GAME__79,MCTS-old-100,MCTS-new-100,79,True,MCTS-new-100,1,8,11.042502403259277
main_tournament_resume_2,MCTS-old-100__VS__MCTS-new-100__GAME__80,MCTS-old-100,MCTS-new-100,80,False,MCTS-old-100,1,9,11.57303786277771
main_tournament_resume_2,MCTS-old-100__VS__MCTS-new-100__GAME__81,MCTS-old-100,MCTS-new-100,81,True,MCTS-new-100,1,9,11.805739164352417
main_tournament_resume_2,MCTS-old-100__VS__MCTS-new-100__GAME__82,MCTS-old-100,MCTS-new-100,82,False,MCTS-old-100,1,13,20.01754355430603
main_tournament_resume_2,MCTS-old-100__VS__MCTS-new-100__GAME__83,MCTS-old-100,MCTS-new-100,83,True,MCTS-old-100,-1,7,9.241892099380493
main_tournament_resume_2,MCTS-old-100__VS__MCTS-new-100__GAME__84,MCTS-old-100,MCTS-new-100,84,False,MCTS-old-100,1,14,18.772221565246582
main_tournament_resume_2,MCTS-old-100__VS__MCTS-new-100__GAME__85,MCTS-old-100,MCTS-new-100,85,True,MCTS-new-100,1,23,46.162086725234985
main_tournament_resume_2,MCTS-old-100__VS__MCTS-new-100__GAME__86,MCTS-old-100,MCTS-new-100,86,False,MCTS-old-100,1,11,15.52379035949707
main_tournament_resume_2,MCTS-old-100__VS__MCTS-new-100__GAME__87,MCTS-old-100,MCTS-new-100,87,True,MCTS-old-100,-1,22,38.242324352264404
main_tournament_resume_2,MCTS-old-100__VS__MCTS-new-100__GAME__88,MCTS-old-100,MCTS-new-100,88,False,MCTS-old-100,1,11,15.279806852340698
main_tournament_resume_2,MCTS-old-100__VS__MCTS-new-100__GAME__89,MCTS-old-100,MCTS-new-100,89,True,MCTS-new-100,1,25,46.000367403030396
main_tournament_resume_2,MCTS-old-100__VS__MCTS-new-100__GAME__90,MCTS-old-100,MCTS-new-100,90,False,MCTS-new-100,-1,6,6.719298839569092
main_tournament_resume_2,MCTS-old-100__VS__MCTS-new-100__GAME__91,MCTS-old-100,MCTS-new-100,91,True,MCTS-old-100,-1,24,39.626312494277954
main_tournament_resume_2,MCTS-old-100__VS__MCTS-new-100__GAME__92,MCTS-old-100,MCTS-new-100,92,False,MCTS-old-100,1,11,15.380090951919556
main_tournament_resume_2,MCTS-old-100__VS__MCTS-new-100__GAME__93,MCTS-old-100,MCTS-new-100,93,True,MCTS-new-100,1,7,9.030270099639893
main_tournament_resume_2,MCTS-old-100__VS__MCTS-new-100__GAME__94,MCTS-old-100,MCTS-new-100,94,False,draw,0,50,88.15828108787537
main_tournament_resume_2,MCTS-old-100__VS__MCTS-new-100__GAME__95,MCTS-old-100,MCTS-new-100,95,True,MCTS-new-100,1,4,5.115001440048218
main_tournament_resume_2,MCTS-old-100__VS__MCTS-new-100__GAME__96,MCTS-old-100,MCTS-new-100,96,False,MCTS-new-100,-1,46,99.49568486213684
main_tournament_resume_2,MCTS-old-100__VS__MCTS-new-100__GAME__97,MCTS-old-100,MCTS-new-100,97,True,MCTS-old-100,-1,6,7.3901026248931885
main_tournament_resume_2,MCTS-old-100__VS__MCTS-new-100__GAME__98,MCTS-old-100,MCTS-new-100,98,False,MCTS-new-100,-1,7,9.473463296890259
main_tournament_resume_2,MCTS-old-100__VS__MCTS-new-100__GAME__99,MCTS-old-100,MCTS-new-100,99,True,MCTS-new-100,1,21,34.533663272857666
main_tournament_resume_2,MCTS-old-100__VS__MCTS-new-100__GAME__100,MCTS-old-100,MCTS-new-100,100,False,MCTS-old-100,1,8,10.161112308502197
main_tournament_resume_2,MCTS-old-100__VS__MCTS-new-100__GAME__101,MCTS-old-100,MCTS-new-100,101,True,MCTS-new-100,1,11,15.351796388626099
main_tournament_resume_2,MCTS-old-100__VS__MCTS-new-100__GAME__102,MCTS-old-100,MCTS-new-100,102,False,MCTS-old-100,1,15,22.38351535797119
main_tournament_resume_2,MCTS-old-100__VS__MCTS-new-100__GAME__103,MCTS-old-100,MCTS-new-100,103,True,MCTS-new-100,1,6,7.802690744400024
main_tournament_resume_2,MCTS-old-100__VS__MCTS-new-100__GAME__104,MCTS-old-100,MCTS-new-100,104,False,MCTS-new-100,-1,26,46.146156311035156
main_tournament_resume_2,MCTS-old-100__VS__MCTS-new-100__GAME__105,MCTS-old-100,MCTS-new-100,105,True,MCTS-old-100,-1,10,14.752413034439087
main_tournament_resume_2,MCTS-old-100__VS__MCTS-new-100__GAME__106,MCTS-old-100,MCTS-new-100,106,False,MCTS-old-100,1,6,8.1873459815979
main_tournament_resume_2,MCTS-old-100__VS__MCTS-new-100__GAME__107,MCTS-old-100,MCTS-new-100,107,True,draw,0,50,102.28317832946777
main_tournament_resume_2,MCTS-old-100__VS__MCTS-new-100__GAME__108,MCTS-old-100,MCTS-new-100,108,False,MCTS-new-100,-1,17,25.18974995613098
main_tournament_resume_2,MCTS-old-100__VS__MCTS-new-100__GAME__109,MCTS-old-100,MCTS-new-100,109,True,MCTS-new-100,1,21,39.019187927246094
main_tournament_resume_2,MCTS-old-100__VS__MCTS-new-100__GAME__110,MCTS-old-100,MCTS-new-100,110,False,MCTS-new-100,-1,16,25.091697692871094
main_tournament_resume_2,MCTS-old-100__VS__MCTS-new-100__GAME__111,MCTS-old-100,MCTS-new-100,111,True,draw,0,50,88.89559626579285
main_tournament_resume_2,MCTS-old-100__VS__MCTS-new-100__GAME__112,MCTS-old-100,MCTS-new-100,112,False,MCTS-new-100,-1,7,8.672611474990845
main_tournament_resume_2,MCTS-old-100__VS__MCTS-new-100__GAME__113,MCTS-old-100,MCTS-new-100,113,True,draw,0,50,92.13525438308716
main_tournament_resume_2,MCTS-old-100__VS__MCTS-new-100__GAME__114,MCTS-old-100,MCTS-new-100,114,False,MCTS-old-100,1,7,8.175012588500977
main_tournament_resume_2,MCTS-old-100__VS__MCTS-new-100__GAME__115,MCTS-old-100,MCTS-new-100,115,True,MCTS-new-100,1,21,32.74033975601196
main_tournament_resume_2,MCTS-old-100__VS__MCTS-new-100__GAME__116,MCTS-old-100,MCTS-new-100,116,False,MCTS-old-100,1,14,21.15317440032959
main_tournament_resume_2,MCTS-old-100__VS__MCTS-new-100__GAME__117,MCTS-old-100,MCTS-new-100,117,True,MCTS-old-100,-1,22,42.17857623100281
main_tournament_resume_2,MCTS-old-100__VS__MCTS-new-100__GAME__118,MCTS-old-100,MCTS-new-100,118,False,MCTS-new-100,-1,14,22.302074432373047
main_tournament_resume_2,MCTS-old-100__VS__MCTS-new-100__GAME__119,MCTS-old-100,MCTS-new-100,119,True,MCTS-new-100,1,18,36.26994323730469
main_tournament_resume_2,MCTS-old-100__VS__MCTS-new-100__GAME__120,MCTS-old-100,MCTS-new-100,120,False,draw,0,50,106.47601962089539
main_tournament_resume_2,MCTS-old-100__VS__MCTS-new-100__GAME__121,MCTS-old-100,MCTS-new-100,121,True,draw,0,50,94.77971863746643
main_tournament_resume_2,MCTS-old-100__VS__MCTS-new-100__GAME__122,MCTS-old-100,MCTS-new-100,122,False,MCTS-old-100,1,6,8.07472562789917
main_tournament_resume_2,MCTS-old-100__VS__MCTS-new-100__GAME__123,MCTS-old-100,MCTS-new-100,123,True,MCTS-new-100,1,16,25.180501222610474
main_tournament_resume_2,MCTS-old-100__VS__MCTS-new-100__GAME__124,MCTS-old-100,MCTS-new-100,124,False,MCTS-old-100,1,8,10.34399151802063
main_tournament_resume_2,MCTS-old-100__VS__MCTS-new-100__GAME__125,MCTS-old-100,MCTS-new-100,125,True,draw,0,50,87.14910626411438
main_tournament_resume_2,MCTS-old-100__VS__MCTS-new-100__GAME__126,MCTS-old-100,MCTS-new-100,126,False,MCTS-old-100,1,6,8.478609085083008
main_tournament_resume_2,MCTS-old-100__VS__MCTS-new-100__GAME__127,MCTS-old-100,MCTS-new-100,127,True,MCTS-new-100,1,7,8.360151529312134
main_tournament_resume_2,MCTS-old-100__VS__MCTS-new-100__GAME__128,MCTS-old-100,MCTS-new-100,128,False,MCTS-new-100,-1,20,32.605801582336426
main_tournament_resume_2,MCTS-old-100__VS__MCTS-new-100__GAME__129,MCTS-old-100,MCTS-new-100,129,True,MCTS-old-100,-1,7,8.921451091766357
main_tournament_resume_2,MCTS-old-100__VS__MCTS-new-100__GAME__130,MCTS-old-100,MCTS-new-100,130,False,MCTS-new-100,-1,6,6.9716691970825195
main_tournament_resume_2,MCTS-old-100__VS__MCTS-new-100__GAME__131,MCTS-old-100,MCTS-new-100,131,True,MCTS-new-100,1,10,15.27942943572998
main_tournament_resume_2,MCTS-old-100__VS__MCTS-new-100__GAME__132,MCTS-old-100,MCTS-new-100,132,False,MCTS-old-100,1,34,70.71674656867981
main_tournament_resume_2,MCTS-old-100__VS__MCTS-new-100__GAME__133,MCTS-old-100,MCTS-new-100,133,True,MCTS-old-100,-1,8,9.938266277313232
main_tournament_resume_2,MCTS-old-100__VS__MCTS-new-100__GAME__134,MCTS-old-100,MCTS-new-100,134,False,MCTS-old-100,1,7,8.582390546798706
main_tournament_resume_2,MCTS-old-100__VS__MCTS-new-100__GAME__135,MCTS-old-100,MCTS-new-100,135,True,draw,0,50,109.94147968292236
main_tournament_resume_2,MCTS-old-100__VS__MCTS-new-100__GAME__136,MCTS-old-100,MCTS-new-100,136,False,MCTS-new-100,-1,25,43.27762508392334
main_tournament_resume_2,MCTS-old-100__VS__MCTS-new-100__GAME__137,MCTS-old-100,MCTS-new-100,137,True,MCTS-new-100,1,6,9.004914999008179
main_tournament_resume_2,MCTS-old-100__VS__MCTS-new-100__GAME__138,MCTS-old-100,MCTS-new-100,138,False,MCTS-old-100,1,7,8.50229525566101
main_tournament_resume_2,MCTS-old-100__VS__MCTS-new-100__GAME__139,MCTS-old-100,MCTS-new-100,139,True,MCTS-new-100,1,9,10.929823875427246
main_tournament_resume_2,MCTS-old-100__VS__MCTS-new-100__GAME__140,MCTS-old-100,MCTS-new-100,140,False,MCTS-new-100,-1,44,73.04352903366089
main_tournament_resume_2,MCTS-old-100__VS__MCTS-new-100__GAME__141,MCTS-old-100,MCTS-new-100,141,True,draw,0,50,89.47544360160828
main_tournament_resume_2,MCTS-old-100__VS__MCTS-new-100__GAME__142,MCTS-old-100,MCTS-new-100,142,False,draw,0,50,94.61498594284058
main_tournament_resume_2,MCTS-old-100__VS__MCTS-new-100__GAME__143,MCTS-old-100,MCTS-new-100,143,True,draw,0,50,96.05100536346436
main_tournament_resume_2,MCTS-old-100__VS__MCTS-new-100__GAME__144,MCTS-old-100,MCTS-new-100,144,False,draw,0,50,93.55247139930725
main_tournament_resume_2,MCTS-old-100__VS__MCTS-new-100__GAME__145,MCTS-old-100,MCTS-new-100,145,True,MCTS-old-100,-1,14,18.236870288848877
main_tournament_resume_2,MCTS-old-100__VS__MCTS-new-100__GAME__146,MCTS-old-100,MCTS-new-100,146,False,MCTS-old-100,1,11,15.08979868888855
main_tournament_resume_2,MCTS-old-100__VS__MCTS-new-100__GAME__147,MCTS-old-100,MCTS-new-100,147,True,MCTS-new-100,1,21,38.78855872154236
main_tournament_resume_2,MCTS-old-100__VS__MCTS-new-100__GAME__148,MCTS-old-100,MCTS-new-100,148,False,MCTS-old-100,1,7,7.914292335510254
main_tournament_resume_2,MCTS-old-100__VS__MCTS-new-100__GAME__149,MCTS-old-100,MCTS-new-100,149,True,MCTS-new-100,1,12,15.550973892211914
main_tournament_resume_2,MCTS-old-100__VS__MCTS-new-100__GAME__150,MCTS-old-100,MCTS-new-100,150,False,MCTS-old-100,1,23,36.9063606262207
main_tournament_resume_2,MCTS-old-100__VS__MCTS-new-100__GAME__151,MCTS-old-100,MCTS-new-100,151,True,MCTS-new-100,1,29,53.02533555030823
main_tournament_resume_2,MCTS-old-100__VS__MCTS-new-100__GAME__152,MCTS-old-100,MCTS-new-100,152,False,MCTS-old-100,1,8,11.41091775894165
main_tournament_resume_2,MCTS-old-100__VS__MCTS-new-100__GAME__153,MCTS-old-100,MCTS-new-100,153,True,draw,0,50,108.86500215530396
main_tournament_resume_2,MCTS-old-100__VS__MCTS-new-100__GAME__154,MCTS-old-100,MCTS-new-100,154,False,MCTS-new-100,-1,5,7.126073598861694
main_tournament_resume_2,MCTS-old-100__VS__MCTS-new-100__GAME__155,MCTS-old-100,MCTS-new-100,155,True,MCTS-new-100,1,9,13.943194150924683
main_tournament_resume_2,MCTS-old-100__VS__MCTS-new-100__GAME__156,MCTS-old-100,MCTS-new-100,156,False,MCTS-old-100,1,13,19.130335807800293
main_tournament_resume_2,MCTS-old-100__VS__MCTS-new-100__GAME__157,MCTS-old-100,MCTS-new-100,157,True,MCTS-old-100,-1,6,7.562115907669067
main_tournament_resume_2,MCTS-old-100__VS__MCTS-new-100__GAME__158,MCTS-old-100,MCTS-new-100,158,False,MCTS-old-100,1,7,8.605813264846802
main_tournament_resume_2,MCTS-old-100__VS__MCTS-new-100__GAME__159,MCTS-old-100,MCTS-new-100,159,True,MCTS-new-100,1,25,39.905646324157715
main_tournament_resume_2,MCTS-old-100__VS__MCTS-new-100__GAME__160,MCTS-old-100,MCTS-new-100,160,False,MCTS-old-100,1,14,24.030866384506226
main_tournament_resume_2,MCTS-old-100__VS__MCTS-new-100__GAME__161,MCTS-old-100,MCTS-new-100,161,True,MCTS-new-100,1,25,49.91704344749451
main_tournament_resume_2,MCTS-old-100__VS__MCTS-new-100__GAME__162,MCTS-old-100,MCTS-new-100,162,False,MCTS-old-100,1,11,14.828184604644775
main_tournament_resume_2,MCTS-old-100__VS__MCTS-new-100__GAME__163,MCTS-old-100,MCTS-new-100,163,True,MCTS-new-100,1,10,13.25755500793457
main_tournament_resume_2,MCTS-old-100__VS__MCTS-new-100__GAME__164,MCTS-old-100,MCTS-new-100,164,False,MCTS-new-100,-1,21,33.54362440109253
main_tournament_resume_2,MCTS-old-100__VS__MCTS-new-100__GAME__165,MCTS-old-100,MCTS-new-100,165,True,MCTS-old-100,-1,11,19.4805269241333
main_tournament_resume_2,MCTS-old-100__VS__MCTS-new-100__GAME__166,MCTS-old-100,MCTS-new-100,166,False,MCTS-old-100,1,7,7.8241963386535645
main_tournament_resume_2,MCTS-old-100__VS__MCTS-new-100__GAME__167,MCTS-old-100,MCTS-new-100,167,True,MCTS-new-100,1,11,14.61203408241272
main_tournament_resume_2,MCTS-old-100__VS__MCTS-new-100__GAME__168,MCTS-old-100,MCTS-new-100,168,False,MCTS-new-100,-1,42,101.74503064155579
main_tournament_resume_2,MCTS-old-100__VS__MCTS-new-100__GAME__169,MCTS-old-100,MCTS-new-100,169,True,MCTS-new-100,1,17,27.301470518112183
main_tournament_resume_2,MCTS-old-100__VS__MCTS-new-100__GAME__170,MCTS-old-100,MCTS-new-100,170,False,MCTS-old-100,1,4,5.458795070648193
main_tournament_resume_2,MCTS-old-100__VS__MCTS-new-100__GAME__171,MCTS-old-100,MCTS-new-100,171,True,draw,0,50,97.11051440238953
main_tournament_resume_2,MCTS-old-100__VS__MCTS-new-100__GAME__172,MCTS-old-100,MCTS-new-100,172,False,MCTS-new-100,-1,17,23.98521327972412
main_tournament_resume_2,MCTS-old-100__VS__MCTS-new-100__GAME__173,MCTS-old-100,MCTS-new-100,173,True,MCTS-new-100,1,9,10.730913400650024
main_tournament_resume_2,MCTS-old-100__VS__MCTS-new-100__GAME__174,MCTS-old-100,MCTS-new-100,174,False,draw,0,50,101.37785577774048
main_tournament_resume_2,MCTS-old-100__VS__MCTS-new-100__GAME__175,MCTS-old-100,MCTS-new-100,175,True,MCTS-new-100,1,15,26.316542148590088
main_tournament_resume_2,MCTS-old-100__VS__MCTS-new-100__GAME__176,MCTS-old-100,MCTS-new-100,176,False,MCTS-new-100,-1,15,23.478620052337646
main_tournament_resume_2,MCTS-old-100__VS__MCTS-new-100__GAME__177,MCTS-old-100,MCTS-new-100,177,True,MCTS-new-100,1,40,75.86563467979431
main_tournament_resume_2,MCTS-old-100__VS__MCTS-new-100__GAME__178,MCTS-old-100,MCTS-new-100,178,False,MCTS-old-100,1,7,8.28512167930603
main_tournament_resume_2,MCTS-old-100__VS__MCTS-new-100__GAME__179,MCTS-old-100,MCTS-new-100,179,True,MCTS-new-100,1,18,34.89665770530701
main_tournament_resume_2,MCTS-old-100__VS__MCTS-new-100__GAME__180,MCTS-old-100,MCTS-new-100,180,False,draw,0,50,98.47485661506653
main_tournament_resume_2,MCTS-old-100__VS__MCTS-new-100__GAME__181,MCTS-old-100,MCTS-new-100,181,True,MCTS-old-100,-1,24,52.362043380737305
main_tournament_resume_2,MCTS-old-100__VS__MCTS-new-100__GAME__182,MCTS-old-100,MCTS-new-100,182,False,MCTS-old-100,1,6,7.501005411148071
main_tournament_resume_2,MCTS-old-100__VS__MCTS-new-100__GAME__183,MCTS-old-100,MCTS-new-100,183,True,MCTS-old-100,-1,26,42.920286655426025
main_tournament_resume_2,MCTS-old-100__VS__MCTS-new-100__GAME__184,MCTS-old-100,MCTS-new-100,184,False,MCTS-old-100,1,9,17.573497772216797
main_tournament_resume_2,MCTS-old-100__VS__MCTS-new-100__GAME__185,MCTS-old-100,MCTS-new-100,185,True,MCTS-old-100,-1,7,9.825318574905396
main_tournament_resume_2,MCTS-old-100__VS__MCTS-new-100__GAME__186,MCTS-old-100,MCTS-new-100,186,False,MCTS-new-100,-1,16,22.618083715438843
main_tournament_resume_2,MCTS-old-100__VS__MCTS-new-100__GAME__187,MCTS-old-100,MCTS-new-100,187,True,MCTS-old-100,-1,13,19.198562383651733
main_tournament_resume_2,MCTS-old-100__VS__MCTS-new-100__GAME__188,MCTS-old-100,MCTS-new-100,188,False,MCTS-new-100,-1,19,34.23431205749512
main_tournament_resume_2,MCTS-old-100__VS__MCTS-new-100__GAME__189,MCTS-old-100,MCTS-new-100,189,True,MCTS-old-100,-1,12,15.894782066345215
main_tournament_resume_2,MCTS-old-100__VS__MCTS-new-100__GAME__190,MCTS-old-100,MCTS-new-100,190,False,draw,0,50,103.37234926223755
main_tournament_resume_2,MCTS-old-100__VS__MCTS-new-100__GAME__191,MCTS-old-100,MCTS-new-100,191,True,MCTS-old-100,-1,22,34.24216866493225
main_tournament_resume_2,MCTS-old-100__VS__MCTS-new-100__GAME__192,MCTS-old-100,MCTS-new-100,192,False,MCTS-old-100,1,7,8.120508909225464
main_tournament_resume_2,MCTS-old-100__VS__MCTS-new-100__GAME__193,MCTS-old-100,MCTS-new-100,193,True,MCTS-new-100,1,15,21.82313370704651
main_tournament_resume_2,MCTS-old-100__VS__MCTS-new-100__GAME__194,MCTS-old-100,MCTS-new-100,194,False,MCTS-new-100,-1,16,24.166577100753784
main_tournament_resume_2,MCTS-old-100__VS__MCTS-new-100__GAME__195,MCTS-old-100,MCTS-new-100,195,True,MCTS-new-100,1,9,12.146653413772583
main_tournament_resume_2,MCTS-old-100__VS__MCTS-new-100__GAME__196,MCTS-old-100,MCTS-new-100,196,False,MCTS-old-100,1,11,14.690787315368652
main_tournament_resume_2,MCTS-old-100__VS__MCTS-new-100__GAME__197,MCTS-old-100,MCTS-new-100,197,True,MCTS-new-100,1,6,8.467570066452026
main_tournament_resume_2,MCTS-old-100__VS__MCTS-new-100__GAME__198,MCTS-old-100,MCTS-new-100,198,False,MCTS-old-100,1,16,25.600515604019165
main_tournament_resume_2,MCTS-old-100__VS__MCTS-new-100__GAME__199,MCTS-old-100,MCTS-new-100,199,True,draw,0,50,93.54404830932617
main_tournament_resume_3,Random__VS__Heuristic__GAME__0,Random,Heuristic,0,False,Heuristic,-1,12,2.8486344814300537
main_tournament_resume_3,Random__VS__Heuristic__GAME__1,Random,Heuristic,1,True,Heuristic,1,9,1.965172290802002
main_tournament_resume_3,Random__VS__Heuristic__GAME__2,Random,Heuristic,2,False,Heuristic,-1,8,1.4839458465576172
main_tournament_resume_3,Random__VS__Heuristic__GAME__3,Random,Heuristic,3,True,Heuristic,1,7,0.7015378475189209
main_tournament_resume_3,Random__VS__Heuristic__GAME__4,Random,Heuristic,4,False,Heuristic,-1,6,0.7030129432678223
main_tournament_resume_3,Random__VS__Heuristic__GAME__5,Random,Heuristic,5,True,Heuristic,1,7,1.116542100906372
main_tournament_resume_3,Random__VS__Heuristic__GAME__6,Random,Heuristic,6,False,Heuristic,-1,6,0.6715741157531738
main_tournament_resume_3,Random__VS__Heuristic__GAME__7,Random,Heuristic,7,True,Heuristic,1,7,0.9409985542297363
main_tournament_resume_3,Random__VS__Heuristic__GAME__8,Random,Heuristic,8,False,Heuristic,-1,10,1.4759917259216309
main_tournament_resume_3,Random__VS__Heuristic__GAME__9,Random,Heuristic,9,True,Heuristic,1,9,1.5733699798583984
main_tournament_resume_3,Random__VS__Heuristic__GAME__10,Random,Heuristic,10,False,Heuristic,-1,6,0.6758918762207031
main_tournament_resume_3,Random__VS__Heuristic__GAME__11,Random,Heuristic,11,True,Heuristic,1,7,1.2050042152404785
main_tournament_resume_3,Random__VS__Heuristic__GAME__12,Random,Heuristic,12,False,Heuristic,-1,18,6.06606388092041
main_tournament_resume_3,Random__VS__Heuristic__GAME__13,Random,Heuristic,13,True,Heuristic,1,7,0.8893544673919678
main_tournament_resume_3,Random__VS__Heuristic__GAME__14,Random,Heuristic,14,False,Heuristic,-1,8,1.014000654220581
main_tournament_resume_3,Random__VS__Heuristic__GAME__15,Random,Heuristic,15,True,Heuristic,1,9,1.5999751091003418
main_tournament_resume_3,Random__VS__Heuristic__GAME__16,Random,Heuristic,16,False,Heuristic,-1,8,1.2291412353515625
main_tournament_resume_3,Random__VS__Heuristic__GAME__17,Random,Heuristic,17,True,Heuristic,1,11,2.453150510787964
main_tournament_resume_3,Random__VS__Heuristic__GAME__18,Random,Heuristic,18,False,Heuristic,-1,8,1.0348613262176514
main_tournament_resume_3,Random__VS__Heuristic__GAME__19,Random,Heuristic,19,True,Heuristic,1,9,1.600416660308838
main_tournament_resume_3,Random__VS__Heuristic__GAME__20,Random,Heuristic,20,False,Heuristic,-1,6,0.6640033721923828
main_tournament_resume_3,Random__VS__Heuristic__GAME__21,Random,Heuristic,21,True,Heuristic,1,9,1.4866695404052734
main_tournament_resume_3,Random__VS__Heuristic__GAME__22,Random,Heuristic,22,False,Heuristic,-1,10,2.838543176651001
main_tournament_resume_3,Random__VS__Heuristic__GAME__23,Random,Heuristic,23,True,Heuristic,1,7,0.9603993892669678
main_tournament_resume_3,Random__VS__Heuristic__GAME__24,Random,Heuristic,24,False,Heuristic,-1,6,0.701340913772583
main_tournament_resume_3,Random__VS__Heuristic__GAME__25,Random,Heuristic,25,True,Heuristic,1,7,0.8663029670715332
main_tournament_resume_3,Random__VS__Heuristic__GAME__26,Random,Heuristic,26,False,Heuristic,-1,8,1.1948580741882324
main_tournament_resume_3,Random__VS__Heuristic__GAME__27,Random,Heuristic,27,True,Heuristic,1,11,2.2873380184173584
main_tournament_resume_3,Random__VS__Heuristic__GAME__28,Random,Heuristic,28,False,Heuristic,-1,6,0.6679983139038086
main_tournament_resume_3,Random__VS__Heuristic__GAME__29,Random,Heuristic,29,True,Heuristic,1,9,2.0835952758789062
main_tournament_resume_3,Random__VS__Heuristic__GAME__30,Random,Heuristic,30,False,Heuristic,-1,10,2.2169055938720703
main_tournament_resume_3,Random__VS__Heuristic__GAME__31,Random,Heuristic,31,True,Heuristic,1,9,1.7836532592773438
main_tournament_resume_3,Random__VS__Heuristic__GAME__32,Random,Heuristic,32,False,Heuristic,-1,8,1.346996784210205
main_tournament_resume_3,Random__VS__Heuristic__GAME__33,Random,Heuristic,33,True,Heuristic,1,9,1.6195323467254639
main_tournament_resume_3,Random__VS__Heuristic__GAME__34,Random,Heuristic,34,False,Heuristic,-1,8,1.317779779434204
main_tournament_resume_3,Random__VS__Heuristic__GAME__35,Random,Heuristic,35,True,Heuristic,1,7,1.20499587059021
main_tournament_resume_3,Random__VS__Heuristic__GAME__36,Random,Heuristic,36,False,Heuristic,-1,8,1.5675418376922607
main_tournament_resume_3,Random__VS__Heuristic__GAME__37,Random,Heuristic,37,True,Heuristic,1,7,0.7798945903778076
main_tournament_resume_3,Random__VS__Heuristic__GAME__38,Random,Heuristic,38,False,Heuristic,-1,8,1.4458372592926025
main_tournament_resume_3,Random__VS__Heuristic__GAME__39,Random,Heuristic,39,True,Heuristic,1,5,0.4285085201263428
main_tournament_resume_3,Random__VS__Heuristic__GAME__40,Random,Heuristic,40,False,Heuristic,-1,7,1.2132034301757812
main_tournament_resume_3,Random__VS__Heuristic__GAME__41,Random,Heuristic,41,True,Heuristic,1,11,2.2392592430114746
main_tournament_resume_3,Random__VS__Heuristic__GAME__42,Random,Heuristic,42,False,Heuristic,-1,10,2.0831873416900635
main_tournament_resume_3,Random__VS__Heuristic__GAME__43,Random,Heuristic,43,True,Heuristic,1,5,0.45528626441955566
main_tournament_resume_3,Random__VS__Heuristic__GAME__44,Random,Heuristic,44,False,Heuristic,-1,10,3.383239984512329
main_tournament_resume_3,Random__VS__Heuristic__GAME__45,Random,Heuristic,45,True,Heuristic,1,11,2.889047861099243
main_tournament_resume_3,Random__VS__Heuristic__GAME__46,Random,Heuristic,46,False,Heuristic,-1,8,1.3317995071411133
main_tournament_resume_3,Random__VS__Heuristic__GAME__47,Random,Heuristic,47,True,Heuristic,1,9,1.6864168643951416
main_tournament_resume_3,Random__VS__Heuristic__GAME__48,Random,Heuristic,48,False,Heuristic,-1,10,2.802652359008789
main_tournament_resume_3,Random__VS__Heuristic__GAME__49,Random,Heuristic,49,True,Heuristic,1,9,1.5663840770721436
main_tournament_resume_3,Random__VS__Heuristic__GAME__50,Random,Heuristic,50,False,Heuristic,-1,8,1.085371494293213
main_tournament_resume_3,Random__VS__Heuristic__GAME__51,Random,Heuristic,51,True,Heuristic,1,9,1.351318359375
main_tournament_resume_3,Random__VS__Heuristic__GAME__52,Random,Heuristic,52,False,Heuristic,-1,20,3.9481070041656494
main_tournament_resume_3,Random__VS__Heuristic__GAME__53,Random,Heuristic,53,True,Heuristic,1,7,0.8850996494293213
main_tournament_resume_3,Random__VS__Heuristic__GAME__54,Random,Heuristic,54,False,Heuristic,-1,8,1.5088512897491455
main_tournament_resume_3,Random__VS__Heuristic__GAME__55,Random,Heuristic,55,True,Heuristic,1,7,1.1357719898223877
main_tournament_resume_3,Random__VS__Heuristic__GAME__56,Random,Heuristic,56,False,Heuristic,-1,8,1.206296682357788
main_tournament_resume_3,Random__VS__Heuristic__GAME__57,Random,Heuristic,57,True,Heuristic,1,9,1.8360004425048828
main_tournament_resume_3,Random__VS__Heuristic__GAME__58,Random,Heuristic,58,False,Heuristic,-1,12,3.365464448928833
main_tournament_resume_3,Random__VS__Heuristic__GAME__59,Random,Heuristic,59,True,Heuristic,1,9,1.7138054370880127
main_tournament_resume_3,Random__VS__Heuristic__GAME__60,Random,Heuristic,60,False,Heuristic,-1,10,1.329369068145752
main_tournament_resume_3,Random__VS__Heuristic__GAME__61,Random,Heuristic,61,True,Heuristic,1,13,3.338596820831299
main_tournament_resume_3,Random__VS__Heuristic__GAME__62,Random,Heuristic,62,False,Heuristic,-1,8,1.6345069408416748
main_tournament_resume_3,Random__VS__Heuristic__GAME__63,Random,Heuristic,63,True,Heuristic,1,7,0.9990458488464355
main_tournament_resume_3,Random__VS__Heuristic__GAME__64,Random,Heuristic,64,False,Heuristic,-1,8,1.3571436405181885
main_tournament_resume_3,Random__VS__Heuristic__GAME__65,Random,Heuristic,65,True,Heuristic,1,7,1.0634164810180664
main_tournament_resume_3,Random__VS__Heuristic__GAME__66,Random,Heuristic,66,False,Heuristic,-1,12,3.3147847652435303
main_tournament_resume_3,Random__VS__Heuristic__GAME__67,Random,Heuristic,67,True,Heuristic,1,7,0.941319465637207
main_tournament_resume_3,Random__VS__Heuristic__GAME__68,Random,Heuristic,68,False,Heuristic,-1,8,1.3019802570343018
main_tournament_resume_3,Random__VS__Heuristic__GAME__69,Random,Heuristic,69,True,Heuristic,1,9,1.5783231258392334
main_tournament_resume_3,Random__VS__Heuristic__GAME__70,Random,Heuristic,70,False,Heuristic,-1,10,1.7919998168945312
main_tournament_resume_3,Random__VS__Heuristic__GAME__71,Random,Heuristic,71,True,Heuristic,1,7,0.9472875595092773
main_tournament_resume_3,Random__VS__Heuristic__GAME__72,Random,Heuristic,72,False,Heuristic,-1,12,4.053130865097046
main_tournament_resume_3,Random__VS__Heuristic__GAME__73,Random,Heuristic,73,True,Heuristic,1,9,1.9041824340820312
main_tournament_resume_3,Random__VS__Heuristic__GAME__74,Random,Heuristic,74,False,Heuristic,-1,4,0.21038484573364258
main_tournament_resume_3,Random__VS__Heuristic__GAME__75,Random,Heuristic,75,True,Heuristic,1,11,2.9036777019500732
main_tournament_resume_3,Random__VS__Heuristic__GAME__76,Random,Heuristic,76,False,Heuristic,-1,8,1.4610002040863037
main_tournament_resume_3,Random__VS__Heuristic__GAME__77,Random,Heuristic,77,True,Heuristic,1,17,5.89335823059082
main_tournament_resume_3,Random__VS__Heuristic__GAME__78,Random,Heuristic,78,False,Heuristic,-1,8,1.3895790576934814
main_tournament_resume_3,Random__VS__Heuristic__GAME__79,Random,Heuristic,79,True,Heuristic,1,7,1.1237986087799072
main_tournament_resume_3,Random__VS__Heuristic__GAME__80,Random,Heuristic,80,False,Heuristic,-1,6,0.6524665355682373
main_tournament_resume_3,Random__VS__Heuristic__GAME__81,Random,Heuristic,81,True,Heuristic,1,5,0.5450000762939453
main_tournament_resume_3,Random__VS__Heuristic__GAME__82,Random,Heuristic,82,False,Heuristic,-1,10,1.7809998989105225
main_tournament_resume_3,Random__VS__Heuristic__GAME__83,Random,Heuristic,83,True,Heuristic,1,9,2.0602219104766846
main_tournament_resume_3,Random__VS__Heuristic__GAME__84,Random,Heuristic,84,False,Heuristic,-1,10,2.1640093326568604
main_tournament_resume_3,Random__VS__Heuristic__GAME__85,Random,Heuristic,85,True,Heuristic,1,7,1.0405664443969727
main_tournament_resume_3,Random__VS__Heuristic__GAME__86,Random,Heuristic,86,False,Heuristic,-1,8,1.0896704196929932
main_tournament_resume_3,Random__VS__Heuristic__GAME__87,Random,Heuristic,87,True,Heuristic,1,13,3.3299458026885986
main_tournament_resume_3,Random__VS__Heuristic__GAME__88,Random,Heuristic,88,False,Heuristic,-1,6,0.632307767868042
main_tournament_resume_3,Random__VS__Heuristic__GAME__89,Random,Heuristic,89,True,Heuristic,1,7,1.0136058330535889
main_tournament_resume_3,Random__VS__Heuristic__GAME__90,Random,Heuristic,90,False,Heuristic,-1,6,0.5899999141693115
main_tournament_resume_3,Random__VS__Heuristic__GAME__91,Random,Heuristic,91,True,Heuristic,1,7,1.028696060180664
main_tournament_resume_3,Random__VS__Heuristic__GAME__92,Random,Heuristic,92,False,Heuristic,-1,8,1.107804536819458
main_tournament_resume_3,Random__VS__Heuristic__GAME__93,Random,Heuristic,93,True,Heuristic,1,7,1.2883329391479492
main_tournament_resume_3,Random__VS__Heuristic__GAME__94,Random,Heuristic,94,False,Heuristic,-1,16,4.738586902618408
main_tournament_resume_3,Random__VS__Heuristic__GAME__95,Random,Heuristic,95,True,Heuristic,1,9,2.1229164600372314
main_tournament_resume_3,Random__VS__Heuristic__GAME__96,Random,Heuristic,96,False,Heuristic,-1,6,0.670499324798584
main_tournament_resume_3,Random__VS__Heuristic__GAME__97,Random,Heuristic,97,True,Heuristic,1,9,1.621337652206421
main_tournament_resume_3,Random__VS__Heuristic__GAME__98,Random,Heuristic,98,False,Heuristic,-1,8,1.4537692070007324
main_tournament_resume_3,Random__VS__Heuristic__GAME__99,Random,Heuristic,99,True,Heuristic,1,7,1.0599815845489502
main_tournament_resume_3,Random__VS__Heuristic__GAME__100,Random,Heuristic,100,False,Heuristic,-1,8,2.093479633331299
main_tournament_resume_3,Random__VS__Heuristic__GAME__101,Random,Heuristic,101,True,Heuristic,1,5,0.49927544593811035
main_tournament_resume_3,Random__VS__Heuristic__GAME__102,Random,Heuristic,102,False,Heuristic,-1,6,0.6856138706207275
main_tournament_resume_3,Random__VS__Heuristic__GAME__103,Random,Heuristic,103,True,Heuristic,1,7,0.7343616485595703
main_tournament_resume_3,Random__VS__Heuristic__GAME__104,Random,Heuristic,104,False,Heuristic,-1,8,1.3164691925048828
main_tournament_resume_3,Random__VS__Heuristic__GAME__105,Random,Heuristic,105,True,Heuristic,1,9,1.4152476787567139
main_tournament_resume_3,Random__VS__Heuristic__GAME__106,Random,Heuristic,106,False,Heuristic,-1,8,1.0230586528778076
main_tournament_resume_3,Random__VS__Heuristic__GAME__107,Random,Heuristic,107,True,Heuristic,1,9,1.7818365097045898
main_tournament_resume_3,Random__VS__Heuristic__GAME__108,Random,Heuristic,108,False,Heuristic,-1,8,2.0503902435302734
main_tournament_resume_3,Random__VS__Heuristic__GAME__109,Random,Heuristic,109,True,Heuristic,1,9,1.933877944946289
main_tournament_resume_3,Random__VS__Heuristic__GAME__110,Random,Heuristic,110,False,Heuristic,-1,8,1.1992645263671875
main_tournament_resume_3,Random__VS__Heuristic__GAME__111,Random,Heuristic,111,True,Heuristic,1,7,1.0759913921356201
main_tournament_resume_3,Random__VS__Heuristic__GAME__112,Random,Heuristic,112,False,Heuristic,-1,10,2.387784004211426
main_tournament_resume_3,Random__VS__Heuristic__GAME__113,Random,Heuristic,113,True,Heuristic,1,11,2.886500358581543
main_tournament_resume_3,Random__VS__Heuristic__GAME__114,Random,Heuristic,114,False,Heuristic,-1,8,1.1593050956726074
main_tournament_resume_3,Random__VS__Heuristic__GAME__115,Random,Heuristic,115,True,Heuristic,1,5,0.4778566360473633
main_tournament_resume_3,Random__VS__Heuristic__GAME__116,Random,Heuristic,116,False,Heuristic,-1,12,2.4461207389831543
main_tournament_resume_3,Random__VS__Heuristic__GAME__117,Random,Heuristic,117,True,Heuristic,1,7,1.0201992988586426
main_tournament_resume_3,Random__VS__Heuristic__GAME__118,Random,Heuristic,118,False,Heuristic,-1,10,2.2160592079162598
main_tournament_resume_3,Random__VS__Heuristic__GAME__119,Random,Heuristic,119,True,Heuristic,1,5,0.49382615089416504
main_tournament_resume_3,Random__VS__Heuristic__GAME__120,Random,Heuristic,120,False,Heuristic,-1,10,1.9018628597259521
main_tournament_resume_3,Random__VS__Heuristic__GAME__121,Random,Heuristic,121,True,Heuristic,1,7,1.000213861465454
main_tournament_resume_3,Random__VS__Heuristic__GAME__122,Random,Heuristic,122,False,Heuristic,-1,8,0.9895000457763672
main_tournament_resume_3,Random__VS__Heuristic__GAME__123,Random,Heuristic,123,True,Heuristic,1,11,1.4340565204620361
main_tournament_resume_3,Random__VS__Heuristic__GAME__124,Random,Heuristic,124,False,Heuristic,-1,6,0.5504732131958008
main_tournament_resume_3,Random__VS__Heuristic__GAME__125,Random,Heuristic,125,True,Heuristic,1,9,1.2140765190124512
main_tournament_resume_3,Random__VS__Heuristic__GAME__126,Random,Heuristic,126,False,Heuristic,-1,10,1.772085189819336
main_tournament_resume_3,Random__VS__Heuristic__GAME__127,Random,Heuristic,127,True,Heuristic,1,5,0.4333374500274658
main_tournament_resume_3,Random__VS__Heuristic__GAME__128,Random,Heuristic,128,False,Heuristic,-1,8,1.2732892036437988
main_tournament_resume_3,Random__VS__Heuristic__GAME__129,Random,Heuristic,129,True,Heuristic,1,13,3.336278200149536
main_tournament_resume_3,Random__VS__Heuristic__GAME__130,Random,Heuristic,130,False,Heuristic,-1,6,0.6115031242370605
main_tournament_resume_3,Random__VS__Heuristic__GAME__131,Random,Heuristic,131,True,Heuristic,1,9,1.5266945362091064
main_tournament_resume_3,Random__VS__Heuristic__GAME__132,Random,Heuristic,132,False,Heuristic,-1,8,0.9053285121917725
main_tournament_resume_3,Random__VS__Heuristic__GAME__133,Random,Heuristic,133,True,Heuristic,1,15,5.364434480667114
main_tournament_resume_3,Random__VS__Heuristic__GAME__134,Random,Heuristic,134,False,Heuristic,-1,6,0.6236987113952637
main_tournament_resume_3,Random__VS__Heuristic__GAME__135,Random,Heuristic,135,True,Heuristic,1,7,1.0523953437805176
main_tournament_resume_3,Random__VS__Heuristic__GAME__136,Random,Heuristic,136,False,Heuristic,-1,10,2.0228700637817383
main_tournament_resume_3,Random__VS__Heuristic__GAME__137,Random,Heuristic,137,True,Heuristic,1,9,1.8359990119934082
main_tournament_resume_3,Random__VS__Heuristic__GAME__138,Random,Heuristic,138,False,Heuristic,-1,10,1.5772686004638672
main_tournament_resume_3,Random__VS__Heuristic__GAME__139,Random,Heuristic,139,True,Heuristic,1,7,1.0932581424713135
main_tournament_resume_3,Random__VS__Heuristic__GAME__140,Random,Heuristic,140,False,Heuristic,-1,10,2.0088181495666504
main_tournament_resume_3,Random__VS__Heuristic__GAME__141,Random,Heuristic,141,True,Heuristic,1,5,0.47427892684936523
main_tournament_resume_3,Random__VS__Heuristic__GAME__142,Random,Heuristic,142,False,Heuristic,-1,12,2.954634189605713
main_tournament_resume_3,Random__VS__Heuristic__GAME__143,Random,Heuristic,143,True,Heuristic,1,9,1.7643425464630127
main_tournament_resume_3,Random__VS__Heuristic__GAME__144,Random,Heuristic,144,False,Heuristic,-1,6,0.6140584945678711
main_tournament_resume_3,Random__VS__Heuristic__GAME__145,Random,Heuristic,145,True,Heuristic,1,7,0.8250000476837158
main_tournament_resume_3,Random__VS__Heuristic__GAME__146,Random,Heuristic,146,False,Heuristic,-1,10,1.8750786781311035
main_tournament_resume_3,Random__VS__Heuristic__GAME__147,Random,Heuristic,147,True,Heuristic,1,9,1.7689366340637207
main_tournament_resume_3,Random__VS__Heuristic__GAME__148,Random,Heuristic,148,False,Random,1,9,1.1602675914764404
main_tournament_resume_3,Random__VS__Heuristic__GAME__149,Random,Heuristic,149,True,Heuristic,1,13,2.9849772453308105
main_tournament_resume_3,Random__VS__Heuristic__GAME__150,Random,Heuristic,150,False,Heuristic,-1,6,0.6783909797668457
main_tournament_resume_3,Random__VS__Heuristic__GAME__151,Random,Heuristic,151,True,Heuristic,1,7,0.969231128692627
main_tournament_resume_3,Random__VS__Heuristic__GAME__152,Random,Heuristic,152,False,Heuristic,-1,12,2.445500612258911
main_tournament_resume_3,Random__VS__Heuristic__GAME__153,Random,Heuristic,153,True,Heuristic,1,7,0.847872257232666
main_tournament_resume_3,Random__VS__Heuristic__GAME__154,Random,Heuristic,154,False,Heuristic,-1,10,2.469566583633423
main_tournament_resume_3,Random__VS__Heuristic__GAME__155,Random,Heuristic,155,True,Heuristic,1,11,3.1234099864959717
main_tournament_resume_3,Random__VS__Heuristic__GAME__156,Random,Heuristic,156,False,Heuristic,-1,6,0.746253490447998
main_tournament_resume_3,Random__VS__Heuristic__GAME__157,Random,Heuristic,157,True,Heuristic,1,7,1.0707976818084717
main_tournament_resume_3,Random__VS__Heuristic__GAME__158,Random,Heuristic,158,False,Heuristic,-1,8,1.0668537616729736
main_tournament_resume_3,Random__VS__Heuristic__GAME__159,Random,Heuristic,159,True,Heuristic,1,9,1.4787266254425049
main_tournament_resume_3,Random__VS__Heuristic__GAME__160,Random,Heuristic,160,False,Heuristic,-1,8,1.145002841949463
main_tournament_resume_3,Random__VS__Heuristic__GAME__161,Random,Heuristic,161,True,Heuristic,1,5,0.4250001907348633
main_tournament_resume_3,Random__VS__Heuristic__GAME__162,Random,Heuristic,162,False,Heuristic,-1,6,0.6638855934143066
main_tournament_resume_3,Random__VS__Heuristic__GAME__163,Random,Heuristic,163,True,Heuristic,1,9,1.8726801872253418
main_tournament_resume_3,Random__VS__Heuristic__GAME__164,Random,Heuristic,164,False,Heuristic,-1,6,0.47435998916625977
main_tournament_resume_3,Random__VS__Heuristic__GAME__165,Random,Heuristic,165,True,Heuristic,1,9,1.8545403480529785
main_tournament_resume_3,Random__VS__Heuristic__GAME__166,Random,Heuristic,166,False,Heuristic,-1,8,1.4478867053985596
main_tournament_resume_3,Random__VS__Heuristic__GAME__167,Random,Heuristic,167,True,Heuristic,1,5,0.47399473190307617
main_tournament_resume_3,Random__VS__Heuristic__GAME__168,Random,Heuristic,168,False,Heuristic,-1,10,2.0763096809387207
main_tournament_resume_3,Random__VS__Heuristic__GAME__169,Random,Heuristic,169,True,Heuristic,1,5,0.4459989070892334
main_tournament_resume_3,Random__VS__Heuristic__GAME__170,Random,Heuristic,170,False,Heuristic,-1,14,3.9472973346710205
main_tournament_resume_3,Random__VS__Heuristic__GAME__171,Random,Heuristic,171,True,Heuristic,1,5,0.44863390922546387
main_tournament_resume_3,Random__VS__Heuristic__GAME__172,Random,Heuristic,172,False,Heuristic,-1,6,0.4883444309234619
main_tournament_resume_3,Random__VS__Heuristic__GAME__173,Random,Heuristic,173,True,Heuristic,1,7,1.0389151573181152
main_tournament_resume_3,Random__VS__Heuristic__GAME__174,Random,Heuristic,174,False,Heuristic,-1,6,0.6900849342346191
main_tournament_resume_3,Random__VS__Heuristic__GAME__175,Random,Heuristic,175,True,Heuristic,1,7,1.1814804077148438
main_tournament_resume_3,Random__VS__Heuristic__GAME__176,Random,Heuristic,176,False,Heuristic,-1,10,1.7257347106933594
main_tournament_resume_3,Random__VS__Heuristic__GAME__177,Random,Heuristic,177,True,Heuristic,1,7,1.5413823127746582
main_tournament_resume_3,Random__VS__Heuristic__GAME__178,Random,Heuristic,178,False,Heuristic,-1,6,0.6770889759063721
main_tournament_resume_3,Random__VS__Heuristic__GAME__179,Random,Heuristic,179,True,Heuristic,1,7,1.1732451915740967
main_tournament_resume_3,Random__VS__Heuristic__GAME__180,Random,Heuristic,180,False,Heuristic,-1,6,0.707878589630127
main_tournament_resume_3,Random__VS__Heuristic__GAME__181,Random,Heuristic,181,True,Heuristic,1,7,0.9688680171966553
main_tournament_resume_3,Random__VS__Heuristic__GAME__182,Random,Heuristic,182,False,Heuristic,-1,10,1.9729552268981934
main_tournament_resume_3,Random__VS__Heuristic__GAME__183,Random,Heuristic,183,True,Heuristic,1,9,1.8002049922943115
main_tournament_resume_3,Random__VS__Heuristic__GAME__184,Random,Heuristic,184,False,Heuristic,-1,12,4.417398929595947
main_tournament_resume_3,Random__VS__Heuristic__GAME__185,Random,Heuristic,185,True,Heuristic,1,9,2.0043294429779053
main_tournament_resume_3,Random__VS__Heuristic__GAME__186,Random,Heuristic,186,False,Heuristic,-1,8,1.494361162185669
main_tournament_resume_3,Random__VS__Heuristic__GAME__187,Random,Heuristic,187,True,Heuristic,1,7,1.0309476852416992
main_tournament_resume_3,Random__VS__Heuristic__GAME__188,Random,Heuristic,188,False,Heuristic,-1,8,1.2885191440582275
main_tournament_resume_3,Random__VS__Heuristic__GAME__189,Random,Heuristic,189,True,Heuristic,1,5,0.436814546585083
main_tournament_resume_3,Random__VS__Heuristic__GAME__190,Random,Heuristic,190,False,Heuristic,-1,16,4.6478142738342285
main_tournament_resume_3,Random__VS__Heuristic__GAME__191,Random,Heuristic,191,True,Heuristic,1,9,1.3085174560546875
main_tournament_resume_3,Random__VS__Heuristic__GAME__192,Random,Heuristic,192,False,Heuristic,-1,4,0.305999755859375
main_tournament_resume_3,Random__VS__Heuristic__GAME__193,Random,Heuristic,193,True,Heuristic,1,6,1.0344314575195312
main_tournament_resume_3,Random__VS__Heuristic__GAME__194,Random,Heuristic,194,False,Heuristic,-1,6,0.7210009098052979
main_tournament_resume_3,Random__VS__Heuristic__GAME__195,Random,Heuristic,195,True,Heuristic,1,11,2.0472328662872314
main_tournament_resume_3,Random__VS__Heuristic__GAME__196,Random,Heuristic,196,False,Heuristic,-1,8,1.1337509155273438
main_tournament_resume_3,Random__VS__Heuristic__GAME__197,Random,Heuristic,197,True,Heuristic,1,9,1.4954230785369873
main_tournament_resume_3,Random__VS__Heuristic__GAME__198,Random,Heuristic,198,False,Heuristic,-1,10,1.3439936637878418
main_tournament_resume_3,Random__VS__Heuristic__GAME__199,Random,Heuristic,199,True,Heuristic,1,7,1.0753254890441895
main_tournament_resume_3,Random__VS__Heuristic__GAME__200,Random,Heuristic,200,False,Heuristic,-1,12,3.040980339050293
main_tournament_resume_3,Random__VS__Heuristic__GAME__201,Random,Heuristic,201,True,Heuristic,1,7,1.1334583759307861
main_tournament_resume_3,Random__VS__Heuristic__GAME__202,Random,Heuristic,202,False,Heuristic,-1,12,2.906137466430664
main_tournament_resume_3,Random__VS__Heuristic__GAME__203,Random,Heuristic,203,True,Heuristic,1,23,10.49863076210022
main_tournament_resume_3,Random__VS__Heuristic__GAME__204,Random,Heuristic,204,False,Heuristic,-1,8,0.9439280033111572
main_tournament_resume_3,Random__VS__Heuristic__GAME__205,Random,Heuristic,205,True,Heuristic,1,14,3.7877132892608643
main_tournament_resume_3,Random__VS__Heuristic__GAME__206,Random,Heuristic,206,False,Heuristic,-1,8,1.2482666969299316
main_tournament_resume_3,Random__VS__Heuristic__GAME__207,Random,Heuristic,207,True,Heuristic,1,9,1.3461122512817383
main_tournament_resume_3,Random__VS__Heuristic__GAME__208,Random,Heuristic,208,False,Heuristic,-1,8,1.4096126556396484
main_tournament_resume_3,Random__VS__Heuristic__GAME__209,Random,Heuristic,209,True,Heuristic,1,5,0.47150301933288574
main_tournament_resume_3,Random__VS__Heuristic__GAME__210,Random,Heuristic,210,False,Heuristic,-1,10,2.5215232372283936
main_tournament_resume_3,Random__VS__Heuristic__GAME__211,Random,Heuristic,211,True,Heuristic,1,5,0.5435998439788818
main_tournament_resume_3,Random__VS__Heuristic__GAME__212,Random,Heuristic,212,False,Heuristic,-1,8,1.2391088008880615
main_tournament_resume_3,Random__VS__Heuristic__GAME__213,Random,Heuristic,213,True,Heuristic,1,7,0.8974239826202393
main_tournament_resume_3,Random__VS__Heuristic__GAME__214,Random,Heuristic,214,False,Heuristic,-1,8,1.3168015480041504
main_tournament_resume_3,Random__VS__Heuristic__GAME__215,Random,Heuristic,215,True,Heuristic,1,9,1.943821668624878
main_tournament_resume_3,Random__VS__Heuristic__GAME__216,Random,Heuristic,216,False,Heuristic,-1,8,1.328606128692627
main_tournament_resume_3,Random__VS__Heuristic__GAME__217,Random,Heuristic,217,True,Heuristic,1,9,1.3376595973968506
main_tournament_resume_3,Random__VS__Heuristic__GAME__218,Random,Heuristic,218,False,Heuristic,-1,6,0.6812698841094971
main_tournament_resume_3,Random__VS__Heuristic__GAME__219,Random,Heuristic,219,True,Heuristic,1,5,0.4670841693878174
main_tournament_resume_3,Random__VS__Heuristic__GAME__220,Random,Heuristic,220,False,Heuristic,-1,18,6.455143213272095
main_tournament_resume_3,Random__VS__Heuristic__GAME__221,Random,Heuristic,221,True,Heuristic,1,8,1.4245994091033936
main_tournament_resume_3,Random__VS__Heuristic__GAME__222,Random,Heuristic,222,False,Heuristic,-1,10,2.735049247741699
main_tournament_resume_3,Random__VS__Heuristic__GAME__223,Random,Heuristic,223,True,Heuristic,1,15,2.995145082473755
main_tournament_resume_3,Random__VS__Heuristic__GAME__224,Random,Heuristic,224,False,Heuristic,-1,10,2.254354238510132
main_tournament_resume_3,Random__VS__Heuristic__GAME__225,Random,Heuristic,225,True,Heuristic,1,9,1.7907531261444092
main_tournament_resume_3,Random__VS__Heuristic__GAME__226,Random,Heuristic,226,False,Heuristic,-1,10,2.2390964031219482
main_tournament_resume_3,Random__VS__Heuristic__GAME__227,Random,Heuristic,227,True,Heuristic,1,15,4.792056560516357
main_tournament_resume_3,Random__VS__Heuristic__GAME__228,Random,Heuristic,228,False,Heuristic,-1,6,0.5474991798400879
main_tournament_resume_3,Random__VS__Heuristic__GAME__229,Random,Heuristic,229,True,Heuristic,1,7,0.9759998321533203
main_tournament_resume_3,Random__VS__Heuristic__GAME__230,Random,Heuristic,230,False,Heuristic,-1,5,0.4780001640319824
main_tournament_resume_3,Random__VS__Heuristic__GAME__231,Random,Heuristic,231,True,Heuristic,1,13,2.474813938140869
main_tournament_resume_3,Random__VS__Heuristic__GAME__232,Random,Heuristic,232,False,Heuristic,-1,6,0.6563682556152344
main_tournament_resume_3,Random__VS__Heuristic__GAME__233,Random,Heuristic,233,True,Heuristic,1,7,0.8796567916870117
main_tournament_resume_3,Random__VS__Heuristic__GAME__234,Random,Heuristic,234,False,Heuristic,-1,8,1.0476181507110596
main_tournament_resume_3,Random__VS__Heuristic__GAME__235,Random,Heuristic,235,True,Heuristic,1,9,1.4125421047210693
main_tournament_resume_3,Random__VS__Heuristic__GAME__236,Random,Heuristic,236,False,Heuristic,-1,14,3.812371015548706
main_tournament_resume_3,Random__VS__Heuristic__GAME__237,Random,Heuristic,237,True,Heuristic,1,17,5.101183176040649
main_tournament_resume_3,Random__VS__Heuristic__GAME__238,Random,Heuristic,238,False,Heuristic,-1,6,0.5885050296783447
main_tournament_resume_3,Random__VS__Heuristic__GAME__239,Random,Heuristic,239,True,Heuristic,1,5,0.45099902153015137
main_tournament_resume_3,Random__VS__Heuristic__GAME__240,Random,Heuristic,240,False,Heuristic,-1,6,0.6937172412872314
main_tournament_resume_3,Random__VS__Heuristic__GAME__241,Random,Heuristic,241,True,Heuristic,1,11,3.316910982131958
main_tournament_resume_3,Random__VS__Heuristic__GAME__242,Random,Heuristic,242,False,Heuristic,-1,8,0.9454991817474365
main_tournament_resume_3,Random__VS__Heuristic__GAME__243,Random,Heuristic,243,True,Heuristic,1,7,1.0254976749420166
main_tournament_resume_3,Random__VS__Heuristic__GAME__244,Random,Heuristic,244,False,Heuristic,-1,8,1.7300903797149658
main_tournament_resume_3,Random__VS__Heuristic__GAME__245,Random,Heuristic,245,True,Heuristic,1,9,2.0437049865722656
main_tournament_resume_3,Random__VS__Heuristic__GAME__246,Random,Heuristic,246,False,Heuristic,-1,8,1.3741021156311035
main_tournament_resume_3,Random__VS__Heuristic__GAME__247,Random,Heuristic,247,True,Heuristic,1,11,1.9525494575500488
main_tournament_resume_3,Random__VS__Heuristic__GAME__248,Random,Heuristic,248,False,Heuristic,-1,6,0.6084995269775391
main_tournament_resume_3,Random__VS__Heuristic__GAME__249,Random,Heuristic,249,True,Heuristic,1,5,0.4523587226867676
main_tournament_resume_3,Random__VS__AlphaBeta-new-d3__GAME__0,Random,AlphaBeta-new-d3,0,False,AlphaBeta-new-d3,-1,8,3.6082239151000977
main_tournament_resume_3,Random__VS__AlphaBeta-new-d3__GAME__1,Random,AlphaBeta-new-d3,1,True,AlphaBeta-new-d3,1,25,15.147465705871582
main_tournament_resume_3,Random__VS__AlphaBeta-new-d3__GAME__2,Random,AlphaBeta-new-d3,2,False,AlphaBeta-new-d3,-1,10,5.395682096481323
main_tournament_resume_3,Random__VS__AlphaBeta-new-d3__GAME__3,Random,AlphaBeta-new-d3,3,True,AlphaBeta-new-d3,1,7,2.971604108810425
main_tournament_resume_3,Random__VS__AlphaBeta-new-d3__GAME__4,Random,AlphaBeta-new-d3,4,False,AlphaBeta-new-d3,-1,22,14.242507219314575
main_tournament_resume_3,Random__VS__AlphaBeta-new-d3__GAME__5,Random,AlphaBeta-new-d3,5,True,AlphaBeta-new-d3,1,9,4.793208837509155
main_tournament_resume_3,Random__VS__AlphaBeta-new-d3__GAME__6,Random,AlphaBeta-new-d3,6,False,AlphaBeta-new-d3,-1,6,2.412388563156128
main_tournament_resume_3,Random__VS__AlphaBeta-new-d3__GAME__7,Random,AlphaBeta-new-d3,7,True,draw,0,50,32.87390398979187
main_tournament_resume_3,Random__VS__AlphaBeta-new-d3__GAME__8,Random,AlphaBeta-new-d3,8,False,AlphaBeta-new-d3,-1,22,13.705981969833374
main_tournament_resume_3,Random__VS__AlphaBeta-new-d3__GAME__9,Random,AlphaBeta-new-d3,9,True,AlphaBeta-new-d3,1,7,3.6480906009674072
main_tournament_resume_3,Random__VS__AlphaBeta-new-d3__GAME__10,Random,AlphaBeta-new-d3,10,False,Random,1,18,11.924238204956055
main_tournament_resume_3,Random__VS__AlphaBeta-new-d3__GAME__11,Random,AlphaBeta-new-d3,11,True,AlphaBeta-new-d3,1,9,4.658436298370361
main_tournament_resume_3,Random__VS__AlphaBeta-new-d3__GAME__12,Random,AlphaBeta-new-d3,12,False,Random,1,11,5.089929819107056
main_tournament_resume_3,Random__VS__AlphaBeta-new-d3__GAME__13,Random,AlphaBeta-new-d3,13,True,AlphaBeta-new-d3,1,9,4.007355451583862
main_tournament_resume_3,Random__VS__AlphaBeta-new-d3__GAME__14,Random,AlphaBeta-new-d3,14,False,AlphaBeta-new-d3,-1,12,5.954238176345825
main_tournament_resume_3,Random__VS__AlphaBeta-new-d3__GAME__15,Random,AlphaBeta-new-d3,15,True,AlphaBeta-new-d3,1,7,2.79089093208313
main_tournament_resume_3,Random__VS__AlphaBeta-new-d3__GAME__16,Random,AlphaBeta-new-d3,16,False,AlphaBeta-new-d3,-1,8,2.9980177879333496
main_tournament_resume_3,Random__VS__AlphaBeta-new-d3__GAME__17,Random,AlphaBeta-new-d3,17,True,AlphaBeta-new-d3,1,17,8.722469329833984
main_tournament_resume_3,Random__VS__AlphaBeta-new-d3__GAME__18,Random,AlphaBeta-new-d3,18,False,AlphaBeta-new-d3,-1,12,5.378737211227417
main_tournament_resume_3,Random__VS__AlphaBeta-new-d3__GAME__19,Random,AlphaBeta-new-d3,19,True,AlphaBeta-new-d3,1,11,5.827301263809204
main_tournament_resume_3,Random__VS__AlphaBeta-new-d3__GAME__20,Random,AlphaBeta-new-d3,20,False,AlphaBeta-new-d3,-1,16,6.809791326522827
main_tournament_resume_3,Random__VS__AlphaBeta-new-d3__GAME__21,Random,AlphaBeta-new-d3,21,True,AlphaBeta-new-d3,1,5,1.5209965705871582
main_tournament_resume_3,Random__VS__AlphaBeta-new-d3__GAME__22,Random,AlphaBeta-new-d3,22,False,AlphaBeta-new-d3,-1,12,6.311754465103149
main_tournament_resume_3,Random__VS__AlphaBeta-new-d3__GAME__23,Random,AlphaBeta-new-d3,23,True,AlphaBeta-new-d3,1,9,4.245502471923828
main_tournament_resume_3,Random__VS__AlphaBeta-new-d3__GAME__24,Random,AlphaBeta-new-d3,24,False,AlphaBeta-new-d3,-1,8,3.682018518447876
main_tournament_resume_3,Random__VS__AlphaBeta-new-d3__GAME__25,Random,AlphaBeta-new-d3,25,True,AlphaBeta-new-d3,1,7,2.466001033782959
main_tournament_resume_3,Random__VS__AlphaBeta-new-d3__GAME__26,Random,AlphaBeta-new-d3,26,False,AlphaBeta-new-d3,-1,6,2.540929079055786
main_tournament_resume_3,Random__VS__AlphaBeta-new-d3__GAME__27,Random,AlphaBeta-new-d3,27,True,AlphaBeta-new-d3,1,9,3.3243355751037598
main_tournament_resume_3,Random__VS__AlphaBeta-new-d3__GAME__28,Random,AlphaBeta-new-d3,28,False,AlphaBeta-new-d3,-1,30,20.610793113708496
main_tournament_resume_3,Random__VS__AlphaBeta-new-d3__GAME__29,Random,AlphaBeta-new-d3,29,True,Random,-1,7,4.75172233581543
main_tournament_resume_3,Random__VS__AlphaBeta-new-d3__GAME__30,Random,AlphaBeta-new-d3,30,False,AlphaBeta-new-d3,-1,6,1.4555721282958984
main_tournament_resume_3,Random__VS__AlphaBeta-new-d3__GAME__31,Random,AlphaBeta-new-d3,31,True,AlphaBeta-new-d3,1,7,2.596442222595215
main_tournament_resume_3,Random__VS__AlphaBeta-new-d3__GAME__32,Random,AlphaBeta-new-d3,32,False,AlphaBeta-new-d3,-1,24,12.46977710723877
main_tournament_resume_3,Random__VS__AlphaBeta-new-d3__GAME__33,Random,AlphaBeta-new-d3,33,True,AlphaBeta-new-d3,1,5,1.6385233402252197
main_tournament_resume_3,Random__VS__AlphaBeta-new-d3__GAME__34,Random,AlphaBeta-new-d3,34,False,AlphaBeta-new-d3,-1,14,7.586755752563477
main_tournament_resume_3,Random__VS__AlphaBeta-new-d3__GAME__35,Random,AlphaBeta-new-d3,35,True,AlphaBeta-new-d3,1,7,3.6867880821228027
main_tournament_resume_3,Random__VS__AlphaBeta-new-d3__GAME__36,Random,AlphaBeta-new-d3,36,False,AlphaBeta-new-d3,-1,14,7.115345239639282
main_tournament_resume_3,Random__VS__AlphaBeta-new-d3__GAME__37,Random,AlphaBeta-new-d3,37,True,AlphaBeta-new-d3,1,5,2.4779133796691895
main_tournament_resume_3,Random__VS__AlphaBeta-new-d3__GAME__38,Random,AlphaBeta-new-d3,38,False,AlphaBeta-new-d3,-1,14,7.412061929702759
main_tournament_resume_3,Random__VS__AlphaBeta-new-d3__GAME__39,Random,AlphaBeta-new-d3,39,True,draw,0,50,34.10217237472534
main_tournament_resume_3,Random__VS__AlphaBeta-new-d3__GAME__40,Random,AlphaBeta-new-d3,40,False,AlphaBeta-new-d3,-1,14,7.816816091537476
main_tournament_resume_3,Random__VS__AlphaBeta-new-d3__GAME__41,Random,AlphaBeta-new-d3,41,True,AlphaBeta-new-d3,1,11,5.343552827835083
main_tournament_resume_3,Random__VS__AlphaBeta-new-d3__GAME__42,Random,AlphaBeta-new-d3,42,False,AlphaBeta-new-d3,-1,14,8.617571830749512
main_tournament_resume_3,Random__VS__AlphaBeta-new-d3__GAME__43,Random,AlphaBeta-new-d3,43,True,AlphaBeta-new-d3,1,9,3.5886592864990234
main_tournament_resume_3,Random__VS__AlphaBeta-new-d3__GAME__44,Random,AlphaBeta-new-d3,44,False,AlphaBeta-new-d3,-1,30,21.317538022994995
main_tournament_resume_3,Random__VS__AlphaBeta-new-d3__GAME__45,Random,AlphaBeta-new-d3,45,True,AlphaBeta-new-d3,1,39,27.388959884643555
main_tournament_resume_3,Random__VS__AlphaBeta-new-d3__GAME__46,Random,AlphaBeta-new-d3,46,False,AlphaBeta-new-d3,-1,10,4.590360403060913
main_tournament_resume_3,Random__VS__AlphaBeta-new-d3__GAME__47,Random,AlphaBeta-new-d3,47,True,AlphaBeta-new-d3,1,5,2.340576410293579
main_tournament_resume_3,Random__VS__AlphaBeta-new-d3__GAME__48,Random,AlphaBeta-new-d3,48,False,AlphaBeta-new-d3,-1,16,9.19253134727478
main_tournament_resume_3,Random__VS__AlphaBeta-new-d3__GAME__49,Random,AlphaBeta-new-d3,49,True,AlphaBeta-new-d3,1,9,5.720487833023071
main_tournament_resume_3,Random__VS__AlphaBeta-new-d3__GAME__50,Random,AlphaBeta-new-d3,50,False,AlphaBeta-new-d3,-1,8,2.3864529132843018
main_tournament_resume_3,Random__VS__AlphaBeta-new-d3__GAME__51,Random,AlphaBeta-new-d3,51,True,AlphaBeta-new-d3,1,9,3.6360552310943604
main_tournament_resume_3,Random__VS__AlphaBeta-new-d3__GAME__52,Random,AlphaBeta-new-d3,52,False,AlphaBeta-new-d3,-1,8,3.5763723850250244
main_tournament_resume_3,Random__VS__AlphaBeta-new-d3__GAME__53,Random,AlphaBeta-new-d3,53,True,AlphaBeta-new-d3,1,13,6.753967761993408
main_tournament_resume_3,Random__VS__AlphaBeta-new-d3__GAME__54,Random,AlphaBeta-new-d3,54,False,AlphaBeta-new-d3,-1,12,6.129923582077026
main_tournament_resume_3,Random__VS__AlphaBeta-new-d3__GAME__55,Random,AlphaBeta-new-d3,55,True,AlphaBeta-new-d3,1,13,6.943973779678345
main_tournament_resume_3,Random__VS__AlphaBeta-new-d3__GAME__56,Random,AlphaBeta-new-d3,56,False,AlphaBeta-new-d3,-1,14,7.068400859832764
main_tournament_resume_3,Random__VS__AlphaBeta-new-d3__GAME__57,Random,AlphaBeta-new-d3,57,True,AlphaBeta-new-d3,1,7,2.639817476272583
main_tournament_resume_3,Random__VS__AlphaBeta-new-d3__GAME__58,Random,AlphaBeta-new-d3,58,False,AlphaBeta-new-d3,-1,20,13.18081283569336
main_tournament_resume_3,Random__VS__AlphaBeta-new-d3__GAME__59,Random,AlphaBeta-new-d3,59,True,Random,-1,7,3.5039095878601074
main_tournament_resume_3,Random__VS__AlphaBeta-new-d3__GAME__60,Random,AlphaBeta-new-d3,60,False,AlphaBeta-new-d3,-1,4,0.7053911685943604
main_tournament_resume_3,Random__VS__AlphaBeta-new-d3__GAME__61,Random,AlphaBeta-new-d3,61,True,AlphaBeta-new-d3,1,9,5.082350730895996
main_tournament_resume_3,Random__VS__AlphaBeta-new-d3__GAME__62,Random,AlphaBeta-new-d3,62,False,AlphaBeta-new-d3,-1,6,2.237144708633423
main_tournament_resume_3,Random__VS__AlphaBeta-new-d3__GAME__63,Random,AlphaBeta-new-d3,63,True,AlphaBeta-new-d3,1,11,6.730550527572632
main_tournament_resume_3,Random__VS__AlphaBeta-new-d3__GAME__64,Random,AlphaBeta-new-d3,64,False,AlphaBeta-new-d3,-1,18,11.698211669921875
main_tournament_resume_3,Random__VS__AlphaBeta-new-d3__GAME__65,Random,AlphaBeta-new-d3,65,True,AlphaBeta-new-d3,1,5,2.031681537628174
main_tournament_resume_3,Random__VS__AlphaBeta-new-d3__GAME__66,Random,AlphaBeta-new-d3,66,False,AlphaBeta-new-d3,-1,6,2.0316145420074463
main_tournament_resume_3,Random__VS__AlphaBeta-new-d3__GAME__67,Random,AlphaBeta-new-d3,67,True,AlphaBeta-new-d3,1,15,9.083974599838257
main_tournament_resume_3,Random__VS__AlphaBeta-new-d3__GAME__68,Random,AlphaBeta-new-d3,68,False,draw,0,50,31.51462960243225
main_tournament_resume_3,Random__VS__AlphaBeta-new-d3__GAME__69,Random,AlphaBeta-new-d3,69,True,AlphaBeta-new-d3,1,11,5.405897617340088
main_tournament_resume_3,Random__VS__AlphaBeta-new-d3__GAME__70,Random,AlphaBeta-new-d3,70,False,AlphaBeta-new-d3,-1,8,4.225990533828735
main_tournament_resume_3,Random__VS__AlphaBeta-new-d3__GAME__71,Random,AlphaBeta-new-d3,71,True,AlphaBeta-new-d3,1,5,1.2255043983459473
main_tournament_resume_3,Random__VS__AlphaBeta-new-d3__GAME__72,Random,AlphaBeta-new-d3,72,False,AlphaBeta-new-d3,-1,12,5.497195243835449
main_tournament_resume_3,Random__VS__AlphaBeta-new-d3__GAME__73,Random,AlphaBeta-new-d3,73,True,AlphaBeta-new-d3,1,25,15.1686270236969
main_tournament_resume_3,Random__VS__AlphaBeta-new-d3__GAME__74,Random,AlphaBeta-new-d3,74,False,AlphaBeta-new-d3,-1,10,3.9024829864501953
main_tournament_resume_3,Random__VS__AlphaBeta-new-d3__GAME__75,Random,AlphaBeta-new-d3,75,True,AlphaBeta-new-d3,1,11,5.2022318840026855
main_tournament_resume_3,Random__VS__AlphaBeta-new-d3__GAME__76,Random,AlphaBeta-new-d3,76,False,AlphaBeta-new-d3,-1,12,4.7058751583099365
main_tournament_resume_3,Random__VS__AlphaBeta-new-d3__GAME__77,Random,AlphaBeta-new-d3,77,True,AlphaBeta-new-d3,1,7,2.62551212310791
main_tournament_resume_3,Random__VS__AlphaBeta-new-d3__GAME__78,Random,AlphaBeta-new-d3,78,False,AlphaBeta-new-d3,-1,4,0.9969997406005859
main_tournament_resume_3,Random__VS__AlphaBeta-new-d3__GAME__79,Random,AlphaBeta-new-d3,79,True,AlphaBeta-new-d3,1,7,2.6597402095794678
main_tournament_resume_3,Random__VS__AlphaBeta-new-d3__GAME__80,Random,AlphaBeta-new-d3,80,False,AlphaBeta-new-d3,-1,10,4.800980567932129
main_tournament_resume_3,Random__VS__AlphaBeta-new-d3__GAME__81,Random,AlphaBeta-new-d3,81,True,AlphaBeta-new-d3,1,43,29.060357809066772
main_tournament_resume_3,Random__VS__AlphaBeta-new-d3__GAME__82,Random,AlphaBeta-new-d3,82,False,AlphaBeta-new-d3,-1,8,3.645595073699951
main_tournament_resume_3,Random__VS__AlphaBeta-new-d3__GAME__83,Random,AlphaBeta-new-d3,83,True,AlphaBeta-new-d3,1,7,3.1979618072509766
main_tournament_resume_3,Random__VS__AlphaBeta-new-d3__GAME__84,Random,AlphaBeta-new-d3,84,False,AlphaBeta-new-d3,-1,8,3.528634548187256
main_tournament_resume_3,Random__VS__AlphaBeta-new-d3__GAME__85,Random,AlphaBeta-new-d3,85,True,AlphaBeta-new-d3,1,9,6.013640403747559
main_tournament_resume_3,Random__VS__AlphaBeta-new-d3__GAME__86,Random,AlphaBeta-new-d3,86,False,AlphaBeta-new-d3,-1,8,3.3743796348571777
main_tournament_resume_3,Random__VS__AlphaBeta-new-d3__GAME__87,Random,AlphaBeta-new-d3,87,True,AlphaBeta-new-d3,1,25,16.67377758026123
main_tournament_resume_3,Random__VS__AlphaBeta-new-d3__GAME__88,Random,AlphaBeta-new-d3,88,False,AlphaBeta-new-d3,-1,10,4.497941493988037
main_tournament_resume_3,Random__VS__AlphaBeta-new-d3__GAME__89,Random,AlphaBeta-new-d3,89,True,AlphaBeta-new-d3,1,17,12.13963770866394
main_tournament_resume_3,Random__VS__AlphaBeta-new-d3__GAME__90,Random,AlphaBeta-new-d3,90,False,draw,0,50,39.07089614868164
main_tournament_resume_3,Random__VS__AlphaBeta-new-d3__GAME__91,Random,AlphaBeta-new-d3,91,True,AlphaBeta-new-d3,1,7,3.484377145767212
main_tournament_resume_3,Random__VS__AlphaBeta-new-d3__GAME__92,Random,AlphaBeta-new-d3,92,False,AlphaBeta-new-d3,-1,4,1.0005285739898682
main_tournament_resume_3,Random__VS__AlphaBeta-new-d3__GAME__93,Random,AlphaBeta-new-d3,93,True,AlphaBeta-new-d3,1,11,6.61102294921875
main_tournament_resume_3,Random__VS__AlphaBeta-new-d3__GAME__94,Random,AlphaBeta-new-d3,94,False,draw,0,50,34.629727602005005
main_tournament_resume_3,Random__VS__AlphaBeta-new-d3__GAME__95,Random,AlphaBeta-new-d3,95,True,AlphaBeta-new-d3,1,14,7.719742774963379
main_tournament_resume_3,Random__VS__AlphaBeta-new-d3__GAME__96,Random,AlphaBeta-new-d3,96,False,AlphaBeta-new-d3,-1,6,1.9892277717590332
main_tournament_resume_3,Random__VS__AlphaBeta-new-d3__GAME__97,Random,AlphaBeta-new-d3,97,True,Random,-1,21,14.525834798812866
main_tournament_resume_3,Random__VS__AlphaBeta-new-d3__GAME__98,Random,AlphaBeta-new-d3,98,False,AlphaBeta-new-d3,-1,20,12.886460065841675
main_tournament_resume_3,Random__VS__AlphaBeta-new-d3__GAME__99,Random,AlphaBeta-new-d3,99,True,AlphaBeta-new-d3,1,11,5.229943037033081
main_tournament_resume_3,Random__VS__AlphaBeta-new-d3__GAME__100,Random,AlphaBeta-new-d3,100,False,AlphaBeta-new-d3,-1,14,7.911039590835571
main_tournament_resume_3,Random__VS__AlphaBeta-new-d3__GAME__101,Random,AlphaBeta-new-d3,101,True,Random,-1,27,17.297322273254395
main_tournament_resume_3,Random__VS__AlphaBeta-new-d3__GAME__102,Random,AlphaBeta-new-d3,102,False,AlphaBeta-new-d3,-1,16,8.106634616851807
main_tournament_resume_3,Random__VS__AlphaBeta-new-d3__GAME__103,Random,AlphaBeta-new-d3,103,True,AlphaBeta-new-d3,1,9,3.895552158355713
main_tournament_resume_3,Random__VS__AlphaBeta-new-d3__GAME__104,Random,AlphaBeta-new-d3,104,False,AlphaBeta-new-d3,-1,10,4.834624528884888
main_tournament_resume_3,Random__VS__AlphaBeta-new-d3__GAME__105,Random,AlphaBeta-new-d3,105,True,AlphaBeta-new-d3,1,7,3.7225069999694824
main_tournament_resume_3,Random__VS__AlphaBeta-new-d3__GAME__106,Random,AlphaBeta-new-d3,106,False,Random,1,8,4.31757116317749
main_tournament_resume_3,Random__VS__AlphaBeta-new-d3__GAME__107,Random,AlphaBeta-new-d3,107,True,AlphaBeta-new-d3,1,13,7.6669347286224365
main_tournament_resume_3,Random__VS__AlphaBeta-new-d3__GAME__108,Random,AlphaBeta-new-d3,108,False,AlphaBeta-new-d3,-1,8,3.11189603805542
main_tournament_resume_3,Random__VS__AlphaBeta-new-d3__GAME__109,Random,AlphaBeta-new-d3,109,True,AlphaBeta-new-d3,1,7,3.110996961593628
main_tournament_resume_3,Random__VS__AlphaBeta-new-d3__GAME__110,Random,AlphaBeta-new-d3,110,False,AlphaBeta-new-d3,-1,38,26.039655923843384
main_tournament_resume_3,Random__VS__AlphaBeta-new-d3__GAME__111,Random,AlphaBeta-new-d3,111,True,AlphaBeta-new-d3,1,9,5.136076927185059
main_tournament_resume_3,Random__VS__AlphaBeta-new-d3__GAME__112,Random,AlphaBeta-new-d3,112,False,AlphaBeta-new-d3,-1,12,5.736336708068848
main_tournament_resume_3,Random__VS__AlphaBeta-new-d3__GAME__113,Random,AlphaBeta-new-d3,113,True,AlphaBeta-new-d3,1,13,5.80387020111084
main_tournament_resume_3,Random__VS__AlphaBeta-new-d3__GAME__114,Random,AlphaBeta-new-d3,114,False,AlphaBeta-new-d3,-1,12,6.784308195114136
main_tournament_resume_3,Random__VS__AlphaBeta-new-d3__GAME__115,Random,AlphaBeta-new-d3,115,True,AlphaBeta-new-d3,1,17,8.340273380279541
main_tournament_resume_3,Random__VS__AlphaBeta-new-d3__GAME__116,Random,AlphaBeta-new-d3,116,False,AlphaBeta-new-d3,-1,10,4.317437410354614
main_tournament_resume_3,Random__VS__AlphaBeta-new-d3__GAME__117,Random,AlphaBeta-new-d3,117,True,AlphaBeta-new-d3,1,7,2.092055559158325
main_tournament_resume_3,Random__VS__AlphaBeta-new-d3__GAME__118,Random,AlphaBeta-new-d3,118,False,AlphaBeta-new-d3,-1,8,2.582717180252075
main_tournament_resume_3,Random__VS__AlphaBeta-new-d3__GAME__119,Random,AlphaBeta-new-d3,119,True,AlphaBeta-new-d3,1,5,2.1510977745056152
main_tournament_resume_3,Random__VS__AlphaBeta-new-d3__GAME__120,Random,AlphaBeta-new-d3,120,False,AlphaBeta-new-d3,-1,22,14.430800199508667
main_tournament_resume_3,Random__VS__AlphaBeta-new-d3__GAME__121,Random,AlphaBeta-new-d3,121,True,AlphaBeta-new-d3,1,7,2.790902614593506
main_tournament_resume_3,Random__VS__AlphaBeta-new-d3__GAME__122,Random,AlphaBeta-new-d3,122,False,AlphaBeta-new-d3,-1,18,9.535969972610474
main_tournament_resume_3,Random__VS__AlphaBeta-new-d3__GAME__123,Random,AlphaBeta-new-d3,123,True,AlphaBeta-new-d3,1,5,1.878157138824463
main_tournament_resume_3,Random__VS__AlphaBeta-new-d3__GAME__124,Random,AlphaBeta-new-d3,124,False,Random,1,36,29.939087390899658
main_tournament_resume_3,Random__VS__AlphaBeta-new-d3__GAME__125,Random,AlphaBeta-new-d3,125,True,AlphaBeta-new-d3,1,5,2.1027910709381104
main_tournament_resume_3,Random__VS__AlphaBeta-new-d3__GAME__126,Random,AlphaBeta-new-d3,126,False,AlphaBeta-new-d3,-1,6,1.9671814441680908
main_tournament_resume_3,Random__VS__AlphaBeta-new-d3__GAME__127,Random,AlphaBeta-new-d3,127,True,Random,-1,25,15.834867715835571
main_tournament_resume_3,Random__VS__AlphaBeta-new-d3__GAME__128,Random,AlphaBeta-new-d3,128,False,AlphaBeta-new-d3,-1,12,5.403925895690918
main_tournament_resume_3,Random__VS__AlphaBeta-new-d3__GAME__129,Random,AlphaBeta-new-d3,129,True,AlphaBeta-new-d3,1,11,5.935456275939941
main_tournament_resume_3,Random__VS__AlphaBeta-new-d3__GAME__130,Random,AlphaBeta-new-d3,130,False,AlphaBeta-new-d3,-1,20,11.99166464805603
main_tournament_resume_3,Random__VS__AlphaBeta-new-d3__GAME__131,Random,AlphaBeta-new-d3,131,True,AlphaBeta-new-d3,1,7,2.671055316925049
main_tournament_resume_3,Random__VS__AlphaBeta-new-d3__GAME__132,Random,AlphaBeta-new-d3,132,False,AlphaBeta-new-d3,-1,6,1.9106056690216064
main_tournament_resume_3,Random__VS__AlphaBeta-new-d3__GAME__133,Random,AlphaBeta-new-d3,133,True,AlphaBeta-new-d3,1,11,6.804128170013428
main_tournament_resume_3,Random__VS__AlphaBeta-new-d3__GAME__134,Random,AlphaBeta-new-d3,134,False,AlphaBeta-new-d3,-1,10,3.9205281734466553
main_tournament_resume_3,Random__VS__AlphaBeta-new-d3__GAME__135,Random,AlphaBeta-new-d3,135,True,AlphaBeta-new-d3,1,11,5.9950196743011475
main_tournament_resume_3,Random__VS__AlphaBeta-new-d3__GAME__136,Random,AlphaBeta-new-d3,136,False,AlphaBeta-new-d3,-1,6,2.563507080078125
main_tournament_resume_3,Random__VS__AlphaBeta-new-d3__GAME__137,Random,AlphaBeta-new-d3,137,True,AlphaBeta-new-d3,1,9,3.7106504440307617
main_tournament_resume_3,Random__VS__AlphaBeta-new-d3__GAME__138,Random,AlphaBeta-new-d3,138,False,AlphaBeta-new-d3,-1,8,3.4102871417999268
main_tournament_resume_3,Random__VS__AlphaBeta-new-d3__GAME__139,Random,AlphaBeta-new-d3,139,True,AlphaBeta-new-d3,1,7,3.071357250213623
main_tournament_resume_3,Random__VS__AlphaBeta-new-d3__GAME__140,Random,AlphaBeta-new-d3,140,False,AlphaBeta-new-d3,-1,20,7.541444778442383
main_tournament_resume_3,Random__VS__AlphaBeta-new-d3__GAME__141,Random,AlphaBeta-new-d3,141,True,AlphaBeta-new-d3,1,9,3.6917245388031006
main_tournament_resume_3,Random__VS__AlphaBeta-new-d3__GAME__142,Random,AlphaBeta-new-d3,142,False,Random,1,44,28.049545526504517
main_tournament_resume_3,Random__VS__AlphaBeta-new-d3__GAME__143,Random,AlphaBeta-new-d3,143,True,AlphaBeta-new-d3,1,11,6.364203214645386
main_tournament_resume_3,Random__VS__AlphaBeta-new-d3__GAME__144,Random,AlphaBeta-new-d3,144,False,AlphaBeta-new-d3,-1,14,8.748818635940552
main_tournament_resume_3,Random__VS__AlphaBeta-new-d3__GAME__145,Random,AlphaBeta-new-d3,145,True,AlphaBeta-new-d3,1,33,20.255971908569336
main_tournament_resume_3,Random__VS__AlphaBeta-new-d3__GAME__146,Random,AlphaBeta-new-d3,146,False,draw,0,50,39.44295525550842
main_tournament_resume_3,Random__VS__AlphaBeta-new-d3__GAME__147,Random,AlphaBeta-new-d3,147,True,AlphaBeta-new-d3,1,5,1.8377106189727783
main_tournament_resume_3,Random__VS__AlphaBeta-new-d3__GAME__148,Random,AlphaBeta-new-d3,148,False,AlphaBeta-new-d3,-1,10,3.824117422103882
main_tournament_resume_3,Random__VS__AlphaBeta-new-d3__GAME__149,Random,AlphaBeta-new-d3,149,True,Random,-1,9,6.234802961349487
main_tournament_resume_3,Random__VS__AlphaBeta-new-d3__GAME__150,Random,AlphaBeta-new-d3,150,False,AlphaBeta-new-d3,-1,16,8.247533082962036
main_tournament_resume_3,Random__VS__AlphaBeta-new-d3__GAME__151,Random,AlphaBeta-new-d3,151,True,AlphaBeta-new-d3,1,17,11.13722538948059
main_tournament_resume_3,Random__VS__AlphaBeta-new-d3__GAME__152,Random,AlphaBeta-new-d3,152,False,AlphaBeta-new-d3,-1,12,6.452878475189209
main_tournament_resume_3,Random__VS__AlphaBeta-new-d3__GAME__153,Random,AlphaBeta-new-d3,153,True,AlphaBeta-new-d3,1,13,9.644981145858765
main_tournament_resume_3,Random__VS__AlphaBeta-new-d3__GAME__154,Random,AlphaBeta-new-d3,154,False,AlphaBeta-new-d3,-1,14,7.193155527114868
main_tournament_resume_3,Random__VS__AlphaBeta-new-d3__GAME__155,Random,AlphaBeta-new-d3,155,True,Random,-1,17,11.66427206993103
main_tournament_resume_3,Random__VS__AlphaBeta-new-d3__GAME__156,Random,AlphaBeta-new-d3,156,False,AlphaBeta-new-d3,-1,16,8.701598405838013
main_tournament_resume_3,Random__VS__AlphaBeta-new-d3__GAME__157,Random,AlphaBeta-new-d3,157,True,AlphaBeta-new-d3,1,7,3.3747222423553467
main_tournament_resume_3,Random__VS__AlphaBeta-new-d3__GAME__158,Random,AlphaBeta-new-d3,158,False,AlphaBeta-new-d3,-1,8,4.118023157119751
main_tournament_resume_3,Random__VS__AlphaBeta-new-d3__GAME__159,Random,AlphaBeta-new-d3,159,True,AlphaBeta-new-d3,1,7,3.375666618347168
main_tournament_resume_3,Random__VS__AlphaBeta-new-d3__GAME__160,Random,AlphaBeta-new-d3,160,False,AlphaBeta-new-d3,-1,10,5.4975426197052
main_tournament_resume_3,Random__VS__AlphaBeta-new-d3__GAME__161,Random,AlphaBeta-new-d3,161,True,AlphaBeta-new-d3,1,7,3.303051471710205
main_tournament_resume_3,Random__VS__AlphaBeta-new-d3__GAME__162,Random,AlphaBeta-new-d3,162,False,AlphaBeta-new-d3,-1,8,4.634927749633789
main_tournament_resume_3,Random__VS__AlphaBeta-new-d3__GAME__163,Random,AlphaBeta-new-d3,163,True,AlphaBeta-new-d3,1,7,3.1734707355499268
main_tournament_resume_3,Random__VS__AlphaBeta-new-d3__GAME__164,Random,AlphaBeta-new-d3,164,False,AlphaBeta-new-d3,-1,18,9.00680136680603
main_tournament_resume_3,Random__VS__AlphaBeta-new-d3__GAME__165,Random,AlphaBeta-new-d3,165,True,AlphaBeta-new-d3,1,5,1.9320507049560547
main_tournament_resume_3,Random__VS__AlphaBeta-new-d3__GAME__166,Random,AlphaBeta-new-d3,166,False,AlphaBeta-new-d3,-1,10,4.145202159881592
main_tournament_resume_3,Random__VS__AlphaBeta-new-d3__GAME__167,Random,AlphaBeta-new-d3,167,True,AlphaBeta-new-d3,1,9,3.9299445152282715
main_tournament_resume_3,Random__VS__AlphaBeta-new-d3__GAME__168,Random,AlphaBeta-new-d3,168,False,AlphaBeta-new-d3,-1,4,1.2184998989105225
main_tournament_resume_3,Random__VS__AlphaBeta-new-d3__GAME__169,Random,AlphaBeta-new-d3,169,True,AlphaBeta-new-d3,1,23,14.386488199234009
main_tournament_resume_3,Random__VS__AlphaBeta-new-d3__GAME__170,Random,AlphaBeta-new-d3,170,False,AlphaBeta-new-d3,-1,8,4.211264610290527
main_tournament_resume_3,Random__VS__AlphaBeta-new-d3__GAME__171,Random,AlphaBeta-new-d3,171,True,AlphaBeta-new-d3,1,19,12.083814144134521
main_tournament_resume_3,Random__VS__AlphaBeta-new-d3__GAME__172,Random,AlphaBeta-new-d3,172,False,AlphaBeta-new-d3,-1,8,3.4440510272979736
main_tournament_resume_3,Random__VS__AlphaBeta-new-d3__GAME__173,Random,AlphaBeta-new-d3,173,True,AlphaBeta-new-d3,1,7,3.9498074054718018
main_tournament_resume_3,Random__VS__AlphaBeta-new-d3__GAME__174,Random,AlphaBeta-new-d3,174,False,AlphaBeta-new-d3,-1,44,32.603501319885254
main_tournament_resume_3,Random__VS__AlphaBeta-new-d3__GAME__175,Random,AlphaBeta-new-d3,175,True,AlphaBeta-new-d3,1,11,5.160409450531006
main_tournament_resume_3,Random__VS__AlphaBeta-new-d3__GAME__176,Random,AlphaBeta-new-d3,176,False,AlphaBeta-new-d3,-1,10,4.575986623764038
main_tournament_resume_3,Random__VS__AlphaBeta-new-d3__GAME__177,Random,AlphaBeta-new-d3,177,True,Random,-1,5,3.0681910514831543
main_tournament_resume_3,Random__VS__AlphaBeta-new-d3__GAME__178,Random,AlphaBeta-new-d3,178,False,draw,0,50,35.43670392036438
main_tournament_resume_3,Random__VS__AlphaBeta-new-d3__GAME__179,Random,AlphaBeta-new-d3,179,True,AlphaBeta-new-d3,1,15,8.719613075256348
main_tournament_resume_3,Random__VS__AlphaBeta-new-d3__GAME__180,Random,AlphaBeta-new-d3,180,False,AlphaBeta-new-d3,-1,8,2.9124276638031006
main_tournament_resume_3,Random__VS__AlphaBeta-new-d3__GAME__181,Random,AlphaBeta-new-d3,181,True,AlphaBeta-new-d3,1,29,20.87138342857361
main_tournament_resume_3,Random__VS__AlphaBeta-new-d3__GAME__182,Random,AlphaBeta-new-d3,182,False,AlphaBeta-new-d3,-1,6,2.3080766201019287
main_tournament_resume_3,Random__VS__AlphaBeta-new-d3__GAME__183,Random,AlphaBeta-new-d3,183,True,AlphaBeta-new-d3,1,5,1.2885241508483887
main_tournament_resume_3,Random__VS__AlphaBeta-new-d3__GAME__184,Random,AlphaBeta-new-d3,184,False,AlphaBeta-new-d3,-1,6,2.100792407989502
main_tournament_resume_3,Random__VS__AlphaBeta-new-d3__GAME__185,Random,AlphaBeta-new-d3,185,True,AlphaBeta-new-d3,1,27,16.881574153900146
main_tournament_resume_3,Random__VS__AlphaBeta-new-d3__GAME__186,Random,AlphaBeta-new-d3,186,False,AlphaBeta-new-d3,-1,12,5.619360685348511
main_tournament_resume_3,Random__VS__AlphaBeta-new-d3__GAME__187,Random,AlphaBeta-new-d3,187,True,AlphaBeta-new-d3,1,13,5.952635765075684
main_tournament_resume_3,Random__VS__AlphaBeta-new-d3__GAME__188,Random,AlphaBeta-new-d3,188,False,AlphaBeta-new-d3,-1,10,4.9490344524383545
main_tournament_resume_3,Random__VS__AlphaBeta-new-d3__GAME__189,Random,AlphaBeta-new-d3,189,True,AlphaBeta-new-d3,1,9,5.94743013381958
main_tournament_resume_3,Random__VS__AlphaBeta-new-d3__GAME__190,Random,AlphaBeta-new-d3,190,False,AlphaBeta-new-d3,-1,6,2.668651819229126
main_tournament_resume_3,Random__VS__AlphaBeta-new-d3__GAME__191,Random,AlphaBeta-new-d3,191,True,AlphaBeta-new-d3,1,11,7.1335742473602295
main_tournament_resume_3,Random__VS__AlphaBeta-new-d3__GAME__192,Random,AlphaBeta-new-d3,192,False,AlphaBeta-new-d3,-1,6,2.4557876586914062
main_tournament_resume_3,Random__VS__AlphaBeta-new-d3__GAME__193,Random,AlphaBeta-new-d3,193,True,AlphaBeta-new-d3,1,7,2.8164260387420654
main_tournament_resume_3,Random__VS__AlphaBeta-new-d3__GAME__194,Random,AlphaBeta-new-d3,194,False,AlphaBeta-new-d3,-1,12,7.388381242752075
main_tournament_resume_3,Random__VS__AlphaBeta-new-d3__GAME__195,Random,AlphaBeta-new-d3,195,True,AlphaBeta-new-d3,1,5,2.3697402477264404
main_tournament_resume_3,Random__VS__AlphaBeta-new-d3__GAME__196,Random,AlphaBeta-new-d3,196,False,AlphaBeta-new-d3,-1,6,2.211357831954956
main_tournament_resume_3,Random__VS__AlphaBeta-new-d3__GAME__197,Random,AlphaBeta-new-d3,197,True,AlphaBeta-new-d3,1,5,1.578493356704712
main_tournament_resume_3,Random__VS__AlphaBeta-new-d3__GAME__198,Random,AlphaBeta-new-d3,198,False,AlphaBeta-new-d3,-1,14,8.154921770095825
main_tournament_resume_3,Random__VS__AlphaBeta-new-d3__GAME__199,Random,AlphaBeta-new-d3,199,True,AlphaBeta-new-d3,1,11,6.719011306762695
main_tournament_resume_3,Random__VS__AlphaBeta-new-d3__GAME__200,Random,AlphaBeta-new-d3,200,False,Random,1,11,6.547004222869873
main_tournament_resume_3,Random__VS__AlphaBeta-new-d3__GAME__201,Random,AlphaBeta-new-d3,201,True,AlphaBeta-new-d3,1,5,2.024998664855957
main_tournament_resume_3,Random__VS__AlphaBeta-new-d3__GAME__202,Random,AlphaBeta-new-d3,202,False,AlphaBeta-new-d3,-1,10,5.079126834869385
main_tournament_resume_3,Random__VS__AlphaBeta-new-d3__GAME__203,Random,AlphaBeta-new-d3,203,True,AlphaBeta-new-d3,1,5,2.214231014251709
main_tournament_resume_3,Random__VS__AlphaBeta-new-d3__GAME__204,Random,AlphaBeta-new-d3,204,False,draw,0,50,37.2959885597229
main_tournament_resume_3,Random__VS__AlphaBeta-new-d3__GAME__205,Random,AlphaBeta-new-d3,205,True,AlphaBeta-new-d3,1,21,13.259469509124756
main_tournament_resume_3,Random__VS__AlphaBeta-new-d3__GAME__206,Random,AlphaBeta-new-d3,206,False,Random,1,6,3.0421302318573
main_tournament_resume_3,Random__VS__AlphaBeta-new-d3__GAME__207,Random,AlphaBeta-new-d3,207,True,AlphaBeta-new-d3,1,13,8.316690921783447
main_tournament_resume_3,Random__VS__AlphaBeta-new-d3__GAME__208,Random,AlphaBeta-new-d3,208,False,AlphaBeta-new-d3,-1,6,2.6564383506774902
main_tournament_resume_3,Random__VS__AlphaBeta-new-d3__GAME__209,Random,AlphaBeta-new-d3,209,True,AlphaBeta-new-d3,1,13,7.5034284591674805
main_tournament_resume_3,Random__VS__AlphaBeta-new-d3__GAME__210,Random,AlphaBeta-new-d3,210,False,AlphaBeta-new-d3,-1,12,6.2339701652526855
main_tournament_resume_3,Random__VS__AlphaBeta-new-d3__GAME__211,Random,AlphaBeta-new-d3,211,True,AlphaBeta-new-d3,1,7,4.2481606006622314
main_tournament_resume_3,Random__VS__AlphaBeta-new-d3__GAME__212,Random,AlphaBeta-new-d3,212,False,AlphaBeta-new-d3,-1,20,12.62600564956665
main_tournament_resume_3,Random__VS__AlphaBeta-new-d3__GAME__213,Random,AlphaBeta-new-d3,213,True,AlphaBeta-new-d3,1,11,6.267485618591309
main_tournament_resume_3,Random__VS__AlphaBeta-new-d3__GAME__214,Random,AlphaBeta-new-d3,214,False,AlphaBeta-new-d3,-1,5,1.8909411430358887
main_tournament_resume_3,Random__VS__AlphaBeta-new-d3__GAME__215,Random,AlphaBeta-new-d3,215,True,AlphaBeta-new-d3,1,19,13.207236766815186
main_tournament_resume_3,Random__VS__AlphaBeta-new-d3__GAME__216,Random,AlphaBeta-new-d3,216,False,AlphaBeta-new-d3,-1,6,2.7418742179870605
main_tournament_resume_3,Random__VS__AlphaBeta-new-d3__GAME__217,Random,AlphaBeta-new-d3,217,True,Random,-1,7,4.911172389984131
main_tournament_resume_3,Random__VS__AlphaBeta-new-d3__GAME__218,Random,AlphaBeta-new-d3,218,False,AlphaBeta-new-d3,-1,12,5.677377939224243
main_tournament_resume_3,Random__VS__AlphaBeta-new-d3__GAME__219,Random,AlphaBeta-new-d3,219,True,AlphaBeta-new-d3,1,7,3.2202095985412598
main_tournament_resume_3,Random__VS__AlphaBeta-new-d3__GAME__220,Random,AlphaBeta-new-d3,220,False,AlphaBeta-new-d3,-1,20,13.003306865692139
main_tournament_resume_3,Random__VS__AlphaBeta-new-d3__GAME__221,Random,AlphaBeta-new-d3,221,True,AlphaBeta-new-d3,1,5,2.4748380184173584
main_tournament_resume_3,Random__VS__AlphaBeta-new-d3__GAME__222,Random,AlphaBeta-new-d3,222,False,AlphaBeta-new-d3,-1,14,7.805613994598389
main_tournament_resume_3,Random__VS__AlphaBeta-new-d3__GAME__223,Random,AlphaBeta-new-d3,223,True,AlphaBeta-new-d3,1,5,2.713165283203125
main_tournament_resume_3,Random__VS__AlphaBeta-new-d3__GAME__224,Random,AlphaBeta-new-d3,224,False,AlphaBeta-new-d3,-1,42,31.49003291130066
main_tournament_resume_3,Random__VS__AlphaBeta-new-d3__GAME__225,Random,AlphaBeta-new-d3,225,True,AlphaBeta-new-d3,1,7,3.538377285003662
main_tournament_resume_3,Random__VS__AlphaBeta-new-d3__GAME__226,Random,AlphaBeta-new-d3,226,False,Random,1,18,12.629820823669434
main_tournament_resume_3,Random__VS__AlphaBeta-new-d3__GAME__227,Random,AlphaBeta-new-d3,227,True,AlphaBeta-new-d3,1,7,4.032721996307373
main_tournament_resume_3,Random__VS__AlphaBeta-new-d3__GAME__228,Random,AlphaBeta-new-d3,228,False,AlphaBeta-new-d3,-1,6,2.2240090370178223
main_tournament_resume_3,Random__VS__AlphaBeta-new-d3__GAME__229,Random,AlphaBeta-new-d3,229,True,AlphaBeta-new-d3,1,7,3.360219717025757
main_tournament_resume_3,Random__VS__AlphaBeta-new-d3__GAME__230,Random,AlphaBeta-new-d3,230,False,AlphaBeta-new-d3,-1,50,37.989731311798096
main_tournament_resume_3,Random__VS__AlphaBeta-new-d3__GAME__231,Random,AlphaBeta-new-d3,231,True,AlphaBeta-new-d3,1,15,9.864261865615845
main_tournament_resume_3,Random__VS__AlphaBeta-new-d3__GAME__232,Random,AlphaBeta-new-d3,232,False,AlphaBeta-new-d3,-1,26,12.664371728897095
main_tournament_resume_3,Random__VS__AlphaBeta-new-d3__GAME__233,Random,AlphaBeta-new-d3,233,True,AlphaBeta-new-d3,1,21,14.482677936553955
main_tournament_resume_3,Random__VS__AlphaBeta-new-d3__GAME__234,Random,AlphaBeta-new-d3,234,False,AlphaBeta-new-d3,-1,6,2.121403932571411
main_tournament_resume_3,Random__VS__AlphaBeta-new-d3__GAME__235,Random,AlphaBeta-new-d3,235,True,AlphaBeta-new-d3,1,11,6.128854036331177
main_tournament_resume_3,Random__VS__AlphaBeta-new-d3__GAME__236,Random,AlphaBeta-new-d3,236,False,AlphaBeta-new-d3,-1,18,11.293829679489136
main_tournament_resume_3,Random__VS__AlphaBeta-new-d3__GAME__237,Random,AlphaBeta-new-d3,237,True,Random,-1,5,2.8446030616760254
main_tournament_resume_3,Random__VS__AlphaBeta-new-d3__GAME__238,Random,AlphaBeta-new-d3,238,False,AlphaBeta-new-d3,-1,34,24.034647941589355
main_tournament_resume_3,Random__VS__AlphaBeta-new-d3__GAME__239,Random,AlphaBeta-new-d3,239,True,AlphaBeta-new-d3,1,17,11.277884006500244
main_tournament_resume_3,Random__VS__AlphaBeta-new-d3__GAME__240,Random,AlphaBeta-new-d3,240,False,AlphaBeta-new-d3,-1,4,1.040358066558838
main_tournament_resume_3,Random__VS__AlphaBeta-new-d3__GAME__241,Random,AlphaBeta-new-d3,241,True,AlphaBeta-new-d3,1,9,4.731606960296631
main_tournament_resume_3,Random__VS__AlphaBeta-new-d3__GAME__242,Random,AlphaBeta-new-d3,242,False,AlphaBeta-new-d3,-1,10,5.342195749282837
main_tournament_resume_3,Random__VS__AlphaBeta-new-d3__GAME__243,Random,AlphaBeta-new-d3,243,True,AlphaBeta-new-d3,1,39,30.027376651763916
main_tournament_resume_3,Random__VS__AlphaBeta-new-d3__GAME__244,Random,AlphaBeta-new-d3,244,False,AlphaBeta-new-d3,-1,6,2.3771417140960693
main_tournament_resume_3,Random__VS__AlphaBeta-new-d3__GAME__245,Random,AlphaBeta-new-d3,245,True,AlphaBeta-new-d3,1,17,10.916502714157104
main_tournament_resume_3,Random__VS__AlphaBeta-new-d3__GAME__246,Random,AlphaBeta-new-d3,246,False,AlphaBeta-new-d3,-1,18,12.479167938232422
main_tournament_resume_3,Random__VS__AlphaBeta-new-d3__GAME__247,Random,AlphaBeta-new-d3,247,True,AlphaBeta-new-d3,1,9,5.038763046264648
main_tournament_resume_3,Random__VS__AlphaBeta-new-d3__GAME__248,Random,AlphaBeta-new-d3,248,False,AlphaBeta-new-d3,-1,6,2.2750415802001953
main_tournament_resume_3,Random__VS__AlphaBeta-new-d3__GAME__249,Random,AlphaBeta-new-d3,249,True,AlphaBeta-new-d3,1,21,12.180171012878418
main_tournament_resume_3,Random__VS__MCTS-old-100__GAME__0,Random,MCTS-old-100,0,False,MCTS-old-100,-1,22,16.405136346817017
main_tournament_resume_3,Random__VS__MCTS-old-100__GAME__1,Random,MCTS-old-100,1,True,Random,-1,11,7.42908787727356
main_tournament_resume_3,Random__VS__MCTS-old-100__GAME__2,Random,MCTS-old-100,2,False,MCTS-old-100,-1,10,5.832206726074219
main_tournament_resume_3,Random__VS__MCTS-old-100__GAME__3,Random,MCTS-old-100,3,True,MCTS-old-100,1,9,5.80415153503418
main_tournament_resume_3,Random__VS__MCTS-old-100__GAME__4,Random,MCTS-old-100,4,False,draw,0,50,46.61404776573181
main_tournament_resume_3,Random__VS__MCTS-old-100__GAME__5,Random,MCTS-old-100,5,True,MCTS-old-100,1,23,18.31380844116211
main_tournament_resume_3,Random__VS__MCTS-old-100__GAME__6,Random,MCTS-old-100,6,False,MCTS-old-100,-1,18,13.689533710479736
main_tournament_resume_3,Random__VS__MCTS-old-100__GAME__7,Random,MCTS-old-100,7,True,MCTS-old-100,1,11,7.113897800445557
main_tournament_resume_3,Random__VS__MCTS-old-100__GAME__8,Random,MCTS-old-100,8,False,MCTS-old-100,-1,28,26.080572605133057
main_tournament_resume_3,Random__VS__MCTS-old-100__GAME__9,Random,MCTS-old-100,9,True,MCTS-old-100,1,5,2.8023228645324707
main_tournament_resume_3,Random__VS__MCTS-old-100__GAME__10,Random,MCTS-old-100,10,False,MCTS-old-100,-1,16,10.103991746902466
main_tournament_resume_3,Random__VS__MCTS-old-100__GAME__11,Random,MCTS-old-100,11,True,MCTS-old-100,1,25,18.574242115020752
main_tournament_resume_3,Random__VS__MCTS-old-100__GAME__12,Random,MCTS-old-100,12,False,Random,1,38,31.764315605163574
main_tournament_resume_3,Random__VS__MCTS-old-100__GAME__13,Random,MCTS-old-100,13,True,MCTS-old-100,1,27,23.12156105041504
main_tournament_resume_3,Random__VS__MCTS-old-100__GAME__14,Random,MCTS-old-100,14,False,MCTS-old-100,-1,12,7.3522889614105225
main_tournament_resume_3,Random__VS__MCTS-old-100__GAME__15,Random,MCTS-old-100,15,True,MCTS-old-100,1,7,3.8407042026519775
main_tournament_resume_3,Random__VS__MCTS-old-100__GAME__16,Random,MCTS-old-100,16,False,MCTS-old-100,-1,12,6.286531925201416
main_tournament_resume_3,Random__VS__MCTS-old-100__GAME__17,Random,MCTS-old-100,17,True,MCTS-old-100,1,7,3.7660913467407227
main_tournament_resume_3,Random__VS__MCTS-old-100__GAME__18,Random,MCTS-old-100,18,False,MCTS-old-100,-1,6,2.5279088020324707
main_tournament_resume_3,Random__VS__MCTS-old-100__GAME__19,Random,MCTS-old-100,19,True,MCTS-old-100,1,19,13.474605083465576
main_tournament_resume_3,Random__VS__MCTS-old-100__GAME__20,Random,MCTS-old-100,20,False,MCTS-old-100,-1,6,2.6648612022399902
main_tournament_resume_3,Random__VS__MCTS-old-100__GAME__21,Random,MCTS-old-100,21,True,MCTS-old-100,1,31,26.727665662765503
main_tournament_resume_3,Random__VS__MCTS-old-100__GAME__22,Random,MCTS-old-100,22,False,MCTS-old-100,-1,26,21.393242359161377
main_tournament_resume_3,Random__VS__MCTS-old-100__GAME__23,Random,MCTS-old-100,23,True,MCTS-old-100,1,7,4.069806098937988
main_tournament_resume_3,Random__VS__MCTS-old-100__GAME__24,Random,MCTS-old-100,24,False,MCTS-old-100,-1,24,16.05673122406006
main_tournament_resume_3,Random__VS__MCTS-old-100__GAME__25,Random,MCTS-old-100,25,True,draw,0,50,50.87618899345398
main_tournament_resume_3,Random__VS__MCTS-old-100__GAME__26,Random,MCTS-old-100,26,False,MCTS-old-100,-1,30,22.353079795837402
main_tournament_resume_3,Random__VS__MCTS-old-100__GAME__27,Random,MCTS-old-100,27,True,MCTS-old-100,1,15,10.743720054626465
main_tournament_resume_3,Random__VS__MCTS-old-100__GAME__28,Random,MCTS-old-100,28,False,MCTS-old-100,-1,16,10.388637065887451
main_tournament_resume_3,Random__VS__MCTS-old-100__GAME__29,Random,MCTS-old-100,29,True,MCTS-old-100,1,29,23.368470191955566
main_tournament_resume_3,Random__VS__MCTS-old-100__GAME__30,Random,MCTS-old-100,30,False,MCTS-old-100,-1,10,6.267781972885132
main_tournament_resume_3,Random__VS__MCTS-old-100__GAME__31,Random,MCTS-old-100,31,True,MCTS-old-100,1,7,4.080637216567993
main_tournament_resume_3,Random__VS__MCTS-old-100__GAME__32,Random,MCTS-old-100,32,False,Random,1,8,4.577085733413696
main_tournament_resume_3,Random__VS__MCTS-old-100__GAME__33,Random,MCTS-old-100,33,True,Random,-1,11,8.258805990219116
main_tournament_resume_3,Random__VS__MCTS-old-100__GAME__34,Random,MCTS-old-100,34,False,MCTS-old-100,-1,14,8.200579166412354
main_tournament_resume_3,Random__VS__MCTS-old-100__GAME__35,Random,MCTS-old-100,35,True,MCTS-old-100,1,25,19.868971824645996
main_tournament_resume_3,Random__VS__MCTS-old-100__GAME__36,Random,MCTS-old-100,36,False,MCTS-old-100,-1,14,8.649768352508545
main_tournament_resume_3,Random__VS__MCTS-old-100__GAME__37,Random,MCTS-old-100,37,True,MCTS-old-100,1,11,6.346025705337524
main_tournament_resume_3,Random__VS__MCTS-old-100__GAME__38,Random,MCTS-old-100,38,False,MCTS-old-100,-1,12,7.748938322067261
main_tournament_resume_3,Random__VS__MCTS-old-100__GAME__39,Random,MCTS-old-100,39,True,MCTS-old-100,1,9,6.122893810272217
main_tournament_resume_3,Random__VS__MCTS-old-100__GAME__40,Random,MCTS-old-100,40,False,Random,1,20,15.598163366317749
main_tournament_resume_3,Random__VS__MCTS-old-100__GAME__41,Random,MCTS-old-100,41,True,MCTS-old-100,1,15,11.469836235046387
main_tournament_resume_3,Random__VS__MCTS-old-100__GAME__42,Random,MCTS-old-100,42,False,Random,1,4,2.5921409130096436
main_tournament_resume_3,Random__VS__MCTS-old-100__GAME__43,Random,MCTS-old-100,43,True,MCTS-old-100,1,5,2.4426188468933105
main_tournament_resume_3,Random__VS__MCTS-old-100__GAME__44,Random,MCTS-old-100,44,False,MCTS-old-100,-1,8,3.8327016830444336
main_tournament_resume_3,Random__VS__MCTS-old-100__GAME__45,Random,MCTS-old-100,45,True,MCTS-old-100,1,7,4.441759824752808
main_tournament_resume_3,Random__VS__MCTS-old-100__GAME__46,Random,MCTS-old-100,46,False,MCTS-old-100,-1,6,2.4787676334381104
main_tournament_resume_3,Random__VS__MCTS-old-100__GAME__47,Random,MCTS-old-100,47,True,Random,-1,13,8.885323524475098
main_tournament_resume_3,Random__VS__MCTS-old-100__GAME__48,Random,MCTS-old-100,48,False,MCTS-old-100,-1,10,4.857547998428345
main_tournament_resume_3,Random__VS__MCTS-old-100__GAME__49,Random,MCTS-old-100,49,True,MCTS-old-100,1,9,6.058062314987183
main_tournament_resume_3,Random__VS__MCTS-old-100__GAME__50,Random,MCTS-old-100,50,False,MCTS-old-100,-1,24,20.40815758705139
main_tournament_resume_3,Random__VS__MCTS-old-100__GAME__51,Random,MCTS-old-100,51,True,MCTS-old-100,1,7,3.8814852237701416
main_tournament_resume_3,Random__VS__MCTS-old-100__GAME__52,Random,MCTS-old-100,52,False,MCTS-old-100,-1,14,8.539556503295898
main_tournament_resume_3,Random__VS__MCTS-old-100__GAME__53,Random,MCTS-old-100,53,True,MCTS-old-100,1,5,2.5811843872070312
main_tournament_resume_3,Random__VS__MCTS-old-100__GAME__54,Random,MCTS-old-100,54,False,MCTS-old-100,-1,28,21.542113542556763
main_tournament_resume_3,Random__VS__MCTS-old-100__GAME__55,Random,MCTS-old-100,55,True,MCTS-old-100,1,15,10.213850498199463
main_tournament_resume_3,Random__VS__MCTS-old-100__GAME__56,Random,MCTS-old-100,56,False,draw,0,50,42.83484745025635
main_tournament_resume_3,Random__VS__MCTS-old-100__GAME__57,Random,MCTS-old-100,57,True,MCTS-old-100,1,5,2.4838826656341553
main_tournament_resume_3,Random__VS__MCTS-old-100__GAME__58,Random,MCTS-old-100,58,False,MCTS-old-100,-1,10,4.856077194213867
main_tournament_resume_3,Random__VS__MCTS-old-100__GAME__59,Random,MCTS-old-100,59,True,MCTS-old-100,1,7,3.6929030418395996
main_tournament_resume_3,Random__VS__MCTS-old-100__GAME__60,Random,MCTS-old-100,60,False,MCTS-old-100,-1,12,8.588177919387817
main_tournament_resume_3,Random__VS__MCTS-old-100__GAME__61,Random,MCTS-old-100,61,True,MCTS-old-100,1,5,2.5472331047058105
main_tournament_resume_3,Random__VS__MCTS-old-100__GAME__62,Random,MCTS-old-100,62,False,MCTS-old-100,-1,6,2.7080509662628174
main_tournament_resume_3,Random__VS__MCTS-old-100__GAME__63,Random,MCTS-old-100,63,True,MCTS-old-100,1,9,5.503087759017944
main_tournament_resume_3,Random__VS__MCTS-old-100__GAME__64,Random,MCTS-old-100,64,False,MCTS-old-100,-1,10,5.433406591415405
main_tournament_resume_3,Random__VS__MCTS-old-100__GAME__65,Random,MCTS-old-100,65,True,MCTS-old-100,1,9,4.93878436088562
main_tournament_resume_3,Random__VS__MCTS-old-100__GAME__66,Random,MCTS-old-100,66,False,MCTS-old-100,-1,6,2.6897830963134766
main_tournament_resume_3,Random__VS__MCTS-old-100__GAME__67,Random,MCTS-old-100,67,True,MCTS-old-100,1,15,11.301118850708008
main_tournament_resume_3,Random__VS__MCTS-old-100__GAME__68,Random,MCTS-old-100,68,False,MCTS-old-100,-1,18,12.303113460540771
main_tournament_resume_3,Random__VS__MCTS-old-100__GAME__69,Random,MCTS-old-100,69,True,MCTS-old-100,1,41,35.981865882873535
main_tournament_resume_3,Random__VS__MCTS-old-100__GAME__70,Random,MCTS-old-100,70,False,MCTS-old-100,-1,8,3.819584369659424
main_tournament_resume_3,Random__VS__MCTS-old-100__GAME__71,Random,MCTS-old-100,71,True,MCTS-old-100,1,17,10.373039722442627
main_tournament_resume_3,Random__VS__MCTS-old-100__GAME__72,Random,MCTS-old-100,72,False,draw,0,50,38.05913233757019
main_tournament_resume_3,Random__VS__MCTS-old-100__GAME__73,Random,MCTS-old-100,73,True,MCTS-old-100,1,7,3.924222469329834
main_tournament_resume_3,Random__VS__MCTS-old-100__GAME__74,Random,MCTS-old-100,74,False,MCTS-old-100,-1,26,21.819032430648804
main_tournament_resume_3,Random__VS__MCTS-old-100__GAME__75,Random,MCTS-old-100,75,True,MCTS-old-100,1,9,5.901437282562256
main_tournament_resume_3,Random__VS__MCTS-old-100__GAME__76,Random,MCTS-old-100,76,False,MCTS-old-100,-1,6,2.528550863265991
main_tournament_resume_3,Random__VS__MCTS-old-100__GAME__77,Random,MCTS-old-100,77,True,MCTS-old-100,1,11,6.777872323989868
main_tournament_resume_3,Random__VS__MCTS-old-100__GAME__78,Random,MCTS-old-100,78,False,draw,0,50,48.172107458114624
main_tournament_resume_3,Random__VS__MCTS-old-100__GAME__79,Random,MCTS-old-100,79,True,MCTS-old-100,1,5,2.4841604232788086
main_tournament_resume_3,Random__VS__MCTS-old-100__GAME__80,Random,MCTS-old-100,80,False,MCTS-old-100,-1,10,5.294334411621094
main_tournament_resume_3,Random__VS__MCTS-old-100__GAME__81,Random,MCTS-old-100,81,True,MCTS-old-100,1,13,9.245290040969849
main_tournament_resume_3,Random__VS__MCTS-old-100__GAME__82,Random,MCTS-old-100,82,False,MCTS-old-100,-1,10,6.4202210903167725
main_tournament_resume_3,Random__VS__MCTS-old-100__GAME__83,Random,MCTS-old-100,83,True,MCTS-old-100,1,21,14.65783166885376
main_tournament_resume_3,Random__VS__MCTS-old-100__GAME__84,Random,MCTS-old-100,84,False,Random,1,28,22.901647567749023
main_tournament_resume_3,Random__VS__MCTS-old-100__GAME__85,Random,MCTS-old-100,85,True,MCTS-old-100,1,11,7.116800546646118
main_tournament_resume_3,Random__VS__MCTS-old-100__GAME__86,Random,MCTS-old-100,86,False,MCTS-old-100,-1,22,17.70229935646057
main_tournament_resume_3,Random__VS__MCTS-old-100__GAME__87,Random,MCTS-old-100,87,True,MCTS-old-100,1,5,3.1073598861694336
main_tournament_resume_3,Random__VS__MCTS-old-100__GAME__88,Random,MCTS-old-100,88,False,MCTS-old-100,-1,40,36.91116523742676
main_tournament_resume_3,Random__VS__MCTS-old-100__GAME__89,Random,MCTS-old-100,89,True,Random,-1,7,4.895186185836792
main_tournament_resume_3,Random__VS__MCTS-old-100__GAME__90,Random,MCTS-old-100,90,False,Random,1,4,2.4315333366394043
main_tournament_resume_3,Random__VS__MCTS-old-100__GAME__91,Random,MCTS-old-100,91,True,MCTS-old-100,1,5,2.904733657836914
main_tournament_resume_3,Random__VS__MCTS-old-100__GAME__92,Random,MCTS-old-100,92,False,MCTS-old-100,-1,10,5.0986716747283936
main_tournament_resume_3,Random__VS__MCTS-old-100__GAME__93,Random,MCTS-old-100,93,True,MCTS-old-100,1,15,10.276366233825684
main_tournament_resume_3,Random__VS__MCTS-old-100__GAME__94,Random,MCTS-old-100,94,False,MCTS-old-100,-1,10,5.314777135848999
main_tournament_resume_3,Random__VS__MCTS-old-100__GAME__95,Random,MCTS-old-100,95,True,MCTS-old-100,1,7,3.9975738525390625
main_tournament_resume_3,Random__VS__MCTS-old-100__GAME__96,Random,MCTS-old-100,96,False,MCTS-old-100,-1,14,7.675470352172852
main_tournament_resume_3,Random__VS__MCTS-old-100__GAME__97,Random,MCTS-old-100,97,True,MCTS-old-100,1,5,2.49997878074646
main_tournament_resume_3,Random__VS__MCTS-old-100__GAME__98,Random,MCTS-old-100,98,False,Random,1,10,5.53614068031311
main_tournament_resume_3,Random__VS__MCTS-old-100__GAME__99,Random,MCTS-old-100,99,True,MCTS-old-100,1,7,3.5841753482818604
main_tournament_resume_3,Random__VS__MCTS-old-100__GAME__100,Random,MCTS-old-100,100,False,MCTS-old-100,-1,8,3.9566705226898193
main_tournament_resume_3,Random__VS__MCTS-old-100__GAME__101,Random,MCTS-old-100,101,True,MCTS-old-100,1,11,7.735978364944458
main_tournament_resume_3,Random__VS__MCTS-old-100__GAME__102,Random,MCTS-old-100,102,False,MCTS-old-100,-1,8,3.8353652954101562
main_tournament_resume_3,Random__VS__MCTS-old-100__GAME__103,Random,MCTS-old-100,103,True,MCTS-old-100,1,23,19.46183705329895
main_tournament_resume_3,Random__VS__MCTS-old-100__GAME__104,Random,MCTS-old-100,104,False,MCTS-old-100,-1,16,9.84410548210144
main_tournament_resume_3,Random__VS__MCTS-old-100__GAME__105,Random,MCTS-old-100,105,True,MCTS-old-100,1,7,3.746270179748535
main_tournament_resume_3,Random__VS__MCTS-old-100__GAME__106,Random,MCTS-old-100,106,False,MCTS-old-100,-1,10,5.065509796142578
main_tournament_resume_3,Random__VS__MCTS-old-100__GAME__107,Random,MCTS-old-100,107,True,MCTS-old-100,1,7,4.080671787261963
main_tournament_resume_3,Random__VS__MCTS-old-100__GAME__108,Random,MCTS-old-100,108,False,MCTS-old-100,-1,16,11.993904829025269
main_tournament_resume_3,Random__VS__MCTS-old-100__GAME__109,Random,MCTS-old-100,109,True,MCTS-old-100,1,13,9.565296649932861
main_tournament_resume_3,Random__VS__MCTS-old-100__GAME__110,Random,MCTS-old-100,110,False,MCTS-old-100,-1,22,16.598092079162598
main_tournament_resume_3,Random__VS__MCTS-old-100__GAME__111,Random,MCTS-old-100,111,True,MCTS-old-100,1,19,12.601535320281982
main_tournament_resume_3,Random__VS__MCTS-old-100__GAME__112,Random,MCTS-old-100,112,False,Random,1,4,2.489258050918579
main_tournament_resume_3,Random__VS__MCTS-old-100__GAME__113,Random,MCTS-old-100,113,True,MCTS-old-100,1,7,3.8989996910095215
main_tournament_resume_3,Random__VS__MCTS-old-100__GAME__114,Random,MCTS-old-100,114,False,MCTS-old-100,-1,4,1.3088350296020508
main_tournament_resume_3,Random__VS__MCTS-old-100__GAME__115,Random,MCTS-old-100,115,True,MCTS-old-100,1,35,33.54956817626953
main_tournament_resume_3,Random__VS__MCTS-old-100__GAME__116,Random,MCTS-old-100,116,False,MCTS-old-100,-1,14,9.764034032821655
main_tournament_resume_3,Random__VS__MCTS-old-100__GAME__117,Random,MCTS-old-100,117,True,MCTS-old-100,1,7,4.04064416885376
main_tournament_resume_3,Random__VS__MCTS-old-100__GAME__118,Random,MCTS-old-100,118,False,MCTS-old-100,-1,8,3.752427101135254
main_tournament_resume_3,Random__VS__MCTS-old-100__GAME__119,Random,MCTS-old-100,119,True,MCTS-old-100,1,25,20.727794885635376
main_tournament_resume_3,Random__VS__MCTS-old-100__GAME__120,Random,MCTS-old-100,120,False,MCTS-old-100,-1,8,4.3301615715026855
main_tournament_resume_3,Random__VS__MCTS-old-100__GAME__121,Random,MCTS-old-100,121,True,MCTS-old-100,1,7,4.170465707778931
main_tournament_resume_3,Random__VS__MCTS-old-100__GAME__122,Random,MCTS-old-100,122,False,Random,1,12,7.593339204788208
main_tournament_resume_3,Random__VS__MCTS-old-100__GAME__123,Random,MCTS-old-100,123,True,MCTS-old-100,1,19,14.30308222770691
main_tournament_resume_3,Random__VS__MCTS-old-100__GAME__124,Random,MCTS-old-100,124,False,MCTS-old-100,-1,8,3.6455013751983643
main_tournament_resume_3,Random__VS__MCTS-old-100__GAME__125,Random,MCTS-old-100,125,True,MCTS-old-100,1,9,5.458580732345581
main_tournament_resume_3,Random__VS__MCTS-old-100__GAME__126,Random,MCTS-old-100,126,False,MCTS-old-100,-1,20,15.206902265548706
main_tournament_resume_3,Random__VS__MCTS-old-100__GAME__127,Random,MCTS-old-100,127,True,MCTS-old-100,1,5,3.0577549934387207
main_tournament_resume_3,Random__VS__MCTS-old-100__GAME__128,Random,MCTS-old-100,128,False,MCTS-old-100,-1,50,41.529802560806274
main_tournament_resume_3,Random__VS__MCTS-old-100__GAME__129,Random,MCTS-old-100,129,True,MCTS-old-100,1,43,42.085322856903076
main_tournament_resume_3,Random__VS__MCTS-old-100__GAME__130,Random,MCTS-old-100,130,False,MCTS-old-100,-1,6,2.538914203643799
main_tournament_resume_3,Random__VS__MCTS-old-100__GAME__131,Random,MCTS-old-100,131,True,MCTS-old-100,1,17,13.16594123840332
main_tournament_resume_3,Random__VS__MCTS-old-100__GAME__132,Random,MCTS-old-100,132,False,MCTS-old-100,-1,8,3.9712612628936768
main_tournament_resume_3,Random__VS__MCTS-old-100__GAME__133,Random,MCTS-old-100,133,True,MCTS-old-100,1,13,8.544600248336792
main_tournament_resume_3,Random__VS__MCTS-old-100__GAME__134,Random,MCTS-old-100,134,False,MCTS-old-100,-1,8,4.202662944793701
main_tournament_resume_3,Random__VS__MCTS-old-100__GAME__135,Random,MCTS-old-100,135,True,MCTS-old-100,1,5,2.535381317138672
main_tournament_resume_3,Random__VS__MCTS-old-100__GAME__136,Random,MCTS-old-100,136,False,MCTS-old-100,-1,10,5.023687362670898
main_tournament_resume_3,Random__VS__MCTS-old-100__GAME__137,Random,MCTS-old-100,137,True,MCTS-old-100,1,9,5.127100706100464
main_tournament_resume_3,Random__VS__MCTS-old-100__GAME__138,Random,MCTS-old-100,138,False,MCTS-old-100,-1,8,3.819122314453125
main_tournament_resume_3,Random__VS__MCTS-old-100__GAME__139,Random,MCTS-old-100,139,True,MCTS-old-100,1,21,16.424302101135254
main_tournament_resume_3,Random__VS__MCTS-old-100__GAME__140,Random,MCTS-old-100,140,False,MCTS-old-100,-1,8,3.769062042236328
main_tournament_resume_3,Random__VS__MCTS-old-100__GAME__141,Random,MCTS-old-100,141,True,MCTS-old-100,1,7,4.438759803771973
main_tournament_resume_3,Random__VS__MCTS-old-100__GAME__142,Random,MCTS-old-100,142,False,MCTS-old-100,-1,26,23.71176505088806
main_tournament_resume_3,Random__VS__MCTS-old-100__GAME__143,Random,MCTS-old-100,143,True,MCTS-old-100,1,13,9.41297698020935
main_tournament_resume_3,Random__VS__MCTS-old-100__GAME__144,Random,MCTS-old-100,144,False,MCTS-old-100,-1,6,2.8326973915100098
main_tournament_resume_3,Random__VS__MCTS-old-100__GAME__145,Random,MCTS-old-100,145,True,MCTS-old-100,1,9,5.443444490432739
main_tournament_resume_3,Random__VS__MCTS-old-100__GAME__146,Random,MCTS-old-100,146,False,Random,1,8,4.841554880142212
main_tournament_resume_3,Random__VS__MCTS-old-100__GAME__147,Random,MCTS-old-100,147,True,MCTS-old-100,1,7,4.102813959121704
main_tournament_resume_3,Random__VS__MCTS-old-100__GAME__148,Random,MCTS-old-100,148,False,MCTS-old-100,-1,38,34.62323546409607
main_tournament_resume_3,Random__VS__MCTS-old-100__GAME__149,Random,MCTS-old-100,149,True,MCTS-old-100,1,5,3.1862990856170654
main_tournament_resume_3,Random__VS__MCTS-old-100__GAME__150,Random,MCTS-old-100,150,False,MCTS-old-100,-1,6,2.8468594551086426
main_tournament_resume_3,Random__VS__MCTS-old-100__GAME__151,Random,MCTS-old-100,151,True,MCTS-old-100,1,5,2.702313184738159
main_tournament_resume_3,Random__VS__MCTS-old-100__GAME__152,Random,MCTS-old-100,152,False,MCTS-old-100,-1,10,5.748678684234619
main_tournament_resume_3,Random__VS__MCTS-old-100__GAME__153,Random,MCTS-old-100,153,True,MCTS-old-100,1,13,10.139662504196167
main_tournament_resume_3,Random__VS__MCTS-old-100__GAME__154,Random,MCTS-old-100,154,False,MCTS-old-100,-1,16,11.373789310455322
main_tournament_resume_3,Random__VS__MCTS-old-100__GAME__155,Random,MCTS-old-100,155,True,MCTS-old-100,1,9,5.9860570430755615
main_tournament_resume_3,Random__VS__MCTS-old-100__GAME__156,Random,MCTS-old-100,156,False,MCTS-old-100,-1,10,6.383669853210449
main_tournament_resume_3,Random__VS__MCTS-old-100__GAME__157,Random,MCTS-old-100,157,True,MCTS-old-100,1,29,28.093451499938965
main_tournament_resume_3,Random__VS__MCTS-old-100__GAME__158,Random,MCTS-old-100,158,False,MCTS-old-100,-1,8,3.7716434001922607
main_tournament_resume_3,Random__VS__MCTS-old-100__GAME__159,Random,MCTS-old-100,159,True,MCTS-old-100,1,5,2.4454617500305176
main_tournament_resume_3,Random__VS__MCTS-old-100__GAME__160,Random,MCTS-old-100,160,False,Random,1,8,5.147723197937012
main_tournament_resume_3,Random__VS__MCTS-old-100__GAME__161,Random,MCTS-old-100,161,True,MCTS-old-100,1,7,4.608081340789795
main_tournament_resume_3,Random__VS__MCTS-old-100__GAME__162,Random,MCTS-old-100,162,False,MCTS-old-100,-1,22,19.26736068725586
main_tournament_resume_3,Random__VS__MCTS-old-100__GAME__163,Random,MCTS-old-100,163,True,MCTS-old-100,1,11,7.006695747375488
main_tournament_resume_3,Random__VS__MCTS-old-100__GAME__164,Random,MCTS-old-100,164,False,MCTS-old-100,-1,16,11.331596612930298
main_tournament_resume_3,Random__VS__MCTS-old-100__GAME__165,Random,MCTS-old-100,165,True,MCTS-old-100,1,9,6.767235279083252
main_tournament_resume_3,Random__VS__MCTS-old-100__GAME__166,Random,MCTS-old-100,166,False,MCTS-old-100,-1,10,6.026746988296509
main_tournament_resume_3,Random__VS__MCTS-old-100__GAME__167,Random,MCTS-old-100,167,True,MCTS-old-100,1,9,5.711974859237671
main_tournament_resume_3,Random__VS__MCTS-old-100__GAME__168,Random,MCTS-old-100,168,False,MCTS-old-100,-1,8,4.290276288986206
main_tournament_resume_3,Random__VS__MCTS-old-100__GAME__169,Random,MCTS-old-100,169,True,MCTS-old-100,1,9,6.544356346130371
main_tournament_resume_3,Random__VS__MCTS-old-100__GAME__170,Random,MCTS-old-100,170,False,MCTS-old-100,-1,14,8.011963605880737
main_tournament_resume_3,Random__VS__MCTS-old-100__GAME__171,Random,MCTS-old-100,171,True,MCTS-old-100,1,7,4.292755842208862
main_tournament_resume_3,Random__VS__MCTS-old-100__GAME__172,Random,MCTS-old-100,172,False,MCTS-old-100,-1,8,3.5692410469055176
main_tournament_resume_3,Random__VS__MCTS-old-100__GAME__173,Random,MCTS-old-100,173,True,MCTS-old-100,1,5,2.7512238025665283
main_tournament_resume_3,Random__VS__MCTS-old-100__GAME__174,Random,MCTS-old-100,174,False,MCTS-old-100,-1,14,8.366757869720459
main_tournament_resume_3,Random__VS__MCTS-old-100__GAME__175,Random,MCTS-old-100,175,True,MCTS-old-100,1,5,2.481031894683838
main_tournament_resume_3,Random__VS__MCTS-old-100__GAME__176,Random,MCTS-old-100,176,False,MCTS-old-100,-1,10,4.740417242050171
main_tournament_resume_3,Random__VS__MCTS-old-100__GAME__177,Random,MCTS-old-100,177,True,MCTS-old-100,1,7,4.136023044586182
main_tournament_resume_3,Random__VS__MCTS-old-100__GAME__178,Random,MCTS-old-100,178,False,MCTS-old-100,-1,18,12.352256059646606
main_tournament_resume_3,Random__VS__MCTS-old-100__GAME__179,Random,MCTS-old-100,179,True,Random,-1,9,6.250831365585327
main_tournament_resume_3,Random__VS__MCTS-old-100__GAME__180,Random,MCTS-old-100,180,False,MCTS-old-100,-1,8,4.103724718093872
main_tournament_resume_3,Random__VS__MCTS-old-100__GAME__181,Random,MCTS-old-100,181,True,draw,0,50,48.48215413093567
main_tournament_resume_3,Random__VS__MCTS-old-100__GAME__182,Random,MCTS-old-100,182,False,MCTS-old-100,-1,14,7.517996072769165
main_tournament_resume_3,Random__VS__MCTS-old-100__GAME__183,Random,MCTS-old-100,183,True,MCTS-old-100,1,11,7.971583127975464
main_tournament_resume_3,Random__VS__MCTS-old-100__GAME__184,Random,MCTS-old-100,184,False,MCTS-old-100,-1,10,5.885885715484619
main_tournament_resume_3,Random__VS__MCTS-old-100__GAME__185,Random,MCTS-old-100,185,True,MCTS-old-100,1,7,4.588848829269409
main_tournament_resume_3,Random__VS__MCTS-old-100__GAME__186,Random,MCTS-old-100,186,False,MCTS-old-100,-1,18,12.299115180969238
main_tournament_resume_3,Random__VS__MCTS-old-100__GAME__187,Random,MCTS-old-100,187,True,MCTS-old-100,1,7,4.609970808029175
main_tournament_resume_3,Random__VS__MCTS-old-100__GAME__188,Random,MCTS-old-100,188,False,MCTS-old-100,-1,8,3.7613775730133057
main_tournament_resume_3,Random__VS__MCTS-old-100__GAME__189,Random,MCTS-old-100,189,True,MCTS-old-100,1,25,22.315978288650513
main_tournament_resume_3,Random__VS__MCTS-old-100__GAME__190,Random,MCTS-old-100,190,False,MCTS-old-100,-1,16,12.405886888504028
main_tournament_resume_3,Random__VS__MCTS-old-100__GAME__191,Random,MCTS-old-100,191,True,MCTS-old-100,1,5,2.7365312576293945
main_tournament_resume_3,Random__VS__MCTS-old-100__GAME__192,Random,MCTS-old-100,192,False,Random,1,20,14.187074899673462
main_tournament_resume_3,Random__VS__MCTS-old-100__GAME__193,Random,MCTS-old-100,193,True,MCTS-old-100,1,9,5.117663383483887
main_tournament_resume_3,Random__VS__MCTS-old-100__GAME__194,Random,MCTS-old-100,194,False,MCTS-old-100,-1,40,39.17231011390686
main_tournament_resume_3,Random__VS__MCTS-old-100__GAME__195,Random,MCTS-old-100,195,True,MCTS-old-100,1,7,4.455259084701538
main_tournament_resume_3,Random__VS__MCTS-old-100__GAME__196,Random,MCTS-old-100,196,False,MCTS-old-100,-1,14,8.264507055282593
main_tournament_resume_3,Random__VS__MCTS-old-100__GAME__197,Random,MCTS-old-100,197,True,MCTS-old-100,1,11,6.3247294425964355
main_tournament_resume_3,Random__VS__MCTS-old-100__GAME__198,Random,MCTS-old-100,198,False,MCTS-old-100,-1,20,14.772196531295776
main_tournament_resume_3,Random__VS__MCTS-old-100__GAME__199,Random,MCTS-old-100,199,True,MCTS-old-100,1,7,4.6831018924713135
main_tournament_resume_3,Random__VS__MCTS-old-100__GAME__200,Random,MCTS-old-100,200,False,Random,1,32,26.853874921798706
main_tournament_resume_3,Random__VS__MCTS-old-100__GAME__201,Random,MCTS-old-100,201,True,MCTS-old-100,1,15,11.704580545425415
main_tournament_resume_3,Random__VS__MCTS-old-100__GAME__202,Random,MCTS-old-100,202,False,Random,1,8,4.5950562953948975
main_tournament_resume_3,Random__VS__MCTS-old-100__GAME__203,Random,MCTS-old-100,203,True,MCTS-old-100,1,9,6.179643630981445
main_tournament_resume_3,Random__VS__MCTS-old-100__GAME__204,Random,MCTS-old-100,204,False,Random,1,4,2.7342445850372314
main_tournament_resume_3,Random__VS__MCTS-old-100__GAME__205,Random,MCTS-old-100,205,True,MCTS-old-100,1,7,4.247868776321411
main_tournament_resume_3,Random__VS__MCTS-old-100__GAME__206,Random,MCTS-old-100,206,False,MCTS-old-100,-1,4,1.3968555927276611
main_tournament_resume_3,Random__VS__MCTS-old-100__GAME__207,Random,MCTS-old-100,207,True,MCTS-old-100,1,41,37.274476289749146
main_tournament_resume_3,Random__VS__MCTS-old-100__GAME__208,Random,MCTS-old-100,208,False,Random,1,6,3.980118751525879
main_tournament_resume_3,Random__VS__MCTS-old-100__GAME__209,Random,MCTS-old-100,209,True,MCTS-old-100,1,23,18.793709993362427
main_tournament_resume_3,Random__VS__MCTS-old-100__GAME__210,Random,MCTS-old-100,210,False,MCTS-old-100,-1,28,19.935226917266846
main_tournament_resume_3,Random__VS__MCTS-old-100__GAME__211,Random,MCTS-old-100,211,True,MCTS-old-100,1,7,3.6081702709198
main_tournament_resume_3,Random__VS__MCTS-old-100__GAME__212,Random,MCTS-old-100,212,False,MCTS-old-100,-1,10,6.199028968811035
main_tournament_resume_3,Random__VS__MCTS-old-100__GAME__213,Random,MCTS-old-100,213,True,MCTS-old-100,1,23,17.755313873291016
main_tournament_resume_3,Random__VS__MCTS-old-100__GAME__214,Random,MCTS-old-100,214,False,MCTS-old-100,-1,16,8.848423957824707
main_tournament_resume_3,Random__VS__MCTS-old-100__GAME__215,Random,MCTS-old-100,215,True,MCTS-old-100,1,19,14.39957571029663
main_tournament_resume_3,Random__VS__MCTS-old-100__GAME__216,Random,MCTS-old-100,216,False,MCTS-old-100,-1,6,2.9867331981658936
main_tournament_resume_3,Random__VS__MCTS-old-100__GAME__217,Random,MCTS-old-100,217,True,MCTS-old-100,1,7,3.5876152515411377
main_tournament_resume_3,Random__VS__MCTS-old-100__GAME__218,Random,MCTS-old-100,218,False,MCTS-old-100,-1,6,2.4747390747070312
main_tournament_resume_3,Random__VS__MCTS-old-100__GAME__219,Random,MCTS-old-100,219,True,MCTS-old-100,1,29,26.91378927230835
main_tournament_resume_3,Random__VS__MCTS-old-100__GAME__220,Random,MCTS-old-100,220,False,Random,1,8,4.728399276733398
main_tournament_resume_3,Random__VS__MCTS-old-100__GAME__221,Random,MCTS-old-100,221,True,MCTS-old-100,1,7,3.6517577171325684
main_tournament_resume_3,Random__VS__MCTS-old-100__GAME__222,Random,MCTS-old-100,222,False,MCTS-old-100,-1,10,5.578365325927734
main_tournament_resume_3,Random__VS__MCTS-old-100__GAME__223,Random,MCTS-old-100,223,True,MCTS-old-100,1,13,9.711792230606079
main_tournament_resume_3,Random__VS__MCTS-old-100__GAME__224,Random,MCTS-old-100,224,False,MCTS-old-100,-1,6,2.4383726119995117
main_tournament_resume_3,Random__VS__MCTS-old-100__GAME__225,Random,MCTS-old-100,225,True,Random,-1,9,5.965803146362305
main_tournament_resume_3,Random__VS__MCTS-old-100__GAME__226,Random,MCTS-old-100,226,False,MCTS-old-100,-1,32,24.15821409225464
main_tournament_resume_3,Random__VS__MCTS-old-100__GAME__227,Random,MCTS-old-100,227,True,MCTS-old-100,1,5,2.654995918273926
main_tournament_resume_3,Random__VS__MCTS-old-100__GAME__228,Random,MCTS-old-100,228,False,MCTS-old-100,-1,8,4.385835409164429
main_tournament_resume_3,Random__VS__MCTS-old-100__GAME__229,Random,MCTS-old-100,229,True,MCTS-old-100,1,9,5.213850498199463
main_tournament_resume_3,Random__VS__MCTS-old-100__GAME__230,Random,MCTS-old-100,230,False,MCTS-old-100,-1,10,6.261568546295166
main_tournament_resume_3,Random__VS__MCTS-old-100__GAME__231,Random,MCTS-old-100,231,True,MCTS-old-100,1,27,21.628540992736816
main_tournament_resume_3,Random__VS__MCTS-old-100__GAME__232,Random,MCTS-old-100,232,False,MCTS-old-100,-1,22,12.812098503112793
main_tournament_resume_3,Random__VS__MCTS-old-100__GAME__233,Random,MCTS-old-100,233,True,MCTS-old-100,1,5,2.9567041397094727
main_tournament_resume_3,Random__VS__MCTS-old-100__GAME__234,Random,MCTS-old-100,234,False,MCTS-old-100,-1,18,11.762178421020508
main_tournament_resume_3,Random__VS__MCTS-old-100__GAME__235,Random,MCTS-old-100,235,True,MCTS-old-100,1,9,5.3976054191589355
main_tournament_resume_3,Random__VS__MCTS-old-100__GAME__236,Random,MCTS-old-100,236,False,MCTS-old-100,-1,42,34.378562211990356
main_tournament_resume_3,Random__VS__MCTS-old-100__GAME__237,Random,MCTS-old-100,237,True,MCTS-old-100,1,9,4.996326446533203
main_tournament_resume_3,Random__VS__MCTS-old-100__GAME__238,Random,MCTS-old-100,238,False,MCTS-old-100,-1,6,2.3157453536987305
main_tournament_resume_3,Random__VS__MCTS-old-100__GAME__239,Random,MCTS-old-100,239,True,MCTS-old-100,1,39,35.89780950546265
main_tournament_resume_3,Random__VS__MCTS-old-100__GAME__240,Random,MCTS-old-100,240,False,MCTS-old-100,-1,18,13.197919368743896
main_tournament_resume_3,Random__VS__MCTS-old-100__GAME__241,Random,MCTS-old-100,241,True,MCTS-old-100,1,37,37.31611704826355
main_tournament_resume_3,Random__VS__MCTS-old-100__GAME__242,Random,MCTS-old-100,242,False,MCTS-old-100,-1,28,26.751750469207764
main_tournament_resume_3,Random__VS__MCTS-old-100__GAME__243,Random,MCTS-old-100,243,True,MCTS-old-100,1,11,8.386497497558594
main_tournament_resume_3,Random__VS__MCTS-old-100__GAME__244,Random,MCTS-old-100,244,False,MCTS-old-100,-1,32,26.953776359558105
main_tournament_resume_3,Random__VS__MCTS-old-100__GAME__245,Random,MCTS-old-100,245,True,MCTS-old-100,1,21,12.095760107040405
main_tournament_resume_3,Random__VS__MCTS-old-100__GAME__246,Random,MCTS-old-100,246,False,Random,1,8,4.720403432846069
main_tournament_resume_3,Random__VS__MCTS-old-100__GAME__247,Random,MCTS-old-100,247,True,MCTS-old-100,1,13,8.330885410308838
main_tournament_resume_3,Random__VS__MCTS-old-100__GAME__248,Random,MCTS-old-100,248,False,MCTS-old-100,-1,18,15.023435354232788
main_tournament_resume_3,Random__VS__MCTS-old-100__GAME__249,Random,MCTS-old-100,249,True,MCTS-old-100,1,7,3.683290719985962
main_tournament_resume_3,Random__VS__MCTS-new-100__GAME__0,Random,MCTS-new-100,0,False,MCTS-new-100,-1,10,6.981782674789429
main_tournament_resume_3,Random__VS__MCTS-new-100__GAME__1,Random,MCTS-new-100,1,True,MCTS-new-100,1,33,26.949947118759155
main_tournament_resume_3,Random__VS__MCTS-new-100__GAME__2,Random,MCTS-new-100,2,False,MCTS-new-100,-1,26,21.753249406814575
main_tournament_resume_3,Random__VS__MCTS-new-100__GAME__3,Random,MCTS-new-100,3,True,MCTS-new-100,1,9,7.80338716506958
main_tournament_resume_3,Random__VS__MCTS-new-100__GAME__4,Random,MCTS-new-100,4,False,MCTS-new-100,-1,18,12.0390784740448
main_tournament_resume_3,Random__VS__MCTS-new-100__GAME__5,Random,MCTS-new-100,5,True,MCTS-new-100,1,9,7.224692106246948
main_tournament_resume_3,Random__VS__MCTS-new-100__GAME__6,Random,MCTS-new-100,6,False,MCTS-new-100,-1,26,26.122400522232056
main_tournament_resume_3,Random__VS__MCTS-new-100__GAME__7,Random,MCTS-new-100,7,True,MCTS-new-100,1,7,4.353247404098511
main_tournament_resume_3,Random__VS__MCTS-new-100__GAME__8,Random,MCTS-new-100,8,False,MCTS-new-100,-1,8,3.9503533840179443
main_tournament_resume_3,Random__VS__MCTS-new-100__GAME__9,Random,MCTS-new-100,9,True,MCTS-new-100,1,15,14.154208421707153
main_tournament_resume_3,Random__VS__MCTS-new-100__GAME__10,Random,MCTS-new-100,10,False,MCTS-new-100,-1,34,39.638513803482056
main_tournament_resume_3,Random__VS__MCTS-new-100__GAME__11,Random,MCTS-new-100,11,True,Random,-1,11,10.885209798812866
main_tournament_resume_3,Random__VS__MCTS-new-100__GAME__12,Random,MCTS-new-100,12,False,MCTS-new-100,-1,14,10.28272795677185
main_tournament_resume_3,Random__VS__MCTS-new-100__GAME__13,Random,MCTS-new-100,13,True,MCTS-new-100,1,7,5.874843120574951
main_tournament_resume_3,Random__VS__MCTS-new-100__GAME__14,Random,MCTS-new-100,14,False,MCTS-new-100,-1,6,2.788496255874634
main_tournament_resume_3,Random__VS__MCTS-new-100__GAME__15,Random,MCTS-new-100,15,True,MCTS-new-100,1,13,13.313448905944824
main_tournament_resume_3,Random__VS__MCTS-new-100__GAME__16,Random,MCTS-new-100,16,False,MCTS-new-100,-1,6,2.4391000270843506
main_tournament_resume_3,Random__VS__MCTS-new-100__GAME__17,Random,MCTS-new-100,17,True,Random,-1,7,6.022352695465088
main_tournament_resume_3,Random__VS__MCTS-new-100__GAME__18,Random,MCTS-new-100,18,False,MCTS-new-100,-1,10,5.16271710395813
main_tournament_resume_3,Random__VS__MCTS-new-100__GAME__19,Random,MCTS-new-100,19,True,MCTS-new-100,1,5,2.5477283000946045
main_tournament_resume_3,Random__VS__MCTS-new-100__GAME__20,Random,MCTS-new-100,20,False,MCTS-new-100,-1,20,14.062210321426392
main_tournament_resume_3,Random__VS__MCTS-new-100__GAME__21,Random,MCTS-new-100,21,True,MCTS-new-100,1,7,3.8803164958953857
main_tournament_resume_3,Random__VS__MCTS-new-100__GAME__22,Random,MCTS-new-100,22,False,MCTS-new-100,-1,8,3.9037818908691406
main_tournament_resume_3,Random__VS__MCTS-new-100__GAME__23,Random,MCTS-new-100,23,True,draw,0,50,58.99508333206177
main_tournament_resume_3,Random__VS__MCTS-new-100__GAME__24,Random,MCTS-new-100,24,False,MCTS-new-100,-1,6,2.887493371963501
main_tournament_resume_3,Random__VS__MCTS-new-100__GAME__25,Random,MCTS-new-100,25,True,MCTS-new-100,1,7,5.086655139923096
main_tournament_resume_3,Random__VS__MCTS-new-100__GAME__26,Random,MCTS-new-100,26,False,MCTS-new-100,-1,6,2.9175097942352295
main_tournament_resume_3,Random__VS__MCTS-new-100__GAME__27,Random,MCTS-new-100,27,True,MCTS-new-100,1,29,26.683963775634766
main_tournament_resume_3,Random__VS__MCTS-new-100__GAME__28,Random,MCTS-new-100,28,False,MCTS-new-100,-1,4,1.2519118785858154
main_tournament_resume_3,Random__VS__MCTS-new-100__GAME__29,Random,MCTS-new-100,29,True,MCTS-new-100,1,5,3.3025503158569336
main_tournament_resume_3,Random__VS__MCTS-new-100__GAME__30,Random,MCTS-new-100,30,False,MCTS-new-100,-1,30,26.078310251235962
main_tournament_resume_3,Random__VS__MCTS-new-100__GAME__31,Random,MCTS-new-100,31,True,MCTS-new-100,1,5,2.7782177925109863
main_tournament_resume_3,Random__VS__MCTS-new-100__GAME__32,Random,MCTS-new-100,32,False,Random,1,6,4.838310718536377
main_tournament_resume_3,Random__VS__MCTS-new-100__GAME__33,Random,MCTS-new-100,33,True,MCTS-new-100,1,11,7.0462868213653564
main_tournament_resume_3,Random__VS__MCTS-new-100__GAME__34,Random,MCTS-new-100,34,False,MCTS-new-100,-1,8,4.2389914989471436
main_tournament_resume_3,Random__VS__MCTS-new-100__GAME__35,Random,MCTS-new-100,35,True,MCTS-new-100,1,9,6.41604208946228
main_tournament_resume_3,Random__VS__MCTS-new-100__GAME__36,Random,MCTS-new-100,36,False,MCTS-new-100,-1,6,2.7739806175231934
main_tournament_resume_3,Random__VS__MCTS-new-100__GAME__37,Random,MCTS-new-100,37,True,MCTS-new-100,1,15,11.93781566619873
main_tournament_resume_3,Random__VS__MCTS-new-100__GAME__38,Random,MCTS-new-100,38,False,MCTS-new-100,-1,32,36.539663553237915
main_tournament_resume_3,Random__VS__MCTS-new-100__GAME__39,Random,MCTS-new-100,39,True,Random,-1,9,7.231616258621216
main_tournament_resume_3,Random__VS__MCTS-new-100__GAME__40,Random,MCTS-new-100,40,False,MCTS-new-100,-1,8,4.121165990829468
main_tournament_resume_3,Random__VS__MCTS-new-100__GAME__41,Random,MCTS-new-100,41,True,MCTS-new-100,1,19,15.513798713684082
main_tournament_resume_3,Random__VS__MCTS-new-100__GAME__42,Random,MCTS-new-100,42,False,MCTS-new-100,-1,6,2.877859354019165
main_tournament_resume_3,Random__VS__MCTS-new-100__GAME__43,Random,MCTS-new-100,43,True,MCTS-new-100,1,19,16.853549003601074
main_tournament_resume_3,Random__VS__MCTS-new-100__GAME__44,Random,MCTS-new-100,44,False,MCTS-new-100,-1,10,7.228909730911255
main_tournament_resume_3,Random__VS__MCTS-new-100__GAME__45,Random,MCTS-new-100,45,True,MCTS-new-100,1,7,3.9238288402557373
main_tournament_resume_3,Random__VS__MCTS-new-100__GAME__46,Random,MCTS-new-100,46,False,MCTS-new-100,-1,28,25.68413496017456
main_tournament_resume_3,Random__VS__MCTS-new-100__GAME__47,Random,MCTS-new-100,47,True,MCTS-new-100,1,5,3.1513755321502686
main_tournament_resume_3,Random__VS__MCTS-new-100__GAME__48,Random,MCTS-new-100,48,False,MCTS-new-100,-1,10,6.40818190574646
main_tournament_resume_3,Random__VS__MCTS-new-100__GAME__49,Random,MCTS-new-100,49,True,MCTS-new-100,1,11,6.7563254833221436
main_tournament_resume_3,Random__VS__MCTS-new-100__GAME__50,Random,MCTS-new-100,50,False,MCTS-new-100,-1,8,4.338989019393921
main_tournament_resume_3,Random__VS__MCTS-new-100__GAME__51,Random,MCTS-new-100,51,True,MCTS-new-100,1,13,8.385207176208496
main_tournament_resume_3,Random__VS__MCTS-new-100__GAME__52,Random,MCTS-new-100,52,False,MCTS-new-100,-1,6,2.731441020965576
main_tournament_resume_3,Random__VS__MCTS-new-100__GAME__53,Random,MCTS-new-100,53,True,draw,0,50,50.424336194992065
main_tournament_resume_3,Random__VS__MCTS-new-100__GAME__54,Random,MCTS-new-100,54,False,draw,0,50,55.47379779815674
main_tournament_resume_3,Random__VS__MCTS-new-100__GAME__55,Random,MCTS-new-100,55,True,MCTS-new-100,1,7,4.8503053188323975
main_tournament_resume_3,Random__VS__MCTS-new-100__GAME__56,Random,MCTS-new-100,56,False,MCTS-new-100,-1,10,5.353852033615112
main_tournament_resume_3,Random__VS__MCTS-new-100__GAME__57,Random,MCTS-new-100,57,True,MCTS-new-100,1,5,3.0781407356262207
main_tournament_resume_3,Random__VS__MCTS-new-100__GAME__58,Random,MCTS-new-100,58,False,MCTS-new-100,-1,10,5.970705032348633
main_tournament_resume_3,Random__VS__MCTS-new-100__GAME__59,Random,MCTS-new-100,59,True,MCTS-new-100,1,7,4.184851169586182
main_tournament_resume_3,Random__VS__MCTS-new-100__GAME__60,Random,MCTS-new-100,60,False,MCTS-new-100,-1,16,10.717297077178955
main_tournament_resume_3,Random__VS__MCTS-new-100__GAME__61,Random,MCTS-new-100,61,True,MCTS-new-100,1,27,23.202159881591797
main_tournament_resume_3,Random__VS__MCTS-new-100__GAME__62,Random,MCTS-new-100,62,False,MCTS-new-100,-1,30,32.907267332077026
main_tournament_resume_3,Random__VS__MCTS-new-100__GAME__63,Random,MCTS-new-100,63,True,MCTS-new-100,1,13,9.892270565032959
main_tournament_resume_3,Random__VS__MCTS-new-100__GAME__64,Random,MCTS-new-100,64,False,MCTS-new-100,-1,14,8.64259147644043
main_tournament_resume_3,Random__VS__MCTS-new-100__GAME__65,Random,MCTS-new-100,65,True,MCTS-new-100,1,15,9.777223587036133
main_tournament_resume_3,Random__VS__MCTS-new-100__GAME__66,Random,MCTS-new-100,66,False,MCTS-new-100,-1,10,4.68406867980957
main_tournament_resume_3,Random__VS__MCTS-new-100__GAME__67,Random,MCTS-new-100,67,True,MCTS-new-100,1,21,18.570923328399658
main_tournament_resume_3,Random__VS__MCTS-new-100__GAME__68,Random,MCTS-new-100,68,False,MCTS-new-100,-1,6,2.740940570831299
main_tournament_resume_3,Random__VS__MCTS-new-100__GAME__69,Random,MCTS-new-100,69,True,MCTS-new-100,1,15,9.25017237663269
main_tournament_resume_3,Random__VS__MCTS-new-100__GAME__70,Random,MCTS-new-100,70,False,Random,1,28,21.29457688331604
main_tournament_resume_3,Random__VS__MCTS-new-100__GAME__71,Random,MCTS-new-100,71,True,MCTS-new-100,1,21,17.4187171459198
main_tournament_resume_3,Random__VS__MCTS-new-100__GAME__72,Random,MCTS-new-100,72,False,MCTS-new-100,-1,10,5.5530548095703125
main_tournament_resume_3,Random__VS__MCTS-new-100__GAME__73,Random,MCTS-new-100,73,True,MCTS-new-100,1,7,4.605291128158569
main_tournament_resume_3,Random__VS__MCTS-new-100__GAME__74,Random,MCTS-new-100,74,False,MCTS-new-100,-1,20,16.934580087661743
main_tournament_resume_3,Random__VS__MCTS-new-100__GAME__75,Random,MCTS-new-100,75,True,MCTS-new-100,1,5,3.3259267807006836
main_tournament_resume_3,Random__VS__MCTS-new-100__GAME__76,Random,MCTS-new-100,76,False,MCTS-new-100,-1,16,11.498910903930664
main_tournament_resume_3,Random__VS__MCTS-new-100__GAME__77,Random,MCTS-new-100,77,True,MCTS-new-100,1,5,3.016389846801758
main_tournament_resume_3,Random__VS__MCTS-new-100__GAME__78,Random,MCTS-new-100,78,False,MCTS-new-100,-1,6,2.9497852325439453
main_tournament_resume_3,Random__VS__MCTS-new-100__GAME__79,Random,MCTS-new-100,79,True,MCTS-new-100,1,21,21.39141035079956
main_tournament_resume_3,Random__VS__MCTS-new-100__GAME__80,Random,MCTS-new-100,80,False,draw,0,50,52.33503007888794
main_tournament_resume_3,Random__VS__MCTS-new-100__GAME__81,Random,MCTS-new-100,81,True,MCTS-new-100,1,19,13.501104831695557
main_tournament_resume_3,Random__VS__MCTS-new-100__GAME__82,Random,MCTS-new-100,82,False,MCTS-new-100,-1,6,2.8537869453430176
main_tournament_resume_3,Random__VS__MCTS-new-100__GAME__83,Random,MCTS-new-100,83,True,Random,-1,7,4.728263854980469
main_tournament_resume_3,Random__VS__MCTS-new-100__GAME__84,Random,MCTS-new-100,84,False,MCTS-new-100,-1,10,6.2642388343811035
main_tournament_resume_3,Random__VS__MCTS-new-100__GAME__85,Random,MCTS-new-100,85,True,MCTS-new-100,1,9,7.1348793506622314
main_tournament_resume_3,Random__VS__MCTS-new-100__GAME__86,Random,MCTS-new-100,86,False,MCTS-new-100,-1,8,3.97529673576355
main_tournament_resume_3,Random__VS__MCTS-new-100__GAME__87,Random,MCTS-new-100,87,True,MCTS-new-100,1,7,4.763405084609985
main_tournament_resume_3,Random__VS__MCTS-new-100__GAME__88,Random,MCTS-new-100,88,False,MCTS-new-100,-1,16,13.122761487960815
main_tournament_resume_3,Random__VS__MCTS-new-100__GAME__89,Random,MCTS-new-100,89,True,MCTS-new-100,1,31,30.376936435699463
main_tournament_resume_3,Random__VS__MCTS-new-100__GAME__90,Random,MCTS-new-100,90,False,MCTS-new-100,-1,12,8.408612966537476
main_tournament_resume_3,Random__VS__MCTS-new-100__GAME__91,Random,MCTS-new-100,91,True,Random,-1,7,5.110516786575317
main_tournament_resume_3,Random__VS__MCTS-new-100__GAME__92,Random,MCTS-new-100,92,False,MCTS-new-100,-1,8,4.141460180282593
main_tournament_resume_3,Random__VS__MCTS-new-100__GAME__93,Random,MCTS-new-100,93,True,MCTS-new-100,1,9,5.011463165283203
main_tournament_resume_3,Random__VS__MCTS-new-100__GAME__94,Random,MCTS-new-100,94,False,MCTS-new-100,-1,6,2.6215577125549316
main_tournament_resume_3,Random__VS__MCTS-new-100__GAME__95,Random,MCTS-new-100,95,True,MCTS-new-100,1,5,2.9314541816711426
main_tournament_resume_3,Random__VS__MCTS-new-100__GAME__96,Random,MCTS-new-100,96,False,MCTS-new-100,-1,30,33.39010310173035
main_tournament_resume_3,Random__VS__MCTS-new-100__GAME__97,Random,MCTS-new-100,97,True,MCTS-new-100,1,7,3.9346165657043457
main_tournament_resume_3,Random__VS__MCTS-new-100__GAME__98,Random,MCTS-new-100,98,False,MCTS-new-100,-1,38,35.32415986061096
main_tournament_resume_3,Random__VS__MCTS-new-100__GAME__99,Random,MCTS-new-100,99,True,MCTS-new-100,1,7,4.607578992843628
main_tournament_resume_3,Random__VS__MCTS-new-100__GAME__100,Random,MCTS-new-100,100,False,MCTS-new-100,-1,4,1.6777422428131104
main_tournament_resume_3,Random__VS__MCTS-new-100__GAME__101,Random,MCTS-new-100,101,True,MCTS-new-100,1,5,2.683344602584839
main_tournament_resume_3,Random__VS__MCTS-new-100__GAME__102,Random,MCTS-new-100,102,False,MCTS-new-100,-1,8,4.306034326553345
main_tournament_resume_3,Random__VS__MCTS-new-100__GAME__103,Random,MCTS-new-100,103,True,Random,-1,7,6.868909120559692
main_tournament_resume_3,Random__VS__MCTS-new-100__GAME__104,Random,MCTS-new-100,104,False,MCTS-new-100,-1,14,13.078509330749512
main_tournament_resume_3,Random__VS__MCTS-new-100__GAME__105,Random,MCTS-new-100,105,True,MCTS-new-100,1,9,5.189032316207886
main_tournament_resume_3,Random__VS__MCTS-new-100__GAME__106,Random,MCTS-new-100,106,False,MCTS-new-100,-1,12,8.409332752227783
main_tournament_resume_3,Random__VS__MCTS-new-100__GAME__107,Random,MCTS-new-100,107,True,Random,-1,47,54.54826784133911
main_tournament_resume_3,Random__VS__MCTS-new-100__GAME__108,Random,MCTS-new-100,108,False,MCTS-new-100,-1,12,8.52638864517212
main_tournament_resume_3,Random__VS__MCTS-new-100__GAME__109,Random,MCTS-new-100,109,True,MCTS-new-100,1,13,11.858000040054321
main_tournament_resume_3,Random__VS__MCTS-new-100__GAME__110,Random,MCTS-new-100,110,False,MCTS-new-100,-1,18,13.112732887268066
main_tournament_resume_3,Random__VS__MCTS-new-100__GAME__111,Random,MCTS-new-100,111,True,MCTS-new-100,1,9,6.379476308822632
main_tournament_resume_3,Random__VS__MCTS-new-100__GAME__112,Random,MCTS-new-100,112,False,MCTS-new-100,-1,12,7.5212812423706055
main_tournament_resume_3,Random__VS__MCTS-new-100__GAME__113,Random,MCTS-new-100,113,True,MCTS-new-100,1,7,5.432612180709839
main_tournament_resume_3,Random__VS__MCTS-new-100__GAME__114,Random,MCTS-new-100,114,False,draw,0,50,55.49375247955322
main_tournament_resume_3,Random__VS__MCTS-new-100__GAME__115,Random,MCTS-new-100,115,True,MCTS-new-100,1,9,6.233488321304321
main_tournament_resume_3,Random__VS__MCTS-new-100__GAME__116,Random,MCTS-new-100,116,False,MCTS-new-100,-1,20,13.953011274337769
main_tournament_resume_3,Random__VS__MCTS-new-100__GAME__117,Random,MCTS-new-100,117,True,MCTS-new-100,1,5,2.964897632598877
main_tournament_resume_3,Random__VS__MCTS-new-100__GAME__118,Random,MCTS-new-100,118,False,MCTS-new-100,-1,14,9.53060531616211
main_tournament_resume_3,Random__VS__MCTS-new-100__GAME__119,Random,MCTS-new-100,119,True,MCTS-new-100,1,11,8.35922908782959
main_tournament_resume_3,Random__VS__MCTS-new-100__GAME__120,Random,MCTS-new-100,120,False,MCTS-new-100,-1,8,4.496910810470581
main_tournament_resume_3,Random__VS__MCTS-new-100__GAME__121,Random,MCTS-new-100,121,True,MCTS-new-100,1,33,29.477208375930786
main_tournament_resume_3,Random__VS__MCTS-new-100__GAME__122,Random,MCTS-new-100,122,False,MCTS-new-100,-1,8,4.573015928268433
main_tournament_resume_3,Random__VS__MCTS-new-100__GAME__123,Random,MCTS-new-100,123,True,MCTS-new-100,1,7,5.715359210968018
main_tournament_resume_3,Random__VS__MCTS-new-100__GAME__124,Random,MCTS-new-100,124,False,MCTS-new-100,-1,8,5.192186594009399
main_tournament_resume_3,Random__VS__MCTS-new-100__GAME__125,Random,MCTS-new-100,125,True,MCTS-new-100,1,9,5.149274110794067
main_tournament_resume_3,Random__VS__MCTS-new-100__GAME__126,Random,MCTS-new-100,126,False,MCTS-new-100,-1,34,25.21530842781067
main_tournament_resume_3,Random__VS__MCTS-new-100__GAME__127,Random,MCTS-new-100,127,True,MCTS-new-100,1,13,9.42062258720398
main_tournament_resume_3,Random__VS__MCTS-new-100__GAME__128,Random,MCTS-new-100,128,False,MCTS-new-100,-1,10,7.298866271972656
main_tournament_resume_3,Random__VS__MCTS-new-100__GAME__129,Random,MCTS-new-100,129,True,MCTS-new-100,1,39,38.32751154899597
main_tournament_resume_3,Random__VS__MCTS-new-100__GAME__130,Random,MCTS-new-100,130,False,MCTS-new-100,-1,22,21.10286569595337
main_tournament_resume_3,Random__VS__MCTS-new-100__GAME__131,Random,MCTS-new-100,131,True,MCTS-new-100,1,7,3.544238567352295
main_tournament_resume_3,Random__VS__MCTS-new-100__GAME__132,Random,MCTS-new-100,132,False,MCTS-new-100,-1,24,21.39197611808777
main_tournament_resume_3,Random__VS__MCTS-new-100__GAME__133,Random,MCTS-new-100,133,True,MCTS-new-100,1,9,5.446632146835327
main_tournament_resume_3,Random__VS__MCTS-new-100__GAME__134,Random,MCTS-new-100,134,False,MCTS-new-100,-1,13,10.350294351577759
main_tournament_resume_3,Random__VS__MCTS-new-100__GAME__135,Random,MCTS-new-100,135,True,MCTS-new-100,1,5,2.922253131866455
main_tournament_resume_3,Random__VS__MCTS-new-100__GAME__136,Random,MCTS-new-100,136,False,MCTS-new-100,-1,10,5.89179801940918
main_tournament_resume_3,Random__VS__MCTS-new-100__GAME__137,Random,MCTS-new-100,137,True,MCTS-new-100,1,9,6.950083017349243
main_tournament_resume_3,Random__VS__MCTS-new-100__GAME__138,Random,MCTS-new-100,138,False,MCTS-new-100,-1,8,4.340035676956177
main_tournament_resume_3,Random__VS__MCTS-new-100__GAME__139,Random,MCTS-new-100,139,True,MCTS-new-100,1,7,4.1671812534332275
main_tournament_resume_3,Random__VS__MCTS-new-100__GAME__140,Random,MCTS-new-100,140,False,MCTS-new-100,-1,14,10.358475685119629
main_tournament_resume_3,Random__VS__MCTS-new-100__GAME__141,Random,MCTS-new-100,141,True,MCTS-new-100,1,13,9.964694499969482
main_tournament_resume_3,Random__VS__MCTS-new-100__GAME__142,Random,MCTS-new-100,142,False,MCTS-new-100,-1,40,46.11558675765991
main_tournament_resume_3,Random__VS__MCTS-new-100__GAME__143,Random,MCTS-new-100,143,True,MCTS-new-100,1,7,5.266232013702393
main_tournament_resume_3,Random__VS__MCTS-new-100__GAME__144,Random,MCTS-new-100,144,False,MCTS-new-100,-1,20,26.46772027015686
main_tournament_resume_3,Random__VS__MCTS-new-100__GAME__145,Random,MCTS-new-100,145,True,MCTS-new-100,1,9,8.906318664550781
main_tournament_resume_3,Random__VS__MCTS-new-100__GAME__146,Random,MCTS-new-100,146,False,MCTS-new-100,-1,14,14.393608331680298
main_tournament_resume_3,Random__VS__MCTS-new-100__GAME__147,Random,MCTS-new-100,147,True,MCTS-new-100,1,15,21.673879623413086
main_tournament_resume_3,Random__VS__MCTS-new-100__GAME__148,Random,MCTS-new-100,148,False,MCTS-new-100,-1,8,7.739524602890015
main_tournament_resume_3,Random__VS__MCTS-new-100__GAME__149,Random,MCTS-new-100,149,True,MCTS-new-100,1,17,17.273194074630737
main_tournament_resume_3,Random__VS__MCTS-new-100__GAME__150,Random,MCTS-new-100,150,False,MCTS-new-100,-1,10,9.906758069992065
main_tournament_resume_3,Random__VS__MCTS-new-100__GAME__151,Random,MCTS-new-100,151,True,Random,-1,9,10.489758014678955
main_tournament_resume_3,Random__VS__MCTS-new-100__GAME__152,Random,MCTS-new-100,152,False,MCTS-new-100,-1,6,4.894993782043457
main_tournament_resume_3,Random__VS__MCTS-new-100__GAME__153,Random,MCTS-new-100,153,True,MCTS-new-100,1,11,37.11060047149658
main_tournament_resume_3,Random__VS__MCTS-new-100__GAME__154,Random,MCTS-new-100,154,False,MCTS-new-100,-1,20,62.47174406051636
main_tournament_resume_3,Random__VS__MCTS-new-100__GAME__155,Random,MCTS-new-100,155,True,draw,0,50,199.38522243499756
main_tournament_resume_3,Random__VS__MCTS-new-100__GAME__156,Random,MCTS-new-100,156,False,MCTS-new-100,-1,28,57.90161728858948
main_tournament_resume_3,Random__VS__MCTS-new-100__GAME__157,Random,MCTS-new-100,157,True,draw,0,50,119.73889112472534
main_tournament_resume_3,Random__VS__MCTS-new-100__GAME__158,Random,MCTS-new-100,158,False,MCTS-new-100,-1,34,53.79429292678833
main_tournament_resume_3,Random__VS__MCTS-new-100__GAME__159,Random,MCTS-new-100,159,True,draw,0,50,111.4876320362091
main_tournament_resume_3,Random__VS__MCTS-new-100__GAME__160,Random,MCTS-new-100,160,False,MCTS-new-100,-1,8,9.517812490463257
main_tournament_resume_3,Random__VS__MCTS-new-100__GAME__161,Random,MCTS-new-100,161,True,MCTS-new-100,1,5,6.201329469680786
main_tournament_resume_3,Random__VS__MCTS-new-100__GAME__162,Random,MCTS-new-100,162,False,MCTS-new-100,-1,8,10.290247678756714
main_tournament_resume_3,Random__VS__MCTS-new-100__GAME__163,Random,MCTS-new-100,163,True,MCTS-new-100,1,5,6.4173057079315186
main_tournament_resume_3,Random__VS__MCTS-new-100__GAME__164,Random,MCTS-new-100,164,False,MCTS-new-100,-1,24,38.914568185806274
main_tournament_resume_3,Random__VS__MCTS-new-100__GAME__165,Random,MCTS-new-100,165,True,MCTS-new-100,1,11,16.817736864089966
main_tournament_resume_3,Random__VS__MCTS-new-100__GAME__166,Random,MCTS-new-100,166,False,draw,0,50,112.25584387779236
main_tournament_resume_3,Random__VS__MCTS-new-100__GAME__167,Random,MCTS-new-100,167,True,MCTS-new-100,1,31,67.19296073913574
main_tournament_resume_3,Random__VS__MCTS-new-100__GAME__168,Random,MCTS-new-100,168,False,MCTS-new-100,-1,10,28.304330110549927
main_tournament_resume_3,Random__VS__MCTS-new-100__GAME__169,Random,MCTS-new-100,169,True,MCTS-new-100,1,15,50.65284061431885
main_tournament_resume_3,Random__VS__MCTS-new-100__GAME__170,Random,MCTS-new-100,170,False,MCTS-new-100,-1,8,21.51116108894348
main_tournament_resume_3,Random__VS__MCTS-new-100__GAME__171,Random,MCTS-new-100,171,True,MCTS-new-100,1,31,120.89080762863159
main_tournament_resume_3,Random__VS__MCTS-new-100__GAME__172,Random,MCTS-new-100,172,False,MCTS-new-100,-1,14,44.13810420036316
main_tournament_resume_3,Random__VS__MCTS-new-100__GAME__173,Random,MCTS-new-100,173,True,MCTS-new-100,1,21,80.16686749458313
main_tournament_resume_3,Random__VS__MCTS-new-100__GAME__174,Random,MCTS-new-100,174,False,MCTS-new-100,-1,44,175.73943734169006
main_tournament_resume_3,Random__VS__MCTS-new-100__GAME__175,Random,MCTS-new-100,175,True,MCTS-new-100,1,7,22.010151624679565
main_tournament_resume_3,Random__VS__MCTS-new-100__GAME__176,Random,MCTS-new-100,176,False,MCTS-new-100,-1,8,21.26982283592224
main_tournament_resume_3,Random__VS__MCTS-new-100__GAME__177,Random,MCTS-new-100,177,True,MCTS-new-100,1,7,22.95353078842163
main_tournament_resume_3,Random__VS__MCTS-new-100__GAME__178,Random,MCTS-new-100,178,False,MCTS-new-100,-1,8,22.844456911087036
main_tournament_resume_3,Random__VS__MCTS-new-100__GAME__179,Random,MCTS-new-100,179,True,MCTS-new-100,1,5,14.18401288986206
main_tournament_resume_3,Random__VS__MCTS-new-100__GAME__180,Random,MCTS-new-100,180,False,draw,0,50,192.5126302242279
main_tournament_resume_3,Random__VS__MCTS-new-100__GAME__181,Random,MCTS-new-100,181,True,MCTS-new-100,1,31,119.1257393360138
main_tournament_resume_3,Random__VS__MCTS-new-100__GAME__182,Random,MCTS-new-100,182,False,MCTS-new-100,-1,14,46.61055064201355
main_tournament_resume_3,Random__VS__MCTS-new-100__GAME__183,Random,MCTS-new-100,183,True,MCTS-new-100,1,7,22.36004900932312
main_tournament_resume_3,Random__VS__MCTS-new-100__GAME__184,Random,MCTS-new-100,184,False,MCTS-new-100,-1,22,79.59667730331421
main_tournament_resume_3,Random__VS__MCTS-new-100__GAME__185,Random,MCTS-new-100,185,True,MCTS-new-100,1,9,30.07900834083557
main_tournament_resume_3,Random__VS__MCTS-new-100__GAME__186,Random,MCTS-new-100,186,False,MCTS-new-100,-1,6,15.331126928329468
main_tournament_resume_3,Random__VS__MCTS-new-100__GAME__187,Random,MCTS-new-100,187,True,MCTS-new-100,1,27,100.49728298187256
main_tournament_resume_3,Random__VS__MCTS-new-100__GAME__188,Random,MCTS-new-100,188,False,Random,1,6,20.56197476387024
main_tournament_resume_3,Random__VS__MCTS-new-100__GAME__189,Random,MCTS-new-100,189,True,MCTS-new-100,1,15,53.04924154281616
main_tournament_resume_3,Random__VS__MCTS-new-100__GAME__190,Random,MCTS-new-100,190,False,MCTS-new-100,-1,16,53.33026075363159
main_tournament_resume_3,Random__VS__MCTS-new-100__GAME__191,Random,MCTS-new-100,191,True,MCTS-new-100,1,21,74.6478271484375
main_tournament_resume_3,Random__VS__MCTS-new-100__GAME__192,Random,MCTS-new-100,192,False,MCTS-new-100,-1,14,43.748045206069946
main_tournament_resume_3,Random__VS__MCTS-new-100__GAME__193,Random,MCTS-new-100,193,True,MCTS-new-100,1,17,61.280046224594116
main_tournament_resume_3,Random__VS__MCTS-new-100__GAME__194,Random,MCTS-new-100,194,False,MCTS-new-100,-1,30,106.43349361419678
main_tournament_resume_3,Random__VS__MCTS-new-100__GAME__195,Random,MCTS-new-100,195,True,MCTS-new-100,1,21,68.77555298805237
main_tournament_resume_3,Random__VS__MCTS-new-100__GAME__196,Random,MCTS-new-100,196,False,MCTS-new-100,-1,8,21.213188409805298
main_tournament_resume_3,Random__VS__MCTS-new-100__GAME__197,Random,MCTS-new-100,197,True,MCTS-new-100,1,23,90.59264779090881
main_tournament_resume_3,Random__VS__MCTS-new-100__GAME__198,Random,MCTS-new-100,198,False,MCTS-new-100,-1,8,18.564869165420532
main_tournament_resume_3,Random__VS__MCTS-new-100__GAME__199,Random,MCTS-new-100,199,True,MCTS-new-100,1,7,8.23865032196045
main_tournament_resume_3,Random__VS__MCTS-new-100__GAME__200,Random,MCTS-new-100,200,False,MCTS-new-100,-1,8,9.530596017837524
main_tournament_resume_3,Random__VS__MCTS-new-100__GAME__201,Random,MCTS-new-100,201,True,MCTS-new-100,1,11,15.553730249404907
main_tournament_resume_3,Random__VS__MCTS-new-100__GAME__202,Random,MCTS-new-100,202,False,MCTS-new-100,-1,8,10.53248906135559
main_tournament_resume_3,Random__VS__MCTS-new-100__GAME__203,Random,MCTS-new-100,203,True,MCTS-new-100,1,21,40.9130072593689
main_tournament_resume_3,Random__VS__MCTS-new-100__GAME__204,Random,MCTS-new-100,204,False,MCTS-new-100,-1,12,17.381136894226074
main_tournament_resume_3,Random__VS__MCTS-new-100__GAME__205,Random,MCTS-new-100,205,True,MCTS-new-100,1,19,38.396207332611084
main_tournament_resume_3,Random__VS__MCTS-new-100__GAME__206,Random,MCTS-new-100,206,False,MCTS-new-100,-1,10,15.0014328956604
main_tournament_resume_3,Random__VS__MCTS-new-100__GAME__207,Random,MCTS-new-100,207,True,MCTS-new-100,1,9,13.665326356887817
main_tournament_resume_3,Random__VS__MCTS-new-100__GAME__208,Random,MCTS-new-100,208,False,MCTS-new-100,-1,26,57.8369824886322
main_tournament_resume_3,Random__VS__MCTS-new-100__GAME__209,Random,MCTS-new-100,209,True,MCTS-new-100,1,7,10.293896675109863
main_tournament_resume_3,Random__VS__MCTS-new-100__GAME__210,Random,MCTS-new-100,210,False,MCTS-new-100,-1,26,44.92396426200867
main_tournament_resume_3,Random__VS__MCTS-new-100__GAME__211,Random,MCTS-new-100,211,True,MCTS-new-100,1,11,11.017911672592163
main_tournament_resume_3,Random__VS__MCTS-new-100__GAME__212,Random,MCTS-new-100,212,False,MCTS-new-100,-1,8,9.963757991790771
main_tournament_resume_3,Random__VS__MCTS-new-100__GAME__213,Random,MCTS-new-100,213,True,Random,-1,15,23.090514183044434
main_tournament_resume_3,Random__VS__MCTS-new-100__GAME__214,Random,MCTS-new-100,214,False,MCTS-new-100,-1,10,11.348883152008057
main_tournament_resume_3,Random__VS__MCTS-new-100__GAME__215,Random,MCTS-new-100,215,True,MCTS-new-100,1,8,12.03324580192566
main_tournament_resume_3,Random__VS__MCTS-new-100__GAME__216,Random,MCTS-new-100,216,False,MCTS-new-100,-1,26,46.815627574920654
main_tournament_resume_3,Random__VS__MCTS-new-100__GAME__217,Random,MCTS-new-100,217,True,MCTS-new-100,1,29,66.36222457885742
main_tournament_resume_3,Random__VS__MCTS-new-100__GAME__218,Random,MCTS-new-100,218,False,Random,1,44,104.61687707901001
main_tournament_resume_3,Random__VS__MCTS-new-100__GAME__219,Random,MCTS-new-100,219,True,draw,0,50,119.23816633224487
main_tournament_resume_3,Random__VS__MCTS-new-100__GAME__220,Random,MCTS-new-100,220,False,MCTS-new-100,-1,26,105.64134478569031
main_tournament_resume_3,Random__VS__MCTS-new-100__GAME__221,Random,MCTS-new-100,221,True,MCTS-new-100,1,13,41.1880464553833
main_tournament_resume_3,Random__VS__MCTS-new-100__GAME__222,Random,MCTS-new-100,222,False,draw,0,50,165.46552300453186
main_tournament_resume_3,Random__VS__MCTS-new-100__GAME__223,Random,MCTS-new-100,223,True,MCTS-new-100,1,7,9.911195039749146
main_tournament_resume_3,Random__VS__MCTS-new-100__GAME__224,Random,MCTS-new-100,224,False,MCTS-new-100,-1,24,48.415160179138184
main_tournament_resume_3,Random__VS__MCTS-new-100__GAME__225,Random,MCTS-new-100,225,True,draw,0,50,113.2169361114502
main_tournament_resume_3,Random__VS__MCTS-new-100__GAME__226,Random,MCTS-new-100,226,False,MCTS-new-100,-1,42,96.22575306892395
main_tournament_resume_3,Random__VS__MCTS-new-100__GAME__227,Random,MCTS-new-100,227,True,MCTS-new-100,1,7,11.021317481994629
main_tournament_resume_3,Random__VS__MCTS-new-100__GAME__228,Random,MCTS-new-100,228,False,MCTS-new-100,-1,16,27.535908222198486
main_tournament_resume_3,Random__VS__MCTS-new-100__GAME__229,Random,MCTS-new-100,229,True,MCTS-new-100,1,9,14.793458223342896
main_tournament_resume_3,Random__VS__MCTS-new-100__GAME__230,Random,MCTS-new-100,230,False,MCTS-new-100,-1,8,9.958725690841675
main_tournament_resume_3,Random__VS__MCTS-new-100__GAME__231,Random,MCTS-new-100,231,True,MCTS-new-100,1,15,27.602936506271362
main_tournament_resume_3,Random__VS__MCTS-new-100__GAME__232,Random,MCTS-new-100,232,False,MCTS-new-100,-1,8,13.12868881225586
main_tournament_resume_3,Random__VS__MCTS-new-100__GAME__233,Random,MCTS-new-100,233,True,MCTS-new-100,1,11,16.94754672050476
main_tournament_resume_3,Random__VS__MCTS-new-100__GAME__234,Random,MCTS-new-100,234,False,MCTS-new-100,-1,8,10.054432153701782
main_tournament_resume_3,Random__VS__MCTS-new-100__GAME__235,Random,MCTS-new-100,235,True,MCTS-new-100,1,45,103.15561747550964
main_tournament_resume_3,Random__VS__MCTS-new-100__GAME__236,Random,MCTS-new-100,236,False,MCTS-new-100,-1,12,14.438902854919434
main_tournament_resume_3,Random__VS__MCTS-new-100__GAME__237,Random,MCTS-new-100,237,True,MCTS-new-100,1,6,9.118906736373901
main_tournament_resume_3,Random__VS__MCTS-new-100__GAME__238,Random,MCTS-new-100,238,False,MCTS-new-100,-1,12,13.303102016448975
main_tournament_resume_3,Random__VS__MCTS-new-100__GAME__239,Random,MCTS-new-100,239,True,MCTS-new-100,1,9,23.289095401763916
main_tournament_resume_3,Random__VS__MCTS-new-100__GAME__240,Random,MCTS-new-100,240,False,MCTS-new-100,-1,22,56.64559888839722
main_tournament_resume_3,Random__VS__MCTS-new-100__GAME__241,Random,MCTS-new-100,241,True,MCTS-new-100,1,11,18.842502117156982
main_tournament_resume_3,Random__VS__MCTS-new-100__GAME__242,Random,MCTS-new-100,242,False,MCTS-new-100,-1,8,9.648474931716919
main_tournament_resume_3,Random__VS__MCTS-new-100__GAME__243,Random,MCTS-new-100,243,True,MCTS-new-100,1,7,9.650362253189087
main_tournament_resume_3,Random__VS__MCTS-new-100__GAME__244,Random,MCTS-new-100,244,False,MCTS-new-100,-1,24,39.01221561431885
main_tournament_resume_3,Random__VS__MCTS-new-100__GAME__245,Random,MCTS-new-100,245,True,MCTS-new-100,1,13,20.255840301513672
main_tournament_resume_3,Random__VS__MCTS-new-100__GAME__246,Random,MCTS-new-100,246,False,MCTS-new-100,-1,14,22.692999601364136
main_tournament_resume_3,Random__VS__MCTS-new-100__GAME__247,Random,MCTS-new-100,247,True,MCTS-new-100,1,13,20.777270555496216
main_tournament_resume_3,Random__VS__MCTS-new-100__GAME__248,Random,MCTS-new-100,248,False,MCTS-new-100,-1,12,16.899331092834473
main_tournament_resume_3,Random__VS__MCTS-new-100__GAME__249,Random,MCTS-new-100,249,True,MCTS-new-100,1,25,54.65704917907715
main_tournament_resume_3,Heuristic__VS__AlphaBeta-new-d3__GAME__0,Heuristic,AlphaBeta-new-d3,0,False,Heuristic,1,7,16.156038999557495
main_tournament_resume_3,Heuristic__VS__AlphaBeta-new-d3__GAME__1,Heuristic,AlphaBeta-new-d3,1,True,Heuristic,-1,10,27.689209699630737
main_tournament_resume_3,Heuristic__VS__AlphaBeta-new-d3__GAME__2,Heuristic,AlphaBeta-new-d3,2,False,Heuristic,1,5,8.086597681045532
main_tournament_resume_3,Heuristic__VS__AlphaBeta-new-d3__GAME__3,Heuristic,AlphaBeta-new-d3,3,True,Heuristic,-1,8,14.464585781097412
main_tournament_resume_3,Heuristic__VS__AlphaBeta-new-d3__GAME__4,Heuristic,AlphaBeta-new-d3,4,False,Heuristic,1,9,20.195062160491943
main_tournament_resume_3,Heuristic__VS__AlphaBeta-new-d3__GAME__5,Heuristic,AlphaBeta-new-d3,5,True,Heuristic,-1,10,22.3839373588562
main_tournament_resume_3,Heuristic__VS__AlphaBeta-new-d3__GAME__6,Heuristic,AlphaBeta-new-d3,6,False,Heuristic,1,6,10.660288095474243
main_tournament_resume_3,Heuristic__VS__AlphaBeta-new-d3__GAME__7,Heuristic,AlphaBeta-new-d3,7,True,Heuristic,-1,7,16.540002584457397
main_tournament_resume_3,Heuristic__VS__AlphaBeta-new-d3__GAME__8,Heuristic,AlphaBeta-new-d3,8,False,Heuristic,1,4,6.583550214767456
main_tournament_resume_3,Heuristic__VS__AlphaBeta-new-d3__GAME__9,Heuristic,AlphaBeta-new-d3,9,True,Heuristic,-1,9,25.66127610206604
main_tournament_resume_3,Heuristic__VS__AlphaBeta-new-d3__GAME__10,Heuristic,AlphaBeta-new-d3,10,False,Heuristic,1,5,7.976556062698364
main_tournament_resume_3,Heuristic__VS__AlphaBeta-new-d3__GAME__11,Heuristic,AlphaBeta-new-d3,11,True,Heuristic,-1,7,20.57510733604431
main_tournament_resume_3,Heuristic__VS__AlphaBeta-new-d3__GAME__12,Heuristic,AlphaBeta-new-d3,12,False,Heuristic,1,5,8.647534132003784
main_tournament_resume_3,Heuristic__VS__AlphaBeta-new-d3__GAME__13,Heuristic,AlphaBeta-new-d3,13,True,Heuristic,-1,10,19.564321756362915
main_tournament_resume_3,Heuristic__VS__AlphaBeta-new-d3__GAME__14,Heuristic,AlphaBeta-new-d3,14,False,Heuristic,1,4,6.970696210861206
main_tournament_resume_3,Heuristic__VS__AlphaBeta-new-d3__GAME__15,Heuristic,AlphaBeta-new-d3,15,True,Heuristic,-1,6,11.95238471031189
main_tournament_resume_3,Heuristic__VS__AlphaBeta-new-d3__GAME__16,Heuristic,AlphaBeta-new-d3,16,False,Heuristic,1,8,16.828789234161377
main_tournament_resume_3,Heuristic__VS__AlphaBeta-new-d3__GAME__17,Heuristic,AlphaBeta-new-d3,17,True,Heuristic,-1,10,25.459245204925537
main_tournament_resume_3,Heuristic__VS__AlphaBeta-new-d3__GAME__18,Heuristic,AlphaBeta-new-d3,18,False,Heuristic,1,4,7.4730470180511475
main_tournament_resume_3,Heuristic__VS__AlphaBeta-new-d3__GAME__19,Heuristic,AlphaBeta-new-d3,19,True,Heuristic,-1,8,18.38463830947876
main_tournament_resume_3,Heuristic__VS__AlphaBeta-new-d3__GAME__20,Heuristic,AlphaBeta-new-d3,20,False,Heuristic,1,7,10.772421598434448
main_tournament_resume_3,Heuristic__VS__AlphaBeta-new-d3__GAME__21,Heuristic,AlphaBeta-new-d3,21,True,Heuristic,-1,12,23.64496111869812
main_tournament_resume_3,Heuristic__VS__AlphaBeta-new-d3__GAME__22,Heuristic,AlphaBeta-new-d3,22,False,Heuristic,1,7,48.59890556335449
main_tournament_resume_3,Heuristic__VS__AlphaBeta-new-d3__GAME__23,Heuristic,AlphaBeta-new-d3,23,True,Heuristic,-1,6,28.176891088485718
main_tournament_resume_3,Heuristic__VS__AlphaBeta-new-d3__GAME__24,Heuristic,AlphaBeta-new-d3,24,False,Heuristic,1,6,35.60434079170227
main_tournament_resume_3,Heuristic__VS__AlphaBeta-new-d3__GAME__25,Heuristic,AlphaBeta-new-d3,25,True,Heuristic,-1,5,43.27468967437744
main_tournament_resume_3,Heuristic__VS__AlphaBeta-new-d3__GAME__26,Heuristic,AlphaBeta-new-d3,26,False,Heuristic,1,5,37.33792328834534
main_tournament_resume_3,Heuristic__VS__AlphaBeta-new-d3__GAME__27,Heuristic,AlphaBeta-new-d3,27,True,Heuristic,-1,6,21.197768211364746
main_tournament_resume_3,Heuristic__VS__AlphaBeta-new-d3__GAME__28,Heuristic,AlphaBeta-new-d3,28,False,Heuristic,1,9,9.254676342010498
main_tournament_resume_3,Heuristic__VS__AlphaBeta-new-d3__GAME__29,Heuristic,AlphaBeta-new-d3,29,True,Heuristic,-1,6,7.848633289337158
main_tournament_resume_3,Heuristic__VS__AlphaBeta-new-d3__GAME__30,Heuristic,AlphaBeta-new-d3,30,False,Heuristic,1,9,11.859267234802246
main_tournament_resume_3,Heuristic__VS__AlphaBeta-new-d3__GAME__31,Heuristic,AlphaBeta-new-d3,31,True,Heuristic,-1,6,7.413706541061401
main_tournament_resume_3,Heuristic__VS__AlphaBeta-new-d3__GAME__32,Heuristic,AlphaBeta-new-d3,32,False,Heuristic,1,6,7.1235737800598145
main_tournament_resume_3,Heuristic__VS__AlphaBeta-new-d3__GAME__33,Heuristic,AlphaBeta-new-d3,33,True,AlphaBeta-new-d3,1,15,20.172332286834717
main_tournament_resume_3,Heuristic__VS__AlphaBeta-new-d3__GAME__34,Heuristic,AlphaBeta-new-d3,34,False,Heuristic,1,7,6.64408278465271
main_tournament_resume_3,Heuristic__VS__AlphaBeta-new-d3__GAME__35,Heuristic,AlphaBeta-new-d3,35,True,Heuristic,-1,10,16.666229009628296
main_tournament_resume_3,Heuristic__VS__AlphaBeta-new-d3__GAME__36,Heuristic,AlphaBeta-new-d3,36,False,Heuristic,1,9,11.534069299697876
main_tournament_resume_3,Heuristic__VS__AlphaBeta-new-d3__GAME__37,Heuristic,AlphaBeta-new-d3,37,True,Heuristic,-1,8,11.000075340270996
main_tournament_resume_3,Heuristic__VS__AlphaBeta-new-d3__GAME__38,Heuristic,AlphaBeta-new-d3,38,False,Heuristic,1,5,3.987025260925293
main_tournament_resume_3,Heuristic__VS__AlphaBeta-new-d3__GAME__39,Heuristic,AlphaBeta-new-d3,39,True,Heuristic,-1,8,9.954737663269043
main_tournament_resume_3,Heuristic__VS__AlphaBeta-new-d3__GAME__40,Heuristic,AlphaBeta-new-d3,40,False,Heuristic,1,4,4.1081976890563965
main_tournament_resume_3,Heuristic__VS__AlphaBeta-new-d3__GAME__41,Heuristic,AlphaBeta-new-d3,41,True,Heuristic,-1,6,5.061217308044434
main_tournament_resume_3,Heuristic__VS__AlphaBeta-new-d3__GAME__42,Heuristic,AlphaBeta-new-d3,42,False,Heuristic,1,9,8.421292066574097
main_tournament_resume_3,Heuristic__VS__AlphaBeta-new-d3__GAME__43,Heuristic,AlphaBeta-new-d3,43,True,Heuristic,-1,8,10.108880996704102
main_tournament_resume_3,Heuristic__VS__AlphaBeta-new-d3__GAME__44,Heuristic,AlphaBeta-new-d3,44,False,Heuristic,1,11,13.385700225830078
main_tournament_resume_3,Heuristic__VS__AlphaBeta-new-d3__GAME__45,Heuristic,AlphaBeta-new-d3,45,True,Heuristic,-1,7,8.378578424453735
main_tournament_resume_3,Heuristic__VS__AlphaBeta-new-d3__GAME__46,Heuristic,AlphaBeta-new-d3,46,False,Heuristic,1,6,5.446604251861572
main_tournament_resume_3,Heuristic__VS__AlphaBeta-new-d3__GAME__47,Heuristic,AlphaBeta-new-d3,47,True,AlphaBeta-new-d3,1,13,18.960322856903076
main_tournament_resume_3,Heuristic__VS__AlphaBeta-new-d3__GAME__48,Heuristic,AlphaBeta-new-d3,48,False,Heuristic,1,4,3.3975069522857666
main_tournament_resume_3,Heuristic__VS__AlphaBeta-new-d3__GAME__49,Heuristic,AlphaBeta-new-d3,49,True,Heuristic,-1,8,8.45413327217102
main_tournament_resume_3,Heuristic__VS__AlphaBeta-new-d3__GAME__50,Heuristic,AlphaBeta-new-d3,50,False,Heuristic,1,7,8.71655797958374
main_tournament_resume_3,Heuristic__VS__AlphaBeta-new-d3__GAME__51,Heuristic,AlphaBeta-new-d3,51,True,Heuristic,-1,5,5.934790849685669
main_tournament_resume_3,Heuristic__VS__AlphaBeta-new-d3__GAME__52,Heuristic,AlphaBeta-new-d3,52,False,Heuristic,1,11,13.0188148021698
main_tournament_resume_3,Heuristic__VS__AlphaBeta-new-d3__GAME__53,Heuristic,AlphaBeta-new-d3,53,True,Heuristic,-1,12,20.094032526016235
main_tournament_resume_3,Heuristic__VS__AlphaBeta-new-d3__GAME__54,Heuristic,AlphaBeta-new-d3,54,False,Heuristic,1,7,6.631096601486206
main_tournament_resume_3,Heuristic__VS__AlphaBeta-new-d3__GAME__55,Heuristic,AlphaBeta-new-d3,55,True,Heuristic,-1,8,9.663641929626465
main_tournament_resume_3,Heuristic__VS__AlphaBeta-new-d3__GAME__56,Heuristic,AlphaBeta-new-d3,56,False,Heuristic,1,4,2.999297857284546
main_tournament_resume_3,Heuristic__VS__AlphaBeta-new-d3__GAME__57,Heuristic,AlphaBeta-new-d3,57,True,Heuristic,-1,7,10.655253171920776
main_tournament_resume_3,Heuristic__VS__AlphaBeta-new-d3__GAME__58,Heuristic,AlphaBeta-new-d3,58,False,Heuristic,1,5,4.3313024044036865
main_tournament_resume_3,Heuristic__VS__AlphaBeta-new-d3__GAME__59,Heuristic,AlphaBeta-new-d3,59,True,Heuristic,-1,8,5.333344221115112
main_tournament_resume_3,Heuristic__VS__AlphaBeta-new-d3__GAME__60,Heuristic,AlphaBeta-new-d3,60,False,AlphaBeta-new-d3,-1,10,7.8841822147369385
main_tournament_resume_3,Heuristic__VS__AlphaBeta-new-d3__GAME__61,Heuristic,AlphaBeta-new-d3,61,True,AlphaBeta-new-d3,1,9,7.580991506576538
main_tournament_resume_3,Heuristic__VS__AlphaBeta-new-d3__GAME__62,Heuristic,AlphaBeta-new-d3,62,False,Heuristic,1,7,4.957128524780273
main_tournament_resume_3,Heuristic__VS__AlphaBeta-new-d3__GAME__63,Heuristic,AlphaBeta-new-d3,63,True,Heuristic,-1,10,10.642136812210083
main_tournament_resume_3,Heuristic__VS__AlphaBeta-new-d3__GAME__64,Heuristic,AlphaBeta-new-d3,64,False,Heuristic,1,11,10.841547012329102
main_tournament_resume_3,Heuristic__VS__AlphaBeta-new-d3__GAME__65,Heuristic,AlphaBeta-new-d3,65,True,Heuristic,-1,5,5.758296966552734
main_tournament_resume_3,Heuristic__VS__AlphaBeta-new-d3__GAME__66,Heuristic,AlphaBeta-new-d3,66,False,Heuristic,1,7,5.491225719451904
main_tournament_resume_3,Heuristic__VS__AlphaBeta-new-d3__GAME__67,Heuristic,AlphaBeta-new-d3,67,True,Heuristic,-1,8,6.8847455978393555
main_tournament_resume_3,Heuristic__VS__AlphaBeta-new-d3__GAME__68,Heuristic,AlphaBeta-new-d3,68,False,AlphaBeta-new-d3,-1,18,18.77387547492981
main_tournament_resume_3,Heuristic__VS__AlphaBeta-new-d3__GAME__69,Heuristic,AlphaBeta-new-d3,69,True,Heuristic,-1,4,2.1743714809417725
main_tournament_resume_3,Heuristic__VS__AlphaBeta-new-d3__GAME__70,Heuristic,AlphaBeta-new-d3,70,False,Heuristic,1,15,17.645307302474976
main_tournament_resume_3,Heuristic__VS__AlphaBeta-new-d3__GAME__71,Heuristic,AlphaBeta-new-d3,71,True,Heuristic,-1,10,7.49077296257019
main_tournament_resume_3,Heuristic__VS__AlphaBeta-new-d3__GAME__72,Heuristic,AlphaBeta-new-d3,72,False,Heuristic,1,4,2.5043904781341553
main_tournament_resume_3,Heuristic__VS__AlphaBeta-new-d3__GAME__73,Heuristic,AlphaBeta-new-d3,73,True,AlphaBeta-new-d3,1,9,7.014278173446655
main_tournament_resume_3,Heuristic__VS__AlphaBeta-new-d3__GAME__74,Heuristic,AlphaBeta-new-d3,74,False,Heuristic,1,5,3.255253314971924
main_tournament_resume_3,Heuristic__VS__AlphaBeta-new-d3__GAME__75,Heuristic,AlphaBeta-new-d3,75,True,Heuristic,-1,4,2.974266290664673
main_tournament_resume_3,Heuristic__VS__AlphaBeta-new-d3__GAME__76,Heuristic,AlphaBeta-new-d3,76,False,Heuristic,1,9,7.238937139511108
main_tournament_resume_3,Heuristic__VS__AlphaBeta-new-d3__GAME__77,Heuristic,AlphaBeta-new-d3,77,True,Heuristic,-1,6,3.904890537261963
main_tournament_resume_3,Heuristic__VS__AlphaBeta-new-d3__GAME__78,Heuristic,AlphaBeta-new-d3,78,False,Heuristic,1,7,5.1401543617248535
main_tournament_resume_3,Heuristic__VS__AlphaBeta-new-d3__GAME__79,Heuristic,AlphaBeta-new-d3,79,True,Heuristic,-1,8,4.8746018409729
main_tournament_resume_3,Heuristic__VS__AlphaBeta-new-d3__GAME__80,Heuristic,AlphaBeta-new-d3,80,False,Heuristic,1,11,10.882766962051392
main_tournament_resume_3,Heuristic__VS__AlphaBeta-new-d3__GAME__81,Heuristic,AlphaBeta-new-d3,81,True,Heuristic,-1,8,6.2612223625183105
main_tournament_resume_3,Heuristic__VS__AlphaBeta-new-d3__GAME__82,Heuristic,AlphaBeta-new-d3,82,False,Heuristic,1,7,4.331456899642944
main_tournament_resume_3,Heuristic__VS__AlphaBeta-new-d3__GAME__83,Heuristic,AlphaBeta-new-d3,83,True,Heuristic,-1,8,5.794957399368286
main_tournament_resume_3,Heuristic__VS__AlphaBeta-new-d3__GAME__84,Heuristic,AlphaBeta-new-d3,84,False,Heuristic,1,4,2.2098283767700195
main_tournament_resume_3,Heuristic__VS__AlphaBeta-new-d3__GAME__85,Heuristic,AlphaBeta-new-d3,85,True,Heuristic,-1,10,7.571898698806763
main_tournament_resume_3,Heuristic__VS__AlphaBeta-new-d3__GAME__86,Heuristic,AlphaBeta-new-d3,86,False,Heuristic,1,9,6.616417169570923
main_tournament_resume_3,Heuristic__VS__AlphaBeta-new-d3__GAME__87,Heuristic,AlphaBeta-new-d3,87,True,Heuristic,-1,6,4.007795333862305
main_tournament_resume_3,Heuristic__VS__AlphaBeta-new-d3__GAME__88,Heuristic,AlphaBeta-new-d3,88,False,Heuristic,1,7,3.6465752124786377
main_tournament_resume_3,Heuristic__VS__AlphaBeta-new-d3__GAME__89,Heuristic,AlphaBeta-new-d3,89,True,Heuristic,-1,6,3.823974370956421
main_tournament_resume_3,Heuristic__VS__AlphaBeta-new-d3__GAME__90,Heuristic,AlphaBeta-new-d3,90,False,Heuristic,1,7,4.7686545848846436
main_tournament_resume_3,Heuristic__VS__AlphaBeta-new-d3__GAME__91,Heuristic,AlphaBeta-new-d3,91,True,Heuristic,-1,5,4.103855609893799
main_tournament_resume_3,Heuristic__VS__AlphaBeta-new-d3__GAME__92,Heuristic,AlphaBeta-new-d3,92,False,Heuristic,1,7,5.438408613204956
main_tournament_resume_3,Heuristic__VS__AlphaBeta-new-d3__GAME__93,Heuristic,AlphaBeta-new-d3,93,True,Heuristic,-1,8,6.22415828704834
main_tournament_resume_3,Heuristic__VS__AlphaBeta-new-d3__GAME__94,Heuristic,AlphaBeta-new-d3,94,False,Heuristic,1,7,4.678392648696899
main_tournament_resume_3,Heuristic__VS__AlphaBeta-new-d3__GAME__95,Heuristic,AlphaBeta-new-d3,95,True,AlphaBeta-new-d3,1,11,9.442702054977417
main_tournament_resume_3,Heuristic__VS__AlphaBeta-new-d3__GAME__96,Heuristic,AlphaBeta-new-d3,96,False,Heuristic,1,4,1.9452364444732666
main_tournament_resume_3,Heuristic__VS__AlphaBeta-new-d3__GAME__97,Heuristic,AlphaBeta-new-d3,97,True,Heuristic,-1,10,9.23966097831726
main_tournament_resume_3,Heuristic__VS__AlphaBeta-new-d3__GAME__98,Heuristic,AlphaBeta-new-d3,98,False,Heuristic,1,17,15.885945558547974
main_tournament_resume_3,Heuristic__VS__AlphaBeta-new-d3__GAME__99,Heuristic,AlphaBeta-new-d3,99,True,Heuristic,-1,14,13.631714820861816
main_tournament_resume_3,Heuristic__VS__AlphaBeta-new-d3__GAME__100,Heuristic,AlphaBeta-new-d3,100,False,Heuristic,1,7,4.590972661972046
main_tournament_resume_3,Heuristic__VS__AlphaBeta-new-d3__GAME__101,Heuristic,AlphaBeta-new-d3,101,True,AlphaBeta-new-d3,1,13,11.837528228759766
main_tournament_resume_3,Heuristic__VS__AlphaBeta-new-d3__GAME__102,Heuristic,AlphaBeta-new-d3,102,False,Heuristic,1,9,7.363826751708984
main_tournament_resume_3,Heuristic__VS__AlphaBeta-new-d3__GAME__103,Heuristic,AlphaBeta-new-d3,103,True,Heuristic,-1,5,4.087146520614624
main_tournament_resume_3,Heuristic__VS__AlphaBeta-new-d3__GAME__104,Heuristic,AlphaBeta-new-d3,104,False,Heuristic,1,11,8.365058422088623
main_tournament_resume_3,Heuristic__VS__AlphaBeta-new-d3__GAME__105,Heuristic,AlphaBeta-new-d3,105,True,Heuristic,-1,8,7.043814659118652
main_tournament_resume_3,Heuristic__VS__AlphaBeta-new-d3__GAME__106,Heuristic,AlphaBeta-new-d3,106,False,Heuristic,1,6,4.473956346511841
main_tournament_resume_3,Heuristic__VS__AlphaBeta-new-d3__GAME__107,Heuristic,AlphaBeta-new-d3,107,True,Heuristic,-1,6,2.8918793201446533
main_tournament_resume_3,Heuristic__VS__AlphaBeta-new-d3__GAME__108,Heuristic,AlphaBeta-new-d3,108,False,Heuristic,1,6,4.784790515899658
main_tournament_resume_3,Heuristic__VS__AlphaBeta-new-d3__GAME__109,Heuristic,AlphaBeta-new-d3,109,True,Heuristic,-1,12,10.362369298934937
main_tournament_resume_3,Heuristic__VS__AlphaBeta-new-d3__GAME__110,Heuristic,AlphaBeta-new-d3,110,False,Heuristic,1,7,3.6719462871551514
main_tournament_resume_3,Heuristic__VS__AlphaBeta-new-d3__GAME__111,Heuristic,AlphaBeta-new-d3,111,True,Heuristic,-1,5,4.692359209060669
main_tournament_resume_3,Heuristic__VS__AlphaBeta-new-d3__GAME__112,Heuristic,AlphaBeta-new-d3,112,False,Heuristic,1,5,2.2024266719818115
main_tournament_resume_3,Heuristic__VS__AlphaBeta-new-d3__GAME__113,Heuristic,AlphaBeta-new-d3,113,True,Heuristic,-1,24,30.205535888671875
main_tournament_resume_3,Heuristic__VS__AlphaBeta-new-d3__GAME__114,Heuristic,AlphaBeta-new-d3,114,False,Heuristic,1,7,4.502556562423706
main_tournament_resume_3,Heuristic__VS__AlphaBeta-new-d3__GAME__115,Heuristic,AlphaBeta-new-d3,115,True,Heuristic,-1,6,3.962791681289673
main_tournament_resume_3,Heuristic__VS__AlphaBeta-new-d3__GAME__116,Heuristic,AlphaBeta-new-d3,116,False,Heuristic,1,7,4.962993860244751
main_tournament_resume_3,Heuristic__VS__AlphaBeta-new-d3__GAME__117,Heuristic,AlphaBeta-new-d3,117,True,Heuristic,-1,5,3.197345018386841
main_tournament_resume_3,Heuristic__VS__AlphaBeta-new-d3__GAME__118,Heuristic,AlphaBeta-new-d3,118,False,Heuristic,1,5,2.2502968311309814
main_tournament_resume_3,Heuristic__VS__AlphaBeta-new-d3__GAME__119,Heuristic,AlphaBeta-new-d3,119,True,Heuristic,-1,6,3.663771629333496
main_tournament_resume_3,Heuristic__VS__AlphaBeta-new-d3__GAME__120,Heuristic,AlphaBeta-new-d3,120,False,Heuristic,1,7,4.132871866226196
main_tournament_resume_3,Heuristic__VS__AlphaBeta-new-d3__GAME__121,Heuristic,AlphaBeta-new-d3,121,True,Heuristic,-1,6,3.6297667026519775
main_tournament_resume_3,Heuristic__VS__AlphaBeta-new-d3__GAME__122,Heuristic,AlphaBeta-new-d3,122,False,Heuristic,1,4,2.4736032485961914
main_tournament_resume_3,Heuristic__VS__AlphaBeta-new-d3__GAME__123,Heuristic,AlphaBeta-new-d3,123,True,Heuristic,-1,13,13.140998125076294
main_tournament_resume_3,Heuristic__VS__AlphaBeta-new-d3__GAME__124,Heuristic,AlphaBeta-new-d3,124,False,Heuristic,1,5,2.349071979522705
main_tournament_resume_3,Heuristic__VS__AlphaBeta-new-d3__GAME__125,Heuristic,AlphaBeta-new-d3,125,True,Heuristic,-1,6,3.029277801513672
main_tournament_resume_3,Heuristic__VS__AlphaBeta-new-d3__GAME__126,Heuristic,AlphaBeta-new-d3,126,False,Heuristic,1,7,5.3266472816467285
main_tournament_resume_3,Heuristic__VS__AlphaBeta-new-d3__GAME__127,Heuristic,AlphaBeta-new-d3,127,True,Heuristic,-1,6,3.0040385723114014
main_tournament_resume_3,Heuristic__VS__AlphaBeta-new-d3__GAME__128,Heuristic,AlphaBeta-new-d3,128,False,Heuristic,1,9,7.022463321685791
main_tournament_resume_3,Heuristic__VS__AlphaBeta-new-d3__GAME__129,Heuristic,AlphaBeta-new-d3,129,True,Heuristic,-1,5,4.170386552810669
main_tournament_resume_3,Heuristic__VS__AlphaBeta-new-d3__GAME__130,Heuristic,AlphaBeta-new-d3,130,False,Heuristic,1,9,5.8383965492248535
main_tournament_resume_3,Heuristic__VS__AlphaBeta-new-d3__GAME__131,Heuristic,AlphaBeta-new-d3,131,True,Heuristic,-1,8,4.788125514984131
main_tournament_resume_3,Heuristic__VS__AlphaBeta-new-d3__GAME__132,Heuristic,AlphaBeta-new-d3,132,False,Heuristic,1,5,3.2103381156921387
main_tournament_resume_3,Heuristic__VS__AlphaBeta-new-d3__GAME__133,Heuristic,AlphaBeta-new-d3,133,True,Heuristic,-1,16,16.297624826431274
main_tournament_resume_3,Heuristic__VS__AlphaBeta-new-d3__GAME__134,Heuristic,AlphaBeta-new-d3,134,False,Heuristic,1,5,2.6577858924865723
main_tournament_resume_3,Heuristic__VS__AlphaBeta-new-d3__GAME__135,Heuristic,AlphaBeta-new-d3,135,True,Heuristic,-1,12,9.26594591140747
main_tournament_resume_3,Heuristic__VS__AlphaBeta-new-d3__GAME__136,Heuristic,AlphaBeta-new-d3,136,False,Heuristic,1,7,3.9323995113372803
main_tournament_resume_3,Heuristic__VS__AlphaBeta-new-d3__GAME__137,Heuristic,AlphaBeta-new-d3,137,True,Heuristic,-1,11,8.663331031799316
main_tournament_resume_3,Heuristic__VS__AlphaBeta-new-d3__GAME__138,Heuristic,AlphaBeta-new-d3,138,False,Heuristic,1,8,5.407924175262451
main_tournament_resume_3,Heuristic__VS__AlphaBeta-new-d3__GAME__139,Heuristic,AlphaBeta-new-d3,139,True,Heuristic,-1,8,5.758794546127319
main_tournament_resume_3,Heuristic__VS__AlphaBeta-new-d3__GAME__140,Heuristic,AlphaBeta-new-d3,140,False,Heuristic,1,8,5.667971134185791
main_tournament_resume_3,Heuristic__VS__AlphaBeta-new-d3__GAME__141,Heuristic,AlphaBeta-new-d3,141,True,Heuristic,-1,12,9.70389175415039
main_tournament_resume_3,Heuristic__VS__AlphaBeta-new-d3__GAME__142,Heuristic,AlphaBeta-new-d3,142,False,Heuristic,1,15,16.87297487258911
main_tournament_resume_3,Heuristic__VS__AlphaBeta-new-d3__GAME__143,Heuristic,AlphaBeta-new-d3,143,True,Heuristic,-1,6,5.446537971496582
main_tournament_resume_3,Heuristic__VS__AlphaBeta-new-d3__GAME__144,Heuristic,AlphaBeta-new-d3,144,False,Heuristic,1,7,4.092317581176758
main_tournament_resume_3,Heuristic__VS__AlphaBeta-new-d3__GAME__145,Heuristic,AlphaBeta-new-d3,145,True,Heuristic,-1,12,7.336713075637817
main_tournament_resume_3,Heuristic__VS__AlphaBeta-new-d3__GAME__146,Heuristic,AlphaBeta-new-d3,146,False,Heuristic,1,6,3.8394815921783447
main_tournament_resume_3,Heuristic__VS__AlphaBeta-new-d3__GAME__147,Heuristic,AlphaBeta-new-d3,147,True,Heuristic,-1,10,7.7949299812316895
main_tournament_resume_3,Heuristic__VS__AlphaBeta-new-d3__GAME__148,Heuristic,AlphaBeta-new-d3,148,False,Heuristic,1,11,10.1548011302948
main_tournament_resume_3,Heuristic__VS__AlphaBeta-new-d3__GAME__149,Heuristic,AlphaBeta-new-d3,149,True,Heuristic,-1,6,4.964586019515991
main_tournament_resume_3,Heuristic__VS__AlphaBeta-new-d3__GAME__150,Heuristic,AlphaBeta-new-d3,150,False,Heuristic,1,5,3.189317226409912
main_tournament_resume_3,Heuristic__VS__AlphaBeta-new-d3__GAME__151,Heuristic,AlphaBeta-new-d3,151,True,Heuristic,-1,10,9.134760856628418
main_tournament_resume_3,Heuristic__VS__AlphaBeta-new-d3__GAME__152,Heuristic,AlphaBeta-new-d3,152,False,Heuristic,1,5,3.5126028060913086
main_tournament_resume_3,Heuristic__VS__AlphaBeta-new-d3__GAME__153,Heuristic,AlphaBeta-new-d3,153,True,Heuristic,-1,5,3.9071874618530273
main_tournament_resume_3,Heuristic__VS__AlphaBeta-new-d3__GAME__154,Heuristic,AlphaBeta-new-d3,154,False,Heuristic,1,7,5.354111433029175
main_tournament_resume_3,Heuristic__VS__AlphaBeta-new-d3__GAME__155,Heuristic,AlphaBeta-new-d3,155,True,AlphaBeta-new-d3,1,13,14.516306638717651
main_tournament_resume_3,Heuristic__VS__AlphaBeta-new-d3__GAME__156,Heuristic,AlphaBeta-new-d3,156,False,Heuristic,1,7,5.024130344390869
main_tournament_resume_3,Heuristic__VS__AlphaBeta-new-d3__GAME__157,Heuristic,AlphaBeta-new-d3,157,True,Heuristic,-1,16,16.41904592514038
main_tournament_resume_3,Heuristic__VS__AlphaBeta-new-d3__GAME__158,Heuristic,AlphaBeta-new-d3,158,False,Heuristic,1,5,2.14353346824646
main_tournament_resume_3,Heuristic__VS__AlphaBeta-new-d3__GAME__159,Heuristic,AlphaBeta-new-d3,159,True,Heuristic,-1,4,2.126971483230591
main_tournament_resume_3,Heuristic__VS__AlphaBeta-new-d3__GAME__160,Heuristic,AlphaBeta-new-d3,160,False,Heuristic,1,11,8.41918396949768
main_tournament_resume_3,Heuristic__VS__AlphaBeta-new-d3__GAME__161,Heuristic,AlphaBeta-new-d3,161,True,Heuristic,-1,7,4.755830526351929
main_tournament_resume_3,Heuristic__VS__AlphaBeta-new-d3__GAME__162,Heuristic,AlphaBeta-new-d3,162,False,Heuristic,1,7,4.904388904571533
main_tournament_resume_3,Heuristic__VS__AlphaBeta-new-d3__GAME__163,Heuristic,AlphaBeta-new-d3,163,True,Heuristic,-1,10,6.952023029327393
main_tournament_resume_3,Heuristic__VS__AlphaBeta-new-d3__GAME__164,Heuristic,AlphaBeta-new-d3,164,False,AlphaBeta-new-d3,-1,10,7.685464859008789
main_tournament_resume_3,Heuristic__VS__AlphaBeta-new-d3__GAME__165,Heuristic,AlphaBeta-new-d3,165,True,Heuristic,-1,8,6.516903638839722
main_tournament_resume_3,Heuristic__VS__AlphaBeta-new-d3__GAME__166,Heuristic,AlphaBeta-new-d3,166,False,Heuristic,1,10,8.851277828216553
main_tournament_resume_3,Heuristic__VS__AlphaBeta-new-d3__GAME__167,Heuristic,AlphaBeta-new-d3,167,True,Heuristic,-1,8,6.2066709995269775
main_tournament_resume_3,Heuristic__VS__AlphaBeta-new-d3__GAME__168,Heuristic,AlphaBeta-new-d3,168,False,Heuristic,1,5,2.2370822429656982
main_tournament_resume_3,Heuristic__VS__AlphaBeta-new-d3__GAME__169,Heuristic,AlphaBeta-new-d3,169,True,Heuristic,-1,12,9.635210990905762
main_tournament_resume_3,Heuristic__VS__AlphaBeta-new-d3__GAME__170,Heuristic,AlphaBeta-new-d3,170,False,Heuristic,1,6,3.150442600250244
main_tournament_resume_3,Heuristic__VS__AlphaBeta-new-d3__GAME__171,Heuristic,AlphaBeta-new-d3,171,True,Heuristic,-1,7,5.964556455612183
main_tournament_resume_3,Heuristic__VS__AlphaBeta-new-d3__GAME__172,Heuristic,AlphaBeta-new-d3,172,False,Heuristic,1,7,4.631621360778809
main_tournament_resume_3,Heuristic__VS__AlphaBeta-new-d3__GAME__173,Heuristic,AlphaBeta-new-d3,173,True,Heuristic,-1,6,2.8147969245910645
main_tournament_resume_3,Heuristic__VS__AlphaBeta-new-d3__GAME__174,Heuristic,AlphaBeta-new-d3,174,False,Heuristic,1,10,8.34567379951477
main_tournament_resume_3,Heuristic__VS__AlphaBeta-new-d3__GAME__175,Heuristic,AlphaBeta-new-d3,175,True,Heuristic,-1,5,3.2867419719696045
main_tournament_resume_3,Heuristic__VS__AlphaBeta-new-d3__GAME__176,Heuristic,AlphaBeta-new-d3,176,False,Heuristic,1,7,4.195410966873169
main_tournament_resume_3,Heuristic__VS__AlphaBeta-new-d3__GAME__177,Heuristic,AlphaBeta-new-d3,177,True,Heuristic,-1,6,4.07702374458313
main_tournament_resume_3,Heuristic__VS__AlphaBeta-new-d3__GAME__178,Heuristic,AlphaBeta-new-d3,178,False,Heuristic,1,9,7.246560573577881
main_tournament_resume_3,Heuristic__VS__AlphaBeta-new-d3__GAME__179,Heuristic,AlphaBeta-new-d3,179,True,Heuristic,-1,6,4.6762425899505615
main_tournament_resume_3,Heuristic__VS__AlphaBeta-new-d3__GAME__180,Heuristic,AlphaBeta-new-d3,180,False,Heuristic,1,9,5.974984884262085
main_tournament_resume_3,Heuristic__VS__AlphaBeta-new-d3__GAME__181,Heuristic,AlphaBeta-new-d3,181,True,Heuristic,-1,8,6.0148773193359375
main_tournament_resume_3,Heuristic__VS__AlphaBeta-new-d3__GAME__182,Heuristic,AlphaBeta-new-d3,182,False,Heuristic,1,11,8.869177103042603
main_tournament_resume_3,Heuristic__VS__AlphaBeta-new-d3__GAME__183,Heuristic,AlphaBeta-new-d3,183,True,Heuristic,-1,6,3.507815361022949
main_tournament_resume_3,Heuristic__VS__AlphaBeta-new-d3__GAME__184,Heuristic,AlphaBeta-new-d3,184,False,Heuristic,1,5,2.00685453414917
main_tournament_resume_3,Heuristic__VS__AlphaBeta-new-d3__GAME__185,Heuristic,AlphaBeta-new-d3,185,True,Heuristic,-1,5,3.4765195846557617
main_tournament_resume_3,Heuristic__VS__AlphaBeta-new-d3__GAME__186,Heuristic,AlphaBeta-new-d3,186,False,Heuristic,1,7,4.496112823486328
main_tournament_resume_3,Heuristic__VS__AlphaBeta-new-d3__GAME__187,Heuristic,AlphaBeta-new-d3,187,True,Heuristic,-1,6,3.9202306270599365
main_tournament_resume_3,Heuristic__VS__AlphaBeta-new-d3__GAME__188,Heuristic,AlphaBeta-new-d3,188,False,Heuristic,1,5,2.3613765239715576
main_tournament_resume_3,Heuristic__VS__AlphaBeta-new-d3__GAME__189,Heuristic,AlphaBeta-new-d3,189,True,Heuristic,-1,5,3.657775640487671
main_tournament_resume_3,Heuristic__VS__AlphaBeta-new-d3__GAME__190,Heuristic,AlphaBeta-new-d3,190,False,Heuristic,1,6,5.309782981872559
main_tournament_resume_3,Heuristic__VS__AlphaBeta-new-d3__GAME__191,Heuristic,AlphaBeta-new-d3,191,True,Heuristic,-1,8,6.171795845031738
main_tournament_resume_3,Heuristic__VS__AlphaBeta-new-d3__GAME__192,Heuristic,AlphaBeta-new-d3,192,False,Heuristic,1,9,5.738125562667847
main_tournament_resume_3,Heuristic__VS__AlphaBeta-new-d3__GAME__193,Heuristic,AlphaBeta-new-d3,193,True,Heuristic,-1,8,6.66321587562561
main_tournament_resume_3,Heuristic__VS__AlphaBeta-new-d3__GAME__194,Heuristic,AlphaBeta-new-d3,194,False,Heuristic,1,7,4.337656497955322
main_tournament_resume_3,Heuristic__VS__AlphaBeta-new-d3__GAME__195,Heuristic,AlphaBeta-new-d3,195,True,Heuristic,-1,5,3.8993003368377686
main_tournament_resume_3,Heuristic__VS__AlphaBeta-new-d3__GAME__196,Heuristic,AlphaBeta-new-d3,196,False,Heuristic,1,5,2.2328238487243652
main_tournament_resume_3,Heuristic__VS__AlphaBeta-new-d3__GAME__197,Heuristic,AlphaBeta-new-d3,197,True,Heuristic,-1,6,3.81535005569458
main_tournament_resume_3,Heuristic__VS__AlphaBeta-new-d3__GAME__198,Heuristic,AlphaBeta-new-d3,198,False,Heuristic,1,7,3.8746135234832764
main_tournament_resume_3,Heuristic__VS__AlphaBeta-new-d3__GAME__199,Heuristic,AlphaBeta-new-d3,199,True,Heuristic,-1,6,4.42581033706665
main_tournament_resume_3,Heuristic__VS__AlphaBeta-new-d3__GAME__200,Heuristic,AlphaBeta-new-d3,200,False,Heuristic,1,11,9.380000352859497
main_tournament_resume_3,Heuristic__VS__AlphaBeta-new-d3__GAME__201,Heuristic,AlphaBeta-new-d3,201,True,Heuristic,-1,5,3.981931686401367
main_tournament_resume_3,Heuristic__VS__AlphaBeta-new-d3__GAME__202,Heuristic,AlphaBeta-new-d3,202,False,Heuristic,1,9,7.6239752769470215
main_tournament_resume_3,Heuristic__VS__AlphaBeta-new-d3__GAME__203,Heuristic,AlphaBeta-new-d3,203,True,Heuristic,-1,5,3.8987205028533936
main_tournament_resume_3,Heuristic__VS__AlphaBeta-new-d3__GAME__204,Heuristic,AlphaBeta-new-d3,204,False,Heuristic,1,5,2.585926055908203
main_tournament_resume_3,Heuristic__VS__AlphaBeta-new-d3__GAME__205,Heuristic,AlphaBeta-new-d3,205,True,AlphaBeta-new-d3,1,9,6.362473964691162
main_tournament_resume_3,Heuristic__VS__AlphaBeta-new-d3__GAME__206,Heuristic,AlphaBeta-new-d3,206,False,Heuristic,1,6,4.774408340454102
main_tournament_resume_3,Heuristic__VS__AlphaBeta-new-d3__GAME__207,Heuristic,AlphaBeta-new-d3,207,True,Heuristic,-1,14,15.810077667236328
main_tournament_resume_3,Heuristic__VS__AlphaBeta-new-d3__GAME__208,Heuristic,AlphaBeta-new-d3,208,False,Heuristic,1,7,4.40595817565918
main_tournament_resume_3,Heuristic__VS__AlphaBeta-new-d3__GAME__209,Heuristic,AlphaBeta-new-d3,209,True,Heuristic,-1,8,6.211105585098267
main_tournament_resume_3,Heuristic__VS__AlphaBeta-new-d3__GAME__210,Heuristic,AlphaBeta-new-d3,210,False,Heuristic,1,7,4.570732593536377
main_tournament_resume_3,Heuristic__VS__AlphaBeta-new-d3__GAME__211,Heuristic,AlphaBeta-new-d3,211,True,Heuristic,-1,8,6.313400506973267
main_tournament_resume_3,Heuristic__VS__AlphaBeta-new-d3__GAME__212,Heuristic,AlphaBeta-new-d3,212,False,Heuristic,1,6,3.941222667694092
main_tournament_resume_3,Heuristic__VS__AlphaBeta-new-d3__GAME__213,Heuristic,AlphaBeta-new-d3,213,True,Heuristic,-1,16,15.08279538154602
main_tournament_resume_3,Heuristic__VS__AlphaBeta-new-d3__GAME__214,Heuristic,AlphaBeta-new-d3,214,False,Heuristic,1,7,4.435032606124878
main_tournament_resume_3,Heuristic__VS__AlphaBeta-new-d3__GAME__215,Heuristic,AlphaBeta-new-d3,215,True,Heuristic,-1,5,4.338590621948242
main_tournament_resume_3,Heuristic__VS__AlphaBeta-new-d3__GAME__216,Heuristic,AlphaBeta-new-d3,216,False,AlphaBeta-new-d3,-1,10,9.01040506362915
main_tournament_resume_3,Heuristic__VS__AlphaBeta-new-d3__GAME__217,Heuristic,AlphaBeta-new-d3,217,True,Heuristic,-1,8,4.786150693893433
main_tournament_resume_3,Heuristic__VS__AlphaBeta-new-d3__GAME__218,Heuristic,AlphaBeta-new-d3,218,False,Heuristic,1,7,3.4766268730163574
main_tournament_resume_3,Heuristic__VS__AlphaBeta-new-d3__GAME__219,Heuristic,AlphaBeta-new-d3,219,True,Heuristic,-1,16,15.745808601379395
main_tournament_resume_3,Heuristic__VS__AlphaBeta-new-d3__GAME__220,Heuristic,AlphaBeta-new-d3,220,False,Heuristic,1,15,15.308612585067749
main_tournament_resume_3,Heuristic__VS__AlphaBeta-new-d3__GAME__221,Heuristic,AlphaBeta-new-d3,221,True,Heuristic,-1,10,8.305306434631348
main_tournament_resume_3,Heuristic__VS__AlphaBeta-new-d3__GAME__222,Heuristic,AlphaBeta-new-d3,222,False,Heuristic,1,7,4.134940147399902
main_tournament_resume_3,Heuristic__VS__AlphaBeta-new-d3__GAME__223,Heuristic,AlphaBeta-new-d3,223,True,Heuristic,-1,5,2.798264741897583
main_tournament_resume_3,Heuristic__VS__AlphaBeta-new-d3__GAME__224,Heuristic,AlphaBeta-new-d3,224,False,Heuristic,1,11,7.785898923873901
main_tournament_resume_3,Heuristic__VS__AlphaBeta-new-d3__GAME__225,Heuristic,AlphaBeta-new-d3,225,True,Heuristic,-1,8,5.298782825469971
main_tournament_resume_3,Heuristic__VS__AlphaBeta-new-d3__GAME__226,Heuristic,AlphaBeta-new-d3,226,False,Heuristic,1,7,3.7368171215057373
main_tournament_resume_3,Heuristic__VS__AlphaBeta-new-d3__GAME__227,Heuristic,AlphaBeta-new-d3,227,True,Heuristic,-1,7,5.540013313293457
main_tournament_resume_3,Heuristic__VS__AlphaBeta-new-d3__GAME__228,Heuristic,AlphaBeta-new-d3,228,False,Heuristic,1,5,3.0485730171203613
main_tournament_resume_3,Heuristic__VS__AlphaBeta-new-d3__GAME__229,Heuristic,AlphaBeta-new-d3,229,True,Heuristic,-1,6,4.233681917190552
main_tournament_resume_3,Heuristic__VS__AlphaBeta-new-d3__GAME__230,Heuristic,AlphaBeta-new-d3,230,False,Heuristic,1,9,5.535552263259888
main_tournament_resume_3,Heuristic__VS__AlphaBeta-new-d3__GAME__231,Heuristic,AlphaBeta-new-d3,231,True,Heuristic,-1,5,3.805577039718628
main_tournament_resume_3,Heuristic__VS__AlphaBeta-new-d3__GAME__232,Heuristic,AlphaBeta-new-d3,232,False,AlphaBeta-new-d3,-1,8,4.211422681808472
main_tournament_resume_3,Heuristic__VS__AlphaBeta-new-d3__GAME__233,Heuristic,AlphaBeta-new-d3,233,True,Heuristic,-1,6,5.4748451709747314
main_tournament_resume_3,Heuristic__VS__AlphaBeta-new-d3__GAME__234,Heuristic,AlphaBeta-new-d3,234,False,Heuristic,1,8,7.386137962341309
main_tournament_resume_3,Heuristic__VS__AlphaBeta-new-d3__GAME__235,Heuristic,AlphaBeta-new-d3,235,True,Heuristic,-1,10,7.579278469085693
main_tournament_resume_3,Heuristic__VS__AlphaBeta-new-d3__GAME__236,Heuristic,AlphaBeta-new-d3,236,False,Heuristic,1,9,5.36466646194458
main_tournament_resume_3,Heuristic__VS__AlphaBeta-new-d3__GAME__237,Heuristic,AlphaBeta-new-d3,237,True,Heuristic,-1,10,7.985272645950317
main_tournament_resume_3,Heuristic__VS__AlphaBeta-new-d3__GAME__238,Heuristic,AlphaBeta-new-d3,238,False,Heuristic,1,9,7.070215463638306
main_tournament_resume_3,Heuristic__VS__AlphaBeta-new-d3__GAME__239,Heuristic,AlphaBeta-new-d3,239,True,Heuristic,-1,6,4.650207042694092
main_tournament_resume_3,Heuristic__VS__AlphaBeta-new-d3__GAME__240,Heuristic,AlphaBeta-new-d3,240,False,Heuristic,1,7,5.392333030700684
main_tournament_resume_3,Heuristic__VS__AlphaBeta-new-d3__GAME__241,Heuristic,AlphaBeta-new-d3,241,True,Heuristic,-1,5,2.982259511947632
main_tournament_resume_3,Heuristic__VS__AlphaBeta-new-d3__GAME__242,Heuristic,AlphaBeta-new-d3,242,False,Heuristic,1,5,2.250462532043457
main_tournament_resume_3,Heuristic__VS__AlphaBeta-new-d3__GAME__243,Heuristic,AlphaBeta-new-d3,243,True,Heuristic,-1,6,3.9344887733459473
main_tournament_resume_3,Heuristic__VS__AlphaBeta-new-d3__GAME__244,Heuristic,AlphaBeta-new-d3,244,False,Heuristic,1,6,3.1784675121307373
main_tournament_resume_3,Heuristic__VS__AlphaBeta-new-d3__GAME__245,Heuristic,AlphaBeta-new-d3,245,True,Heuristic,-1,6,4.571090221405029
main_tournament_resume_3,Heuristic__VS__AlphaBeta-new-d3__GAME__246,Heuristic,AlphaBeta-new-d3,246,False,Heuristic,1,9,6.180305480957031
main_tournament_resume_3,Heuristic__VS__AlphaBeta-new-d3__GAME__247,Heuristic,AlphaBeta-new-d3,247,True,Heuristic,-1,6,4.269315481185913
main_tournament_resume_3,Heuristic__VS__AlphaBeta-new-d3__GAME__248,Heuristic,AlphaBeta-new-d3,248,False,Heuristic,1,9,5.8727312088012695
main_tournament_resume_3,Heuristic__VS__AlphaBeta-new-d3__GAME__249,Heuristic,AlphaBeta-new-d3,249,True,Heuristic,-1,5,3.408769130706787
main_tournament_resume_3,Heuristic__VS__MCTS-old-100__GAME__0,Heuristic,MCTS-old-100,0,False,Heuristic,1,4,3.083324670791626
main_tournament_resume_3,Heuristic__VS__MCTS-old-100__GAME__1,Heuristic,MCTS-old-100,1,True,Heuristic,-1,8,6.325148105621338
main_tournament_resume_3,Heuristic__VS__MCTS-old-100__GAME__2,Heuristic,MCTS-old-100,2,False,Heuristic,1,6,4.538356065750122
main_tournament_resume_3,Heuristic__VS__MCTS-old-100__GAME__3,Heuristic,MCTS-old-100,3,True,Heuristic,-1,19,28.453291416168213
main_tournament_resume_3,Heuristic__VS__MCTS-old-100__GAME__4,Heuristic,MCTS-old-100,4,False,Heuristic,1,9,7.564602613449097
main_tournament_resume_3,Heuristic__VS__MCTS-old-100__GAME__5,Heuristic,MCTS-old-100,5,True,Heuristic,-1,5,4.5337815284729
main_tournament_resume_3,Heuristic__VS__MCTS-old-100__GAME__6,Heuristic,MCTS-old-100,6,False,Heuristic,1,8,7.21303129196167
main_tournament_resume_3,Heuristic__VS__MCTS-old-100__GAME__7,Heuristic,MCTS-old-100,7,True,Heuristic,-1,26,43.97983956336975
main_tournament_resume_3,Heuristic__VS__MCTS-old-100__GAME__8,Heuristic,MCTS-old-100,8,False,draw,0,50,113.6577160358429
main_tournament_resume_3,Heuristic__VS__MCTS-old-100__GAME__9,Heuristic,MCTS-old-100,9,True,Heuristic,-1,26,44.852357387542725
main_tournament_resume_3,Heuristic__VS__MCTS-old-100__GAME__10,Heuristic,MCTS-old-100,10,False,Heuristic,1,6,5.506551027297974
main_tournament_resume_3,Heuristic__VS__MCTS-old-100__GAME__11,Heuristic,MCTS-old-100,11,True,Heuristic,-1,23,36.88515257835388
main_tournament_resume_3,Heuristic__VS__MCTS-old-100__GAME__12,Heuristic,MCTS-old-100,12,False,Heuristic,1,10,9.37193775177002
main_tournament_resume_3,Heuristic__VS__MCTS-old-100__GAME__13,Heuristic,MCTS-old-100,13,True,Heuristic,-1,10,10.077289342880249
main_tournament_resume_3,Heuristic__VS__MCTS-old-100__GAME__14,Heuristic,MCTS-old-100,14,False,Heuristic,1,6,4.475138187408447
main_tournament_resume_3,Heuristic__VS__MCTS-old-100__GAME__15,Heuristic,MCTS-old-100,15,True,Heuristic,-1,20,24.59103512763977
main_tournament_resume_3,Heuristic__VS__MCTS-old-100__GAME__16,Heuristic,MCTS-old-100,16,False,Heuristic,1,6,4.670623779296875
main_tournament_resume_3,Heuristic__VS__MCTS-old-100__GAME__17,Heuristic,MCTS-old-100,17,True,Heuristic,-1,5,4.275585651397705
main_tournament_resume_3,Heuristic__VS__MCTS-old-100__GAME__18,Heuristic,MCTS-old-100,18,False,Heuristic,1,6,4.430922269821167
main_tournament_resume_3,Heuristic__VS__MCTS-old-100__GAME__19,Heuristic,MCTS-old-100,19,True,Heuristic,-1,5,4.15349817276001
main_tournament_resume_3,Heuristic__VS__MCTS-old-100__GAME__20,Heuristic,MCTS-old-100,20,False,Heuristic,1,11,8.471226692199707
main_tournament_resume_3,Heuristic__VS__MCTS-old-100__GAME__21,Heuristic,MCTS-old-100,21,True,Heuristic,-1,5,4.41179347038269
main_tournament_resume_3,Heuristic__VS__MCTS-old-100__GAME__22,Heuristic,MCTS-old-100,22,False,Heuristic,1,10,10.499698162078857
main_tournament_resume_3,Heuristic__VS__MCTS-old-100__GAME__23,Heuristic,MCTS-old-100,23,True,Heuristic,-1,8,6.352673530578613
main_tournament_resume_3,Heuristic__VS__MCTS-old-100__GAME__24,Heuristic,MCTS-old-100,24,False,Heuristic,1,19,27.767613649368286
main_tournament_resume_3,Heuristic__VS__MCTS-old-100__GAME__25,Heuristic,MCTS-old-100,25,True,Heuristic,-1,8,7.860630989074707
main_tournament_resume_3,Heuristic__VS__MCTS-old-100__GAME__26,Heuristic,MCTS-old-100,26,False,Heuristic,1,29,45.285107135772705
main_tournament_resume_3,Heuristic__VS__MCTS-old-100__GAME__27,Heuristic,MCTS-old-100,27,True,Heuristic,-1,10,9.051516771316528
main_tournament_resume_3,Heuristic__VS__MCTS-old-100__GAME__28,Heuristic,MCTS-old-100,28,False,Heuristic,1,11,9.247650623321533
main_tournament_resume_3,Heuristic__VS__MCTS-old-100__GAME__29,Heuristic,MCTS-old-100,29,True,Heuristic,-1,7,7.189318895339966
main_tournament_resume_3,Heuristic__VS__MCTS-old-100__GAME__30,Heuristic,MCTS-old-100,30,False,Heuristic,1,7,5.314940452575684
main_tournament_resume_3,Heuristic__VS__MCTS-old-100__GAME__31,Heuristic,MCTS-old-100,31,True,Heuristic,-1,8,6.822009801864624
main_tournament_resume_3,Heuristic__VS__MCTS-old-100__GAME__32,Heuristic,MCTS-old-100,32,False,Heuristic,1,6,4.764275550842285
main_tournament_resume_3,Heuristic__VS__MCTS-old-100__GAME__33,Heuristic,MCTS-old-100,33,True,Heuristic,-1,16,17.067676305770874
main_tournament_resume_3,Heuristic__VS__MCTS-old-100__GAME__34,Heuristic,MCTS-old-100,34,False,Heuristic,1,11,11.103673934936523
main_tournament_resume_3,Heuristic__VS__MCTS-old-100__GAME__35,Heuristic,MCTS-old-100,35,True,Heuristic,-1,12,13.136021614074707
main_tournament_resume_3,Heuristic__VS__MCTS-old-100__GAME__36,Heuristic,MCTS-old-100,36,False,Heuristic,1,4,2.757723331451416
main_tournament_resume_3,Heuristic__VS__MCTS-old-100__GAME__37,Heuristic,MCTS-old-100,37,True,Heuristic,-1,6,4.586500644683838
main_tournament_resume_3,Heuristic__VS__MCTS-old-100__GAME__38,Heuristic,MCTS-old-100,38,False,Heuristic,1,6,4.2735936641693115
main_tournament_resume_3,Heuristic__VS__MCTS-old-100__GAME__39,Heuristic,MCTS-old-100,39,True,Heuristic,-1,9,8.292283773422241
main_tournament_resume_3,Heuristic__VS__MCTS-old-100__GAME__40,Heuristic,MCTS-old-100,40,False,Heuristic,1,7,4.898308753967285
main_tournament_resume_3,Heuristic__VS__MCTS-old-100__GAME__41,Heuristic,MCTS-old-100,41,True,MCTS-old-100,1,11,11.01641058921814
main_tournament_resume_3,Heuristic__VS__MCTS-old-100__GAME__42,Heuristic,MCTS-old-100,42,False,Heuristic,1,16,20.564453125
main_tournament_resume_3,Heuristic__VS__MCTS-old-100__GAME__43,Heuristic,MCTS-old-100,43,True,Heuristic,-1,5,4.201772451400757
main_tournament_resume_3,Heuristic__VS__MCTS-old-100__GAME__44,Heuristic,MCTS-old-100,44,False,Heuristic,1,13,12.162428617477417
main_tournament_resume_3,Heuristic__VS__MCTS-old-100__GAME__45,Heuristic,MCTS-old-100,45,True,Heuristic,-1,7,5.5258495807647705
main_tournament_resume_3,Heuristic__VS__MCTS-old-100__GAME__46,Heuristic,MCTS-old-100,46,False,Heuristic,1,17,19.196441650390625
main_tournament_resume_3,Heuristic__VS__MCTS-old-100__GAME__47,Heuristic,MCTS-old-100,47,True,MCTS-old-100,1,15,14.532548666000366
main_tournament_resume_3,Heuristic__VS__MCTS-old-100__GAME__48,Heuristic,MCTS-old-100,48,False,Heuristic,1,10,9.857990503311157
main_tournament_resume_3,Heuristic__VS__MCTS-old-100__GAME__49,Heuristic,MCTS-old-100,49,True,Heuristic,-1,5,4.352013826370239
main_tournament_resume_3,Heuristic__VS__MCTS-old-100__GAME__50,Heuristic,MCTS-old-100,50,False,Heuristic,1,21,24.68473768234253
main_tournament_resume_3,Heuristic__VS__MCTS-old-100__GAME__51,Heuristic,MCTS-old-100,51,True,Heuristic,-1,5,4.205167055130005
main_tournament_resume_3,Heuristic__VS__MCTS-old-100__GAME__52,Heuristic,MCTS-old-100,52,False,Heuristic,1,7,5.3072028160095215
main_tournament_resume_3,Heuristic__VS__MCTS-old-100__GAME__53,Heuristic,MCTS-old-100,53,True,Heuristic,-1,38,51.52666616439819
main_tournament_resume_3,Heuristic__VS__MCTS-old-100__GAME__54,Heuristic,MCTS-old-100,54,False,MCTS-old-100,-1,10,8.892269849777222
main_tournament_resume_3,Heuristic__VS__MCTS-old-100__GAME__55,Heuristic,MCTS-old-100,55,True,Heuristic,-1,14,16.185826778411865
main_tournament_resume_3,Heuristic__VS__MCTS-old-100__GAME__56,Heuristic,MCTS-old-100,56,False,Heuristic,1,6,4.663225889205933
main_tournament_resume_3,Heuristic__VS__MCTS-old-100__GAME__57,Heuristic,MCTS-old-100,57,True,Heuristic,-1,18,21.87192940711975
main_tournament_resume_3,Heuristic__VS__MCTS-old-100__GAME__58,Heuristic,MCTS-old-100,58,False,Heuristic,1,12,11.330002546310425
main_tournament_resume_3,Heuristic__VS__MCTS-old-100__GAME__59,Heuristic,MCTS-old-100,59,True,Heuristic,-1,13,15.729434251785278
main_tournament_resume_3,Heuristic__VS__MCTS-old-100__GAME__60,Heuristic,MCTS-old-100,60,False,Heuristic,1,9,7.9618916511535645
main_tournament_resume_3,Heuristic__VS__MCTS-old-100__GAME__61,Heuristic,MCTS-old-100,61,True,Heuristic,-1,15,19.491822004318237
main_tournament_resume_3,Heuristic__VS__MCTS-old-100__GAME__62,Heuristic,MCTS-old-100,62,False,Heuristic,1,7,4.846537351608276
main_tournament_resume_3,Heuristic__VS__MCTS-old-100__GAME__63,Heuristic,MCTS-old-100,63,True,draw,0,50,70.23802042007446
main_tournament_resume_3,Heuristic__VS__MCTS-old-100__GAME__64,Heuristic,MCTS-old-100,64,False,Heuristic,1,13,13.941123008728027
main_tournament_resume_3,Heuristic__VS__MCTS-old-100__GAME__65,Heuristic,MCTS-old-100,65,True,Heuristic,-1,9,8.207001686096191
main_tournament_resume_3,Heuristic__VS__MCTS-old-100__GAME__66,Heuristic,MCTS-old-100,66,False,Heuristic,1,9,6.3996970653533936
main_tournament_resume_3,Heuristic__VS__MCTS-old-100__GAME__67,Heuristic,MCTS-old-100,67,True,Heuristic,-1,16,17.930603981018066
main_tournament_resume_3,Heuristic__VS__MCTS-old-100__GAME__68,Heuristic,MCTS-old-100,68,False,Heuristic,1,6,4.284022331237793
main_tournament_resume_3,Heuristic__VS__MCTS-old-100__GAME__69,Heuristic,MCTS-old-100,69,True,Heuristic,-1,11,10.633310079574585
main_tournament_resume_3,Heuristic__VS__MCTS-old-100__GAME__70,Heuristic,MCTS-old-100,70,False,Heuristic,1,22,27.485676765441895
main_tournament_resume_3,Heuristic__VS__MCTS-old-100__GAME__71,Heuristic,MCTS-old-100,71,True,Heuristic,-1,11,9.803906202316284
main_tournament_resume_3,Heuristic__VS__MCTS-old-100__GAME__72,Heuristic,MCTS-old-100,72,False,Heuristic,1,6,4.875558137893677
main_tournament_resume_3,Heuristic__VS__MCTS-old-100__GAME__73,Heuristic,MCTS-old-100,73,True,Heuristic,-1,12,12.478198528289795
main_tournament_resume_3,Heuristic__VS__MCTS-old-100__GAME__74,Heuristic,MCTS-old-100,74,False,Heuristic,1,11,9.877698183059692
main_tournament_resume_3,Heuristic__VS__MCTS-old-100__GAME__75,Heuristic,MCTS-old-100,75,True,Heuristic,-1,11,11.294525384902954
main_tournament_resume_3,Heuristic__VS__MCTS-old-100__GAME__76,Heuristic,MCTS-old-100,76,False,MCTS-old-100,-1,12,11.871033191680908
main_tournament_resume_3,Heuristic__VS__MCTS-old-100__GAME__77,Heuristic,MCTS-old-100,77,True,Heuristic,-1,8,6.878938913345337
main_tournament_resume_3,Heuristic__VS__MCTS-old-100__GAME__78,Heuristic,MCTS-old-100,78,False,Heuristic,1,7,5.479900598526001
main_tournament_resume_3,Heuristic__VS__MCTS-old-100__GAME__79,Heuristic,MCTS-old-100,79,True,MCTS-old-100,1,15,15.898559093475342
main_tournament_resume_3,Heuristic__VS__MCTS-old-100__GAME__80,Heuristic,MCTS-old-100,80,False,Heuristic,1,19,21.030043840408325
main_tournament_resume_3,Heuristic__VS__MCTS-old-100__GAME__81,Heuristic,MCTS-old-100,81,True,Heuristic,-1,12,12.095096111297607
main_tournament_resume_3,Heuristic__VS__MCTS-old-100__GAME__82,Heuristic,MCTS-old-100,82,False,MCTS-old-100,-1,10,9.467546224594116
main_tournament_resume_3,Heuristic__VS__MCTS-old-100__GAME__83,Heuristic,MCTS-old-100,83,True,Heuristic,-1,20,33.022937297821045
main_tournament_resume_3,Heuristic__VS__MCTS-old-100__GAME__84,Heuristic,MCTS-old-100,84,False,Heuristic,1,13,12.425567388534546
main_tournament_resume_3,Heuristic__VS__MCTS-old-100__GAME__85,Heuristic,MCTS-old-100,85,True,Heuristic,-1,16,18.518319845199585
main_tournament_resume_3,Heuristic__VS__MCTS-old-100__GAME__86,Heuristic,MCTS-old-100,86,False,Heuristic,1,6,4.343688726425171
main_tournament_resume_3,Heuristic__VS__MCTS-old-100__GAME__87,Heuristic,MCTS-old-100,87,True,MCTS-old-100,1,9,7.644848346710205
main_tournament_resume_3,Heuristic__VS__MCTS-old-100__GAME__88,Heuristic,MCTS-old-100,88,False,Heuristic,1,6,4.314664602279663
main_tournament_resume_3,Heuristic__VS__MCTS-old-100__GAME__89,Heuristic,MCTS-old-100,89,True,MCTS-old-100,1,29,45.116615533828735
main_tournament_resume_3,Heuristic__VS__MCTS-old-100__GAME__90,Heuristic,MCTS-old-100,90,False,MCTS-old-100,-1,12,13.48231315612793
main_tournament_resume_3,Heuristic__VS__MCTS-old-100__GAME__91,Heuristic,MCTS-old-100,91,True,Heuristic,-1,7,6.141516447067261
main_tournament_resume_3,Heuristic__VS__MCTS-old-100__GAME__92,Heuristic,MCTS-old-100,92,False,Heuristic,1,23,30.663960695266724
main_tournament_resume_3,Heuristic__VS__MCTS-old-100__GAME__93,Heuristic,MCTS-old-100,93,True,Heuristic,-1,8,7.22390604019165
main_tournament_resume_3,Heuristic__VS__MCTS-old-100__GAME__94,Heuristic,MCTS-old-100,94,False,Heuristic,1,12,15.395286083221436
main_tournament_resume_3,Heuristic__VS__MCTS-old-100__GAME__95,Heuristic,MCTS-old-100,95,True,MCTS-old-100,1,11,12.726380586624146
main_tournament_resume_3,Heuristic__VS__MCTS-old-100__GAME__96,Heuristic,MCTS-old-100,96,False,Heuristic,1,11,10.933286190032959
main_tournament_resume_3,Heuristic__VS__MCTS-old-100__GAME__97,Heuristic,MCTS-old-100,97,True,Heuristic,-1,8,6.325454950332642
main_tournament_resume_3,Heuristic__VS__MCTS-old-100__GAME__98,Heuristic,MCTS-old-100,98,False,Heuristic,1,6,4.442587375640869
main_tournament_resume_3,Heuristic__VS__MCTS-old-100__GAME__99,Heuristic,MCTS-old-100,99,True,Heuristic,-1,12,12.410423994064331
main_tournament_resume_3,Heuristic__VS__MCTS-old-100__GAME__100,Heuristic,MCTS-old-100,100,False,Heuristic,1,6,4.6313560009002686
main_tournament_resume_3,Heuristic__VS__MCTS-old-100__GAME__101,Heuristic,MCTS-old-100,101,True,Heuristic,-1,18,19.496763944625854
main_tournament_resume_3,Heuristic__VS__MCTS-old-100__GAME__102,Heuristic,MCTS-old-100,102,False,Heuristic,1,15,16.35717797279358
main_tournament_resume_3,Heuristic__VS__MCTS-old-100__GAME__103,Heuristic,MCTS-old-100,103,True,Heuristic,-1,26,38.564460039138794
main_tournament_resume_3,Heuristic__VS__MCTS-old-100__GAME__104,Heuristic,MCTS-old-100,104,False,Heuristic,1,6,4.989006280899048
main_tournament_resume_3,Heuristic__VS__MCTS-old-100__GAME__105,Heuristic,MCTS-old-100,105,True,Heuristic,-1,10,9.147021770477295
main_tournament_resume_3,Heuristic__VS__MCTS-old-100__GAME__106,Heuristic,MCTS-old-100,106,False,Heuristic,1,6,4.378915548324585
main_tournament_resume_3,Heuristic__VS__MCTS-old-100__GAME__107,Heuristic,MCTS-old-100,107,True,Heuristic,-1,11,10.258418321609497
main_tournament_resume_3,Heuristic__VS__MCTS-old-100__GAME__108,Heuristic,MCTS-old-100,108,False,Heuristic,1,11,9.525311946868896
main_tournament_resume_3,Heuristic__VS__MCTS-old-100__GAME__109,Heuristic,MCTS-old-100,109,True,Heuristic,-1,16,20.04420828819275
main_tournament_resume_3,Heuristic__VS__MCTS-old-100__GAME__110,Heuristic,MCTS-old-100,110,False,Heuristic,1,4,3.1177611351013184
main_tournament_resume_3,Heuristic__VS__MCTS-old-100__GAME__111,Heuristic,MCTS-old-100,111,True,MCTS-old-100,1,31,48.83405828475952
main_tournament_resume_3,Heuristic__VS__MCTS-old-100__GAME__112,Heuristic,MCTS-old-100,112,False,Heuristic,1,8,7.013296604156494
main_tournament_resume_3,Heuristic__VS__MCTS-old-100__GAME__113,Heuristic,MCTS-old-100,113,True,Heuristic,-1,10,9.75417184829712
main_tournament_resume_3,Heuristic__VS__MCTS-old-100__GAME__114,Heuristic,MCTS-old-100,114,False,Heuristic,1,6,4.617375612258911
main_tournament_resume_3,Heuristic__VS__MCTS-old-100__GAME__115,Heuristic,MCTS-old-100,115,True,Heuristic,-1,7,5.686429738998413
main_tournament_resume_3,Heuristic__VS__MCTS-old-100__GAME__116,Heuristic,MCTS-old-100,116,False,Heuristic,1,9,7.426400661468506
main_tournament_resume_3,Heuristic__VS__MCTS-old-100__GAME__117,Heuristic,MCTS-old-100,117,True,Heuristic,-1,6,4.7233664989471436
main_tournament_resume_3,Heuristic__VS__MCTS-old-100__GAME__118,Heuristic,MCTS-old-100,118,False,Heuristic,1,13,12.690650463104248
main_tournament_resume_3,Heuristic__VS__MCTS-old-100__GAME__119,Heuristic,MCTS-old-100,119,True,Heuristic,-1,19,26.644683361053467
main_tournament_resume_3,Heuristic__VS__MCTS-old-100__GAME__120,Heuristic,MCTS-old-100,120,False,Heuristic,1,6,4.418510913848877
main_tournament_resume_3,Heuristic__VS__MCTS-old-100__GAME__121,Heuristic,MCTS-old-100,121,True,Heuristic,-1,7,6.1338300704956055
main_tournament_resume_3,Heuristic__VS__MCTS-old-100__GAME__122,Heuristic,MCTS-old-100,122,False,Heuristic,1,13,13.392512798309326
main_tournament_resume_3,Heuristic__VS__MCTS-old-100__GAME__123,Heuristic,MCTS-old-100,123,True,Heuristic,-1,19,23.226582527160645
main_tournament_resume_3,Heuristic__VS__MCTS-old-100__GAME__124,Heuristic,MCTS-old-100,124,False,Heuristic,1,11,10.686487674713135
main_tournament_resume_3,Heuristic__VS__MCTS-old-100__GAME__125,Heuristic,MCTS-old-100,125,True,Heuristic,-1,11,11.511126518249512
main_tournament_resume_3,Heuristic__VS__MCTS-old-100__GAME__126,Heuristic,MCTS-old-100,126,False,Heuristic,1,15,19.956121683120728
main_tournament_resume_3,Heuristic__VS__MCTS-old-100__GAME__127,Heuristic,MCTS-old-100,127,True,Heuristic,-1,10,9.454655408859253
main_tournament_resume_3,Heuristic__VS__MCTS-old-100__GAME__128,Heuristic,MCTS-old-100,128,False,Heuristic,1,6,4.896546840667725
main_tournament_resume_3,Heuristic__VS__MCTS-old-100__GAME__129,Heuristic,MCTS-old-100,129,True,Heuristic,-1,8,6.7627623081207275
main_tournament_resume_3,Heuristic__VS__MCTS-old-100__GAME__130,Heuristic,MCTS-old-100,130,False,Heuristic,1,7,5.218296527862549
main_tournament_resume_3,Heuristic__VS__MCTS-old-100__GAME__131,Heuristic,MCTS-old-100,131,True,Heuristic,-1,14,15.256576299667358
main_tournament_resume_3,Heuristic__VS__MCTS-old-100__GAME__132,Heuristic,MCTS-old-100,132,False,Heuristic,1,9,6.948805809020996
main_tournament_resume_3,Heuristic__VS__MCTS-old-100__GAME__133,Heuristic,MCTS-old-100,133,True,Heuristic,-1,10,8.970887422561646
main_tournament_resume_3,Heuristic__VS__MCTS-old-100__GAME__134,Heuristic,MCTS-old-100,134,False,Heuristic,1,11,10.09143877029419
main_tournament_resume_3,Heuristic__VS__MCTS-old-100__GAME__135,Heuristic,MCTS-old-100,135,True,Heuristic,-1,8,6.833908557891846
main_tournament_resume_3,Heuristic__VS__MCTS-old-100__GAME__136,Heuristic,MCTS-old-100,136,False,Heuristic,1,31,63.85709762573242
main_tournament_resume_3,Heuristic__VS__MCTS-old-100__GAME__137,Heuristic,MCTS-old-100,137,True,draw,0,50,100.3945517539978
main_tournament_resume_3,Heuristic__VS__MCTS-old-100__GAME__138,Heuristic,MCTS-old-100,138,False,Heuristic,1,6,4.563376426696777
main_tournament_resume_3,Heuristic__VS__MCTS-old-100__GAME__139,Heuristic,MCTS-old-100,139,True,Heuristic,-1,7,5.902818441390991
main_tournament_resume_3,Heuristic__VS__MCTS-old-100__GAME__140,Heuristic,MCTS-old-100,140,False,Heuristic,1,13,12.443043947219849
main_tournament_resume_3,Heuristic__VS__MCTS-old-100__GAME__141,Heuristic,MCTS-old-100,141,True,Heuristic,-1,12,11.70648455619812
main_tournament_resume_3,Heuristic__VS__MCTS-old-100__GAME__142,Heuristic,MCTS-old-100,142,False,Heuristic,1,6,4.9712677001953125
main_tournament_resume_3,Heuristic__VS__MCTS-old-100__GAME__143,Heuristic,MCTS-old-100,143,True,Heuristic,-1,9,8.313599348068237
main_tournament_resume_3,Heuristic__VS__MCTS-old-100__GAME__144,Heuristic,MCTS-old-100,144,False,Heuristic,1,22,30.92139482498169
main_tournament_resume_3,Heuristic__VS__MCTS-old-100__GAME__145,Heuristic,MCTS-old-100,145,True,Heuristic,-1,9,7.0367536544799805
main_tournament_resume_3,Heuristic__VS__MCTS-old-100__GAME__146,Heuristic,MCTS-old-100,146,False,Heuristic,1,4,2.708049774169922
main_tournament_resume_3,Heuristic__VS__MCTS-old-100__GAME__147,Heuristic,MCTS-old-100,147,True,Heuristic,-1,5,4.083709001541138
main_tournament_resume_3,Heuristic__VS__MCTS-old-100__GAME__148,Heuristic,MCTS-old-100,148,False,Heuristic,1,34,50.79682922363281
main_tournament_resume_3,Heuristic__VS__MCTS-old-100__GAME__149,Heuristic,MCTS-old-100,149,True,Heuristic,-1,6,4.688052415847778
main_tournament_resume_3,Heuristic__VS__MCTS-old-100__GAME__150,Heuristic,MCTS-old-100,150,False,Heuristic,1,8,6.651640892028809
main_tournament_resume_3,Heuristic__VS__MCTS-old-100__GAME__151,Heuristic,MCTS-old-100,151,True,MCTS-old-100,1,11,10.674374341964722
main_tournament_resume_3,Heuristic__VS__MCTS-old-100__GAME__152,Heuristic,MCTS-old-100,152,False,Heuristic,1,14,15.216185569763184
main_tournament_resume_3,Heuristic__VS__MCTS-old-100__GAME__153,Heuristic,MCTS-old-100,153,True,Heuristic,-1,8,6.850649118423462
main_tournament_resume_3,Heuristic__VS__MCTS-old-100__GAME__154,Heuristic,MCTS-old-100,154,False,Heuristic,1,10,10.366454601287842
main_tournament_resume_3,Heuristic__VS__MCTS-old-100__GAME__155,Heuristic,MCTS-old-100,155,True,Heuristic,-1,5,4.491446256637573
main_tournament_resume_3,Heuristic__VS__MCTS-old-100__GAME__156,Heuristic,MCTS-old-100,156,False,MCTS-old-100,-1,12,12.491835355758667
main_tournament_resume_3,Heuristic__VS__MCTS-old-100__GAME__157,Heuristic,MCTS-old-100,157,True,Heuristic,-1,10,9.193264245986938
main_tournament_resume_3,Heuristic__VS__MCTS-old-100__GAME__158,Heuristic,MCTS-old-100,158,False,Heuristic,1,9,7.752994775772095
main_tournament_resume_3,Heuristic__VS__MCTS-old-100__GAME__159,Heuristic,MCTS-old-100,159,True,Heuristic,-1,10,9.540822267532349
main_tournament_resume_3,Heuristic__VS__MCTS-old-100__GAME__160,Heuristic,MCTS-old-100,160,False,Heuristic,1,15,14.445288896560669
main_tournament_resume_3,Heuristic__VS__MCTS-old-100__GAME__161,Heuristic,MCTS-old-100,161,True,Heuristic,-1,5,4.306374788284302
main_tournament_resume_3,Heuristic__VS__MCTS-old-100__GAME__162,Heuristic,MCTS-old-100,162,False,Heuristic,1,12,11.483912229537964
main_tournament_resume_3,Heuristic__VS__MCTS-old-100__GAME__163,Heuristic,MCTS-old-100,163,True,Heuristic,-1,10,10.298938035964966
main_tournament_resume_3,Heuristic__VS__MCTS-old-100__GAME__164,Heuristic,MCTS-old-100,164,False,Heuristic,1,6,4.712992191314697
main_tournament_resume_3,Heuristic__VS__MCTS-old-100__GAME__165,Heuristic,MCTS-old-100,165,True,Heuristic,-1,6,4.827293634414673
main_tournament_resume_3,Heuristic__VS__MCTS-old-100__GAME__166,Heuristic,MCTS-old-100,166,False,MCTS-old-100,-1,20,31.035147428512573
main_tournament_resume_3,Heuristic__VS__MCTS-old-100__GAME__167,Heuristic,MCTS-old-100,167,True,Heuristic,-1,6,5.108255386352539
main_tournament_resume_3,Heuristic__VS__MCTS-old-100__GAME__168,Heuristic,MCTS-old-100,168,False,MCTS-old-100,-1,16,15.83237338066101
main_tournament_resume_3,Heuristic__VS__MCTS-old-100__GAME__169,Heuristic,MCTS-old-100,169,True,Heuristic,-1,5,3.721208095550537
main_tournament_resume_3,Heuristic__VS__MCTS-old-100__GAME__170,Heuristic,MCTS-old-100,170,False,Heuristic,1,8,7.097053289413452
main_tournament_resume_3,Heuristic__VS__MCTS-old-100__GAME__171,Heuristic,MCTS-old-100,171,True,Heuristic,-1,14,17.080952405929565
main_tournament_resume_3,Heuristic__VS__MCTS-old-100__GAME__172,Heuristic,MCTS-old-100,172,False,MCTS-old-100,-1,8,6.122558116912842
main_tournament_resume_3,Heuristic__VS__MCTS-old-100__GAME__173,Heuristic,MCTS-old-100,173,True,Heuristic,-1,5,4.551729440689087
main_tournament_resume_3,Heuristic__VS__MCTS-old-100__GAME__174,Heuristic,MCTS-old-100,174,False,Heuristic,1,6,4.936678647994995
main_tournament_resume_3,Heuristic__VS__MCTS-old-100__GAME__175,Heuristic,MCTS-old-100,175,True,Heuristic,-1,12,11.249230146408081
main_tournament_resume_3,Heuristic__VS__MCTS-old-100__GAME__176,Heuristic,MCTS-old-100,176,False,MCTS-old-100,-1,8,6.064751863479614
main_tournament_resume_3,Heuristic__VS__MCTS-old-100__GAME__177,Heuristic,MCTS-old-100,177,True,Heuristic,-1,10,9.058231353759766
main_tournament_resume_3,Heuristic__VS__MCTS-old-100__GAME__178,Heuristic,MCTS-old-100,178,False,MCTS-old-100,-1,8,5.9738664627075195
main_tournament_resume_3,Heuristic__VS__MCTS-old-100__GAME__179,Heuristic,MCTS-old-100,179,True,Heuristic,-1,16,19.53259015083313
main_tournament_resume_3,Heuristic__VS__MCTS-old-100__GAME__180,Heuristic,MCTS-old-100,180,False,Heuristic,1,6,5.362107515335083
main_tournament_resume_3,Heuristic__VS__MCTS-old-100__GAME__181,Heuristic,MCTS-old-100,181,True,MCTS-old-100,1,7,5.565876722335815
main_tournament_resume_3,Heuristic__VS__MCTS-old-100__GAME__182,Heuristic,MCTS-old-100,182,False,Heuristic,1,6,4.634379148483276
main_tournament_resume_3,Heuristic__VS__MCTS-old-100__GAME__183,Heuristic,MCTS-old-100,183,True,Heuristic,-1,10,10.39426326751709
main_tournament_resume_3,Heuristic__VS__MCTS-old-100__GAME__184,Heuristic,MCTS-old-100,184,False,Heuristic,1,7,5.23145055770874
main_tournament_resume_3,Heuristic__VS__MCTS-old-100__GAME__185,Heuristic,MCTS-old-100,185,True,Heuristic,-1,5,4.327609300613403
main_tournament_resume_3,Heuristic__VS__MCTS-old-100__GAME__186,Heuristic,MCTS-old-100,186,False,draw,0,50,121.59455585479736
main_tournament_resume_3,Heuristic__VS__MCTS-old-100__GAME__187,Heuristic,MCTS-old-100,187,True,Heuristic,-1,22,33.50350069999695
main_tournament_resume_3,Heuristic__VS__MCTS-old-100__GAME__188,Heuristic,MCTS-old-100,188,False,Heuristic,1,6,4.559420824050903
main_tournament_resume_3,Heuristic__VS__MCTS-old-100__GAME__189,Heuristic,MCTS-old-100,189,True,Heuristic,-1,13,15.067914962768555
main_tournament_resume_3,Heuristic__VS__MCTS-old-100__GAME__190,Heuristic,MCTS-old-100,190,False,Heuristic,1,8,7.884397506713867
main_tournament_resume_3,Heuristic__VS__MCTS-old-100__GAME__191,Heuristic,MCTS-old-100,191,True,MCTS-old-100,1,9,9.057864904403687
main_tournament_resume_3,Heuristic__VS__MCTS-old-100__GAME__192,Heuristic,MCTS-old-100,192,False,Heuristic,1,13,14.934718370437622
main_tournament_resume_3,Heuristic__VS__MCTS-old-100__GAME__193,Heuristic,MCTS-old-100,193,True,Heuristic,-1,12,11.542462348937988
main_tournament_resume_3,Heuristic__VS__MCTS-old-100__GAME__194,Heuristic,MCTS-old-100,194,False,MCTS-old-100,-1,14,14.710872173309326
main_tournament_resume_3,Heuristic__VS__MCTS-old-100__GAME__195,Heuristic,MCTS-old-100,195,True,MCTS-old-100,1,19,22.60277771949768
main_tournament_resume_3,Heuristic__VS__MCTS-old-100__GAME__196,Heuristic,MCTS-old-100,196,False,Heuristic,1,6,5.2572455406188965
main_tournament_resume_3,Heuristic__VS__MCTS-old-100__GAME__197,Heuristic,MCTS-old-100,197,True,MCTS-old-100,1,11,9.853086471557617
main_tournament_resume_3,Heuristic__VS__MCTS-old-100__GAME__198,Heuristic,MCTS-old-100,198,False,Heuristic,1,9,7.822660207748413
main_tournament_resume_3,Heuristic__VS__MCTS-old-100__GAME__199,Heuristic,MCTS-old-100,199,True,Heuristic,-1,7,5.598085641860962
main_tournament_resume_3,Heuristic__VS__MCTS-old-100__GAME__200,Heuristic,MCTS-old-100,200,False,Heuristic,1,6,4.964849233627319
main_tournament_resume_3,Heuristic__VS__MCTS-old-100__GAME__201,Heuristic,MCTS-old-100,201,True,MCTS-old-100,1,7,6.24277663230896
main_tournament_resume_3,Heuristic__VS__MCTS-old-100__GAME__202,Heuristic,MCTS-old-100,202,False,Heuristic,1,5,3.1807758808135986
main_tournament_resume_3,Heuristic__VS__MCTS-old-100__GAME__203,Heuristic,MCTS-old-100,203,True,Heuristic,-1,5,4.35660982131958
main_tournament_resume_3,Heuristic__VS__MCTS-old-100__GAME__204,Heuristic,MCTS-old-100,204,False,Heuristic,1,8,6.708246946334839
main_tournament_resume_3,Heuristic__VS__MCTS-old-100__GAME__205,Heuristic,MCTS-old-100,205,True,Heuristic,-1,9,7.7818920612335205
main_tournament_resume_3,Heuristic__VS__MCTS-old-100__GAME__206,Heuristic,MCTS-old-100,206,False,Heuristic,1,6,4.283843278884888
main_tournament_resume_3,Heuristic__VS__MCTS-old-100__GAME__207,Heuristic,MCTS-old-100,207,True,MCTS-old-100,1,9,6.509218454360962
main_tournament_resume_3,Heuristic__VS__MCTS-old-100__GAME__208,Heuristic,MCTS-old-100,208,False,Heuristic,1,16,17.972584009170532
main_tournament_resume_3,Heuristic__VS__MCTS-old-100__GAME__209,Heuristic,MCTS-old-100,209,True,Heuristic,-1,24,40.7028706073761
main_tournament_resume_3,Heuristic__VS__MCTS-old-100__GAME__210,Heuristic,MCTS-old-100,210,False,Heuristic,1,7,5.305049657821655
main_tournament_resume_3,Heuristic__VS__MCTS-old-100__GAME__211,Heuristic,MCTS-old-100,211,True,Heuristic,-1,14,17.04120445251465
main_tournament_resume_3,Heuristic__VS__MCTS-old-100__GAME__212,Heuristic,MCTS-old-100,212,False,Heuristic,1,7,5.201333522796631
main_tournament_resume_3,Heuristic__VS__MCTS-old-100__GAME__213,Heuristic,MCTS-old-100,213,True,Heuristic,-1,6,4.2598161697387695
main_tournament_resume_3,Heuristic__VS__MCTS-old-100__GAME__214,Heuristic,MCTS-old-100,214,False,Heuristic,1,6,4.702671766281128
main_tournament_resume_3,Heuristic__VS__MCTS-old-100__GAME__215,Heuristic,MCTS-old-100,215,True,Heuristic,-1,8,6.9279210567474365
main_tournament_resume_3,Heuristic__VS__MCTS-old-100__GAME__216,Heuristic,MCTS-old-100,216,False,Heuristic,1,8,7.036588430404663
main_tournament_resume_3,Heuristic__VS__MCTS-old-100__GAME__217,Heuristic,MCTS-old-100,217,True,Heuristic,-1,8,7.1817262172698975
main_tournament_resume_3,Heuristic__VS__MCTS-old-100__GAME__218,Heuristic,MCTS-old-100,218,False,Heuristic,1,13,12.99643588066101
main_tournament_resume_3,Heuristic__VS__MCTS-old-100__GAME__219,Heuristic,MCTS-old-100,219,True,Heuristic,-1,12,11.043640851974487
main_tournament_resume_3,Heuristic__VS__MCTS-old-100__GAME__220,Heuristic,MCTS-old-100,220,False,Heuristic,1,7,5.00656795501709
main_tournament_resume_3,Heuristic__VS__MCTS-old-100__GAME__221,Heuristic,MCTS-old-100,221,True,Heuristic,-1,20,21.10970687866211
main_tournament_resume_3,Heuristic__VS__MCTS-old-100__GAME__222,Heuristic,MCTS-old-100,222,False,MCTS-old-100,-1,10,8.08060908317566
main_tournament_resume_3,Heuristic__VS__MCTS-old-100__GAME__223,Heuristic,MCTS-old-100,223,True,Heuristic,-1,12,11.81882643699646
main_tournament_resume_3,Heuristic__VS__MCTS-old-100__GAME__224,Heuristic,MCTS-old-100,224,False,Heuristic,1,8,6.439688444137573
main_tournament_resume_3,Heuristic__VS__MCTS-old-100__GAME__225,Heuristic,MCTS-old-100,225,True,Heuristic,-1,13,16.340433597564697
main_tournament_resume_3,Heuristic__VS__MCTS-old-100__GAME__226,Heuristic,MCTS-old-100,226,False,Heuristic,1,13,12.11243748664856
main_tournament_resume_3,Heuristic__VS__MCTS-old-100__GAME__227,Heuristic,MCTS-old-100,227,True,Heuristic,-1,9,7.554626703262329
main_tournament_resume_3,Heuristic__VS__MCTS-old-100__GAME__228,Heuristic,MCTS-old-100,228,False,draw,0,50,101.18573379516602
main_tournament_resume_3,Heuristic__VS__MCTS-old-100__GAME__229,Heuristic,MCTS-old-100,229,True,Heuristic,-1,9,10.179978847503662
main_tournament_resume_3,Heuristic__VS__MCTS-old-100__GAME__230,Heuristic,MCTS-old-100,230,False,Heuristic,1,7,7.672833442687988
main_tournament_resume_3,Heuristic__VS__MCTS-old-100__GAME__231,Heuristic,MCTS-old-100,231,True,Heuristic,-1,10,16.543282747268677
main_tournament_resume_3,Heuristic__VS__MCTS-old-100__GAME__232,Heuristic,MCTS-old-100,232,False,Heuristic,1,6,7.025187730789185
main_tournament_resume_3,Heuristic__VS__MCTS-old-100__GAME__233,Heuristic,MCTS-old-100,233,True,Heuristic,-1,11,12.997954368591309
main_tournament_resume_3,Heuristic__VS__MCTS-old-100__GAME__234,Heuristic,MCTS-old-100,234,False,Heuristic,1,8,9.518759489059448
main_tournament_resume_3,Heuristic__VS__MCTS-old-100__GAME__235,Heuristic,MCTS-old-100,235,True,MCTS-old-100,1,15,31.697730779647827
main_tournament_resume_3,Heuristic__VS__MCTS-old-100__GAME__236,Heuristic,MCTS-old-100,236,False,Heuristic,1,8,9.022413969039917
main_tournament_resume_3,Heuristic__VS__MCTS-old-100__GAME__237,Heuristic,MCTS-old-100,237,True,Heuristic,-1,10,12.781832456588745
main_tournament_resume_3,Heuristic__VS__MCTS-old-100__GAME__238,Heuristic,MCTS-old-100,238,False,Heuristic,1,12,16.886610984802246
main_tournament_resume_3,Heuristic__VS__MCTS-old-100__GAME__239,Heuristic,MCTS-old-100,239,True,Heuristic,-1,10,35.8960325717926
main_tournament_resume_3,Heuristic__VS__MCTS-old-100__GAME__240,Heuristic,MCTS-old-100,240,False,Heuristic,1,11,40.73647999763489
main_tournament_resume_3,Heuristic__VS__MCTS-old-100__GAME__241,Heuristic,MCTS-old-100,241,True,Heuristic,-1,13,59.927881479263306
main_tournament_resume_3,Heuristic__VS__MCTS-old-100__GAME__242,Heuristic,MCTS-old-100,242,False,Heuristic,1,5,13.699925422668457
main_tournament_resume_3,Heuristic__VS__MCTS-old-100__GAME__243,Heuristic,MCTS-old-100,243,True,Heuristic,-1,5,20.741715908050537
main_tournament_resume_3,Heuristic__VS__MCTS-old-100__GAME__244,Heuristic,MCTS-old-100,244,False,Heuristic,1,23,74.95580863952637
main_tournament_resume_3,Heuristic__VS__MCTS-old-100__GAME__245,Heuristic,MCTS-old-100,245,True,Heuristic,-1,29,81.56617951393127
main_tournament_resume_3,Heuristic__VS__MCTS-old-100__GAME__246,Heuristic,MCTS-old-100,246,False,Heuristic,1,13,23.700535774230957
main_tournament_resume_3,Heuristic__VS__MCTS-old-100__GAME__247,Heuristic,MCTS-old-100,247,True,Heuristic,-1,13,25.35681939125061
main_tournament_resume_3,Heuristic__VS__MCTS-old-100__GAME__248,Heuristic,MCTS-old-100,248,False,Heuristic,1,6,9.4955735206604
main_tournament_resume_3,Heuristic__VS__MCTS-old-100__GAME__249,Heuristic,MCTS-old-100,249,True,Heuristic,-1,8,15.903534173965454
main_tournament_resume_3,Heuristic__VS__MCTS-new-100__GAME__0,Heuristic,MCTS-new-100,0,False,Heuristic,1,6,9.946537733078003
main_tournament_resume_3,Heuristic__VS__MCTS-new-100__GAME__1,Heuristic,MCTS-new-100,1,True,MCTS-new-100,1,11,22.077828407287598
main_tournament_resume_3,Heuristic__VS__MCTS-new-100__GAME__2,Heuristic,MCTS-new-100,2,False,Heuristic,1,10,17.890117406845093
main_tournament_resume_3,Heuristic__VS__MCTS-new-100__GAME__3,Heuristic,MCTS-new-100,3,True,Heuristic,-1,13,38.42833423614502
main_tournament_resume_3,Heuristic__VS__MCTS-new-100__GAME__4,Heuristic,MCTS-new-100,4,False,Heuristic,1,17,44.367372035980225
main_tournament_resume_3,Heuristic__VS__MCTS-new-100__GAME__5,Heuristic,MCTS-new-100,5,True,Heuristic,-1,16,38.27466821670532
main_tournament_resume_3,Heuristic__VS__MCTS-new-100__GAME__6,Heuristic,MCTS-new-100,6,False,Heuristic,1,14,33.208882093429565
main_tournament_resume_3,Heuristic__VS__MCTS-new-100__GAME__7,Heuristic,MCTS-new-100,7,True,Heuristic,-1,10,19.090254545211792
main_tournament_resume_3,Heuristic__VS__MCTS-new-100__GAME__8,Heuristic,MCTS-new-100,8,False,Heuristic,1,9,16.34146499633789
main_tournament_resume_3,Heuristic__VS__MCTS-new-100__GAME__9,Heuristic,MCTS-new-100,9,True,Heuristic,-1,12,25.769347190856934
main_tournament_resume_3,Heuristic__VS__MCTS-new-100__GAME__10,Heuristic,MCTS-new-100,10,False,Heuristic,1,8,15.651405572891235
main_tournament_resume_3,Heuristic__VS__MCTS-new-100__GAME__11,Heuristic,MCTS-new-100,11,True,MCTS-new-100,1,13,29.872814893722534
main_tournament_resume_3,Heuristic__VS__MCTS-new-100__GAME__12,Heuristic,MCTS-new-100,12,False,MCTS-new-100,-1,16,41.77423143386841
main_tournament_resume_3,Heuristic__VS__MCTS-new-100__GAME__13,Heuristic,MCTS-new-100,13,True,Heuristic,-1,5,10.686237812042236
main_tournament_resume_3,Heuristic__VS__MCTS-new-100__GAME__14,Heuristic,MCTS-new-100,14,False,Heuristic,1,12,30.185091257095337
main_tournament_resume_3,Heuristic__VS__MCTS-new-100__GAME__15,Heuristic,MCTS-new-100,15,True,Heuristic,-1,7,12.323092222213745
main_tournament_resume_3,Heuristic__VS__MCTS-new-100__GAME__16,Heuristic,MCTS-new-100,16,False,Heuristic,1,9,16.763363361358643
main_tournament_resume_3,Heuristic__VS__MCTS-new-100__GAME__17,Heuristic,MCTS-new-100,17,True,MCTS-new-100,1,33,114.34004259109497
main_tournament_resume_3,Heuristic__VS__MCTS-new-100__GAME__18,Heuristic,MCTS-new-100,18,False,Heuristic,1,6,9.442973613739014
main_tournament_resume_3,Heuristic__VS__MCTS-new-100__GAME__19,Heuristic,MCTS-new-100,19,True,Heuristic,-1,5,8.111957550048828
main_tournament_resume_3,Heuristic__VS__MCTS-new-100__GAME__20,Heuristic,MCTS-new-100,20,False,Heuristic,1,25,68.31393456459045
main_tournament_resume_3,Heuristic__VS__MCTS-new-100__GAME__21,Heuristic,MCTS-new-100,21,True,Heuristic,-1,8,14.375778198242188
main_tournament_resume_3,Heuristic__VS__MCTS-new-100__GAME__22,Heuristic,MCTS-new-100,22,False,Heuristic,1,17,35.832398414611816
main_tournament_resume_3,Heuristic__VS__MCTS-new-100__GAME__23,Heuristic,MCTS-new-100,23,True,Heuristic,-1,8,13.616997480392456
main_tournament_resume_3,Heuristic__VS__MCTS-new-100__GAME__24,Heuristic,MCTS-new-100,24,False,Heuristic,1,4,5.1851208209991455
main_tournament_resume_3,Heuristic__VS__MCTS-new-100__GAME__25,Heuristic,MCTS-new-100,25,True,Heuristic,-1,8,14.104662895202637
main_tournament_resume_3,Heuristic__VS__MCTS-new-100__GAME__26,Heuristic,MCTS-new-100,26,False,Heuristic,1,9,14.18398666381836
main_tournament_resume_3,Heuristic__VS__MCTS-new-100__GAME__27,Heuristic,MCTS-new-100,27,True,Heuristic,-1,10,17.961423873901367
main_tournament_resume_3,Heuristic__VS__MCTS-new-100__GAME__28,Heuristic,MCTS-new-100,28,False,Heuristic,1,9,13.857271432876587
main_tournament_resume_3,Heuristic__VS__MCTS-new-100__GAME__29,Heuristic,MCTS-new-100,29,True,Heuristic,-1,6,10.663202285766602
main_tournament_resume_3,Heuristic__VS__MCTS-new-100__GAME__30,Heuristic,MCTS-new-100,30,False,Heuristic,1,10,19.64736533164978
main_tournament_resume_3,Heuristic__VS__MCTS-new-100__GAME__31,Heuristic,MCTS-new-100,31,True,Heuristic,-1,13,31.013349294662476
main_tournament_resume_3,Heuristic__VS__MCTS-new-100__GAME__32,Heuristic,MCTS-new-100,32,False,Heuristic,1,11,26.356968641281128
main_tournament_resume_3,Heuristic__VS__MCTS-new-100__GAME__33,Heuristic,MCTS-new-100,33,True,Heuristic,-1,16,44.64916372299194
main_tournament_resume_3,Heuristic__VS__MCTS-new-100__GAME__34,Heuristic,MCTS-new-100,34,False,Heuristic,1,13,27.4934663772583
main_tournament_resume_3,Heuristic__VS__MCTS-new-100__GAME__35,Heuristic,MCTS-new-100,35,True,Heuristic,-1,12,23.092068672180176
main_tournament_resume_3,Heuristic__VS__MCTS-new-100__GAME__36,Heuristic,MCTS-new-100,36,False,Heuristic,1,7,11.503927946090698
main_tournament_resume_3,Heuristic__VS__MCTS-new-100__GAME__37,Heuristic,MCTS-new-100,37,True,Heuristic,-1,10,19.56082057952881
main_tournament_resume_3,Heuristic__VS__MCTS-new-100__GAME__38,Heuristic,MCTS-new-100,38,False,Heuristic,1,9,13.25574254989624
main_tournament_resume_3,Heuristic__VS__MCTS-new-100__GAME__39,Heuristic,MCTS-new-100,39,True,Heuristic,-1,12,38.49609732627869
main_tournament_resume_3,Heuristic__VS__MCTS-new-100__GAME__40,Heuristic,MCTS-new-100,40,False,Heuristic,1,10,40.98348331451416
main_tournament_resume_3,Heuristic__VS__MCTS-new-100__GAME__41,Heuristic,MCTS-new-100,41,True,Heuristic,-1,16,44.668636322021484
main_tournament_resume_3,Heuristic__VS__MCTS-new-100__GAME__42,Heuristic,MCTS-new-100,42,False,Heuristic,1,48,187.06658244132996
main_tournament_resume_3,Heuristic__VS__MCTS-new-100__GAME__43,Heuristic,MCTS-new-100,43,True,MCTS-new-100,1,9,18.63850426673889
main_tournament_resume_3,Heuristic__VS__MCTS-new-100__GAME__44,Heuristic,MCTS-new-100,44,False,MCTS-new-100,-1,10,21.000782012939453
main_tournament_resume_3,Heuristic__VS__MCTS-new-100__GAME__45,Heuristic,MCTS-new-100,45,True,Heuristic,-1,5,12.228882074356079
main_tournament_resume_3,Heuristic__VS__MCTS-new-100__GAME__46,Heuristic,MCTS-new-100,46,False,Heuristic,1,4,14.647025108337402
main_tournament_resume_3,Heuristic__VS__MCTS-new-100__GAME__47,Heuristic,MCTS-new-100,47,True,Heuristic,-1,8,15.453757047653198
main_tournament_resume_3,Heuristic__VS__MCTS-new-100__GAME__48,Heuristic,MCTS-new-100,48,False,MCTS-new-100,-1,8,15.666739225387573
main_tournament_resume_3,Heuristic__VS__MCTS-new-100__GAME__49,Heuristic,MCTS-new-100,49,True,Heuristic,-1,15,36.00268483161926
main_tournament_resume_3,Heuristic__VS__MCTS-new-100__GAME__50,Heuristic,MCTS-new-100,50,False,Heuristic,1,9,16.288957118988037
main_tournament_resume_3,Heuristic__VS__MCTS-new-100__GAME__51,Heuristic,MCTS-new-100,51,True,Heuristic,-1,10,20.916314840316772
main_tournament_resume_3,Heuristic__VS__MCTS-new-100__GAME__52,Heuristic,MCTS-new-100,52,False,Heuristic,1,7,13.197021722793579
main_tournament_resume_3,Heuristic__VS__MCTS-new-100__GAME__53,Heuristic,MCTS-new-100,53,True,Heuristic,-1,7,13.769260168075562
main_tournament_resume_3,Heuristic__VS__MCTS-new-100__GAME__54,Heuristic,MCTS-new-100,54,False,Heuristic,1,31,66.12619233131409
main_tournament_resume_3,Heuristic__VS__MCTS-new-100__GAME__55,Heuristic,MCTS-new-100,55,True,Heuristic,-1,6,5.6436920166015625
main_tournament_resume_3,Heuristic__VS__MCTS-new-100__GAME__56,Heuristic,MCTS-new-100,56,False,Heuristic,1,7,6.256606101989746
main_tournament_resume_3,Heuristic__VS__MCTS-new-100__GAME__57,Heuristic,MCTS-new-100,57,True,Heuristic,-1,11,18.748518705368042
main_tournament_resume_3,Heuristic__VS__MCTS-new-100__GAME__58,Heuristic,MCTS-new-100,58,False,Heuristic,1,8,10.456393241882324
main_tournament_resume_3,Heuristic__VS__MCTS-new-100__GAME__59,Heuristic,MCTS-new-100,59,True,Heuristic,-1,10,15.225766658782959
main_tournament_resume_3,Heuristic__VS__MCTS-new-100__GAME__60,Heuristic,MCTS-new-100,60,False,Heuristic,1,6,10.51372218132019
main_tournament_resume_3,Heuristic__VS__MCTS-new-100__GAME__61,Heuristic,MCTS-new-100,61,True,Heuristic,-1,8,10.188608646392822
main_tournament_resume_3,Heuristic__VS__MCTS-new-100__GAME__62,Heuristic,MCTS-new-100,62,False,MCTS-new-100,-1,8,8.369653701782227
main_tournament_resume_3,Heuristic__VS__MCTS-new-100__GAME__63,Heuristic,MCTS-new-100,63,True,Heuristic,-1,14,20.709941387176514
main_tournament_resume_3,Heuristic__VS__MCTS-new-100__GAME__64,Heuristic,MCTS-new-100,64,False,Heuristic,1,23,78.45102143287659
main_tournament_resume_3,Heuristic__VS__MCTS-new-100__GAME__65,Heuristic,MCTS-new-100,65,True,Heuristic,-1,16,33.189183950424194
main_tournament_resume_3,Heuristic__VS__MCTS-new-100__GAME__66,Heuristic,MCTS-new-100,66,False,Heuristic,1,14,40.26225423812866
main_tournament_resume_3,Heuristic__VS__MCTS-new-100__GAME__67,Heuristic,MCTS-new-100,67,True,Heuristic,-1,10,22.151628494262695
main_tournament_resume_3,Heuristic__VS__MCTS-new-100__GAME__68,Heuristic,MCTS-new-100,68,False,Heuristic,1,12,30.950308084487915
main_tournament_resume_3,Heuristic__VS__MCTS-new-100__GAME__69,Heuristic,MCTS-new-100,69,True,draw,0,50,187.64995336532593
main_tournament_resume_3,Heuristic__VS__MCTS-new-100__GAME__70,Heuristic,MCTS-new-100,70,False,Heuristic,1,8,12.019451141357422
main_tournament_resume_3,Heuristic__VS__MCTS-new-100__GAME__71,Heuristic,MCTS-new-100,71,True,Heuristic,-1,13,30.813971281051636
main_tournament_resume_3,Heuristic__VS__MCTS-new-100__GAME__72,Heuristic,MCTS-new-100,72,False,Heuristic,1,11,24.53861117362976
main_tournament_resume_3,Heuristic__VS__MCTS-new-100__GAME__73,Heuristic,MCTS-new-100,73,True,Heuristic,-1,5,10.827405452728271
main_tournament_resume_3,Heuristic__VS__MCTS-new-100__GAME__74,Heuristic,MCTS-new-100,74,False,Heuristic,1,14,34.05683159828186
main_tournament_resume_3,Heuristic__VS__MCTS-new-100__GAME__75,Heuristic,MCTS-new-100,75,True,Heuristic,-1,6,13.697402715682983
main_tournament_resume_3,Heuristic__VS__MCTS-new-100__GAME__76,Heuristic,MCTS-new-100,76,False,Heuristic,1,9,18.16904926300049
main_tournament_resume_3,Heuristic__VS__MCTS-new-100__GAME__77,Heuristic,MCTS-new-100,77,True,MCTS-new-100,1,17,46.15073847770691
main_tournament_resume_3,Heuristic__VS__MCTS-new-100__GAME__78,Heuristic,MCTS-new-100,78,False,Heuristic,1,14,35.021233797073364
main_tournament_resume_3,Heuristic__VS__MCTS-new-100__GAME__79,Heuristic,MCTS-new-100,79,True,Heuristic,-1,12,53.674686670303345
main_tournament_resume_3,Heuristic__VS__MCTS-new-100__GAME__80,Heuristic,MCTS-new-100,80,False,Heuristic,1,25,93.12836050987244
main_tournament_resume_3,Heuristic__VS__MCTS-new-100__GAME__81,Heuristic,MCTS-new-100,81,True,Heuristic,-1,10,25.371906757354736
main_tournament_resume_3,Heuristic__VS__MCTS-new-100__GAME__82,Heuristic,MCTS-new-100,82,False,Heuristic,1,7,11.083702802658081
main_tournament_resume_3,Heuristic__VS__MCTS-new-100__GAME__83,Heuristic,MCTS-new-100,83,True,Heuristic,-1,18,49.52200174331665
main_tournament_resume_3,Heuristic__VS__MCTS-new-100__GAME__84,Heuristic,MCTS-new-100,84,False,Heuristic,1,7,11.933990478515625
main_tournament_resume_3,Heuristic__VS__MCTS-new-100__GAME__85,Heuristic,MCTS-new-100,85,True,Heuristic,-1,11,26.579347610473633
main_tournament_resume_3,Heuristic__VS__MCTS-new-100__GAME__86,Heuristic,MCTS-new-100,86,False,Heuristic,1,6,13.313841819763184
main_tournament_resume_3,Heuristic__VS__MCTS-new-100__GAME__87,Heuristic,MCTS-new-100,87,True,Heuristic,-1,10,23.411412239074707
main_tournament_resume_3,Heuristic__VS__MCTS-new-100__GAME__88,Heuristic,MCTS-new-100,88,False,MCTS-new-100,-1,14,25.597054481506348
main_tournament_resume_3,Heuristic__VS__MCTS-new-100__GAME__89,Heuristic,MCTS-new-100,89,True,Heuristic,-1,6,5.90773868560791
main_tournament_resume_3,Heuristic__VS__MCTS-new-100__GAME__90,Heuristic,MCTS-new-100,90,False,Heuristic,1,7,5.808755159378052
main_tournament_resume_3,Heuristic__VS__MCTS-new-100__GAME__91,Heuristic,MCTS-new-100,91,True,Heuristic,-1,15,19.032219886779785
main_tournament_resume_3,Heuristic__VS__MCTS-new-100__GAME__92,Heuristic,MCTS-new-100,92,False,Heuristic,1,7,6.622469902038574
main_tournament_resume_3,Heuristic__VS__MCTS-new-100__GAME__93,Heuristic,MCTS-new-100,93,True,Heuristic,-1,8,8.752384662628174
main_tournament_resume_3,Heuristic__VS__MCTS-new-100__GAME__94,Heuristic,MCTS-new-100,94,False,Heuristic,1,13,14.465319395065308
main_tournament_resume_3,Heuristic__VS__MCTS-new-100__GAME__95,Heuristic,MCTS-new-100,95,True,Heuristic,-1,5,4.1835854053497314
main_tournament_resume_3,Heuristic__VS__MCTS-new-100__GAME__96,Heuristic,MCTS-new-100,96,False,draw,0,50,62.4537079334259
main_tournament_resume_3,Heuristic__VS__MCTS-new-100__GAME__97,Heuristic,MCTS-new-100,97,True,Heuristic,-1,5,4.905168771743774
main_tournament_resume_3,Heuristic__VS__MCTS-new-100__GAME__98,Heuristic,MCTS-new-100,98,False,Heuristic,1,21,27.92191243171692
main_tournament_resume_3,Heuristic__VS__MCTS-new-100__GAME__99,Heuristic,MCTS-new-100,99,True,Heuristic,-1,12,12.987486124038696
main_tournament_resume_3,Heuristic__VS__MCTS-new-100__GAME__100,Heuristic,MCTS-new-100,100,False,Heuristic,1,7,5.2176244258880615
main_tournament_resume_3,Heuristic__VS__MCTS-new-100__GAME__101,Heuristic,MCTS-new-100,101,True,Heuristic,-1,5,4.788488388061523
main_tournament_resume_3,Heuristic__VS__MCTS-new-100__GAME__102,Heuristic,MCTS-new-100,102,False,Heuristic,1,17,25.195825338363647
main_tournament_resume_3,Heuristic__VS__MCTS-new-100__GAME__103,Heuristic,MCTS-new-100,103,True,MCTS-new-100,1,9,9.588527917861938
main_tournament_resume_3,Heuristic__VS__MCTS-new-100__GAME__104,Heuristic,MCTS-new-100,104,False,Heuristic,1,7,5.944021701812744
main_tournament_resume_3,Heuristic__VS__MCTS-new-100__GAME__105,Heuristic,MCTS-new-100,105,True,Heuristic,-1,13,17.639408111572266
main_tournament_resume_3,Heuristic__VS__MCTS-new-100__GAME__106,Heuristic,MCTS-new-100,106,False,MCTS-new-100,-1,8,7.211761236190796
main_tournament_resume_3,Heuristic__VS__MCTS-new-100__GAME__107,Heuristic,MCTS-new-100,107,True,MCTS-new-100,1,11,12.319770097732544
main_tournament_resume_3,Heuristic__VS__MCTS-new-100__GAME__108,Heuristic,MCTS-new-100,108,False,Heuristic,1,5,3.161127805709839
main_tournament_resume_3,Heuristic__VS__MCTS-new-100__GAME__109,Heuristic,MCTS-new-100,109,True,Heuristic,-1,22,32.42446184158325
main_tournament_resume_3,Heuristic__VS__MCTS-new-100__GAME__110,Heuristic,MCTS-new-100,110,False,Heuristic,1,11,11.929452896118164
main_tournament_resume_3,Heuristic__VS__MCTS-new-100__GAME__111,Heuristic,MCTS-new-100,111,True,Heuristic,-1,13,16.12908434867859
main_tournament_resume_3,Heuristic__VS__MCTS-new-100__GAME__112,Heuristic,MCTS-new-100,112,False,Heuristic,1,15,17.16503643989563
main_tournament_resume_3,Heuristic__VS__MCTS-new-100__GAME__113,Heuristic,MCTS-new-100,113,True,Heuristic,-1,10,9.93610405921936
main_tournament_resume_3,Heuristic__VS__MCTS-new-100__GAME__114,Heuristic,MCTS-new-100,114,False,MCTS-new-100,-1,8,8.545289516448975
main_tournament_resume_3,Heuristic__VS__MCTS-new-100__GAME__115,Heuristic,MCTS-new-100,115,True,Heuristic,-1,19,22.607118129730225
main_tournament_resume_3,Heuristic__VS__MCTS-new-100__GAME__116,Heuristic,MCTS-new-100,116,False,Heuristic,1,7,6.027590990066528
main_tournament_resume_3,Heuristic__VS__MCTS-new-100__GAME__117,Heuristic,MCTS-new-100,117,True,Heuristic,-1,9,9.860884428024292
main_tournament_resume_3,Heuristic__VS__MCTS-new-100__GAME__118,Heuristic,MCTS-new-100,118,False,Heuristic,1,13,15.91356086730957
main_tournament_resume_3,Heuristic__VS__MCTS-new-100__GAME__119,Heuristic,MCTS-new-100,119,True,Heuristic,-1,12,12.066072702407837
main_tournament_resume_3,Heuristic__VS__MCTS-new-100__GAME__120,Heuristic,MCTS-new-100,120,False,Heuristic,1,27,49.79756188392639
main_tournament_resume_3,Heuristic__VS__MCTS-new-100__GAME__121,Heuristic,MCTS-new-100,121,True,Heuristic,-1,5,4.573775053024292
main_tournament_resume_3,Heuristic__VS__MCTS-new-100__GAME__122,Heuristic,MCTS-new-100,122,False,Heuristic,1,6,4.661139011383057
main_tournament_resume_3,Heuristic__VS__MCTS-new-100__GAME__123,Heuristic,MCTS-new-100,123,True,Heuristic,-1,11,13.290778160095215
main_tournament_resume_3,Heuristic__VS__MCTS-new-100__GAME__124,Heuristic,MCTS-new-100,124,False,Heuristic,1,11,10.312083005905151
main_tournament_resume_3,Heuristic__VS__MCTS-new-100__GAME__125,Heuristic,MCTS-new-100,125,True,Heuristic,-1,18,24.04957628250122
main_tournament_resume_3,Heuristic__VS__MCTS-new-100__GAME__126,Heuristic,MCTS-new-100,126,False,Heuristic,1,15,20.953006267547607
main_tournament_resume_3,Heuristic__VS__MCTS-new-100__GAME__127,Heuristic,MCTS-new-100,127,True,MCTS-new-100,1,13,15.446775436401367
main_tournament_resume_3,Heuristic__VS__MCTS-new-100__GAME__128,Heuristic,MCTS-new-100,128,False,Heuristic,1,11,11.89985990524292
main_tournament_resume_3,Heuristic__VS__MCTS-new-100__GAME__129,Heuristic,MCTS-new-100,129,True,Heuristic,-1,11,11.23185420036316
main_tournament_resume_3,Heuristic__VS__MCTS-new-100__GAME__130,Heuristic,MCTS-new-100,130,False,Heuristic,1,8,7.61037802696228
main_tournament_resume_3,Heuristic__VS__MCTS-new-100__GAME__131,Heuristic,MCTS-new-100,131,True,Heuristic,-1,12,13.067908525466919
main_tournament_resume_3,Heuristic__VS__MCTS-new-100__GAME__132,Heuristic,MCTS-new-100,132,False,MCTS-new-100,-1,10,10.222196578979492
main_tournament_resume_3,Heuristic__VS__MCTS-new-100__GAME__133,Heuristic,MCTS-new-100,133,True,MCTS-new-100,1,9,9.236248254776001
main_tournament_resume_3,Heuristic__VS__MCTS-new-100__GAME__134,Heuristic,MCTS-new-100,134,False,Heuristic,1,7,7.533911466598511
main_tournament_resume_3,Heuristic__VS__MCTS-new-100__GAME__135,Heuristic,MCTS-new-100,135,True,Heuristic,-1,14,17.238849639892578
main_tournament_resume_3,Heuristic__VS__MCTS-new-100__GAME__136,Heuristic,MCTS-new-100,136,False,Heuristic,1,12,12.005410194396973
main_tournament_resume_3,Heuristic__VS__MCTS-new-100__GAME__137,Heuristic,MCTS-new-100,137,True,Heuristic,-1,10,12.090473413467407
main_tournament_resume_3,Heuristic__VS__MCTS-new-100__GAME__138,Heuristic,MCTS-new-100,138,False,Heuristic,1,6,7.17232608795166
main_tournament_resume_3,Heuristic__VS__MCTS-new-100__GAME__139,Heuristic,MCTS-new-100,139,True,Heuristic,-1,11,11.732903480529785
main_tournament_resume_3,Heuristic__VS__MCTS-new-100__GAME__140,Heuristic,MCTS-new-100,140,False,Heuristic,1,11,13.05728793144226
main_tournament_resume_3,Heuristic__VS__MCTS-new-100__GAME__141,Heuristic,MCTS-new-100,141,True,Heuristic,-1,23,33.75611352920532
main_tournament_resume_3,Heuristic__VS__MCTS-new-100__GAME__142,Heuristic,MCTS-new-100,142,False,Heuristic,1,6,5.366511583328247
main_tournament_resume_3,Heuristic__VS__MCTS-new-100__GAME__143,Heuristic,MCTS-new-100,143,True,Heuristic,-1,7,6.338028430938721
main_tournament_resume_3,Heuristic__VS__MCTS-new-100__GAME__144,Heuristic,MCTS-new-100,144,False,Heuristic,1,4,3.1016552448272705
main_tournament_resume_3,Heuristic__VS__MCTS-new-100__GAME__145,Heuristic,MCTS-new-100,145,True,Heuristic,-1,14,15.768787145614624
main_tournament_resume_3,Heuristic__VS__MCTS-new-100__GAME__146,Heuristic,MCTS-new-100,146,False,Heuristic,1,17,21.025689840316772
main_tournament_resume_3,Heuristic__VS__MCTS-new-100__GAME__147,Heuristic,MCTS-new-100,147,True,Heuristic,-1,30,49.84098291397095
main_tournament_resume_3,Heuristic__VS__MCTS-new-100__GAME__148,Heuristic,MCTS-new-100,148,False,Heuristic,1,13,17.333627939224243
main_tournament_resume_3,Heuristic__VS__MCTS-new-100__GAME__149,Heuristic,MCTS-new-100,149,True,MCTS-new-100,1,9,10.301437616348267
main_tournament_resume_3,Heuristic__VS__MCTS-new-100__GAME__150,Heuristic,MCTS-new-100,150,False,Heuristic,1,11,11.193197250366211
main_tournament_resume_3,Heuristic__VS__MCTS-new-100__GAME__151,Heuristic,MCTS-new-100,151,True,MCTS-new-100,1,7,6.896314382553101
main_tournament_resume_3,Heuristic__VS__MCTS-new-100__GAME__152,Heuristic,MCTS-new-100,152,False,Heuristic,1,4,3.115665912628174
main_tournament_resume_3,Heuristic__VS__MCTS-new-100__GAME__153,Heuristic,MCTS-new-100,153,True,Heuristic,-1,13,15.339100360870361
main_tournament_resume_3,Heuristic__VS__MCTS-new-100__GAME__154,Heuristic,MCTS-new-100,154,False,Heuristic,1,7,6.194134473800659
main_tournament_resume_3,Heuristic__VS__MCTS-new-100__GAME__155,Heuristic,MCTS-new-100,155,True,Heuristic,-1,9,8.35584568977356
main_tournament_resume_3,Heuristic__VS__MCTS-new-100__GAME__156,Heuristic,MCTS-new-100,156,False,Heuristic,1,29,49.51310873031616
main_tournament_resume_3,Heuristic__VS__MCTS-new-100__GAME__157,Heuristic,MCTS-new-100,157,True,Heuristic,-1,16,19.629193782806396
main_tournament_resume_3,Heuristic__VS__MCTS-new-100__GAME__158,Heuristic,MCTS-new-100,158,False,Heuristic,1,4,3.2802703380584717
main_tournament_resume_3,Heuristic__VS__MCTS-new-100__GAME__159,Heuristic,MCTS-new-100,159,True,Heuristic,-1,8,6.661102533340454
main_tournament_resume_3,Heuristic__VS__MCTS-new-100__GAME__160,Heuristic,MCTS-new-100,160,False,Heuristic,1,9,8.921813488006592
main_tournament_resume_3,Heuristic__VS__MCTS-new-100__GAME__161,Heuristic,MCTS-new-100,161,True,Heuristic,-1,5,5.38578462600708
main_tournament_resume_3,Heuristic__VS__MCTS-new-100__GAME__162,Heuristic,MCTS-new-100,162,False,Heuristic,1,4,2.6335995197296143
main_tournament_resume_3,Heuristic__VS__MCTS-new-100__GAME__163,Heuristic,MCTS-new-100,163,True,Heuristic,-1,17,19.60781717300415
main_tournament_resume_3,Heuristic__VS__MCTS-new-100__GAME__164,Heuristic,MCTS-new-100,164,False,Heuristic,1,12,15.932522058486938
main_tournament_resume_3,Heuristic__VS__MCTS-new-100__GAME__165,Heuristic,MCTS-new-100,165,True,Heuristic,-1,6,4.810643672943115
main_tournament_resume_3,Heuristic__VS__MCTS-new-100__GAME__166,Heuristic,MCTS-new-100,166,False,Heuristic,1,13,15.660286903381348
main_tournament_resume_3,Heuristic__VS__MCTS-new-100__GAME__167,Heuristic,MCTS-new-100,167,True,Heuristic,-1,12,13.245187282562256
main_tournament_resume_3,Heuristic__VS__MCTS-new-100__GAME__168,Heuristic,MCTS-new-100,168,False,Heuristic,1,6,5.199631929397583
main_tournament_resume_3,Heuristic__VS__MCTS-new-100__GAME__169,Heuristic,MCTS-new-100,169,True,Heuristic,-1,11,10.846820592880249
main_tournament_resume_3,Heuristic__VS__MCTS-new-100__GAME__170,Heuristic,MCTS-new-100,170,False,Heuristic,1,6,5.485905647277832
main_tournament_resume_3,Heuristic__VS__MCTS-new-100__GAME__171,Heuristic,MCTS-new-100,171,True,Heuristic,-1,12,13.89749264717102
main_tournament_resume_3,Heuristic__VS__MCTS-new-100__GAME__172,Heuristic,MCTS-new-100,172,False,MCTS-new-100,-1,16,22.155156135559082
main_tournament_resume_3,Heuristic__VS__MCTS-new-100__GAME__173,Heuristic,MCTS-new-100,173,True,Heuristic,-1,20,40.62319588661194
main_tournament_resume_3,Heuristic__VS__MCTS-new-100__GAME__174,Heuristic,MCTS-new-100,174,False,MCTS-new-100,-1,10,8.529912948608398
main_tournament_resume_3,Heuristic__VS__MCTS-new-100__GAME__175,Heuristic,MCTS-new-100,175,True,Heuristic,-1,8,7.400610685348511
main_tournament_resume_3,Heuristic__VS__MCTS-new-100__GAME__176,Heuristic,MCTS-new-100,176,False,Heuristic,1,11,9.964699029922485
main_tournament_resume_3,Heuristic__VS__MCTS-new-100__GAME__177,Heuristic,MCTS-new-100,177,True,Heuristic,-1,18,28.507652044296265
main_tournament_resume_3,Heuristic__VS__MCTS-new-100__GAME__178,Heuristic,MCTS-new-100,178,False,Heuristic,1,17,18.076124668121338
main_tournament_resume_3,Heuristic__VS__MCTS-new-100__GAME__179,Heuristic,MCTS-new-100,179,True,Heuristic,-1,20,26.947890043258667
main_tournament_resume_3,Heuristic__VS__MCTS-new-100__GAME__180,Heuristic,MCTS-new-100,180,False,Heuristic,1,17,24.745887994766235
main_tournament_resume_3,Heuristic__VS__MCTS-new-100__GAME__181,Heuristic,MCTS-new-100,181,True,Heuristic,-1,9,8.745897054672241
main_tournament_resume_3,Heuristic__VS__MCTS-new-100__GAME__182,Heuristic,MCTS-new-100,182,False,Heuristic,1,9,7.905847787857056
main_tournament_resume_3,Heuristic__VS__MCTS-new-100__GAME__183,Heuristic,MCTS-new-100,183,True,Heuristic,-1,10,11.03352165222168
main_tournament_resume_3,Heuristic__VS__MCTS-new-100__GAME__184,Heuristic,MCTS-new-100,184,False,Heuristic,1,5,2.755342721939087
main_tournament_resume_3,Heuristic__VS__MCTS-new-100__GAME__185,Heuristic,MCTS-new-100,185,True,Heuristic,-1,17,19.542795658111572
main_tournament_resume_3,Heuristic__VS__MCTS-new-100__GAME__186,Heuristic,MCTS-new-100,186,False,Heuristic,1,10,11.453417778015137
main_tournament_resume_3,Heuristic__VS__MCTS-new-100__GAME__187,Heuristic,MCTS-new-100,187,True,draw,0,50,103.5512809753418
main_tournament_resume_3,Heuristic__VS__MCTS-new-100__GAME__188,Heuristic,MCTS-new-100,188,False,Heuristic,1,15,17.250243663787842
main_tournament_resume_3,Heuristic__VS__MCTS-new-100__GAME__189,Heuristic,MCTS-new-100,189,True,MCTS-new-100,1,21,34.90657353401184
main_tournament_resume_3,Heuristic__VS__MCTS-new-100__GAME__190,Heuristic,MCTS-new-100,190,False,Heuristic,1,15,14.361305713653564
main_tournament_resume_3,Heuristic__VS__MCTS-new-100__GAME__191,Heuristic,MCTS-new-100,191,True,Heuristic,-1,8,7.107035160064697
main_tournament_resume_3,Heuristic__VS__MCTS-new-100__GAME__192,Heuristic,MCTS-new-100,192,False,MCTS-new-100,-1,12,13.450582504272461
main_tournament_resume_3,Heuristic__VS__MCTS-new-100__GAME__193,Heuristic,MCTS-new-100,193,True,Heuristic,-1,10,9.940232038497925
main_tournament_resume_3,Heuristic__VS__MCTS-new-100__GAME__194,Heuristic,MCTS-new-100,194,False,Heuristic,1,9,8.478204250335693
main_tournament_resume_3,Heuristic__VS__MCTS-new-100__GAME__195,Heuristic,MCTS-new-100,195,True,MCTS-new-100,1,13,15.694852113723755
main_tournament_resume_3,Heuristic__VS__MCTS-new-100__GAME__196,Heuristic,MCTS-new-100,196,False,Heuristic,1,9,7.375117063522339
main_tournament_resume_3,Heuristic__VS__MCTS-new-100__GAME__197,Heuristic,MCTS-new-100,197,True,MCTS-new-100,1,9,9.53145456314087
main_tournament_resume_3,Heuristic__VS__MCTS-new-100__GAME__198,Heuristic,MCTS-new-100,198,False,Heuristic,1,25,39.310503005981445
main_tournament_resume_3,Heuristic__VS__MCTS-new-100__GAME__199,Heuristic,MCTS-new-100,199,True,Heuristic,-1,11,11.583826065063477
main_tournament_resume_3,Heuristic__VS__MCTS-new-100__GAME__200,Heuristic,MCTS-new-100,200,False,Heuristic,1,15,16.495887994766235
main_tournament_resume_3,Heuristic__VS__MCTS-new-100__GAME__201,Heuristic,MCTS-new-100,201,True,Heuristic,-1,9,10.15511417388916
main_tournament_resume_3,Heuristic__VS__MCTS-new-100__GAME__202,Heuristic,MCTS-new-100,202,False,Heuristic,1,4,2.9231772422790527
main_tournament_resume_3,Heuristic__VS__MCTS-new-100__GAME__203,Heuristic,MCTS-new-100,203,True,Heuristic,-1,6,4.995916128158569
main_tournament_resume_3,Heuristic__VS__MCTS-new-100__GAME__204,Heuristic,MCTS-new-100,204,False,Heuristic,1,8,6.2882513999938965
main_tournament_resume_3,Heuristic__VS__MCTS-new-100__GAME__205,Heuristic,MCTS-new-100,205,True,Heuristic,-1,8,9.26578950881958
main_tournament_resume_3,Heuristic__VS__MCTS-new-100__GAME__206,Heuristic,MCTS-new-100,206,False,Heuristic,1,6,4.80925989151001
main_tournament_resume_3,Heuristic__VS__MCTS-new-100__GAME__207,Heuristic,MCTS-new-100,207,True,Heuristic,-1,12,13.394070625305176
main_tournament_resume_3,Heuristic__VS__MCTS-new-100__GAME__208,Heuristic,MCTS-new-100,208,False,Heuristic,1,6,6.2556304931640625
main_tournament_resume_3,Heuristic__VS__MCTS-new-100__GAME__209,Heuristic,MCTS-new-100,209,True,MCTS-new-100,1,23,39.30707383155823
main_tournament_resume_3,Heuristic__VS__MCTS-new-100__GAME__210,Heuristic,MCTS-new-100,210,False,Heuristic,1,13,14.171207427978516
main_tournament_resume_3,Heuristic__VS__MCTS-new-100__GAME__211,Heuristic,MCTS-new-100,211,True,Heuristic,-1,5,4.267827749252319
main_tournament_resume_3,Heuristic__VS__MCTS-new-100__GAME__212,Heuristic,MCTS-new-100,212,False,MCTS-new-100,-1,10,8.665179014205933
main_tournament_resume_3,Heuristic__VS__MCTS-new-100__GAME__213,Heuristic,MCTS-new-100,213,True,Heuristic,-1,5,4.305997848510742
main_tournament_resume_3,Heuristic__VS__MCTS-new-100__GAME__214,Heuristic,MCTS-new-100,214,False,Heuristic,1,27,42.26093888282776
main_tournament_resume_3,Heuristic__VS__MCTS-new-100__GAME__215,Heuristic,MCTS-new-100,215,True,Heuristic,-1,8,7.229578733444214
main_tournament_resume_3,Heuristic__VS__MCTS-new-100__GAME__216,Heuristic,MCTS-new-100,216,False,Heuristic,1,7,5.712881326675415
main_tournament_resume_3,Heuristic__VS__MCTS-new-100__GAME__217,Heuristic,MCTS-new-100,217,True,Heuristic,-1,24,38.41082501411438
main_tournament_resume_3,Heuristic__VS__MCTS-new-100__GAME__218,Heuristic,MCTS-new-100,218,False,Heuristic,1,11,14.335909366607666
main_tournament_resume_3,Heuristic__VS__MCTS-new-100__GAME__219,Heuristic,MCTS-new-100,219,True,Heuristic,-1,16,20.554560661315918
main_tournament_resume_3,Heuristic__VS__MCTS-new-100__GAME__220,Heuristic,MCTS-new-100,220,False,Heuristic,1,6,4.696078062057495
main_tournament_resume_3,Heuristic__VS__MCTS-new-100__GAME__221,Heuristic,MCTS-new-100,221,True,Heuristic,-1,8,7.571699142456055
main_tournament_resume_3,Heuristic__VS__MCTS-new-100__GAME__222,Heuristic,MCTS-new-100,222,False,Heuristic,1,5,3.5695858001708984
main_tournament_resume_3,Heuristic__VS__MCTS-new-100__GAME__223,Heuristic,MCTS-new-100,223,True,Heuristic,-1,38,74.81042528152466
main_tournament_resume_3,Heuristic__VS__MCTS-new-100__GAME__224,Heuristic,MCTS-new-100,224,False,Heuristic,1,4,3.8294577598571777
main_tournament_resume_3,Heuristic__VS__MCTS-new-100__GAME__225,Heuristic,MCTS-new-100,225,True,Heuristic,-1,6,5.6656858921051025
main_tournament_resume_3,Heuristic__VS__MCTS-new-100__GAME__226,Heuristic,MCTS-new-100,226,False,Heuristic,1,9,8.584869623184204
main_tournament_resume_3,Heuristic__VS__MCTS-new-100__GAME__227,Heuristic,MCTS-new-100,227,True,Heuristic,-1,6,4.954840421676636
main_tournament_resume_3,Heuristic__VS__MCTS-new-100__GAME__228,Heuristic,MCTS-new-100,228,False,Heuristic,1,8,6.953345060348511
main_tournament_resume_3,Heuristic__VS__MCTS-new-100__GAME__229,Heuristic,MCTS-new-100,229,True,Heuristic,-1,12,14.186552286148071
main_tournament_resume_3,Heuristic__VS__MCTS-new-100__GAME__230,Heuristic,MCTS-new-100,230,False,Heuristic,1,6,4.79646372795105
main_tournament_resume_3,Heuristic__VS__MCTS-new-100__GAME__231,Heuristic,MCTS-new-100,231,True,Heuristic,-1,9,8.826400518417358
main_tournament_resume_3,Heuristic__VS__MCTS-new-100__GAME__232,Heuristic,MCTS-new-100,232,False,Heuristic,1,5,3.4501659870147705
main_tournament_resume_3,Heuristic__VS__MCTS-new-100__GAME__233,Heuristic,MCTS-new-100,233,True,Heuristic,-1,5,4.435161113739014
main_tournament_resume_3,Heuristic__VS__MCTS-new-100__GAME__234,Heuristic,MCTS-new-100,234,False,Heuristic,1,6,4.978233098983765
main_tournament_resume_3,Heuristic__VS__MCTS-new-100__GAME__235,Heuristic,MCTS-new-100,235,True,MCTS-new-100,1,31,45.54795742034912
main_tournament_resume_3,Heuristic__VS__MCTS-new-100__GAME__236,Heuristic,MCTS-new-100,236,False,Heuristic,1,6,4.792408466339111
main_tournament_resume_3,Heuristic__VS__MCTS-new-100__GAME__237,Heuristic,MCTS-new-100,237,True,Heuristic,-1,8,6.6291344165802
main_tournament_resume_3,Heuristic__VS__MCTS-new-100__GAME__238,Heuristic,MCTS-new-100,238,False,Heuristic,1,5,3.349412679672241
main_tournament_resume_3,Heuristic__VS__MCTS-new-100__GAME__239,Heuristic,MCTS-new-100,239,True,Heuristic,-1,5,4.738996505737305
main_tournament_resume_3,Heuristic__VS__MCTS-new-100__GAME__240,Heuristic,MCTS-new-100,240,False,Heuristic,1,6,5.2613513469696045
main_tournament_resume_3,Heuristic__VS__MCTS-new-100__GAME__241,Heuristic,MCTS-new-100,241,True,Heuristic,-1,5,5.888522148132324
main_tournament_resume_3,Heuristic__VS__MCTS-new-100__GAME__242,Heuristic,MCTS-new-100,242,False,Heuristic,1,8,7.209663152694702
main_tournament_resume_3,Heuristic__VS__MCTS-new-100__GAME__243,Heuristic,MCTS-new-100,243,True,Heuristic,-1,5,4.152319669723511
main_tournament_resume_3,Heuristic__VS__MCTS-new-100__GAME__244,Heuristic,MCTS-new-100,244,False,Heuristic,1,17,22.575233221054077
main_tournament_resume_3,Heuristic__VS__MCTS-new-100__GAME__245,Heuristic,MCTS-new-100,245,True,Heuristic,-1,5,5.409444570541382
main_tournament_resume_3,Heuristic__VS__MCTS-new-100__GAME__246,Heuristic,MCTS-new-100,246,False,Heuristic,1,4,3.020073652267456
main_tournament_resume_3,Heuristic__VS__MCTS-new-100__GAME__247,Heuristic,MCTS-new-100,247,True,Heuristic,-1,20,29.301594257354736
main_tournament_resume_3,Heuristic__VS__MCTS-new-100__GAME__248,Heuristic,MCTS-new-100,248,False,MCTS-new-100,-1,18,24.714224338531494
main_tournament_resume_3,Heuristic__VS__MCTS-new-100__GAME__249,Heuristic,MCTS-new-100,249,True,Heuristic,-1,11,12.266844034194946
main_tournament_resume_3,AlphaBeta-new-d3__VS__MCTS-old-100__GAME__0,AlphaBeta-new-d3,MCTS-old-100,0,False,AlphaBeta-new-d3,1,11,22.375449419021606
main_tournament_resume_3,AlphaBeta-new-d3__VS__MCTS-old-100__GAME__1,AlphaBeta-new-d3,MCTS-old-100,1,True,MCTS-old-100,1,9,10.824893951416016
main_tournament_resume_3,AlphaBeta-new-d3__VS__MCTS-old-100__GAME__2,AlphaBeta-new-d3,MCTS-old-100,2,False,MCTS-old-100,-1,8,8.645814180374146
main_tournament_resume_3,AlphaBeta-new-d3__VS__MCTS-old-100__GAME__3,AlphaBeta-new-d3,MCTS-old-100,3,True,AlphaBeta-new-d3,-1,9,12.186643838882446
main_tournament_resume_3,AlphaBeta-new-d3__VS__MCTS-old-100__GAME__4,AlphaBeta-new-d3,MCTS-old-100,4,False,AlphaBeta-new-d3,1,9,18.18712091445923
main_tournament_resume_3,AlphaBeta-new-d3__VS__MCTS-old-100__GAME__5,AlphaBeta-new-d3,MCTS-old-100,5,True,MCTS-old-100,1,11,12.255313396453857
main_tournament_resume_3,AlphaBeta-new-d3__VS__MCTS-old-100__GAME__6,AlphaBeta-new-d3,MCTS-old-100,6,False,MCTS-old-100,-1,12,14.815490007400513
main_tournament_resume_3,AlphaBeta-new-d3__VS__MCTS-old-100__GAME__7,AlphaBeta-new-d3,MCTS-old-100,7,True,MCTS-old-100,1,13,18.547942638397217
main_tournament_resume_3,AlphaBeta-new-d3__VS__MCTS-old-100__GAME__8,AlphaBeta-new-d3,MCTS-old-100,8,False,draw,0,50,69.3053572177887
main_tournament_resume_3,AlphaBeta-new-d3__VS__MCTS-old-100__GAME__9,AlphaBeta-new-d3,MCTS-old-100,9,True,AlphaBeta-new-d3,-1,5,5.728022813796997
main_tournament_resume_3,AlphaBeta-new-d3__VS__MCTS-old-100__GAME__10,AlphaBeta-new-d3,MCTS-old-100,10,False,MCTS-old-100,-1,14,20.026726007461548
main_tournament_resume_3,AlphaBeta-new-d3__VS__MCTS-old-100__GAME__11,AlphaBeta-new-d3,MCTS-old-100,11,True,AlphaBeta-new-d3,-1,26,42.85135793685913
main_tournament_resume_3,AlphaBeta-new-d3__VS__MCTS-old-100__GAME__12,AlphaBeta-new-d3,MCTS-old-100,12,False,AlphaBeta-new-d3,1,8,10.224775075912476
main_tournament_resume_3,AlphaBeta-new-d3__VS__MCTS-old-100__GAME__13,AlphaBeta-new-d3,MCTS-old-100,13,True,AlphaBeta-new-d3,-1,5,6.102399826049805
main_tournament_resume_3,AlphaBeta-new-d3__VS__MCTS-old-100__GAME__14,AlphaBeta-new-d3,MCTS-old-100,14,False,AlphaBeta-new-d3,1,6,7.586660861968994
main_tournament_resume_3,AlphaBeta-new-d3__VS__MCTS-old-100__GAME__15,AlphaBeta-new-d3,MCTS-old-100,15,True,MCTS-old-100,1,23,32.598740339279175
main_tournament_resume_3,AlphaBeta-new-d3__VS__MCTS-old-100__GAME__16,AlphaBeta-new-d3,MCTS-old-100,16,False,MCTS-old-100,-1,6,5.597187757492065
main_tournament_resume_3,AlphaBeta-new-d3__VS__MCTS-old-100__GAME__17,AlphaBeta-new-d3,MCTS-old-100,17,True,draw,0,50,71.36273169517517
main_tournament_resume_3,AlphaBeta-new-d3__VS__MCTS-old-100__GAME__18,AlphaBeta-new-d3,MCTS-old-100,18,False,MCTS-old-100,-1,8,9.44753122329712
main_tournament_resume_3,AlphaBeta-new-d3__VS__MCTS-old-100__GAME__19,AlphaBeta-new-d3,MCTS-old-100,19,True,MCTS-old-100,1,15,19.418784618377686
main_tournament_resume_3,AlphaBeta-new-d3__VS__MCTS-old-100__GAME__20,AlphaBeta-new-d3,MCTS-old-100,20,False,MCTS-old-100,-1,12,15.943568468093872
main_tournament_resume_3,AlphaBeta-new-d3__VS__MCTS-old-100__GAME__21,AlphaBeta-new-d3,MCTS-old-100,21,True,AlphaBeta-new-d3,-1,5,5.82695198059082
main_tournament_resume_3,AlphaBeta-new-d3__VS__MCTS-old-100__GAME__22,AlphaBeta-new-d3,MCTS-old-100,22,False,MCTS-old-100,-1,12,15.535443782806396
main_tournament_resume_3,AlphaBeta-new-d3__VS__MCTS-old-100__GAME__23,AlphaBeta-new-d3,MCTS-old-100,23,True,MCTS-old-100,1,5,5.268330812454224
main_tournament_resume_3,AlphaBeta-new-d3__VS__MCTS-old-100__GAME__24,AlphaBeta-new-d3,MCTS-old-100,24,False,MCTS-old-100,-1,14,19.18836212158203
main_tournament_resume_3,AlphaBeta-new-d3__VS__MCTS-old-100__GAME__25,AlphaBeta-new-d3,MCTS-old-100,25,True,MCTS-old-100,1,6,6.730140686035156
main_tournament_resume_3,AlphaBeta-new-d3__VS__MCTS-old-100__GAME__26,AlphaBeta-new-d3,MCTS-old-100,26,False,AlphaBeta-new-d3,1,9,10.787312030792236
main_tournament_resume_3,AlphaBeta-new-d3__VS__MCTS-old-100__GAME__27,AlphaBeta-new-d3,MCTS-old-100,27,True,MCTS-old-100,1,11,13.535043478012085
main_tournament_resume_3,AlphaBeta-new-d3__VS__MCTS-old-100__GAME__28,AlphaBeta-new-d3,MCTS-old-100,28,False,AlphaBeta-new-d3,1,9,10.917968511581421
main_tournament_resume_3,AlphaBeta-new-d3__VS__MCTS-old-100__GAME__29,AlphaBeta-new-d3,MCTS-old-100,29,True,AlphaBeta-new-d3,-1,19,23.085177421569824
main_tournament_resume_3,AlphaBeta-new-d3__VS__MCTS-old-100__GAME__30,AlphaBeta-new-d3,MCTS-old-100,30,False,AlphaBeta-new-d3,1,10,11.801514387130737
main_tournament_resume_3,AlphaBeta-new-d3__VS__MCTS-old-100__GAME__31,AlphaBeta-new-d3,MCTS-old-100,31,True,MCTS-old-100,1,15,21.20955753326416
main_tournament_resume_3,AlphaBeta-new-d3__VS__MCTS-old-100__GAME__32,AlphaBeta-new-d3,MCTS-old-100,32,False,MCTS-old-100,-1,10,11.408354043960571
main_tournament_resume_3,AlphaBeta-new-d3__VS__MCTS-old-100__GAME__33,AlphaBeta-new-d3,MCTS-old-100,33,True,MCTS-old-100,1,9,11.053534984588623
main_tournament_resume_3,AlphaBeta-new-d3__VS__MCTS-old-100__GAME__34,AlphaBeta-new-d3,MCTS-old-100,34,False,MCTS-old-100,-1,16,21.925583124160767
main_tournament_resume_3,AlphaBeta-new-d3__VS__MCTS-old-100__GAME__35,AlphaBeta-new-d3,MCTS-old-100,35,True,MCTS-old-100,1,11,11.844661951065063
main_tournament_resume_3,AlphaBeta-new-d3__VS__MCTS-old-100__GAME__36,AlphaBeta-new-d3,MCTS-old-100,36,False,MCTS-old-100,-1,8,8.963370323181152
main_tournament_resume_3,AlphaBeta-new-d3__VS__MCTS-old-100__GAME__37,AlphaBeta-new-d3,MCTS-old-100,37,True,MCTS-old-100,1,27,47.76006555557251
main_tournament_resume_3,AlphaBeta-new-d3__VS__MCTS-old-100__GAME__38,AlphaBeta-new-d3,MCTS-old-100,38,False,MCTS-old-100,-1,10,11.132387161254883
main_tournament_resume_3,AlphaBeta-new-d3__VS__MCTS-old-100__GAME__39,AlphaBeta-new-d3,MCTS-old-100,39,True,draw,0,50,72.7553460597992
main_tournament_resume_3,AlphaBeta-new-d3__VS__MCTS-old-100__GAME__40,AlphaBeta-new-d3,MCTS-old-100,40,False,MCTS-old-100,-1,6,5.8585710525512695
main_tournament_resume_3,AlphaBeta-new-d3__VS__MCTS-old-100__GAME__41,AlphaBeta-new-d3,MCTS-old-100,41,True,MCTS-old-100,1,17,24.621120929718018
main_tournament_resume_3,AlphaBeta-new-d3__VS__MCTS-old-100__GAME__42,AlphaBeta-new-d3,MCTS-old-100,42,False,MCTS-old-100,-1,6,6.932263612747192
main_tournament_resume_3,AlphaBeta-new-d3__VS__MCTS-old-100__GAME__43,AlphaBeta-new-d3,MCTS-old-100,43,True,MCTS-old-100,1,17,23.6033194065094
main_tournament_resume_3,AlphaBeta-new-d3__VS__MCTS-old-100__GAME__44,AlphaBeta-new-d3,MCTS-old-100,44,False,AlphaBeta-new-d3,1,17,43.13298773765564
main_tournament_resume_3,AlphaBeta-new-d3__VS__MCTS-old-100__GAME__45,AlphaBeta-new-d3,MCTS-old-100,45,True,MCTS-old-100,1,7,7.267876148223877
main_tournament_resume_3,AlphaBeta-new-d3__VS__MCTS-old-100__GAME__46,AlphaBeta-new-d3,MCTS-old-100,46,False,MCTS-old-100,-1,7,7.152705669403076
main_tournament_resume_3,AlphaBeta-new-d3__VS__MCTS-old-100__GAME__47,AlphaBeta-new-d3,MCTS-old-100,47,True,MCTS-old-100,1,5,4.970317602157593
main_tournament_resume_3,AlphaBeta-new-d3__VS__MCTS-old-100__GAME__48,AlphaBeta-new-d3,MCTS-old-100,48,False,MCTS-old-100,-1,12,15.14583969116211
main_tournament_resume_3,AlphaBeta-new-d3__VS__MCTS-old-100__GAME__49,AlphaBeta-new-d3,MCTS-old-100,49,True,AlphaBeta-new-d3,-1,13,15.725062608718872
main_tournament_resume_3,AlphaBeta-new-d3__VS__MCTS-old-100__GAME__50,AlphaBeta-new-d3,MCTS-old-100,50,False,MCTS-old-100,-1,4,2.604492664337158
main_tournament_resume_3,AlphaBeta-new-d3__VS__MCTS-old-100__GAME__51,AlphaBeta-new-d3,MCTS-old-100,51,True,MCTS-old-100,1,7,8.456134557723999
main_tournament_resume_3,AlphaBeta-new-d3__VS__MCTS-old-100__GAME__52,AlphaBeta-new-d3,MCTS-old-100,52,False,MCTS-old-100,-1,10,10.646479845046997
main_tournament_resume_3,AlphaBeta-new-d3__VS__MCTS-old-100__GAME__53,AlphaBeta-new-d3,MCTS-old-100,53,True,MCTS-old-100,1,5,5.055216312408447
main_tournament_resume_3,AlphaBeta-new-d3__VS__MCTS-old-100__GAME__54,AlphaBeta-new-d3,MCTS-old-100,54,False,MCTS-old-100,-1,12,14.814387321472168
main_tournament_resume_3,AlphaBeta-new-d3__VS__MCTS-old-100__GAME__55,AlphaBeta-new-d3,MCTS-old-100,55,True,MCTS-old-100,1,7,6.918412685394287
main_tournament_resume_3,AlphaBeta-new-d3__VS__MCTS-old-100__GAME__56,AlphaBeta-new-d3,MCTS-old-100,56,False,MCTS-old-100,-1,8,7.3297812938690186
main_tournament_resume_3,AlphaBeta-new-d3__VS__MCTS-old-100__GAME__57,AlphaBeta-new-d3,MCTS-old-100,57,True,MCTS-old-100,1,11,15.724117517471313
main_tournament_resume_3,AlphaBeta-new-d3__VS__MCTS-old-100__GAME__58,AlphaBeta-new-d3,MCTS-old-100,58,False,draw,0,50,74.84321975708008
main_tournament_resume_3,AlphaBeta-new-d3__VS__MCTS-old-100__GAME__59,AlphaBeta-new-d3,MCTS-old-100,59,True,MCTS-old-100,1,8,9.804519653320312
main_tournament_resume_3,AlphaBeta-new-d3__VS__MCTS-old-100__GAME__60,AlphaBeta-new-d3,MCTS-old-100,60,False,AlphaBeta-new-d3,1,19,28.182862281799316
main_tournament_resume_3,AlphaBeta-new-d3__VS__MCTS-old-100__GAME__61,AlphaBeta-new-d3,MCTS-old-100,61,True,MCTS-old-100,1,5,4.001894474029541
main_tournament_resume_3,AlphaBeta-new-d3__VS__MCTS-old-100__GAME__62,AlphaBeta-new-d3,MCTS-old-100,62,False,MCTS-old-100,-1,26,34.86152505874634
main_tournament_resume_3,AlphaBeta-new-d3__VS__MCTS-old-100__GAME__63,AlphaBeta-new-d3,MCTS-old-100,63,True,MCTS-old-100,1,6,6.894230127334595
main_tournament_resume_3,AlphaBeta-new-d3__VS__MCTS-old-100__GAME__64,AlphaBeta-new-d3,MCTS-old-100,64,False,MCTS-old-100,-1,48,65.1670069694519
main_tournament_resume_3,AlphaBeta-new-d3__VS__MCTS-old-100__GAME__65,AlphaBeta-new-d3,MCTS-old-100,65,True,MCTS-old-100,1,27,35.12334728240967
main_tournament_resume_3,AlphaBeta-new-d3__VS__MCTS-old-100__GAME__66,AlphaBeta-new-d3,MCTS-old-100,66,False,MCTS-old-100,-1,6,6.76965856552124
main_tournament_resume_3,AlphaBeta-new-d3__VS__MCTS-old-100__GAME__67,AlphaBeta-new-d3,MCTS-old-100,67,True,MCTS-old-100,1,7,8.910898685455322
main_tournament_resume_3,AlphaBeta-new-d3__VS__MCTS-old-100__GAME__68,AlphaBeta-new-d3,MCTS-old-100,68,False,MCTS-old-100,-1,8,8.636890411376953
main_tournament_resume_3,AlphaBeta-new-d3__VS__MCTS-old-100__GAME__69,AlphaBeta-new-d3,MCTS-old-100,69,True,MCTS-old-100,1,5,4.659444332122803
main_tournament_resume_3,AlphaBeta-new-d3__VS__MCTS-old-100__GAME__70,AlphaBeta-new-d3,MCTS-old-100,70,False,MCTS-old-100,-1,6,5.085147380828857
main_tournament_resume_3,AlphaBeta-new-d3__VS__MCTS-old-100__GAME__71,AlphaBeta-new-d3,MCTS-old-100,71,True,AlphaBeta-new-d3,-1,25,34.36283898353577
main_tournament_resume_3,AlphaBeta-new-d3__VS__MCTS-old-100__GAME__72,AlphaBeta-new-d3,MCTS-old-100,72,False,AlphaBeta-new-d3,1,26,40.79852485656738
main_tournament_resume_3,AlphaBeta-new-d3__VS__MCTS-old-100__GAME__73,AlphaBeta-new-d3,MCTS-old-100,73,True,MCTS-old-100,1,7,8.100472688674927
main_tournament_resume_3,AlphaBeta-new-d3__VS__MCTS-old-100__GAME__74,AlphaBeta-new-d3,MCTS-old-100,74,False,MCTS-old-100,-1,12,14.071363925933838
main_tournament_resume_3,AlphaBeta-new-d3__VS__MCTS-old-100__GAME__75,AlphaBeta-new-d3,MCTS-old-100,75,True,MCTS-old-100,1,19,28.0491886138916
main_tournament_resume_3,AlphaBeta-new-d3__VS__MCTS-old-100__GAME__76,AlphaBeta-new-d3,MCTS-old-100,76,False,MCTS-old-100,-1,24,38.59323525428772
main_tournament_resume_3,AlphaBeta-new-d3__VS__MCTS-old-100__GAME__77,AlphaBeta-new-d3,MCTS-old-100,77,True,MCTS-old-100,1,17,23.16890025138855
main_tournament_resume_3,AlphaBeta-new-d3__VS__MCTS-old-100__GAME__78,AlphaBeta-new-d3,MCTS-old-100,78,False,MCTS-old-100,-1,8,8.266813039779663
main_tournament_resume_3,AlphaBeta-new-d3__VS__MCTS-old-100__GAME__79,AlphaBeta-new-d3,MCTS-old-100,79,True,MCTS-old-100,1,9,9.512831449508667
main_tournament_resume_3,AlphaBeta-new-d3__VS__MCTS-old-100__GAME__80,AlphaBeta-new-d3,MCTS-old-100,80,False,MCTS-old-100,-1,11,14.26207160949707
main_tournament_resume_3,AlphaBeta-new-d3__VS__MCTS-old-100__GAME__81,AlphaBeta-new-d3,MCTS-old-100,81,True,MCTS-old-100,1,7,8.297374963760376
main_tournament_resume_3,AlphaBeta-new-d3__VS__MCTS-old-100__GAME__82,AlphaBeta-new-d3,MCTS-old-100,82,False,MCTS-old-100,-1,14,20.924681901931763
main_tournament_resume_3,AlphaBeta-new-d3__VS__MCTS-old-100__GAME__83,AlphaBeta-new-d3,MCTS-old-100,83,True,AlphaBeta-new-d3,-1,19,29.171990394592285
main_tournament_resume_3,AlphaBeta-new-d3__VS__MCTS-old-100__GAME__84,AlphaBeta-new-d3,MCTS-old-100,84,False,MCTS-old-100,-1,6,5.34749698638916
main_tournament_resume_3,AlphaBeta-new-d3__VS__MCTS-old-100__GAME__85,AlphaBeta-new-d3,MCTS-old-100,85,True,MCTS-old-100,1,9,10.721086740493774
main_tournament_resume_3,AlphaBeta-new-d3__VS__MCTS-old-100__GAME__86,AlphaBeta-new-d3,MCTS-old-100,86,False,MCTS-old-100,-1,14,18.262460231781006
main_tournament_resume_3,AlphaBeta-new-d3__VS__MCTS-old-100__GAME__87,AlphaBeta-new-d3,MCTS-old-100,87,True,MCTS-old-100,1,5,5.225415945053101
main_tournament_resume_3,AlphaBeta-new-d3__VS__MCTS-old-100__GAME__88,AlphaBeta-new-d3,MCTS-old-100,88,False,MCTS-old-100,-1,10,11.756133556365967
main_tournament_resume_3,AlphaBeta-new-d3__VS__MCTS-old-100__GAME__89,AlphaBeta-new-d3,MCTS-old-100,89,True,AlphaBeta-new-d3,-1,11,13.40108323097229
main_tournament_resume_3,AlphaBeta-new-d3__VS__MCTS-old-100__GAME__90,AlphaBeta-new-d3,MCTS-old-100,90,False,MCTS-old-100,-1,8,9.999195337295532
main_tournament_resume_3,AlphaBeta-new-d3__VS__MCTS-old-100__GAME__91,AlphaBeta-new-d3,MCTS-old-100,91,True,AlphaBeta-new-d3,-1,17,22.816477298736572
main_tournament_resume_3,AlphaBeta-new-d3__VS__MCTS-old-100__GAME__92,AlphaBeta-new-d3,MCTS-old-100,92,False,MCTS-old-100,-1,6,6.413489103317261
main_tournament_resume_3,AlphaBeta-new-d3__VS__MCTS-old-100__GAME__93,AlphaBeta-new-d3,MCTS-old-100,93,True,AlphaBeta-new-d3,-1,23,34.1690878868103
main_tournament_resume_3,AlphaBeta-new-d3__VS__MCTS-old-100__GAME__94,AlphaBeta-new-d3,MCTS-old-100,94,False,MCTS-old-100,-1,6,6.445087909698486
main_tournament_resume_3,AlphaBeta-new-d3__VS__MCTS-old-100__GAME__95,AlphaBeta-new-d3,MCTS-old-100,95,True,MCTS-old-100,1,9,9.188489437103271
main_tournament_resume_3,AlphaBeta-new-d3__VS__MCTS-old-100__GAME__96,AlphaBeta-new-d3,MCTS-old-100,96,False,MCTS-old-100,-1,6,5.822955846786499
main_tournament_resume_3,AlphaBeta-new-d3__VS__MCTS-old-100__GAME__97,AlphaBeta-new-d3,MCTS-old-100,97,True,AlphaBeta-new-d3,-1,5,5.494433164596558
main_tournament_resume_3,AlphaBeta-new-d3__VS__MCTS-old-100__GAME__98,AlphaBeta-new-d3,MCTS-old-100,98,False,MCTS-old-100,-1,12,14.045358419418335
main_tournament_resume_3,AlphaBeta-new-d3__VS__MCTS-old-100__GAME__99,AlphaBeta-new-d3,MCTS-old-100,99,True,MCTS-old-100,1,35,53.14685678482056
main_tournament_resume_3,AlphaBeta-new-d3__VS__MCTS-old-100__GAME__100,AlphaBeta-new-d3,MCTS-old-100,100,False,MCTS-old-100,-1,6,5.591717004776001
main_tournament_resume_3,AlphaBeta-new-d3__VS__MCTS-old-100__GAME__101,AlphaBeta-new-d3,MCTS-old-100,101,True,AlphaBeta-new-d3,-1,14,18.578337907791138
main_tournament_resume_3,AlphaBeta-new-d3__VS__MCTS-old-100__GAME__102,AlphaBeta-new-d3,MCTS-old-100,102,False,AlphaBeta-new-d3,1,6,6.581920146942139
main_tournament_resume_3,AlphaBeta-new-d3__VS__MCTS-old-100__GAME__103,AlphaBeta-new-d3,MCTS-old-100,103,True,MCTS-old-100,1,19,27.491441011428833
main_tournament_resume_3,AlphaBeta-new-d3__VS__MCTS-old-100__GAME__104,AlphaBeta-new-d3,MCTS-old-100,104,False,MCTS-old-100,-1,6,5.4746620655059814
main_tournament_resume_3,AlphaBeta-new-d3__VS__MCTS-old-100__GAME__105,AlphaBeta-new-d3,MCTS-old-100,105,True,MCTS-old-100,1,7,8.175179958343506
main_tournament_resume_3,AlphaBeta-new-d3__VS__MCTS-old-100__GAME__106,AlphaBeta-new-d3,MCTS-old-100,106,False,MCTS-old-100,-1,14,20.239946603775024
main_tournament_resume_3,AlphaBeta-new-d3__VS__MCTS-old-100__GAME__107,AlphaBeta-new-d3,MCTS-old-100,107,True,draw,0,50,70.73267483711243
main_tournament_resume_3,AlphaBeta-new-d3__VS__MCTS-old-100__GAME__108,AlphaBeta-new-d3,MCTS-old-100,108,False,MCTS-old-100,-1,16,19.827015161514282
main_tournament_resume_3,AlphaBeta-new-d3__VS__MCTS-old-100__GAME__109,AlphaBeta-new-d3,MCTS-old-100,109,True,MCTS-old-100,1,7,7.157029628753662
main_tournament_resume_3,AlphaBeta-new-d3__VS__MCTS-old-100__GAME__110,AlphaBeta-new-d3,MCTS-old-100,110,False,MCTS-old-100,-1,12,12.794082403182983
main_tournament_resume_3,AlphaBeta-new-d3__VS__MCTS-old-100__GAME__111,AlphaBeta-new-d3,MCTS-old-100,111,True,MCTS-old-100,1,15,20.3065984249115
main_tournament_resume_3,AlphaBeta-new-d3__VS__MCTS-old-100__GAME__112,AlphaBeta-new-d3,MCTS-old-100,112,False,MCTS-old-100,-1,14,17.09481716156006
main_tournament_resume_3,AlphaBeta-new-d3__VS__MCTS-old-100__GAME__113,AlphaBeta-new-d3,MCTS-old-100,113,True,AlphaBeta-new-d3,-1,5,6.198191404342651
main_tournament_resume_3,AlphaBeta-new-d3__VS__MCTS-old-100__GAME__114,AlphaBeta-new-d3,MCTS-old-100,114,False,MCTS-old-100,-1,14,16.98503351211548
main_tournament_resume_3,AlphaBeta-new-d3__VS__MCTS-old-100__GAME__115,AlphaBeta-new-d3,MCTS-old-100,115,True,MCTS-old-100,1,15,21.865577459335327
main_tournament_resume_3,AlphaBeta-new-d3__VS__MCTS-old-100__GAME__116,AlphaBeta-new-d3,MCTS-old-100,116,False,AlphaBeta-new-d3,1,13,16.33892250061035
main_tournament_resume_3,AlphaBeta-new-d3__VS__MCTS-old-100__GAME__117,AlphaBeta-new-d3,MCTS-old-100,117,True,MCTS-old-100,1,7,8.773981094360352
main_tournament_resume_3,AlphaBeta-new-d3__VS__MCTS-old-100__GAME__118,AlphaBeta-new-d3,MCTS-old-100,118,False,MCTS-old-100,-1,14,17.051308155059814
main_tournament_resume_3,AlphaBeta-new-d3__VS__MCTS-old-100__GAME__119,AlphaBeta-new-d3,MCTS-old-100,119,True,draw,0,50,70.42448997497559
main_tournament_resume_3,AlphaBeta-new-d3__VS__MCTS-old-100__GAME__120,AlphaBeta-new-d3,MCTS-old-100,120,False,MCTS-old-100,-1,8,9.169914484024048
main_tournament_resume_3,AlphaBeta-new-d3__VS__MCTS-old-100__GAME__121,AlphaBeta-new-d3,MCTS-old-100,121,True,MCTS-old-100,1,7,7.326447010040283
main_tournament_resume_3,AlphaBeta-new-d3__VS__MCTS-old-100__GAME__122,AlphaBeta-new-d3,MCTS-old-100,122,False,AlphaBeta-new-d3,1,6,6.780357837677002
main_tournament_resume_3,AlphaBeta-new-d3__VS__MCTS-old-100__GAME__123,AlphaBeta-new-d3,MCTS-old-100,123,True,AlphaBeta-new-d3,-1,10,12.398600101470947
main_tournament_resume_3,AlphaBeta-new-d3__VS__MCTS-old-100__GAME__124,AlphaBeta-new-d3,MCTS-old-100,124,False,MCTS-old-100,-1,20,29.13229489326477
main_tournament_resume_3,AlphaBeta-new-d3__VS__MCTS-old-100__GAME__125,AlphaBeta-new-d3,MCTS-old-100,125,True,MCTS-old-100,1,13,15.437166690826416
main_tournament_resume_3,AlphaBeta-new-d3__VS__MCTS-old-100__GAME__126,AlphaBeta-new-d3,MCTS-old-100,126,False,AlphaBeta-new-d3,1,23,34.13727927207947
main_tournament_resume_3,AlphaBeta-new-d3__VS__MCTS-old-100__GAME__127,AlphaBeta-new-d3,MCTS-old-100,127,True,MCTS-old-100,1,7,6.5843095779418945
main_tournament_resume_3,AlphaBeta-new-d3__VS__MCTS-old-100__GAME__128,AlphaBeta-new-d3,MCTS-old-100,128,False,MCTS-old-100,-1,12,13.744266748428345
main_tournament_resume_3,AlphaBeta-new-d3__VS__MCTS-old-100__GAME__129,AlphaBeta-new-d3,MCTS-old-100,129,True,MCTS-old-100,1,15,21.837483167648315
main_tournament_resume_3,AlphaBeta-new-d3__VS__MCTS-old-100__GAME__130,AlphaBeta-new-d3,MCTS-old-100,130,False,AlphaBeta-new-d3,1,13,18.280254364013672
main_tournament_resume_3,AlphaBeta-new-d3__VS__MCTS-old-100__GAME__131,AlphaBeta-new-d3,MCTS-old-100,131,True,MCTS-old-100,1,6,7.371962547302246
main_tournament_resume_3,AlphaBeta-new-d3__VS__MCTS-old-100__GAME__132,AlphaBeta-new-d3,MCTS-old-100,132,False,MCTS-old-100,-1,6,4.962759017944336
main_tournament_resume_3,AlphaBeta-new-d3__VS__MCTS-old-100__GAME__133,AlphaBeta-new-d3,MCTS-old-100,133,True,AlphaBeta-new-d3,-1,8,9.583039283752441
main_tournament_resume_3,AlphaBeta-new-d3__VS__MCTS-old-100__GAME__134,AlphaBeta-new-d3,MCTS-old-100,134,False,MCTS-old-100,-1,6,6.447002649307251
main_tournament_resume_3,AlphaBeta-new-d3__VS__MCTS-old-100__GAME__135,AlphaBeta-new-d3,MCTS-old-100,135,True,MCTS-old-100,1,21,34.02953314781189
main_tournament_resume_3,AlphaBeta-new-d3__VS__MCTS-old-100__GAME__136,AlphaBeta-new-d3,MCTS-old-100,136,False,MCTS-old-100,-1,6,5.940394401550293
main_tournament_resume_3,AlphaBeta-new-d3__VS__MCTS-old-100__GAME__137,AlphaBeta-new-d3,MCTS-old-100,137,True,MCTS-old-100,1,9,11.692760705947876
main_tournament_resume_3,AlphaBeta-new-d3__VS__MCTS-old-100__GAME__138,AlphaBeta-new-d3,MCTS-old-100,138,False,draw,0,50,85.61040711402893
main_tournament_resume_3,AlphaBeta-new-d3__VS__MCTS-old-100__GAME__139,AlphaBeta-new-d3,MCTS-old-100,139,True,MCTS-old-100,1,7,8.587743043899536
main_tournament_resume_3,AlphaBeta-new-d3__VS__MCTS-old-100__GAME__140,AlphaBeta-new-d3,MCTS-old-100,140,False,MCTS-old-100,-1,12,16.06685733795166
main_tournament_resume_3,AlphaBeta-new-d3__VS__MCTS-old-100__GAME__141,AlphaBeta-new-d3,MCTS-old-100,141,True,MCTS-old-100,1,11,12.202274560928345
main_tournament_resume_3,AlphaBeta-new-d3__VS__MCTS-old-100__GAME__142,AlphaBeta-new-d3,MCTS-old-100,142,False,MCTS-old-100,-1,10,12.39553165435791
main_tournament_resume_3,AlphaBeta-new-d3__VS__MCTS-old-100__GAME__143,AlphaBeta-new-d3,MCTS-old-100,143,True,AlphaBeta-new-d3,-1,33,48.25863456726074
main_tournament_resume_3,AlphaBeta-new-d3__VS__MCTS-old-100__GAME__144,AlphaBeta-new-d3,MCTS-old-100,144,False,draw,0,50,84.49962568283081
main_tournament_resume_3,AlphaBeta-new-d3__VS__MCTS-old-100__GAME__145,AlphaBeta-new-d3,MCTS-old-100,145,True,MCTS-old-100,1,5,4.286132335662842
main_tournament_resume_3,AlphaBeta-new-d3__VS__MCTS-old-100__GAME__146,AlphaBeta-new-d3,MCTS-old-100,146,False,MCTS-old-100,-1,8,9.66477346420288
main_tournament_resume_3,AlphaBeta-new-d3__VS__MCTS-old-100__GAME__147,AlphaBeta-new-d3,MCTS-old-100,147,True,MCTS-old-100,1,7,6.724400520324707
main_tournament_resume_3,AlphaBeta-new-d3__VS__MCTS-old-100__GAME__148,AlphaBeta-new-d3,MCTS-old-100,148,False,MCTS-old-100,-1,6,5.366944789886475
main_tournament_resume_3,AlphaBeta-new-d3__VS__MCTS-old-100__GAME__149,AlphaBeta-new-d3,MCTS-old-100,149,True,MCTS-old-100,1,13,15.838891506195068
main_tournament_resume_3,AlphaBeta-new-d3__VS__MCTS-old-100__GAME__150,AlphaBeta-new-d3,MCTS-old-100,150,False,MCTS-old-100,-1,16,21.716893434524536
main_tournament_resume_3,AlphaBeta-new-d3__VS__MCTS-old-100__GAME__151,AlphaBeta-new-d3,MCTS-old-100,151,True,MCTS-old-100,1,7,7.833192348480225
main_tournament_resume_3,AlphaBeta-new-d3__VS__MCTS-old-100__GAME__152,AlphaBeta-new-d3,MCTS-old-100,152,False,MCTS-old-100,-1,10,9.916243314743042
main_tournament_resume_3,AlphaBeta-new-d3__VS__MCTS-old-100__GAME__153,AlphaBeta-new-d3,MCTS-old-100,153,True,AlphaBeta-new-d3,-1,6,6.30265212059021
main_tournament_resume_3,AlphaBeta-new-d3__VS__MCTS-old-100__GAME__154,AlphaBeta-new-d3,MCTS-old-100,154,False,AlphaBeta-new-d3,1,16,20.131301879882812
main_tournament_resume_3,AlphaBeta-new-d3__VS__MCTS-old-100__GAME__155,AlphaBeta-new-d3,MCTS-old-100,155,True,MCTS-old-100,1,13,14.726316452026367
main_tournament_resume_3,AlphaBeta-new-d3__VS__MCTS-old-100__GAME__156,AlphaBeta-new-d3,MCTS-old-100,156,False,MCTS-old-100,-1,8,8.467214822769165
main_tournament_resume_3,AlphaBeta-new-d3__VS__MCTS-old-100__GAME__157,AlphaBeta-new-d3,MCTS-old-100,157,True,MCTS-old-100,1,7,7.694497585296631
main_tournament_resume_3,AlphaBeta-new-d3__VS__MCTS-old-100__GAME__158,AlphaBeta-new-d3,MCTS-old-100,158,False,AlphaBeta-new-d3,1,5,4.889069318771362
main_tournament_resume_3,AlphaBeta-new-d3__VS__MCTS-old-100__GAME__159,AlphaBeta-new-d3,MCTS-old-100,159,True,MCTS-old-100,1,17,22.690645933151245
main_tournament_resume_3,AlphaBeta-new-d3__VS__MCTS-old-100__GAME__160,AlphaBeta-new-d3,MCTS-old-100,160,False,AlphaBeta-new-d3,1,22,35.102810859680176
main_tournament_resume_3,AlphaBeta-new-d3__VS__MCTS-old-100__GAME__161,AlphaBeta-new-d3,MCTS-old-100,161,True,MCTS-old-100,1,11,12.650932312011719
main_tournament_resume_3,AlphaBeta-new-d3__VS__MCTS-old-100__GAME__162,AlphaBeta-new-d3,MCTS-old-100,162,False,MCTS-old-100,-1,6,6.758898019790649
main_tournament_resume_3,AlphaBeta-new-d3__VS__MCTS-old-100__GAME__163,AlphaBeta-new-d3,MCTS-old-100,163,True,MCTS-old-100,1,13,15.05113673210144
main_tournament_resume_3,AlphaBeta-new-d3__VS__MCTS-old-100__GAME__164,AlphaBeta-new-d3,MCTS-old-100,164,False,MCTS-old-100,-1,10,12.05500340461731
main_tournament_resume_3,AlphaBeta-new-d3__VS__MCTS-old-100__GAME__165,AlphaBeta-new-d3,MCTS-old-100,165,True,MCTS-old-100,1,11,14.406867980957031
main_tournament_resume_3,AlphaBeta-new-d3__VS__MCTS-old-100__GAME__166,AlphaBeta-new-d3,MCTS-old-100,166,False,MCTS-old-100,-1,6,5.9602580070495605
main_tournament_resume_3,AlphaBeta-new-d3__VS__MCTS-old-100__GAME__167,AlphaBeta-new-d3,MCTS-old-100,167,True,MCTS-old-100,1,23,35.89455223083496
main_tournament_resume_3,AlphaBeta-new-d3__VS__MCTS-old-100__GAME__168,AlphaBeta-new-d3,MCTS-old-100,168,False,MCTS-old-100,-1,6,5.377058029174805
main_tournament_resume_3,AlphaBeta-new-d3__VS__MCTS-old-100__GAME__169,AlphaBeta-new-d3,MCTS-old-100,169,True,MCTS-old-100,1,11,15.163812398910522
main_tournament_resume_3,AlphaBeta-new-d3__VS__MCTS-old-100__GAME__170,AlphaBeta-new-d3,MCTS-old-100,170,False,MCTS-old-100,-1,9,10.449921131134033
main_tournament_resume_3,AlphaBeta-new-d3__VS__MCTS-old-100__GAME__171,AlphaBeta-new-d3,MCTS-old-100,171,True,AlphaBeta-new-d3,-1,9,12.193484783172607
main_tournament_resume_3,AlphaBeta-new-d3__VS__MCTS-old-100__GAME__172,AlphaBeta-new-d3,MCTS-old-100,172,False,MCTS-old-100,-1,8,8.252490043640137
main_tournament_resume_3,AlphaBeta-new-d3__VS__MCTS-old-100__GAME__173,AlphaBeta-new-d3,MCTS-old-100,173,True,MCTS-old-100,1,21,29.561927318572998
main_tournament_resume_3,AlphaBeta-new-d3__VS__MCTS-old-100__GAME__174,AlphaBeta-new-d3,MCTS-old-100,174,False,MCTS-old-100,-1,8,8.457840919494629
main_tournament_resume_3,AlphaBeta-new-d3__VS__MCTS-old-100__GAME__175,AlphaBeta-new-d3,MCTS-old-100,175,True,draw,0,50,73.25544381141663
main_tournament_resume_3,AlphaBeta-new-d3__VS__MCTS-old-100__GAME__176,AlphaBeta-new-d3,MCTS-old-100,176,False,MCTS-old-100,-1,8,8.438243389129639
main_tournament_resume_3,AlphaBeta-new-d3__VS__MCTS-old-100__GAME__177,AlphaBeta-new-d3,MCTS-old-100,177,True,AlphaBeta-new-d3,-1,7,7.820418834686279
main_tournament_resume_3,AlphaBeta-new-d3__VS__MCTS-old-100__GAME__178,AlphaBeta-new-d3,MCTS-old-100,178,False,AlphaBeta-new-d3,1,7,7.109519004821777
main_tournament_resume_3,AlphaBeta-new-d3__VS__MCTS-old-100__GAME__179,AlphaBeta-new-d3,MCTS-old-100,179,True,AlphaBeta-new-d3,-1,6,5.519692420959473
main_tournament_resume_3,AlphaBeta-new-d3__VS__MCTS-old-100__GAME__180,AlphaBeta-new-d3,MCTS-old-100,180,False,MCTS-old-100,-1,12,14.541096687316895
main_tournament_resume_3,AlphaBeta-new-d3__VS__MCTS-old-100__GAME__181,AlphaBeta-new-d3,MCTS-old-100,181,True,MCTS-old-100,1,9,7.999960660934448
main_tournament_resume_3,AlphaBeta-new-d3__VS__MCTS-old-100__GAME__182,AlphaBeta-new-d3,MCTS-old-100,182,False,MCTS-old-100,-1,8,7.429236650466919
main_tournament_resume_3,AlphaBeta-new-d3__VS__MCTS-old-100__GAME__183,AlphaBeta-new-d3,MCTS-old-100,183,True,MCTS-old-100,1,29,45.56633281707764
main_tournament_resume_3,AlphaBeta-new-d3__VS__MCTS-old-100__GAME__184,AlphaBeta-new-d3,MCTS-old-100,184,False,AlphaBeta-new-d3,1,10,13.924591064453125
main_tournament_resume_3,AlphaBeta-new-d3__VS__MCTS-old-100__GAME__185,AlphaBeta-new-d3,MCTS-old-100,185,True,MCTS-old-100,1,5,5.025956153869629
main_tournament_resume_3,AlphaBeta-new-d3__VS__MCTS-old-100__GAME__186,AlphaBeta-new-d3,MCTS-old-100,186,False,MCTS-old-100,-1,8,8.579393863677979
main_tournament_resume_3,AlphaBeta-new-d3__VS__MCTS-old-100__GAME__187,AlphaBeta-new-d3,MCTS-old-100,187,True,MCTS-old-100,1,6,6.929553747177124
main_tournament_resume_3,AlphaBeta-new-d3__VS__MCTS-old-100__GAME__188,AlphaBeta-new-d3,MCTS-old-100,188,False,AlphaBeta-new-d3,1,7,7.222101926803589
main_tournament_resume_3,AlphaBeta-new-d3__VS__MCTS-old-100__GAME__189,AlphaBeta-new-d3,MCTS-old-100,189,True,AlphaBeta-new-d3,-1,10,13.248593807220459
main_tournament_resume_3,AlphaBeta-new-d3__VS__MCTS-old-100__GAME__190,AlphaBeta-new-d3,MCTS-old-100,190,False,MCTS-old-100,-1,14,17.712932109832764
main_tournament_resume_3,AlphaBeta-new-d3__VS__MCTS-old-100__GAME__191,AlphaBeta-new-d3,MCTS-old-100,191,True,MCTS-old-100,1,7,7.450821161270142
main_tournament_resume_3,AlphaBeta-new-d3__VS__MCTS-old-100__GAME__192,AlphaBeta-new-d3,MCTS-old-100,192,False,MCTS-old-100,-1,10,13.196810245513916
main_tournament_resume_3,AlphaBeta-new-d3__VS__MCTS-old-100__GAME__193,AlphaBeta-new-d3,MCTS-old-100,193,True,MCTS-old-100,1,7,7.611567974090576
main_tournament_resume_3,AlphaBeta-new-d3__VS__MCTS-old-100__GAME__194,AlphaBeta-new-d3,MCTS-old-100,194,False,MCTS-old-100,-1,14,18.393247842788696
main_tournament_resume_3,AlphaBeta-new-d3__VS__MCTS-old-100__GAME__195,AlphaBeta-new-d3,MCTS-old-100,195,True,MCTS-old-100,1,7,6.312484979629517
main_tournament_resume_3,AlphaBeta-new-d3__VS__MCTS-old-100__GAME__196,AlphaBeta-new-d3,MCTS-old-100,196,False,MCTS-old-100,-1,14,17.045186758041382
main_tournament_resume_3,AlphaBeta-new-d3__VS__MCTS-old-100__GAME__197,AlphaBeta-new-d3,MCTS-old-100,197,True,MCTS-old-100,1,29,37.01171803474426
main_tournament_resume_3,AlphaBeta-new-d3__VS__MCTS-old-100__GAME__198,AlphaBeta-new-d3,MCTS-old-100,198,False,MCTS-old-100,-1,19,25.789801836013794
main_tournament_resume_3,AlphaBeta-new-d3__VS__MCTS-old-100__GAME__199,AlphaBeta-new-d3,MCTS-old-100,199,True,MCTS-old-100,1,7,7.339817047119141
main_tournament_resume_3,AlphaBeta-new-d3__VS__MCTS-old-100__GAME__200,AlphaBeta-new-d3,MCTS-old-100,200,False,MCTS-old-100,-1,9,10.938730001449585
main_tournament_resume_3,AlphaBeta-new-d3__VS__MCTS-old-100__GAME__201,AlphaBeta-new-d3,MCTS-old-100,201,True,MCTS-old-100,1,31,44.386512994766235
main_tournament_resume_3,AlphaBeta-new-d3__VS__MCTS-old-100__GAME__202,AlphaBeta-new-d3,MCTS-old-100,202,False,MCTS-old-100,-1,18,28.97314715385437
main_tournament_resume_3,AlphaBeta-new-d3__VS__MCTS-old-100__GAME__203,AlphaBeta-new-d3,MCTS-old-100,203,True,MCTS-old-100,1,21,33.15751361846924
main_tournament_resume_3,AlphaBeta-new-d3__VS__MCTS-old-100__GAME__204,AlphaBeta-new-d3,MCTS-old-100,204,False,MCTS-old-100,-1,6,7.521970272064209
main_tournament_resume_3,AlphaBeta-new-d3__VS__MCTS-old-100__GAME__205,AlphaBeta-new-d3,MCTS-old-100,205,True,MCTS-old-100,1,9,14.092335224151611
main_tournament_resume_3,AlphaBeta-new-d3__VS__MCTS-old-100__GAME__206,AlphaBeta-new-d3,MCTS-old-100,206,False,AlphaBeta-new-d3,1,6,11.145802974700928
main_tournament_resume_3,AlphaBeta-new-d3__VS__MCTS-old-100__GAME__207,AlphaBeta-new-d3,MCTS-old-100,207,True,MCTS-old-100,1,5,10.378276586532593
main_tournament_resume_3,AlphaBeta-new-d3__VS__MCTS-old-100__GAME__208,AlphaBeta-new-d3,MCTS-old-100,208,False,MCTS-old-100,-1,14,32.94724941253662
main_tournament_resume_3,AlphaBeta-new-d3__VS__MCTS-old-100__GAME__209,AlphaBeta-new-d3,MCTS-old-100,209,True,MCTS-old-100,1,7,21.510011196136475
main_tournament_resume_3,AlphaBeta-new-d3__VS__MCTS-old-100__GAME__210,AlphaBeta-new-d3,MCTS-old-100,210,False,MCTS-old-100,-1,10,96.15380620956421
main_tournament_resume_3,AlphaBeta-new-d3__VS__MCTS-old-100__GAME__211,AlphaBeta-new-d3,MCTS-old-100,211,True,MCTS-old-100,1,5,12.05270504951477
main_tournament_resume_3,AlphaBeta-new-d3__VS__MCTS-old-100__GAME__212,AlphaBeta-new-d3,MCTS-old-100,212,False,MCTS-old-100,-1,16,69.83248162269592
main_tournament_resume_3,AlphaBeta-new-d3__VS__MCTS-old-100__GAME__213,AlphaBeta-new-d3,MCTS-old-100,213,True,AlphaBeta-new-d3,-1,32,55.38892722129822
main_tournament_resume_3,AlphaBeta-new-d3__VS__MCTS-old-100__GAME__214,AlphaBeta-new-d3,MCTS-old-100,214,False,MCTS-old-100,-1,14,18.45026397705078
main_tournament_resume_3,AlphaBeta-new-d3__VS__MCTS-old-100__GAME__215,AlphaBeta-new-d3,MCTS-old-100,215,True,MCTS-old-100,1,7,7.872607707977295
main_tournament_resume_3,AlphaBeta-new-d3__VS__MCTS-old-100__GAME__216,AlphaBeta-new-d3,MCTS-old-100,216,False,AlphaBeta-new-d3,1,9,8.107234716415405
main_tournament_resume_3,AlphaBeta-new-d3__VS__MCTS-old-100__GAME__217,AlphaBeta-new-d3,MCTS-old-100,217,True,MCTS-old-100,1,9,9.186153411865234
main_tournament_resume_3,AlphaBeta-new-d3__VS__MCTS-old-100__GAME__218,AlphaBeta-new-d3,MCTS-old-100,218,False,MCTS-old-100,-1,8,9.740952730178833
main_tournament_resume_3,AlphaBeta-new-d3__VS__MCTS-old-100__GAME__219,AlphaBeta-new-d3,MCTS-old-100,219,True,MCTS-old-100,1,13,15.900145292282104
main_tournament_resume_3,AlphaBeta-new-d3__VS__MCTS-old-100__GAME__220,AlphaBeta-new-d3,MCTS-old-100,220,False,MCTS-old-100,-1,14,17.475788831710815
main_tournament_resume_3,AlphaBeta-new-d3__VS__MCTS-old-100__GAME__221,AlphaBeta-new-d3,MCTS-old-100,221,True,MCTS-old-100,1,11,12.563008546829224
main_tournament_resume_3,AlphaBeta-new-d3__VS__MCTS-old-100__GAME__222,AlphaBeta-new-d3,MCTS-old-100,222,False,MCTS-old-100,-1,13,18.343056678771973
main_tournament_resume_3,AlphaBeta-new-d3__VS__MCTS-old-100__GAME__223,AlphaBeta-new-d3,MCTS-old-100,223,True,MCTS-old-100,1,7,7.509810447692871
main_tournament_resume_3,AlphaBeta-new-d3__VS__MCTS-old-100__GAME__224,AlphaBeta-new-d3,MCTS-old-100,224,False,AlphaBeta-new-d3,1,17,21.058433055877686
main_tournament_resume_3,AlphaBeta-new-d3__VS__MCTS-old-100__GAME__225,AlphaBeta-new-d3,MCTS-old-100,225,True,MCTS-old-100,1,17,24.362630128860474
main_tournament_resume_3,AlphaBeta-new-d3__VS__MCTS-old-100__GAME__226,AlphaBeta-new-d3,MCTS-old-100,226,False,MCTS-old-100,-1,16,21.40960144996643
main_tournament_resume_3,AlphaBeta-new-d3__VS__MCTS-old-100__GAME__227,AlphaBeta-new-d3,MCTS-old-100,227,True,MCTS-old-100,1,11,13.016662359237671
main_tournament_resume_3,AlphaBeta-new-d3__VS__MCTS-old-100__GAME__228,AlphaBeta-new-d3,MCTS-old-100,228,False,MCTS-old-100,-1,8,7.93656325340271
main_tournament_resume_3,AlphaBeta-new-d3__VS__MCTS-old-100__GAME__229,AlphaBeta-new-d3,MCTS-old-100,229,True,MCTS-old-100,1,5,4.824221134185791
main_tournament_resume_3,AlphaBeta-new-d3__VS__MCTS-old-100__GAME__230,AlphaBeta-new-d3,MCTS-old-100,230,False,MCTS-old-100,-1,6,5.599989652633667
main_tournament_resume_3,AlphaBeta-new-d3__VS__MCTS-old-100__GAME__231,AlphaBeta-new-d3,MCTS-old-100,231,True,MCTS-old-100,1,29,46.25472331047058
main_tournament_resume_3,AlphaBeta-new-d3__VS__MCTS-old-100__GAME__232,AlphaBeta-new-d3,MCTS-old-100,232,False,MCTS-old-100,-1,20,22.73201560974121
main_tournament_resume_3,AlphaBeta-new-d3__VS__MCTS-old-100__GAME__233,AlphaBeta-new-d3,MCTS-old-100,233,True,MCTS-old-100,1,33,43.8680202960968
main_tournament_resume_3,AlphaBeta-new-d3__VS__MCTS-old-100__GAME__234,AlphaBeta-new-d3,MCTS-old-100,234,False,MCTS-old-100,-1,8,9.660557746887207
main_tournament_resume_3,AlphaBeta-new-d3__VS__MCTS-old-100__GAME__235,AlphaBeta-new-d3,MCTS-old-100,235,True,AlphaBeta-new-d3,-1,6,5.905885696411133
main_tournament_resume_3,AlphaBeta-new-d3__VS__MCTS-old-100__GAME__236,AlphaBeta-new-d3,MCTS-old-100,236,False,MCTS-old-100,-1,6,5.49766993522644
main_tournament_resume_3,AlphaBeta-new-d3__VS__MCTS-old-100__GAME__237,AlphaBeta-new-d3,MCTS-old-100,237,True,MCTS-old-100,1,9,7.9966065883636475
main_tournament_resume_3,AlphaBeta-new-d3__VS__MCTS-old-100__GAME__238,AlphaBeta-new-d3,MCTS-old-100,238,False,MCTS-old-100,-1,6,4.9061009883880615
main_tournament_resume_3,AlphaBeta-new-d3__VS__MCTS-old-100__GAME__239,AlphaBeta-new-d3,MCTS-old-100,239,True,MCTS-old-100,1,11,13.507286310195923
main_tournament_resume_3,AlphaBeta-new-d3__VS__MCTS-old-100__GAME__240,AlphaBeta-new-d3,MCTS-old-100,240,False,MCTS-old-100,-1,6,5.9676833152771
main_tournament_resume_3,AlphaBeta-new-d3__VS__MCTS-old-100__GAME__241,AlphaBeta-new-d3,MCTS-old-100,241,True,MCTS-old-100,1,9,10.306242942810059
main_tournament_resume_3,AlphaBeta-new-d3__VS__MCTS-old-100__GAME__242,AlphaBeta-new-d3,MCTS-old-100,242,False,MCTS-old-100,-1,20,30.018161058425903
main_tournament_resume_3,AlphaBeta-new-d3__VS__MCTS-old-100__GAME__243,AlphaBeta-new-d3,MCTS-old-100,243,True,AlphaBeta-new-d3,-1,30,41.21592950820923
main_tournament_resume_3,AlphaBeta-new-d3__VS__MCTS-old-100__GAME__244,AlphaBeta-new-d3,MCTS-old-100,244,False,MCTS-old-100,-1,8,8.373746395111084
main_tournament_resume_3,AlphaBeta-new-d3__VS__MCTS-old-100__GAME__245,AlphaBeta-new-d3,MCTS-old-100,245,True,AlphaBeta-new-d3,-1,10,11.910698413848877
main_tournament_resume_3,AlphaBeta-new-d3__VS__MCTS-old-100__GAME__246,AlphaBeta-new-d3,MCTS-old-100,246,False,MCTS-old-100,-1,10,10.14503812789917
main_tournament_resume_3,AlphaBeta-new-d3__VS__MCTS-old-100__GAME__247,AlphaBeta-new-d3,MCTS-old-100,247,True,MCTS-old-100,1,9,8.57673716545105
main_tournament_resume_3,AlphaBeta-new-d3__VS__MCTS-old-100__GAME__248,AlphaBeta-new-d3,MCTS-old-100,248,False,AlphaBeta-new-d3,1,37,62.82668614387512
main_tournament_resume_3,AlphaBeta-new-d3__VS__MCTS-old-100__GAME__249,AlphaBeta-new-d3,MCTS-old-100,249,True,MCTS-old-100,1,11,12.811816692352295
main_tournament_resume_3,AlphaBeta-new-d3__VS__MCTS-new-100__GAME__0,AlphaBeta-new-d3,MCTS-new-100,0,False,MCTS-new-100,-1,5,5.890329599380493
main_tournament_resume_3,AlphaBeta-new-d3__VS__MCTS-new-100__GAME__1,AlphaBeta-new-d3,MCTS-new-100,1,True,MCTS-new-100,1,5,5.135730028152466
main_tournament_resume_3,AlphaBeta-new-d3__VS__MCTS-new-100__GAME__2,AlphaBeta-new-d3,MCTS-new-100,2,False,MCTS-new-100,-1,8,8.286059379577637
main_tournament_resume_3,AlphaBeta-new-d3__VS__MCTS-new-100__GAME__3,AlphaBeta-new-d3,MCTS-new-100,3,True,MCTS-new-100,1,21,31.765863180160522
main_tournament_resume_3,AlphaBeta-new-d3__VS__MCTS-new-100__GAME__4,AlphaBeta-new-d3,MCTS-new-100,4,False,MCTS-new-100,-1,18,22.199214935302734
main_tournament_resume_3,AlphaBeta-new-d3__VS__MCTS-new-100__GAME__5,AlphaBeta-new-d3,MCTS-new-100,5,True,AlphaBeta-new-d3,-1,10,11.197048664093018
main_tournament_resume_3,AlphaBeta-new-d3__VS__MCTS-new-100__GAME__6,AlphaBeta-new-d3,MCTS-new-100,6,False,MCTS-new-100,-1,10,10.747931003570557
main_tournament_resume_3,AlphaBeta-new-d3__VS__MCTS-new-100__GAME__7,AlphaBeta-new-d3,MCTS-new-100,7,True,MCTS-new-100,1,20,27.260310411453247
main_tournament_resume_3,AlphaBeta-new-d3__VS__MCTS-new-100__GAME__8,AlphaBeta-new-d3,MCTS-new-100,8,False,MCTS-new-100,-1,18,23.065122365951538
main_tournament_resume_3,AlphaBeta-new-d3__VS__MCTS-new-100__GAME__9,AlphaBeta-new-d3,MCTS-new-100,9,True,MCTS-new-100,1,27,34.317861557006836
main_tournament_resume_3,AlphaBeta-new-d3__VS__MCTS-new-100__GAME__10,AlphaBeta-new-d3,MCTS-new-100,10,False,MCTS-new-100,-1,14,15.61632490158081
main_tournament_resume_3,AlphaBeta-new-d3__VS__MCTS-new-100__GAME__11,AlphaBeta-new-d3,MCTS-new-100,11,True,MCTS-new-100,1,9,10.825674533843994
main_tournament_resume_3,AlphaBeta-new-d3__VS__MCTS-new-100__GAME__12,AlphaBeta-new-d3,MCTS-new-100,12,False,MCTS-new-100,-1,6,6.323513031005859
main_tournament_resume_3,AlphaBeta-new-d3__VS__MCTS-new-100__GAME__13,AlphaBeta-new-d3,MCTS-new-100,13,True,AlphaBeta-new-d3,-1,15,21.512975454330444
main_tournament_resume_3,AlphaBeta-new-d3__VS__MCTS-new-100__GAME__14,AlphaBeta-new-d3,MCTS-new-100,14,False,MCTS-new-100,-1,6,5.980244398117065
main_tournament_resume_3,AlphaBeta-new-d3__VS__MCTS-new-100__GAME__15,AlphaBeta-new-d3,MCTS-new-100,15,True,MCTS-new-100,1,7,7.6054675579071045
main_tournament_resume_3,AlphaBeta-new-d3__VS__MCTS-new-100__GAME__16,AlphaBeta-new-d3,MCTS-new-100,16,False,MCTS-new-100,-1,6,6.0286290645599365
main_tournament_resume_3,AlphaBeta-new-d3__VS__MCTS-new-100__GAME__17,AlphaBeta-new-d3,MCTS-new-100,17,True,MCTS-new-100,1,13,13.820339441299438
main_tournament_resume_3,AlphaBeta-new-d3__VS__MCTS-new-100__GAME__18,AlphaBeta-new-d3,MCTS-new-100,18,False,MCTS-new-100,-1,12,16.380732774734497
main_tournament_resume_3,AlphaBeta-new-d3__VS__MCTS-new-100__GAME__19,AlphaBeta-new-d3,MCTS-new-100,19,True,MCTS-new-100,1,9,9.492462158203125
main_tournament_resume_3,AlphaBeta-new-d3__VS__MCTS-new-100__GAME__20,AlphaBeta-new-d3,MCTS-new-100,20,False,MCTS-new-100,-1,4,3.1977450847625732
main_tournament_resume_3,AlphaBeta-new-d3__VS__MCTS-new-100__GAME__21,AlphaBeta-new-d3,MCTS-new-100,21,True,MCTS-new-100,1,5,4.563890695571899
main_tournament_resume_3,AlphaBeta-new-d3__VS__MCTS-new-100__GAME__22,AlphaBeta-new-d3,MCTS-new-100,22,False,MCTS-new-100,-1,7,7.862781286239624
main_tournament_resume_3,AlphaBeta-new-d3__VS__MCTS-new-100__GAME__23,AlphaBeta-new-d3,MCTS-new-100,23,True,MCTS-new-100,1,6,7.150792837142944
main_tournament_resume_3,AlphaBeta-new-d3__VS__MCTS-new-100__GAME__24,AlphaBeta-new-d3,MCTS-new-100,24,False,MCTS-new-100,-1,6,5.243661642074585
main_tournament_resume_3,AlphaBeta-new-d3__VS__MCTS-new-100__GAME__25,AlphaBeta-new-d3,MCTS-new-100,25,True,MCTS-new-100,1,9,9.633024454116821
main_tournament_resume_3,AlphaBeta-new-d3__VS__MCTS-new-100__GAME__26,AlphaBeta-new-d3,MCTS-new-100,26,False,AlphaBeta-new-d3,1,6,6.444894075393677
main_tournament_resume_3,AlphaBeta-new-d3__VS__MCTS-new-100__GAME__27,AlphaBeta-new-d3,MCTS-new-100,27,True,MCTS-new-100,1,7,7.26143217086792
main_tournament_resume_3,AlphaBeta-new-d3__VS__MCTS-new-100__GAME__28,AlphaBeta-new-d3,MCTS-new-100,28,False,AlphaBeta-new-d3,1,15,19.80382513999939
main_tournament_resume_3,AlphaBeta-new-d3__VS__MCTS-new-100__GAME__29,AlphaBeta-new-d3,MCTS-new-100,29,True,AlphaBeta-new-d3,-1,24,35.775548696517944
main_tournament_resume_3,AlphaBeta-new-d3__VS__MCTS-new-100__GAME__30,AlphaBeta-new-d3,MCTS-new-100,30,False,MCTS-new-100,-1,16,18.663759469985962
main_tournament_resume_3,AlphaBeta-new-d3__VS__MCTS-new-100__GAME__31,AlphaBeta-new-d3,MCTS-new-100,31,True,MCTS-new-100,1,7,8.675579309463501
main_tournament_resume_3,AlphaBeta-new-d3__VS__MCTS-new-100__GAME__32,AlphaBeta-new-d3,MCTS-new-100,32,False,AlphaBeta-new-d3,1,5,5.5679943561553955
main_tournament_resume_3,AlphaBeta-new-d3__VS__MCTS-new-100__GAME__33,AlphaBeta-new-d3,MCTS-new-100,33,True,AlphaBeta-new-d3,-1,6,7.337454795837402
main_tournament_resume_3,AlphaBeta-new-d3__VS__MCTS-new-100__GAME__34,AlphaBeta-new-d3,MCTS-new-100,34,False,MCTS-new-100,-1,6,6.886996507644653
main_tournament_resume_3,AlphaBeta-new-d3__VS__MCTS-new-100__GAME__35,AlphaBeta-new-d3,MCTS-new-100,35,True,AlphaBeta-new-d3,-1,9,11.164891958236694
main_tournament_resume_3,AlphaBeta-new-d3__VS__MCTS-new-100__GAME__36,AlphaBeta-new-d3,MCTS-new-100,36,False,MCTS-new-100,-1,12,18.624574184417725
main_tournament_resume_3,AlphaBeta-new-d3__VS__MCTS-new-100__GAME__37,AlphaBeta-new-d3,MCTS-new-100,37,True,MCTS-new-100,1,5,5.588696002960205
main_tournament_resume_3,AlphaBeta-new-d3__VS__MCTS-new-100__GAME__38,AlphaBeta-new-d3,MCTS-new-100,38,False,AlphaBeta-new-d3,1,9,12.22986364364624
main_tournament_resume_3,AlphaBeta-new-d3__VS__MCTS-new-100__GAME__39,AlphaBeta-new-d3,MCTS-new-100,39,True,MCTS-new-100,1,7,7.5151166915893555
main_tournament_resume_3,AlphaBeta-new-d3__VS__MCTS-new-100__GAME__40,AlphaBeta-new-d3,MCTS-new-100,40,False,AlphaBeta-new-d3,1,10,14.758571147918701
main_tournament_resume_3,AlphaBeta-new-d3__VS__MCTS-new-100__GAME__41,AlphaBeta-new-d3,MCTS-new-100,41,True,MCTS-new-100,1,27,50.55053496360779
main_tournament_resume_3,AlphaBeta-new-d3__VS__MCTS-new-100__GAME__42,AlphaBeta-new-d3,MCTS-new-100,42,False,draw,0,50,88.72273397445679
main_tournament_resume_3,AlphaBeta-new-d3__VS__MCTS-new-100__GAME__43,AlphaBeta-new-d3,MCTS-new-100,43,True,MCTS-new-100,1,7,7.966796636581421
main_tournament_resume_3,AlphaBeta-new-d3__VS__MCTS-new-100__GAME__44,AlphaBeta-new-d3,MCTS-new-100,44,False,MCTS-new-100,-1,8,9.125212669372559
main_tournament_resume_3,AlphaBeta-new-d3__VS__MCTS-new-100__GAME__45,AlphaBeta-new-d3,MCTS-new-100,45,True,MCTS-new-100,1,5,6.089576482772827
main_tournament_resume_3,AlphaBeta-new-d3__VS__MCTS-new-100__GAME__46,AlphaBeta-new-d3,MCTS-new-100,46,False,MCTS-new-100,-1,20,38.07191705703735
main_tournament_resume_3,AlphaBeta-new-d3__VS__MCTS-new-100__GAME__47,AlphaBeta-new-d3,MCTS-new-100,47,True,MCTS-new-100,1,9,11.289083003997803
main_tournament_resume_3,AlphaBeta-new-d3__VS__MCTS-new-100__GAME__48,AlphaBeta-new-d3,MCTS-new-100,48,False,MCTS-new-100,-1,8,9.379023790359497
main_tournament_resume_3,AlphaBeta-new-d3__VS__MCTS-new-100__GAME__49,AlphaBeta-new-d3,MCTS-new-100,49,True,MCTS-new-100,1,7,8.070860624313354
main_tournament_resume_3,AlphaBeta-new-d3__VS__MCTS-new-100__GAME__50,AlphaBeta-new-d3,MCTS-new-100,50,False,MCTS-new-100,-1,8,8.302729368209839
main_tournament_resume_3,AlphaBeta-new-d3__VS__MCTS-new-100__GAME__51,AlphaBeta-new-d3,MCTS-new-100,51,True,MCTS-new-100,1,23,37.62820076942444
main_tournament_resume_3,AlphaBeta-new-d3__VS__MCTS-new-100__GAME__52,AlphaBeta-new-d3,MCTS-new-100,52,False,AlphaBeta-new-d3,1,6,7.189148426055908
main_tournament_resume_3,AlphaBeta-new-d3__VS__MCTS-new-100__GAME__53,AlphaBeta-new-d3,MCTS-new-100,53,True,MCTS-new-100,1,14,21.78305411338806
main_tournament_resume_3,AlphaBeta-new-d3__VS__MCTS-new-100__GAME__54,AlphaBeta-new-d3,MCTS-new-100,54,False,AlphaBeta-new-d3,1,31,54.17712044715881
main_tournament_resume_3,AlphaBeta-new-d3__VS__MCTS-new-100__GAME__55,AlphaBeta-new-d3,MCTS-new-100,55,True,MCTS-new-100,1,7,7.6086015701293945
main_tournament_resume_3,AlphaBeta-new-d3__VS__MCTS-new-100__GAME__56,AlphaBeta-new-d3,MCTS-new-100,56,False,MCTS-new-100,-1,28,40.925193309783936
main_tournament_resume_3,AlphaBeta-new-d3__VS__MCTS-new-100__GAME__57,AlphaBeta-new-d3,MCTS-new-100,57,True,MCTS-new-100,1,33,53.99483346939087
main_tournament_resume_3,AlphaBeta-new-d3__VS__MCTS-new-100__GAME__58,AlphaBeta-new-d3,MCTS-new-100,58,False,AlphaBeta-new-d3,1,10,13.318544149398804
main_tournament_resume_3,AlphaBeta-new-d3__VS__MCTS-new-100__GAME__59,AlphaBeta-new-d3,MCTS-new-100,59,True,AlphaBeta-new-d3,-1,21,29.28645610809326
main_tournament_resume_3,AlphaBeta-new-d3__VS__MCTS-new-100__GAME__60,AlphaBeta-new-d3,MCTS-new-100,60,False,AlphaBeta-new-d3,1,13,19.225422859191895
main_tournament_resume_3,AlphaBeta-new-d3__VS__MCTS-new-100__GAME__61,AlphaBeta-new-d3,MCTS-new-100,61,True,MCTS-new-100,1,11,12.684265851974487
main_tournament_resume_3,AlphaBeta-new-d3__VS__MCTS-new-100__GAME__62,AlphaBeta-new-d3,MCTS-new-100,62,False,MCTS-new-100,-1,10,13.616577625274658
main_tournament_resume_3,AlphaBeta-new-d3__VS__MCTS-new-100__GAME__63,AlphaBeta-new-d3,MCTS-new-100,63,True,MCTS-new-100,1,5,4.960795640945435
main_tournament_resume_3,AlphaBeta-new-d3__VS__MCTS-new-100__GAME__64,AlphaBeta-new-d3,MCTS-new-100,64,False,AlphaBeta-new-d3,1,10,11.25998592376709
main_tournament_resume_3,AlphaBeta-new-d3__VS__MCTS-new-100__GAME__65,AlphaBeta-new-d3,MCTS-new-100,65,True,MCTS-new-100,1,19,28.235135078430176
main_tournament_resume_3,AlphaBeta-new-d3__VS__MCTS-new-100__GAME__66,AlphaBeta-new-d3,MCTS-new-100,66,False,MCTS-new-100,-1,10,12.00695276260376
main_tournament_resume_3,AlphaBeta-new-d3__VS__MCTS-new-100__GAME__67,AlphaBeta-new-d3,MCTS-new-100,67,True,MCTS-new-100,1,5,4.741801738739014
main_tournament_resume_3,AlphaBeta-new-d3__VS__MCTS-new-100__GAME__68,AlphaBeta-new-d3,MCTS-new-100,68,False,MCTS-new-100,-1,8,8.8430917263031
main_tournament_resume_3,AlphaBeta-new-d3__VS__MCTS-new-100__GAME__69,AlphaBeta-new-d3,MCTS-new-100,69,True,MCTS-new-100,1,5,5.166039705276489
main_tournament_resume_3,AlphaBeta-new-d3__VS__MCTS-new-100__GAME__70,AlphaBeta-new-d3,MCTS-new-100,70,False,AlphaBeta-new-d3,1,7,7.661798477172852
main_tournament_resume_3,AlphaBeta-new-d3__VS__MCTS-new-100__GAME__71,AlphaBeta-new-d3,MCTS-new-100,71,True,MCTS-new-100,1,9,11.98417329788208
main_tournament_resume_3,AlphaBeta-new-d3__VS__MCTS-new-100__GAME__72,AlphaBeta-new-d3,MCTS-new-100,72,False,draw,0,50,73.14245557785034
main_tournament_resume_3,AlphaBeta-new-d3__VS__MCTS-new-100__GAME__73,AlphaBeta-new-d3,MCTS-new-100,73,True,MCTS-new-100,1,9,9.918350458145142
main_tournament_resume_3,AlphaBeta-new-d3__VS__MCTS-new-100__GAME__74,AlphaBeta-new-d3,MCTS-new-100,74,False,MCTS-new-100,-1,22,34.42138361930847
main_tournament_resume_3,AlphaBeta-new-d3__VS__MCTS-new-100__GAME__75,AlphaBeta-new-d3,MCTS-new-100,75,True,MCTS-new-100,1,11,14.452313423156738
main_tournament_resume_3,AlphaBeta-new-d3__VS__MCTS-new-100__GAME__76,AlphaBeta-new-d3,MCTS-new-100,76,False,MCTS-new-100,-1,20,34.245577335357666
main_tournament_resume_3,AlphaBeta-new-d3__VS__MCTS-new-100__GAME__77,AlphaBeta-new-d3,MCTS-new-100,77,True,MCTS-new-100,1,7,8.208221197128296
main_tournament_resume_3,AlphaBeta-new-d3__VS__MCTS-new-100__GAME__78,AlphaBeta-new-d3,MCTS-new-100,78,False,MCTS-new-100,-1,14,19.428525924682617
main_tournament_resume_3,AlphaBeta-new-d3__VS__MCTS-new-100__GAME__79,AlphaBeta-new-d3,MCTS-new-100,79,True,MCTS-new-100,1,25,40.03134799003601
main_tournament_resume_3,AlphaBeta-new-d3__VS__MCTS-new-100__GAME__80,AlphaBeta-new-d3,MCTS-new-100,80,False,AlphaBeta-new-d3,1,8,8.986963033676147
main_tournament_resume_3,AlphaBeta-new-d3__VS__MCTS-new-100__GAME__81,AlphaBeta-new-d3,MCTS-new-100,81,True,AlphaBeta-new-d3,-1,8,10.465900421142578
main_tournament_resume_3,AlphaBeta-new-d3__VS__MCTS-new-100__GAME__82,AlphaBeta-new-d3,MCTS-new-100,82,False,MCTS-new-100,-1,10,11.60016417503357
main_tournament_resume_3,AlphaBeta-new-d3__VS__MCTS-new-100__GAME__83,AlphaBeta-new-d3,MCTS-new-100,83,True,MCTS-new-100,1,9,11.876365661621094
main_tournament_resume_3,AlphaBeta-new-d3__VS__MCTS-new-100__GAME__84,AlphaBeta-new-d3,MCTS-new-100,84,False,MCTS-new-100,-1,6,6.070167779922485
main_tournament_resume_3,AlphaBeta-new-d3__VS__MCTS-new-100__GAME__85,AlphaBeta-new-d3,MCTS-new-100,85,True,MCTS-new-100,1,5,5.241342544555664
main_tournament_resume_3,AlphaBeta-new-d3__VS__MCTS-new-100__GAME__86,AlphaBeta-new-d3,MCTS-new-100,86,False,MCTS-new-100,-1,6,6.137464761734009
main_tournament_resume_3,AlphaBeta-new-d3__VS__MCTS-new-100__GAME__87,AlphaBeta-new-d3,MCTS-new-100,87,True,MCTS-new-100,1,11,15.365293502807617
main_tournament_resume_3,AlphaBeta-new-d3__VS__MCTS-new-100__GAME__88,AlphaBeta-new-d3,MCTS-new-100,88,False,draw,0,50,73.59924054145813
main_tournament_resume_3,AlphaBeta-new-d3__VS__MCTS-new-100__GAME__89,AlphaBeta-new-d3,MCTS-new-100,89,True,AlphaBeta-new-d3,-1,9,10.39447569847107
main_tournament_resume_3,AlphaBeta-new-d3__VS__MCTS-new-100__GAME__90,AlphaBeta-new-d3,MCTS-new-100,90,False,MCTS-new-100,-1,6,5.706004858016968
main_tournament_resume_3,AlphaBeta-new-d3__VS__MCTS-new-100__GAME__91,AlphaBeta-new-d3,MCTS-new-100,91,True,MCTS-new-100,1,7,7.122201919555664
main_tournament_resume_3,AlphaBeta-new-d3__VS__MCTS-new-100__GAME__92,AlphaBeta-new-d3,MCTS-new-100,92,False,draw,0,50,108.91344094276428
main_tournament_resume_3,AlphaBeta-new-d3__VS__MCTS-new-100__GAME__93,AlphaBeta-new-d3,MCTS-new-100,93,True,AlphaBeta-new-d3,-1,6,7.030962228775024
main_tournament_resume_3,AlphaBeta-new-d3__VS__MCTS-new-100__GAME__94,AlphaBeta-new-d3,MCTS-new-100,94,False,MCTS-new-100,-1,14,19.63929295539856
main_tournament_resume_3,AlphaBeta-new-d3__VS__MCTS-new-100__GAME__95,AlphaBeta-new-d3,MCTS-new-100,95,True,MCTS-new-100,1,7,7.492926836013794
main_tournament_resume_3,AlphaBeta-new-d3__VS__MCTS-new-100__GAME__96,AlphaBeta-new-d3,MCTS-new-100,96,False,MCTS-new-100,-1,6,5.902898788452148
main_tournament_resume_3,AlphaBeta-new-d3__VS__MCTS-new-100__GAME__97,AlphaBeta-new-d3,MCTS-new-100,97,True,MCTS-new-100,1,7,8.512847185134888
main_tournament_resume_3,AlphaBeta-new-d3__VS__MCTS-new-100__GAME__98,AlphaBeta-new-d3,MCTS-new-100,98,False,MCTS-new-100,-1,24,41.754308223724365
main_tournament_resume_3,AlphaBeta-new-d3__VS__MCTS-new-100__GAME__99,AlphaBeta-new-d3,MCTS-new-100,99,True,MCTS-new-100,1,23,40.13120245933533
main_tournament_resume_3,AlphaBeta-new-d3__VS__MCTS-new-100__GAME__100,AlphaBeta-new-d3,MCTS-new-100,100,False,MCTS-new-100,-1,10,11.125882625579834
main_tournament_resume_3,AlphaBeta-new-d3__VS__MCTS-new-100__GAME__101,AlphaBeta-new-d3,MCTS-new-100,101,True,MCTS-new-100,1,9,10.672345161437988
main_tournament_resume_3,AlphaBeta-new-d3__VS__MCTS-new-100__GAME__102,AlphaBeta-new-d3,MCTS-new-100,102,False,MCTS-new-100,-1,6,6.131505966186523
main_tournament_resume_3,AlphaBeta-new-d3__VS__MCTS-new-100__GAME__103,AlphaBeta-new-d3,MCTS-new-100,103,True,MCTS-new-100,1,7,8.80452275276184
main_tournament_resume_3,AlphaBeta-new-d3__VS__MCTS-new-100__GAME__104,AlphaBeta-new-d3,MCTS-new-100,104,False,MCTS-new-100,-1,6,6.0979039669036865
main_tournament_resume_3,AlphaBeta-new-d3__VS__MCTS-new-100__GAME__105,AlphaBeta-new-d3,MCTS-new-100,105,True,MCTS-new-100,1,5,5.120431661605835
main_tournament_resume_3,AlphaBeta-new-d3__VS__MCTS-new-100__GAME__106,AlphaBeta-new-d3,MCTS-new-100,106,False,MCTS-new-100,-1,10,11.294023513793945
main_tournament_resume_3,AlphaBeta-new-d3__VS__MCTS-new-100__GAME__107,AlphaBeta-new-d3,MCTS-new-100,107,True,MCTS-new-100,1,9,10.0780668258667
main_tournament_resume_3,AlphaBeta-new-d3__VS__MCTS-new-100__GAME__108,AlphaBeta-new-d3,MCTS-new-100,108,False,MCTS-new-100,-1,12,17.55650019645691
main_tournament_resume_3,AlphaBeta-new-d3__VS__MCTS-new-100__GAME__109,AlphaBeta-new-d3,MCTS-new-100,109,True,MCTS-new-100,1,9,9.952997922897339
main_tournament_resume_3,AlphaBeta-new-d3__VS__MCTS-new-100__GAME__110,AlphaBeta-new-d3,MCTS-new-100,110,False,MCTS-new-100,-1,22,36.42537474632263
main_tournament_resume_3,AlphaBeta-new-d3__VS__MCTS-new-100__GAME__111,AlphaBeta-new-d3,MCTS-new-100,111,True,draw,0,50,94.81440877914429
main_tournament_resume_3,AlphaBeta-new-d3__VS__MCTS-new-100__GAME__112,AlphaBeta-new-d3,MCTS-new-100,112,False,MCTS-new-100,-1,16,25.65563130378723
main_tournament_resume_3,AlphaBeta-new-d3__VS__MCTS-new-100__GAME__113,AlphaBeta-new-d3,MCTS-new-100,113,True,MCTS-new-100,1,11,13.99427342414856
main_tournament_resume_3,AlphaBeta-new-d3__VS__MCTS-new-100__GAME__114,AlphaBeta-new-d3,MCTS-new-100,114,False,MCTS-new-100,-1,10,11.510274887084961
main_tournament_resume_3,AlphaBeta-new-d3__VS__MCTS-new-100__GAME__115,AlphaBeta-new-d3,MCTS-new-100,115,True,MCTS-new-100,1,10,12.792891025543213
main_tournament_resume_3,AlphaBeta-new-d3__VS__MCTS-new-100__GAME__116,AlphaBeta-new-d3,MCTS-new-100,116,False,MCTS-new-100,-1,8,8.716612815856934
main_tournament_resume_3,AlphaBeta-new-d3__VS__MCTS-new-100__GAME__117,AlphaBeta-new-d3,MCTS-new-100,117,True,MCTS-new-100,1,7,7.985127687454224
main_tournament_resume_3,AlphaBeta-new-d3__VS__MCTS-new-100__GAME__118,AlphaBeta-new-d3,MCTS-new-100,118,False,draw,0,50,79.36392569541931
main_tournament_resume_3,AlphaBeta-new-d3__VS__MCTS-new-100__GAME__119,AlphaBeta-new-d3,MCTS-new-100,119,True,MCTS-new-100,1,9,10.138456106185913
main_tournament_resume_3,AlphaBeta-new-d3__VS__MCTS-new-100__GAME__120,AlphaBeta-new-d3,MCTS-new-100,120,False,AlphaBeta-new-d3,1,6,7.579813480377197
main_tournament_resume_3,AlphaBeta-new-d3__VS__MCTS-new-100__GAME__121,AlphaBeta-new-d3,MCTS-new-100,121,True,MCTS-new-100,1,13,19.13511085510254
main_tournament_resume_3,AlphaBeta-new-d3__VS__MCTS-new-100__GAME__122,AlphaBeta-new-d3,MCTS-new-100,122,False,MCTS-new-100,-1,8,8.68024492263794
main_tournament_resume_3,AlphaBeta-new-d3__VS__MCTS-new-100__GAME__123,AlphaBeta-new-d3,MCTS-new-100,123,True,MCTS-new-100,1,6,7.652802467346191
main_tournament_resume_3,AlphaBeta-new-d3__VS__MCTS-new-100__GAME__124,AlphaBeta-new-d3,MCTS-new-100,124,False,AlphaBeta-new-d3,1,7,7.903806924819946
main_tournament_resume_3,AlphaBeta-new-d3__VS__MCTS-new-100__GAME__125,AlphaBeta-new-d3,MCTS-new-100,125,True,draw,0,50,75.16627979278564
main_tournament_resume_3,AlphaBeta-new-d3__VS__MCTS-new-100__GAME__126,AlphaBeta-new-d3,MCTS-new-100,126,False,MCTS-new-100,-1,10,11.41865348815918
main_tournament_resume_3,AlphaBeta-new-d3__VS__MCTS-new-100__GAME__127,AlphaBeta-new-d3,MCTS-new-100,127,True,MCTS-new-100,1,7,7.741701602935791
main_tournament_resume_3,AlphaBeta-new-d3__VS__MCTS-new-100__GAME__128,AlphaBeta-new-d3,MCTS-new-100,128,False,MCTS-new-100,-1,10,13.119450330734253
main_tournament_resume_3,AlphaBeta-new-d3__VS__MCTS-new-100__GAME__129,AlphaBeta-new-d3,MCTS-new-100,129,True,MCTS-new-100,1,9,10.62229323387146
main_tournament_resume_3,AlphaBeta-new-d3__VS__MCTS-new-100__GAME__130,AlphaBeta-new-d3,MCTS-new-100,130,False,MCTS-new-100,-1,8,7.8324174880981445
main_tournament_resume_3,AlphaBeta-new-d3__VS__MCTS-new-100__GAME__131,AlphaBeta-new-d3,MCTS-new-100,131,True,MCTS-new-100,1,9,11.914076805114746
main_tournament_resume_3,AlphaBeta-new-d3__VS__MCTS-new-100__GAME__132,AlphaBeta-new-d3,MCTS-new-100,132,False,AlphaBeta-new-d3,1,6,7.8885581493377686
main_tournament_resume_3,AlphaBeta-new-d3__VS__MCTS-new-100__GAME__133,AlphaBeta-new-d3,MCTS-new-100,133,True,MCTS-new-100,1,9,10.539433717727661
main_tournament_resume_3,AlphaBeta-new-d3__VS__MCTS-new-100__GAME__134,AlphaBeta-new-d3,MCTS-new-100,134,False,MCTS-new-100,-1,6,5.73089337348938
main_tournament_resume_3,AlphaBeta-new-d3__VS__MCTS-new-100__GAME__135,AlphaBeta-new-d3,MCTS-new-100,135,True,AlphaBeta-new-d3,-1,16,22.23751926422119
main_tournament_resume_3,AlphaBeta-new-d3__VS__MCTS-new-100__GAME__136,AlphaBeta-new-d3,MCTS-new-100,136,False,MCTS-new-100,-1,6,6.569413423538208
main_tournament_resume_3,AlphaBeta-new-d3__VS__MCTS-new-100__GAME__137,AlphaBeta-new-d3,MCTS-new-100,137,True,AlphaBeta-new-d3,-1,6,7.26793360710144
main_tournament_resume_3,AlphaBeta-new-d3__VS__MCTS-new-100__GAME__138,AlphaBeta-new-d3,MCTS-new-100,138,False,MCTS-new-100,-1,6,6.891879320144653
main_tournament_resume_3,AlphaBeta-new-d3__VS__MCTS-new-100__GAME__139,AlphaBeta-new-d3,MCTS-new-100,139,True,AlphaBeta-new-d3,-1,11,13.580357313156128
main_tournament_resume_3,AlphaBeta-new-d3__VS__MCTS-new-100__GAME__140,AlphaBeta-new-d3,MCTS-new-100,140,False,MCTS-new-100,-1,6,6.635749816894531
main_tournament_resume_3,AlphaBeta-new-d3__VS__MCTS-new-100__GAME__141,AlphaBeta-new-d3,MCTS-new-100,141,True,AlphaBeta-new-d3,-1,16,27.67581844329834
main_tournament_resume_3,AlphaBeta-new-d3__VS__MCTS-new-100__GAME__142,AlphaBeta-new-d3,MCTS-new-100,142,False,MCTS-new-100,-1,8,9.62624740600586
main_tournament_resume_3,AlphaBeta-new-d3__VS__MCTS-new-100__GAME__143,AlphaBeta-new-d3,MCTS-new-100,143,True,MCTS-new-100,1,15,22.276538372039795
main_tournament_resume_3,AlphaBeta-new-d3__VS__MCTS-new-100__GAME__144,AlphaBeta-new-d3,MCTS-new-100,144,False,MCTS-new-100,-1,12,14.728866577148438
main_tournament_resume_3,AlphaBeta-new-d3__VS__MCTS-new-100__GAME__145,AlphaBeta-new-d3,MCTS-new-100,145,True,MCTS-new-100,1,9,10.503990888595581
main_tournament_resume_3,AlphaBeta-new-d3__VS__MCTS-new-100__GAME__146,AlphaBeta-new-d3,MCTS-new-100,146,False,MCTS-new-100,-1,6,6.736295223236084
main_tournament_resume_3,AlphaBeta-new-d3__VS__MCTS-new-100__GAME__147,AlphaBeta-new-d3,MCTS-new-100,147,True,MCTS-new-100,1,7,8.183635711669922
main_tournament_resume_3,AlphaBeta-new-d3__VS__MCTS-new-100__GAME__148,AlphaBeta-new-d3,MCTS-new-100,148,False,AlphaBeta-new-d3,1,8,9.350046873092651
main_tournament_resume_3,AlphaBeta-new-d3__VS__MCTS-new-100__GAME__149,AlphaBeta-new-d3,MCTS-new-100,149,True,MCTS-new-100,1,7,8.272294521331787
main_tournament_resume_3,AlphaBeta-new-d3__VS__MCTS-new-100__GAME__150,AlphaBeta-new-d3,MCTS-new-100,150,False,MCTS-new-100,-1,6,6.493654489517212
main_tournament_resume_3,AlphaBeta-new-d3__VS__MCTS-new-100__GAME__151,AlphaBeta-new-d3,MCTS-new-100,151,True,MCTS-new-100,1,11,13.786075353622437
main_tournament_resume_3,AlphaBeta-new-d3__VS__MCTS-new-100__GAME__152,AlphaBeta-new-d3,MCTS-new-100,152,False,AlphaBeta-new-d3,1,6,6.092227935791016
main_tournament_resume_3,AlphaBeta-new-d3__VS__MCTS-new-100__GAME__153,AlphaBeta-new-d3,MCTS-new-100,153,True,MCTS-new-100,1,9,12.705076694488525
main_tournament_resume_3,AlphaBeta-new-d3__VS__MCTS-new-100__GAME__154,AlphaBeta-new-d3,MCTS-new-100,154,False,MCTS-new-100,-1,6,5.689437389373779
main_tournament_resume_3,AlphaBeta-new-d3__VS__MCTS-new-100__GAME__155,AlphaBeta-new-d3,MCTS-new-100,155,True,MCTS-new-100,1,6,7.159137487411499
main_tournament_resume_3,AlphaBeta-new-d3__VS__MCTS-new-100__GAME__156,AlphaBeta-new-d3,MCTS-new-100,156,False,AlphaBeta-new-d3,1,29,45.87980055809021
main_tournament_resume_3,AlphaBeta-new-d3__VS__MCTS-new-100__GAME__157,AlphaBeta-new-d3,MCTS-new-100,157,True,MCTS-new-100,1,15,24.257038116455078
main_tournament_resume_3,AlphaBeta-new-d3__VS__MCTS-new-100__GAME__158,AlphaBeta-new-d3,MCTS-new-100,158,False,MCTS-new-100,-1,6,6.127732038497925
main_tournament_resume_3,AlphaBeta-new-d3__VS__MCTS-new-100__GAME__159,AlphaBeta-new-d3,MCTS-new-100,159,True,AlphaBeta-new-d3,-1,15,19.433416843414307
main_tournament_resume_3,AlphaBeta-new-d3__VS__MCTS-new-100__GAME__160,AlphaBeta-new-d3,MCTS-new-100,160,False,MCTS-new-100,-1,12,15.59248948097229
main_tournament_resume_3,AlphaBeta-new-d3__VS__MCTS-new-100__GAME__161,AlphaBeta-new-d3,MCTS-new-100,161,True,MCTS-new-100,1,15,21.507630825042725
main_tournament_resume_3,AlphaBeta-new-d3__VS__MCTS-new-100__GAME__162,AlphaBeta-new-d3,MCTS-new-100,162,False,AlphaBeta-new-d3,1,6,6.691972017288208
main_tournament_resume_3,AlphaBeta-new-d3__VS__MCTS-new-100__GAME__163,AlphaBeta-new-d3,MCTS-new-100,163,True,MCTS-new-100,1,7,6.654464960098267
main_tournament_resume_3,AlphaBeta-new-d3__VS__MCTS-new-100__GAME__164,AlphaBeta-new-d3,MCTS-new-100,164,False,MCTS-new-100,-1,12,16.027743339538574
main_tournament_resume_3,AlphaBeta-new-d3__VS__MCTS-new-100__GAME__165,AlphaBeta-new-d3,MCTS-new-100,165,True,AlphaBeta-new-d3,-1,4,4.283539056777954
main_tournament_resume_3,AlphaBeta-new-d3__VS__MCTS-new-100__GAME__166,AlphaBeta-new-d3,MCTS-new-100,166,False,MCTS-new-100,-1,8,9.667621374130249
main_tournament_resume_3,AlphaBeta-new-d3__VS__MCTS-new-100__GAME__167,AlphaBeta-new-d3,MCTS-new-100,167,True,MCTS-new-100,1,11,13.768070220947266
main_tournament_resume_3,AlphaBeta-new-d3__VS__MCTS-new-100__GAME__168,AlphaBeta-new-d3,MCTS-new-100,168,False,MCTS-new-100,-1,14,19.22651743888855
main_tournament_resume_3,AlphaBeta-new-d3__VS__MCTS-new-100__GAME__169,AlphaBeta-new-d3,MCTS-new-100,169,True,MCTS-new-100,1,15,19.58856177330017
main_tournament_resume_3,AlphaBeta-new-d3__VS__MCTS-new-100__GAME__170,AlphaBeta-new-d3,MCTS-new-100,170,False,AlphaBeta-new-d3,1,6,6.2092530727386475
main_tournament_resume_3,AlphaBeta-new-d3__VS__MCTS-new-100__GAME__171,AlphaBeta-new-d3,MCTS-new-100,171,True,MCTS-new-100,1,9,11.66388463973999
main_tournament_resume_3,AlphaBeta-new-d3__VS__MCTS-new-100__GAME__172,AlphaBeta-new-d3,MCTS-new-100,172,False,AlphaBeta-new-d3,1,11,15.669421911239624
main_tournament_resume_3,AlphaBeta-new-d3__VS__MCTS-new-100__GAME__173,AlphaBeta-new-d3,MCTS-new-100,173,True,AlphaBeta-new-d3,-1,19,28.134188890457153
main_tournament_resume_3,AlphaBeta-new-d3__VS__MCTS-new-100__GAME__174,AlphaBeta-new-d3,MCTS-new-100,174,False,MCTS-new-100,-1,12,13.991902828216553
main_tournament_resume_3,AlphaBeta-new-d3__VS__MCTS-new-100__GAME__175,AlphaBeta-new-d3,MCTS-new-100,175,True,MCTS-new-100,1,7,7.999398946762085
main_tournament_resume_3,AlphaBeta-new-d3__VS__MCTS-new-100__GAME__176,AlphaBeta-new-d3,MCTS-new-100,176,False,MCTS-new-100,-1,6,6.652554273605347
main_tournament_resume_3,AlphaBeta-new-d3__VS__MCTS-new-100__GAME__177,AlphaBeta-new-d3,MCTS-new-100,177,True,MCTS-new-100,1,9,9.245737552642822
main_tournament_resume_3,AlphaBeta-new-d3__VS__MCTS-new-100__GAME__178,AlphaBeta-new-d3,MCTS-new-100,178,False,MCTS-new-100,-1,6,7.06519341468811
main_tournament_resume_3,AlphaBeta-new-d3__VS__MCTS-new-100__GAME__179,AlphaBeta-new-d3,MCTS-new-100,179,True,MCTS-new-100,1,17,26.143540382385254
main_tournament_resume_3,AlphaBeta-new-d3__VS__MCTS-new-100__GAME__180,AlphaBeta-new-d3,MCTS-new-100,180,False,MCTS-new-100,-1,8,9.629252195358276
main_tournament_resume_3,AlphaBeta-new-d3__VS__MCTS-new-100__GAME__181,AlphaBeta-new-d3,MCTS-new-100,181,True,MCTS-new-100,1,9,11.83312702178955
main_tournament_resume_3,AlphaBeta-new-d3__VS__MCTS-new-100__GAME__182,AlphaBeta-new-d3,MCTS-new-100,182,False,MCTS-new-100,-1,6,6.761929988861084
main_tournament_resume_3,AlphaBeta-new-d3__VS__MCTS-new-100__GAME__183,AlphaBeta-new-d3,MCTS-new-100,183,True,MCTS-new-100,1,7,8.60941767692566
main_tournament_resume_3,AlphaBeta-new-d3__VS__MCTS-new-100__GAME__184,AlphaBeta-new-d3,MCTS-new-100,184,False,MCTS-new-100,-1,6,6.272258758544922
main_tournament_resume_3,AlphaBeta-new-d3__VS__MCTS-new-100__GAME__185,AlphaBeta-new-d3,MCTS-new-100,185,True,MCTS-new-100,1,19,27.41109013557434
main_tournament_resume_3,AlphaBeta-new-d3__VS__MCTS-new-100__GAME__186,AlphaBeta-new-d3,MCTS-new-100,186,False,MCTS-new-100,-1,6,5.928401231765747
main_tournament_resume_3,AlphaBeta-new-d3__VS__MCTS-new-100__GAME__187,AlphaBeta-new-d3,MCTS-new-100,187,True,MCTS-new-100,1,6,9.463206768035889
main_tournament_resume_3,AlphaBeta-new-d3__VS__MCTS-new-100__GAME__188,AlphaBeta-new-d3,MCTS-new-100,188,False,MCTS-new-100,-1,12,14.285202503204346
main_tournament_resume_3,AlphaBeta-new-d3__VS__MCTS-new-100__GAME__189,AlphaBeta-new-d3,MCTS-new-100,189,True,MCTS-new-100,1,7,8.073676347732544
main_tournament_resume_3,AlphaBeta-new-d3__VS__MCTS-new-100__GAME__190,AlphaBeta-new-d3,MCTS-new-100,190,False,AlphaBeta-new-d3,1,6,6.7430479526519775
main_tournament_resume_3,AlphaBeta-new-d3__VS__MCTS-new-100__GAME__191,AlphaBeta-new-d3,MCTS-new-100,191,True,MCTS-new-100,1,7,8.625860214233398
main_tournament_resume_3,AlphaBeta-new-d3__VS__MCTS-new-100__GAME__192,AlphaBeta-new-d3,MCTS-new-100,192,False,MCTS-new-100,-1,12,16.241490602493286
main_tournament_resume_3,AlphaBeta-new-d3__VS__MCTS-new-100__GAME__193,AlphaBeta-new-d3,MCTS-new-100,193,True,MCTS-new-100,1,9,10.647581100463867
main_tournament_resume_3,AlphaBeta-new-d3__VS__MCTS-new-100__GAME__194,AlphaBeta-new-d3,MCTS-new-100,194,False,AlphaBeta-new-d3,1,16,28.351746082305908
main_tournament_resume_3,AlphaBeta-new-d3__VS__MCTS-new-100__GAME__195,AlphaBeta-new-d3,MCTS-new-100,195,True,AlphaBeta-new-d3,-1,7,8.714584589004517
main_tournament_resume_3,AlphaBeta-new-d3__VS__MCTS-new-100__GAME__196,AlphaBeta-new-d3,MCTS-new-100,196,False,MCTS-new-100,-1,22,32.08280682563782
main_tournament_resume_3,AlphaBeta-new-d3__VS__MCTS-new-100__GAME__197,AlphaBeta-new-d3,MCTS-new-100,197,True,MCTS-new-100,1,7,9.432453632354736
main_tournament_resume_3,AlphaBeta-new-d3__VS__MCTS-new-100__GAME__198,AlphaBeta-new-d3,MCTS-new-100,198,False,MCTS-new-100,-1,10,12.908907175064087
main_tournament_resume_3,AlphaBeta-new-d3__VS__MCTS-new-100__GAME__199,AlphaBeta-new-d3,MCTS-new-100,199,True,MCTS-new-100,1,27,49.24304246902466
main_tournament_resume_3,AlphaBeta-new-d3__VS__MCTS-new-100__GAME__200,AlphaBeta-new-d3,MCTS-new-100,200,False,AlphaBeta-new-d3,1,6,6.352792739868164
main_tournament_resume_3,AlphaBeta-new-d3__VS__MCTS-new-100__GAME__201,AlphaBeta-new-d3,MCTS-new-100,201,True,MCTS-new-100,1,7,8.202117443084717
main_tournament_resume_3,AlphaBeta-new-d3__VS__MCTS-new-100__GAME__202,AlphaBeta-new-d3,MCTS-new-100,202,False,MCTS-new-100,-1,18,23.61847424507141
main_tournament_resume_3,AlphaBeta-new-d3__VS__MCTS-new-100__GAME__203,AlphaBeta-new-d3,MCTS-new-100,203,True,AlphaBeta-new-d3,-1,7,10.233305931091309
main_tournament_resume_3,AlphaBeta-new-d3__VS__MCTS-new-100__GAME__204,AlphaBeta-new-d3,MCTS-new-100,204,False,MCTS-new-100,-1,6,6.84697413444519
main_tournament_resume_3,AlphaBeta-new-d3__VS__MCTS-new-100__GAME__205,AlphaBeta-new-d3,MCTS-new-100,205,True,MCTS-new-100,1,13,15.821986436843872
main_tournament_resume_3,AlphaBeta-new-d3__VS__MCTS-new-100__GAME__206,AlphaBeta-new-d3,MCTS-new-100,206,False,AlphaBeta-new-d3,1,9,11.894118070602417
main_tournament_resume_3,AlphaBeta-new-d3__VS__MCTS-new-100__GAME__207,AlphaBeta-new-d3,MCTS-new-100,207,True,MCTS-new-100,1,7,8.35575246810913
main_tournament_resume_3,AlphaBeta-new-d3__VS__MCTS-new-100__GAME__208,AlphaBeta-new-d3,MCTS-new-100,208,False,MCTS-new-100,-1,4,3.753671646118164
main_tournament_resume_3,AlphaBeta-new-d3__VS__MCTS-new-100__GAME__209,AlphaBeta-new-d3,MCTS-new-100,209,True,MCTS-new-100,1,7,8.559792280197144
main_tournament_resume_3,AlphaBeta-new-d3__VS__MCTS-new-100__GAME__210,AlphaBeta-new-d3,MCTS-new-100,210,False,MCTS-new-100,-1,8,10.307683944702148
main_tournament_resume_3,AlphaBeta-new-d3__VS__MCTS-new-100__GAME__211,AlphaBeta-new-d3,MCTS-new-100,211,True,MCTS-new-100,1,9,11.681018829345703
main_tournament_resume_3,AlphaBeta-new-d3__VS__MCTS-new-100__GAME__212,AlphaBeta-new-d3,MCTS-new-100,212,False,AlphaBeta-new-d3,1,6,6.3368306159973145
main_tournament_resume_3,AlphaBeta-new-d3__VS__MCTS-new-100__GAME__213,AlphaBeta-new-d3,MCTS-new-100,213,True,draw,0,50,88.4348464012146
main_tournament_resume_3,AlphaBeta-new-d3__VS__MCTS-new-100__GAME__214,AlphaBeta-new-d3,MCTS-new-100,214,False,MCTS-new-100,-1,6,5.705394744873047
main_tournament_resume_3,AlphaBeta-new-d3__VS__MCTS-new-100__GAME__215,AlphaBeta-new-d3,MCTS-new-100,215,True,MCTS-new-100,1,9,10.601861715316772
main_tournament_resume_3,AlphaBeta-new-d3__VS__MCTS-new-100__GAME__216,AlphaBeta-new-d3,MCTS-new-100,216,False,AlphaBeta-new-d3,1,17,28.38197159767151
main_tournament_resume_3,AlphaBeta-new-d3__VS__MCTS-new-100__GAME__217,AlphaBeta-new-d3,MCTS-new-100,217,True,MCTS-new-100,1,7,7.610119342803955
main_tournament_resume_3,AlphaBeta-new-d3__VS__MCTS-new-100__GAME__218,AlphaBeta-new-d3,MCTS-new-100,218,False,MCTS-new-100,-1,20,32.20380783081055
main_tournament_resume_3,AlphaBeta-new-d3__VS__MCTS-new-100__GAME__219,AlphaBeta-new-d3,MCTS-new-100,219,True,MCTS-new-100,1,6,7.809946298599243
main_tournament_resume_3,AlphaBeta-new-d3__VS__MCTS-new-100__GAME__220,AlphaBeta-new-d3,MCTS-new-100,220,False,MCTS-new-100,-1,22,35.310436725616455
main_tournament_resume_3,AlphaBeta-new-d3__VS__MCTS-new-100__GAME__221,AlphaBeta-new-d3,MCTS-new-100,221,True,draw,0,50,85.13593173027039
main_tournament_resume_3,AlphaBeta-new-d3__VS__MCTS-new-100__GAME__222,AlphaBeta-new-d3,MCTS-new-100,222,False,MCTS-new-100,-1,6,5.533442735671997
main_tournament_resume_3,AlphaBeta-new-d3__VS__MCTS-new-100__GAME__223,AlphaBeta-new-d3,MCTS-new-100,223,True,MCTS-new-100,1,5,5.2364418506622314
main_tournament_resume_3,AlphaBeta-new-d3__VS__MCTS-new-100__GAME__224,AlphaBeta-new-d3,MCTS-new-100,224,False,AlphaBeta-new-d3,1,9,11.18575119972229
main_tournament_resume_3,AlphaBeta-new-d3__VS__MCTS-new-100__GAME__225,AlphaBeta-new-d3,MCTS-new-100,225,True,MCTS-new-100,1,13,17.30514907836914
main_tournament_resume_3,AlphaBeta-new-d3__VS__MCTS-new-100__GAME__226,AlphaBeta-new-d3,MCTS-new-100,226,False,MCTS-new-100,-1,6,6.049250364303589
main_tournament_resume_3,AlphaBeta-new-d3__VS__MCTS-new-100__GAME__227,AlphaBeta-new-d3,MCTS-new-100,227,True,AlphaBeta-new-d3,-1,10,13.35067105293274
main_tournament_resume_3,AlphaBeta-new-d3__VS__MCTS-new-100__GAME__228,AlphaBeta-new-d3,MCTS-new-100,228,False,AlphaBeta-new-d3,1,6,6.442802667617798
main_tournament_resume_3,AlphaBeta-new-d3__VS__MCTS-new-100__GAME__229,AlphaBeta-new-d3,MCTS-new-100,229,True,MCTS-new-100,1,35,51.98494625091553
main_tournament_resume_3,AlphaBeta-new-d3__VS__MCTS-new-100__GAME__230,AlphaBeta-new-d3,MCTS-new-100,230,False,MCTS-new-100,-1,8,8.558505058288574
main_tournament_resume_3,AlphaBeta-new-d3__VS__MCTS-new-100__GAME__231,AlphaBeta-new-d3,MCTS-new-100,231,True,AlphaBeta-new-d3,-1,14,21.40096139907837
main_tournament_resume_3,AlphaBeta-new-d3__VS__MCTS-new-100__GAME__232,AlphaBeta-new-d3,MCTS-new-100,232,False,MCTS-new-100,-1,7,8.574005603790283
main_tournament_resume_3,AlphaBeta-new-d3__VS__MCTS-new-100__GAME__233,AlphaBeta-new-d3,MCTS-new-100,233,True,MCTS-new-100,1,17,24.441420078277588
main_tournament_resume_3,AlphaBeta-new-d3__VS__MCTS-new-100__GAME__234,AlphaBeta-new-d3,MCTS-new-100,234,False,MCTS-new-100,-1,6,6.5334625244140625
main_tournament_resume_3,AlphaBeta-new-d3__VS__MCTS-new-100__GAME__235,AlphaBeta-new-d3,MCTS-new-100,235,True,MCTS-new-100,1,9,10.98084807395935
main_tournament_resume_3,AlphaBeta-new-d3__VS__MCTS-new-100__GAME__236,AlphaBeta-new-d3,MCTS-new-100,236,False,MCTS-new-100,-1,6,6.045837163925171
main_tournament_resume_3,AlphaBeta-new-d3__VS__MCTS-new-100__GAME__237,AlphaBeta-new-d3,MCTS-new-100,237,True,MCTS-new-100,1,7,8.559881925582886
main_tournament_resume_3,AlphaBeta-new-d3__VS__MCTS-new-100__GAME__238,AlphaBeta-new-d3,MCTS-new-100,238,False,MCTS-new-100,-1,6,6.127680063247681
main_tournament_resume_3,AlphaBeta-new-d3__VS__MCTS-new-100__GAME__239,AlphaBeta-new-d3,MCTS-new-100,239,True,MCTS-new-100,1,9,11.56850814819336
main_tournament_resume_3,AlphaBeta-new-d3__VS__MCTS-new-100__GAME__240,AlphaBeta-new-d3,MCTS-new-100,240,False,AlphaBeta-new-d3,1,39,71.0570056438446
main_tournament_resume_3,AlphaBeta-new-d3__VS__MCTS-new-100__GAME__241,AlphaBeta-new-d3,MCTS-new-100,241,True,MCTS-new-100,1,21,34.35388541221619
main_tournament_resume_3,AlphaBeta-new-d3__VS__MCTS-new-100__GAME__242,AlphaBeta-new-d3,MCTS-new-100,242,False,AlphaBeta-new-d3,1,5,5.190167427062988
main_tournament_resume_3,AlphaBeta-new-d3__VS__MCTS-new-100__GAME__243,AlphaBeta-new-d3,MCTS-new-100,243,True,AlphaBeta-new-d3,-1,7,8.286405324935913
main_tournament_resume_3,AlphaBeta-new-d3__VS__MCTS-new-100__GAME__244,AlphaBeta-new-d3,MCTS-new-100,244,False,MCTS-new-100,-1,6,5.988811731338501
main_tournament_resume_3,AlphaBeta-new-d3__VS__MCTS-new-100__GAME__245,AlphaBeta-new-d3,MCTS-new-100,245,True,MCTS-new-100,1,13,18.58812117576599
main_tournament_resume_3,AlphaBeta-new-d3__VS__MCTS-new-100__GAME__246,AlphaBeta-new-d3,MCTS-new-100,246,False,AlphaBeta-new-d3,1,8,10.403057336807251
main_tournament_resume_3,AlphaBeta-new-d3__VS__MCTS-new-100__GAME__247,AlphaBeta-new-d3,MCTS-new-100,247,True,MCTS-new-100,1,9,11.045283079147339
main_tournament_resume_3,AlphaBeta-new-d3__VS__MCTS-new-100__GAME__248,AlphaBeta-new-d3,MCTS-new-100,248,False,MCTS-new-100,-1,16,22.850313901901245
main_tournament_resume_3,AlphaBeta-new-d3__VS__MCTS-new-100__GAME__249,AlphaBeta-new-d3,MCTS-new-100,249,True,MCTS-new-100,1,9,11.483906269073486
main_tournament_resume_3,MCTS-old-100__VS__MCTS-new-100__GAME__0,MCTS-old-100,MCTS-new-100,0,False,MCTS-new-100,-1,11,15.554407358169556
main_tournament_resume_3,MCTS-old-100__VS__MCTS-new-100__GAME__1,MCTS-old-100,MCTS-new-100,1,True,MCTS-new-100,1,6,9.268423795700073
main_tournament_resume_3,MCTS-old-100__VS__MCTS-new-100__GAME__2,MCTS-old-100,MCTS-new-100,2,False,MCTS-new-100,-1,4,4.043639898300171
main_tournament_resume_3,MCTS-old-100__VS__MCTS-new-100__GAME__3,MCTS-old-100,MCTS-new-100,3,True,MCTS-old-100,-1,6,6.896515846252441
main_tournament_resume_3,MCTS-old-100__VS__MCTS-new-100__GAME__4,MCTS-old-100,MCTS-new-100,4,False,MCTS-new-100,-1,22,34.48153114318848
main_tournament_resume_3,MCTS-old-100__VS__MCTS-new-100__GAME__5,MCTS-old-100,MCTS-new-100,5,True,MCTS-new-100,1,25,46.5016655921936
main_tournament_resume_3,MCTS-old-100__VS__MCTS-new-100__GAME__6,MCTS-old-100,MCTS-new-100,6,False,MCTS-new-100,-1,10,12.872984886169434
main_tournament_resume_3,MCTS-old-100__VS__MCTS-new-100__GAME__7,MCTS-old-100,MCTS-new-100,7,True,MCTS-old-100,-1,8,11.474699020385742
main_tournament_resume_3,MCTS-old-100__VS__MCTS-new-100__GAME__8,MCTS-old-100,MCTS-new-100,8,False,MCTS-old-100,1,9,11.632564306259155
main_tournament_resume_3,MCTS-old-100__VS__MCTS-new-100__GAME__9,MCTS-old-100,MCTS-new-100,9,True,MCTS-old-100,-1,14,20.180797815322876
main_tournament_resume_3,MCTS-old-100__VS__MCTS-new-100__GAME__10,MCTS-old-100,MCTS-new-100,10,False,MCTS-new-100,-1,20,31.63053798675537
main_tournament_resume_3,MCTS-old-100__VS__MCTS-new-100__GAME__11,MCTS-old-100,MCTS-new-100,11,True,MCTS-new-100,1,10,14.423758506774902
main_tournament_resume_3,MCTS-old-100__VS__MCTS-new-100__GAME__12,MCTS-old-100,MCTS-new-100,12,False,draw,0,50,95.17418575286865
main_tournament_resume_3,MCTS-old-100__VS__MCTS-new-100__GAME__13,MCTS-old-100,MCTS-new-100,13,True,MCTS-new-100,1,11,15.911573886871338
main_tournament_resume_3,MCTS-old-100__VS__MCTS-new-100__GAME__14,MCTS-old-100,MCTS-new-100,14,False,MCTS-old-100,1,7,8.560336351394653
main_tournament_resume_3,MCTS-old-100__VS__MCTS-new-100__GAME__15,MCTS-old-100,MCTS-new-100,15,True,MCTS-new-100,1,35,57.84728384017944
main_tournament_resume_3,MCTS-old-100__VS__MCTS-new-100__GAME__16,MCTS-old-100,MCTS-new-100,16,False,MCTS-new-100,-1,38,86.11485290527344
main_tournament_resume_3,MCTS-old-100__VS__MCTS-new-100__GAME__17,MCTS-old-100,MCTS-new-100,17,True,MCTS-new-100,1,41,85.31000518798828
main_tournament_resume_3,MCTS-old-100__VS__MCTS-new-100__GAME__18,MCTS-old-100,MCTS-new-100,18,False,MCTS-new-100,-1,10,15.150020122528076
main_tournament_resume_3,MCTS-old-100__VS__MCTS-new-100__GAME__19,MCTS-old-100,MCTS-new-100,19,True,MCTS-new-100,1,42,75.67666721343994
main_tournament_resume_3,MCTS-old-100__VS__MCTS-new-100__GAME__20,MCTS-old-100,MCTS-new-100,20,False,MCTS-new-100,-1,42,69.83588409423828
main_tournament_resume_3,MCTS-old-100__VS__MCTS-new-100__GAME__21,MCTS-old-100,MCTS-new-100,21,True,MCTS-new-100,1,6,9.002495527267456
main_tournament_resume_3,MCTS-old-100__VS__MCTS-new-100__GAME__22,MCTS-old-100,MCTS-new-100,22,False,MCTS-new-100,-1,13,17.065651416778564
main_tournament_resume_3,MCTS-old-100__VS__MCTS-new-100__GAME__23,MCTS-old-100,MCTS-new-100,23,True,draw,0,50,86.63348484039307
main_tournament_resume_3,MCTS-old-100__VS__MCTS-new-100__GAME__24,MCTS-old-100,MCTS-new-100,24,False,MCTS-old-100,1,15,20.894011735916138
main_tournament_resume_3,MCTS-old-100__VS__MCTS-new-100__GAME__25,MCTS-old-100,MCTS-new-100,25,True,draw,0,50,76.87787294387817
main_tournament_resume_3,MCTS-old-100__VS__MCTS-new-100__GAME__26,MCTS-old-100,MCTS-new-100,26,False,MCTS-new-100,-1,45,81.34526348114014
main_tournament_resume_3,MCTS-old-100__VS__MCTS-new-100__GAME__27,MCTS-old-100,MCTS-new-100,27,True,MCTS-new-100,1,11,13.436694145202637
main_tournament_resume_3,MCTS-old-100__VS__MCTS-new-100__GAME__28,MCTS-old-100,MCTS-new-100,28,False,draw,0,50,79.68097352981567
main_tournament_resume_3,MCTS-old-100__VS__MCTS-new-100__GAME__29,MCTS-old-100,MCTS-new-100,29,True,MCTS-old-100,-1,6,6.888098239898682
main_tournament_resume_3,MCTS-old-100__VS__MCTS-new-100__GAME__30,MCTS-old-100,MCTS-new-100,30,False,MCTS-new-100,-1,26,48.95523285865784
main_tournament_resume_3,MCTS-old-100__VS__MCTS-new-100__GAME__31,MCTS-old-100,MCTS-new-100,31,True,MCTS-old-100,-1,32,58.612796783447266
main_tournament_resume_3,MCTS-old-100__VS__MCTS-new-100__GAME__32,MCTS-old-100,MCTS-new-100,32,False,draw,0,50,83.85183715820312
main_tournament_resume_3,MCTS-old-100__VS__MCTS-new-100__GAME__33,MCTS-old-100,MCTS-new-100,33,True,MCTS-old-100,-1,22,40.29033088684082
main_tournament_resume_3,MCTS-old-100__VS__MCTS-new-100__GAME__34,MCTS-old-100,MCTS-new-100,34,False,MCTS-new-100,-1,10,12.645732879638672
main_tournament_resume_3,MCTS-old-100__VS__MCTS-new-100__GAME__35,MCTS-old-100,MCTS-new-100,35,True,MCTS-new-100,1,9,11.801883459091187
main_tournament_resume_3,MCTS-old-100__VS__MCTS-new-100__GAME__36,MCTS-old-100,MCTS-new-100,36,False,MCTS-old-100,1,7,8.285428285598755
main_tournament_resume_3,MCTS-old-100__VS__MCTS-new-100__GAME__37,MCTS-old-100,MCTS-new-100,37,True,MCTS-new-100,1,6,8.041741132736206
main_tournament_resume_3,MCTS-old-100__VS__MCTS-new-100__GAME__38,MCTS-old-100,MCTS-new-100,38,False,MCTS-old-100,1,37,69.2709105014801
main_tournament_resume_3,MCTS-old-100__VS__MCTS-new-100__GAME__39,MCTS-old-100,MCTS-new-100,39,True,MCTS-old-100,-1,28,57.710915327072144
main_tournament_resume_3,MCTS-old-100__VS__MCTS-new-100__GAME__40,MCTS-old-100,MCTS-new-100,40,False,draw,0,50,96.85136437416077
main_tournament_resume_3,MCTS-old-100__VS__MCTS-new-100__GAME__41,MCTS-old-100,MCTS-new-100,41,True,MCTS-new-100,1,6,7.643843650817871
main_tournament_resume_3,MCTS-old-100__VS__MCTS-new-100__GAME__42,MCTS-old-100,MCTS-new-100,42,False,MCTS-new-100,-1,8,9.787482261657715
main_tournament_resume_3,MCTS-old-100__VS__MCTS-new-100__GAME__43,MCTS-old-100,MCTS-new-100,43,True,MCTS-old-100,-1,7,9.152583837509155
main_tournament_resume_3,MCTS-old-100__VS__MCTS-new-100__GAME__44,MCTS-old-100,MCTS-new-100,44,False,MCTS-old-100,1,6,7.9593775272369385
main_tournament_resume_3,MCTS-old-100__VS__MCTS-new-100__GAME__45,MCTS-old-100,MCTS-new-100,45,True,MCTS-new-100,1,9,13.166015863418579
main_tournament_resume_3,MCTS-old-100__VS__MCTS-new-100__GAME__46,MCTS-old-100,MCTS-new-100,46,False,draw,0,50,111.77240014076233
main_tournament_resume_3,MCTS-old-100__VS__MCTS-new-100__GAME__47,MCTS-old-100,MCTS-new-100,47,True,MCTS-old-100,-1,16,22.171061277389526
main_tournament_resume_3,MCTS-old-100__VS__MCTS-new-100__GAME__48,MCTS-old-100,MCTS-new-100,48,False,draw,0,50,102.8360071182251
main_tournament_resume_3,MCTS-old-100__VS__MCTS-new-100__GAME__49,MCTS-old-100,MCTS-new-100,49,True,draw,0,50,192.16549682617188
main_tournament_resume_3,MCTS-old-100__VS__MCTS-new-100__GAME__50,MCTS-old-100,MCTS-new-100,50,False,draw,0,50,317.7632346153259
main_tournament_resume_3,MCTS-old-100__VS__MCTS-new-100__GAME__51,MCTS-old-100,MCTS-new-100,51,True,MCTS-old-100,-1,15,103.46221232414246
main_tournament_resume_3,MCTS-old-100__VS__MCTS-new-100__GAME__52,MCTS-old-100,MCTS-new-100,52,False,MCTS-old-100,1,9,56.585723876953125
main_tournament_resume_3,MCTS-old-100__VS__MCTS-new-100__GAME__53,MCTS-old-100,MCTS-new-100,53,True,MCTS-old-100,-1,10,61.4429030418396
main_tournament_resume_3,MCTS-old-100__VS__MCTS-new-100__GAME__54,MCTS-old-100,MCTS-new-100,54,False,MCTS-new-100,-1,14,75.64907145500183
main_tournament_resume_3,MCTS-old-100__VS__MCTS-new-100__GAME__55,MCTS-old-100,MCTS-new-100,55,True,MCTS-old-100,-1,7,45.55099940299988
main_tournament_resume_3,MCTS-old-100__VS__MCTS-new-100__GAME__56,MCTS-old-100,MCTS-new-100,56,False,draw,0,50,328.6026635169983
main_tournament_resume_3,MCTS-old-100__VS__MCTS-new-100__GAME__57,MCTS-old-100,MCTS-new-100,57,True,MCTS-new-100,1,12,82.15104246139526
main_tournament_resume_3,MCTS-old-100__VS__MCTS-new-100__GAME__58,MCTS-old-100,MCTS-new-100,58,False,MCTS-old-100,1,25,180.7835762500763
main_tournament_resume_3,MCTS-old-100__VS__MCTS-new-100__GAME__59,MCTS-old-100,MCTS-new-100,59,True,MCTS-new-100,1,7,44.00014519691467
main_tournament_resume_3,MCTS-old-100__VS__MCTS-new-100__GAME__60,MCTS-old-100,MCTS-new-100,60,False,MCTS-old-100,1,8,58.28905200958252
main_tournament_resume_3,MCTS-old-100__VS__MCTS-new-100__GAME__61,MCTS-old-100,MCTS-new-100,61,True,MCTS-old-100,-1,17,152.69314336776733
main_tournament_resume_3,MCTS-old-100__VS__MCTS-new-100__GAME__62,MCTS-old-100,MCTS-new-100,62,False,draw,0,50,367.1996400356293
main_tournament_resume_3,MCTS-old-100__VS__MCTS-new-100__GAME__63,MCTS-old-100,MCTS-new-100,63,True,MCTS-new-100,1,9,57.380852699279785
main_tournament_resume_3,MCTS-old-100__VS__MCTS-new-100__GAME__64,MCTS-old-100,MCTS-new-100,64,False,MCTS-old-100,1,11,73.56622171401978
main_tournament_resume_3,MCTS-old-100__VS__MCTS-new-100__GAME__65,MCTS-old-100,MCTS-new-100,65,True,MCTS-new-100,1,9,57.66298961639404
main_tournament_resume_3,MCTS-old-100__VS__MCTS-new-100__GAME__66,MCTS-old-100,MCTS-new-100,66,False,MCTS-old-100,1,15,101.44158411026001
main_tournament_resume_3,MCTS-old-100__VS__MCTS-new-100__GAME__67,MCTS-old-100,MCTS-new-100,67,True,MCTS-old-100,-1,12,80.8618323802948
main_tournament_resume_3,MCTS-old-100__VS__MCTS-new-100__GAME__68,MCTS-old-100,MCTS-new-100,68,False,MCTS-old-100,1,6,42.6710422039032
main_tournament_resume_3,MCTS-old-100__VS__MCTS-new-100__GAME__69,MCTS-old-100,MCTS-new-100,69,True,MCTS-old-100,-1,12,78.9438111782074
main_tournament_resume_3,MCTS-old-100__VS__MCTS-new-100__GAME__70,MCTS-old-100,MCTS-new-100,70,False,MCTS-old-100,1,16,108.06761693954468
main_tournament_resume_3,MCTS-old-100__VS__MCTS-new-100__GAME__71,MCTS-old-100,MCTS-new-100,71,True,MCTS-old-100,-1,11,76.43220472335815
main_tournament_resume_3,MCTS-old-100__VS__MCTS-new-100__GAME__72,MCTS-old-100,MCTS-new-100,72,False,MCTS-old-100,1,16,75.05095148086548
main_tournament_resume_3,MCTS-old-100__VS__MCTS-new-100__GAME__73,MCTS-old-100,MCTS-new-100,73,True,MCTS-old-100,-1,22,73.33458828926086
main_tournament_resume_3,MCTS-old-100__VS__MCTS-new-100__GAME__74,MCTS-old-100,MCTS-new-100,74,False,MCTS-old-100,1,9,23.488287210464478
main_tournament_resume_3,MCTS-old-100__VS__MCTS-new-100__GAME__75,MCTS-old-100,MCTS-new-100,75,True,MCTS-new-100,1,37,141.95579314231873
main_tournament_resume_3,MCTS-old-100__VS__MCTS-new-100__GAME__76,MCTS-old-100,MCTS-new-100,76,False,MCTS-new-100,-1,22,75.18870377540588
main_tournament_resume_3,MCTS-old-100__VS__MCTS-new-100__GAME__77,MCTS-old-100,MCTS-new-100,77,True,MCTS-old-100,-1,10,29.997872829437256
main_tournament_resume_3,MCTS-old-100__VS__MCTS-new-100__GAME__78,MCTS-old-100,MCTS-new-100,78,False,MCTS-old-100,1,17,59.55028986930847
main_tournament_resume_3,MCTS-old-100__VS__MCTS-new-100__GAME__79,MCTS-old-100,MCTS-new-100,79,True,MCTS-new-100,1,6,17.844631671905518
main_tournament_resume_3,MCTS-old-100__VS__MCTS-new-100__GAME__80,MCTS-old-100,MCTS-new-100,80,False,MCTS-old-100,1,15,44.71665048599243
main_tournament_resume_3,MCTS-old-100__VS__MCTS-new-100__GAME__81,MCTS-old-100,MCTS-new-100,81,True,MCTS-old-100,-1,12,37.93232488632202
main_tournament_resume_3,MCTS-old-100__VS__MCTS-new-100__GAME__82,MCTS-old-100,MCTS-new-100,82,False,MCTS-new-100,-1,10,27.110071897506714
main_tournament_resume_3,MCTS-old-100__VS__MCTS-new-100__GAME__83,MCTS-old-100,MCTS-new-100,83,True,MCTS-new-100,1,9,22.617181301116943
main_tournament_resume_3,MCTS-old-100__VS__MCTS-new-100__GAME__84,MCTS-old-100,MCTS-new-100,84,False,MCTS-old-100,1,37,206.33644723892212
main_tournament_resume_3,MCTS-old-100__VS__MCTS-new-100__GAME__85,MCTS-old-100,MCTS-new-100,85,True,MCTS-new-100,1,25,81.61080598831177
main_tournament_resume_3,MCTS-old-100__VS__MCTS-new-100__GAME__86,MCTS-old-100,MCTS-new-100,86,False,MCTS-old-100,1,8,24.02807354927063
main_tournament_resume_3,MCTS-old-100__VS__MCTS-new-100__GAME__87,MCTS-old-100,MCTS-new-100,87,True,MCTS-old-100,-1,14,43.930702686309814
main_tournament_resume_3,MCTS-old-100__VS__MCTS-new-100__GAME__88,MCTS-old-100,MCTS-new-100,88,False,MCTS-old-100,1,13,39.35010123252869
main_tournament_resume_3,MCTS-old-100__VS__MCTS-new-100__GAME__89,MCTS-old-100,MCTS-new-100,89,True,MCTS-new-100,1,15,46.75187373161316
main_tournament_resume_3,MCTS-old-100__VS__MCTS-new-100__GAME__90,MCTS-old-100,MCTS-new-100,90,False,MCTS-old-100,1,9,24.289062976837158
main_tournament_resume_3,MCTS-old-100__VS__MCTS-new-100__GAME__91,MCTS-old-100,MCTS-new-100,91,True,MCTS-new-100,1,29,99.95516920089722
main_tournament_resume_3,MCTS-old-100__VS__MCTS-new-100__GAME__92,MCTS-old-100,MCTS-new-100,92,False,MCTS-old-100,1,11,33.10351777076721
main_tournament_resume_3,MCTS-old-100__VS__MCTS-new-100__GAME__93,MCTS-old-100,MCTS-new-100,93,True,MCTS-new-100,1,10,28.383773803710938
main_tournament_resume_3,MCTS-old-100__VS__MCTS-new-100__GAME__94,MCTS-old-100,MCTS-new-100,94,False,MCTS-old-100,1,7,16.826950550079346
main_tournament_resume_3,MCTS-old-100__VS__MCTS-new-100__GAME__95,MCTS-old-100,MCTS-new-100,95,True,MCTS-old-100,-1,14,46.14308953285217
main_tournament_resume_3,MCTS-old-100__VS__MCTS-new-100__GAME__96,MCTS-old-100,MCTS-new-100,96,False,draw,0,50,206.08934354782104
main_tournament_resume_3,MCTS-old-100__VS__MCTS-new-100__GAME__97,MCTS-old-100,MCTS-new-100,97,True,MCTS-old-100,-1,8,20.914813995361328
main_tournament_resume_3,MCTS-old-100__VS__MCTS-new-100__GAME__98,MCTS-old-100,MCTS-new-100,98,False,MCTS-new-100,-1,26,105.04011273384094
main_tournament_resume_3,MCTS-old-100__VS__MCTS-new-100__GAME__99,MCTS-old-100,MCTS-new-100,99,True,MCTS-new-100,1,6,16.86617350578308
main_tournament_resume_3,MCTS-old-100__VS__MCTS-new-100__GAME__100,MCTS-old-100,MCTS-new-100,100,False,MCTS-old-100,1,13,37.902832984924316
main_tournament_resume_3,MCTS-old-100__VS__MCTS-new-100__GAME__101,MCTS-old-100,MCTS-new-100,101,True,MCTS-new-100,1,9,21.107093811035156
main_tournament_resume_3,MCTS-old-100__VS__MCTS-new-100__GAME__102,MCTS-old-100,MCTS-new-100,102,False,MCTS-old-100,1,8,23.78957223892212
main_tournament_resume_3,MCTS-old-100__VS__MCTS-new-100__GAME__103,MCTS-old-100,MCTS-new-100,103,True,MCTS-new-100,1,5,12.873537540435791
main_tournament_resume_3,MCTS-old-100__VS__MCTS-new-100__GAME__104,MCTS-old-100,MCTS-new-100,104,False,MCTS-new-100,-1,39,130.16901922225952
main_tournament_resume_3,MCTS-old-100__VS__MCTS-new-100__GAME__105,MCTS-old-100,MCTS-new-100,105,True,MCTS-new-100,1,29,109.78539323806763
main_tournament_resume_3,MCTS-old-100__VS__MCTS-new-100__GAME__106,MCTS-old-100,MCTS-new-100,106,False,MCTS-old-100,1,10,30.317923307418823
main_tournament_resume_3,MCTS-old-100__VS__MCTS-new-100__GAME__107,MCTS-old-100,MCTS-new-100,107,True,MCTS-new-100,1,6,16.91503071784973
main_tournament_resume_3,MCTS-old-100__VS__MCTS-new-100__GAME__108,MCTS-old-100,MCTS-new-100,108,False,MCTS-old-100,1,6,18.67186689376831
main_tournament_resume_3,MCTS-old-100__VS__MCTS-new-100__GAME__109,MCTS-old-100,MCTS-new-100,109,True,MCTS-new-100,1,9,26.407881259918213
main_tournament_resume_3,MCTS-old-100__VS__MCTS-new-100__GAME__110,MCTS-old-100,MCTS-new-100,110,False,MCTS-old-100,1,15,62.81089949607849
main_tournament_resume_3,MCTS-old-100__VS__MCTS-new-100__GAME__111,MCTS-old-100,MCTS-new-100,111,True,MCTS-old-100,-1,16,92.07203316688538
main_tournament_resume_3,MCTS-old-100__VS__MCTS-new-100__GAME__112,MCTS-old-100,MCTS-new-100,112,False,draw,0,50,332.2268433570862
main_tournament_resume_3,MCTS-old-100__VS__MCTS-new-100__GAME__113,MCTS-old-100,MCTS-new-100,113,True,MCTS-old-100,-1,35,232.7050266265869
main_tournament_resume_3,MCTS-old-100__VS__MCTS-new-100__GAME__114,MCTS-old-100,MCTS-new-100,114,False,MCTS-new-100,-1,19,116.06169176101685
main_tournament_resume_3,MCTS-old-100__VS__MCTS-new-100__GAME__115,MCTS-old-100,MCTS-new-100,115,True,MCTS-new-100,1,8,36.77487325668335
main_tournament_resume_3,MCTS-old-100__VS__MCTS-new-100__GAME__116,MCTS-old-100,MCTS-new-100,116,False,MCTS-old-100,1,23,136.08182048797607
main_tournament_resume_3,MCTS-old-100__VS__MCTS-new-100__GAME__117,MCTS-old-100,MCTS-new-100,117,True,MCTS-new-100,1,4,20.49740982055664
main_tournament_resume_3,MCTS-old-100__VS__MCTS-new-100__GAME__118,MCTS-old-100,MCTS-new-100,118,False,MCTS-old-100,1,6,29.506736993789673
main_tournament_resume_3,MCTS-old-100__VS__MCTS-new-100__GAME__119,MCTS-old-100,MCTS-new-100,119,True,MCTS-new-100,1,31,185.54618883132935
main_tournament_resume_3,MCTS-old-100__VS__MCTS-new-100__GAME__120,MCTS-old-100,MCTS-new-100,120,False,MCTS-new-100,-1,10,31.78451633453369
main_tournament_resume_3,MCTS-old-100__VS__MCTS-new-100__GAME__121,MCTS-old-100,MCTS-new-100,121,True,MCTS-new-100,1,7,12.420439720153809
main_tournament_resume_3,MCTS-old-100__VS__MCTS-new-100__GAME__122,MCTS-old-100,MCTS-new-100,122,False,draw,0,50,121.66681814193726
main_tournament_resume_3,MCTS-old-100__VS__MCTS-new-100__GAME__123,MCTS-old-100,MCTS-new-100,123,True,MCTS-old-100,-1,15,25.948418378829956
main_tournament_resume_3,MCTS-old-100__VS__MCTS-new-100__GAME__124,MCTS-old-100,MCTS-new-100,124,False,MCTS-new-100,-1,11,20.52572536468506
main_tournament_resume_3,MCTS-old-100__VS__MCTS-new-100__GAME__125,MCTS-old-100,MCTS-new-100,125,True,MCTS-new-100,1,17,38.79997158050537
main_tournament_resume_3,MCTS-old-100__VS__MCTS-new-100__GAME__126,MCTS-old-100,MCTS-new-100,126,False,MCTS-new-100,-1,25,58.820894956588745
main_tournament_resume_3,MCTS-old-100__VS__MCTS-new-100__GAME__127,MCTS-old-100,MCTS-new-100,127,True,MCTS-new-100,1,6,10.70900297164917
main_tournament_resume_3,MCTS-old-100__VS__MCTS-new-100__GAME__128,MCTS-old-100,MCTS-new-100,128,False,MCTS-old-100,1,7,10.473777770996094
main_tournament_resume_3,MCTS-old-100__VS__MCTS-new-100__GAME__129,MCTS-old-100,MCTS-new-100,129,True,MCTS-new-100,1,6,12.78583836555481
main_tournament_resume_3,MCTS-old-100__VS__MCTS-new-100__GAME__130,MCTS-old-100,MCTS-new-100,130,False,MCTS-old-100,1,6,11.991096019744873
main_tournament_resume_3,MCTS-old-100__VS__MCTS-new-100__GAME__131,MCTS-old-100,MCTS-new-100,131,True,MCTS-old-100,-1,26,61.15901517868042
main_tournament_resume_3,MCTS-old-100__VS__MCTS-new-100__GAME__132,MCTS-old-100,MCTS-new-100,132,False,draw,0,50,160.17919754981995
main_tournament_resume_3,MCTS-old-100__VS__MCTS-new-100__GAME__133,MCTS-old-100,MCTS-new-100,133,True,MCTS-old-100,-1,18,38.21175503730774
main_tournament_resume_3,MCTS-old-100__VS__MCTS-new-100__GAME__134,MCTS-old-100,MCTS-new-100,134,False,MCTS-old-100,1,6,11.90954875946045
main_tournament_resume_3,MCTS-old-100__VS__MCTS-new-100__GAME__135,MCTS-old-100,MCTS-new-100,135,True,MCTS-new-100,1,29,63.91756582260132
main_tournament_resume_3,MCTS-old-100__VS__MCTS-new-100__GAME__136,MCTS-old-100,MCTS-new-100,136,False,MCTS-old-100,1,8,14.601969003677368
main_tournament_resume_3,MCTS-old-100__VS__MCTS-new-100__GAME__137,MCTS-old-100,MCTS-new-100,137,True,MCTS-new-100,1,5,6.312694549560547
main_tournament_resume_3,MCTS-old-100__VS__MCTS-new-100__GAME__138,MCTS-old-100,MCTS-new-100,138,False,MCTS-old-100,1,11,21.551687240600586
main_tournament_resume_3,MCTS-old-100__VS__MCTS-new-100__GAME__139,MCTS-old-100,MCTS-new-100,139,True,MCTS-old-100,-1,7,11.631248950958252
main_tournament_resume_3,MCTS-old-100__VS__MCTS-new-100__GAME__140,MCTS-old-100,MCTS-new-100,140,False,MCTS-old-100,1,9,17.063490390777588
main_tournament_resume_3,MCTS-old-100__VS__MCTS-new-100__GAME__141,MCTS-old-100,MCTS-new-100,141,True,MCTS-new-100,1,17,37.87482404708862
main_tournament_resume_3,MCTS-old-100__VS__MCTS-new-100__GAME__142,MCTS-old-100,MCTS-new-100,142,False,draw,0,50,134.26995754241943
main_tournament_resume_3,MCTS-old-100__VS__MCTS-new-100__GAME__143,MCTS-old-100,MCTS-new-100,143,True,MCTS-old-100,-1,20,38.898350954055786
main_tournament_resume_3,MCTS-old-100__VS__MCTS-new-100__GAME__144,MCTS-old-100,MCTS-new-100,144,False,MCTS-old-100,1,15,34.16613054275513
main_tournament_resume_3,MCTS-old-100__VS__MCTS-new-100__GAME__145,MCTS-old-100,MCTS-new-100,145,True,MCTS-new-100,1,9,15.305168390274048
main_tournament_resume_3,MCTS-old-100__VS__MCTS-new-100__GAME__146,MCTS-old-100,MCTS-new-100,146,False,MCTS-old-100,1,13,26.459261894226074
main_tournament_resume_3,MCTS-old-100__VS__MCTS-new-100__GAME__147,MCTS-old-100,MCTS-new-100,147,True,MCTS-new-100,1,21,51.20241045951843
main_tournament_resume_3,MCTS-old-100__VS__MCTS-new-100__GAME__148,MCTS-old-100,MCTS-new-100,148,False,MCTS-old-100,1,7,11.467926740646362
main_tournament_resume_3,MCTS-old-100__VS__MCTS-new-100__GAME__149,MCTS-old-100,MCTS-new-100,149,True,MCTS-old-100,-1,7,13.176635503768921
main_tournament_resume_3,MCTS-old-100__VS__MCTS-new-100__GAME__150,MCTS-old-100,MCTS-new-100,150,False,MCTS-old-100,1,19,46.42181611061096
main_tournament_resume_3,MCTS-old-100__VS__MCTS-new-100__GAME__151,MCTS-old-100,MCTS-new-100,151,True,MCTS-new-100,1,6,9.951091051101685
main_tournament_resume_3,MCTS-old-100__VS__MCTS-new-100__GAME__152,MCTS-old-100,MCTS-new-100,152,False,MCTS-old-100,1,13,24.851382732391357
main_tournament_resume_3,MCTS-old-100__VS__MCTS-new-100__GAME__153,MCTS-old-100,MCTS-new-100,153,True,draw,0,50,129.66891241073608
main_tournament_resume_3,MCTS-old-100__VS__MCTS-new-100__GAME__154,MCTS-old-100,MCTS-new-100,154,False,MCTS-new-100,-1,14,25.65395212173462
main_tournament_resume_3,MCTS-old-100__VS__MCTS-new-100__GAME__155,MCTS-old-100,MCTS-new-100,155,True,MCTS-old-100,-1,12,22.63187074661255
main_tournament_resume_3,MCTS-old-100__VS__MCTS-new-100__GAME__156,MCTS-old-100,MCTS-new-100,156,False,draw,0,50,140.4870011806488
main_tournament_resume_3,MCTS-old-100__VS__MCTS-new-100__GAME__157,MCTS-old-100,MCTS-new-100,157,True,MCTS-old-100,-1,14,27.16782021522522
main_tournament_resume_3,MCTS-old-100__VS__MCTS-new-100__GAME__158,MCTS-old-100,MCTS-new-100,158,False,MCTS-old-100,1,7,11.069647312164307
main_tournament_resume_3,MCTS-old-100__VS__MCTS-new-100__GAME__159,MCTS-old-100,MCTS-new-100,159,True,MCTS-new-100,1,6,12.207505941390991
main_tournament_resume_3,MCTS-old-100__VS__MCTS-new-100__GAME__160,MCTS-old-100,MCTS-new-100,160,False,MCTS-old-100,1,12,22.16964101791382
main_tournament_resume_3,MCTS-old-100__VS__MCTS-new-100__GAME__161,MCTS-old-100,MCTS-new-100,161,True,MCTS-old-100,-1,10,19.251739025115967
main_tournament_resume_3,MCTS-old-100__VS__MCTS-new-100__GAME__162,MCTS-old-100,MCTS-new-100,162,False,MCTS-old-100,1,9,15.998149156570435
main_tournament_resume_3,MCTS-old-100__VS__MCTS-new-100__GAME__163,MCTS-old-100,MCTS-new-100,163,True,MCTS-old-100,-1,34,84.4044234752655
main_tournament_resume_3,MCTS-old-100__VS__MCTS-new-100__GAME__164,MCTS-old-100,MCTS-new-100,164,False,MCTS-old-100,1,18,39.984153270721436
main_tournament_resume_3,MCTS-old-100__VS__MCTS-new-100__GAME__165,MCTS-old-100,MCTS-new-100,165,True,MCTS-old-100,-1,8,12.500093936920166
main_tournament_resume_3,MCTS-old-100__VS__MCTS-new-100__GAME__166,MCTS-old-100,MCTS-new-100,166,False,MCTS-old-100,1,11,19.318047285079956
main_tournament_resume_3,MCTS-old-100__VS__MCTS-new-100__GAME__167,MCTS-old-100,MCTS-new-100,167,True,MCTS-new-100,1,25,99.83944845199585
main_tournament_resume_3,MCTS-old-100__VS__MCTS-new-100__GAME__168,MCTS-old-100,MCTS-new-100,168,False,MCTS-old-100,1,25,65.86148118972778
main_tournament_resume_3,MCTS-old-100__VS__MCTS-new-100__GAME__169,MCTS-old-100,MCTS-new-100,169,True,MCTS-new-100,1,19,46.33002948760986
main_tournament_resume_3,MCTS-old-100__VS__MCTS-new-100__GAME__170,MCTS-old-100,MCTS-new-100,170,False,MCTS-old-100,1,27,64.09396243095398
main_tournament_resume_3,MCTS-old-100__VS__MCTS-new-100__GAME__171,MCTS-old-100,MCTS-new-100,171,True,MCTS-new-100,1,13,24.62080216407776
main_tournament_resume_3,MCTS-old-100__VS__MCTS-new-100__GAME__172,MCTS-old-100,MCTS-new-100,172,False,MCTS-old-100,1,15,30.667056560516357
main_tournament_resume_3,MCTS-old-100__VS__MCTS-new-100__GAME__173,MCTS-old-100,MCTS-new-100,173,True,MCTS-new-100,1,11,21.33503770828247
main_tournament_resume_3,MCTS-old-100__VS__MCTS-new-100__GAME__174,MCTS-old-100,MCTS-new-100,174,False,draw,0,50,134.25646948814392
main_tournament_resume_3,MCTS-old-100__VS__MCTS-new-100__GAME__175,MCTS-old-100,MCTS-new-100,175,True,MCTS-old-100,-1,21,54.040058612823486
main_tournament_resume_3,MCTS-old-100__VS__MCTS-new-100__GAME__176,MCTS-old-100,MCTS-new-100,176,False,MCTS-new-100,-1,21,46.35655093193054
main_tournament_resume_3,MCTS-old-100__VS__MCTS-new-100__GAME__177,MCTS-old-100,MCTS-new-100,177,True,MCTS-new-100,1,6,12.270054817199707
main_tournament_resume_3,MCTS-old-100__VS__MCTS-new-100__GAME__178,MCTS-old-100,MCTS-new-100,178,False,draw,0,50,134.6464400291443
main_tournament_resume_3,MCTS-old-100__VS__MCTS-new-100__GAME__179,MCTS-old-100,MCTS-new-100,179,True,MCTS-old-100,-1,18,36.936835527420044
main_tournament_resume_3,MCTS-old-100__VS__MCTS-new-100__GAME__180,MCTS-old-100,MCTS-new-100,180,False,MCTS-new-100,-1,10,20.562616109848022
main_tournament_resume_3,MCTS-old-100__VS__MCTS-new-100__GAME__181,MCTS-old-100,MCTS-new-100,181,True,MCTS-old-100,-1,7,11.914806604385376
main_tournament_resume_3,MCTS-old-100__VS__MCTS-new-100__GAME__182,MCTS-old-100,MCTS-new-100,182,False,MCTS-new-100,-1,23,64.69875645637512
main_tournament_resume_3,MCTS-old-100__VS__MCTS-new-100__GAME__183,MCTS-old-100,MCTS-new-100,183,True,MCTS-new-100,1,29,61.632070779800415
main_tournament_resume_3,MCTS-old-100__VS__MCTS-new-100__GAME__184,MCTS-old-100,MCTS-new-100,184,False,MCTS-new-100,-1,25,64.39419746398926
main_tournament_resume_3,MCTS-old-100__VS__MCTS-new-100__GAME__185,MCTS-old-100,MCTS-new-100,185,True,MCTS-old-100,-1,16,32.19250249862671
main_tournament_resume_3,MCTS-old-100__VS__MCTS-new-100__GAME__186,MCTS-old-100,MCTS-new-100,186,False,MCTS-old-100,1,35,82.61106419563293
main_tournament_resume_3,MCTS-old-100__VS__MCTS-new-100__GAME__187,MCTS-old-100,MCTS-new-100,187,True,MCTS-new-100,1,16,31.971078395843506
main_tournament_resume_3,MCTS-old-100__VS__MCTS-new-100__GAME__188,MCTS-old-100,MCTS-new-100,188,False,draw,0,50,129.58598637580872
main_tournament_resume_3,MCTS-old-100__VS__MCTS-new-100__GAME__189,MCTS-old-100,MCTS-new-100,189,True,MCTS-old-100,-1,23,57.50022578239441
main_tournament_resume_3,MCTS-old-100__VS__MCTS-new-100__GAME__190,MCTS-old-100,MCTS-new-100,190,False,draw,0,50,127.83415126800537
main_tournament_resume_3,MCTS-old-100__VS__MCTS-new-100__GAME__191,MCTS-old-100,MCTS-new-100,191,True,MCTS-new-100,1,39,93.7445318698883
main_tournament_resume_3,MCTS-old-100__VS__MCTS-new-100__GAME__192,MCTS-old-100,MCTS-new-100,192,False,MCTS-new-100,-1,15,26.444557905197144
main_tournament_resume_3,MCTS-old-100__VS__MCTS-new-100__GAME__193,MCTS-old-100,MCTS-new-100,193,True,MCTS-new-100,1,17,45.18300652503967
main_tournament_resume_3,MCTS-old-100__VS__MCTS-new-100__GAME__194,MCTS-old-100,MCTS-new-100,194,False,MCTS-old-100,1,6,9.653688192367554
main_tournament_resume_3,MCTS-old-100__VS__MCTS-new-100__GAME__195,MCTS-old-100,MCTS-new-100,195,True,draw,0,50,106.85853171348572
main_tournament_resume_3,MCTS-old-100__VS__MCTS-new-100__GAME__196,MCTS-old-100,MCTS-new-100,196,False,draw,0,50,120.15014314651489
main_tournament_resume_3,MCTS-old-100__VS__MCTS-new-100__GAME__197,MCTS-old-100,MCTS-new-100,197,True,MCTS-old-100,-1,28,81.49094152450562
main_tournament_resume_3,MCTS-old-100__VS__MCTS-new-100__GAME__198,MCTS-old-100,MCTS-new-100,198,False,MCTS-old-100,1,9,15.832902431488037
main_tournament_resume_3,MCTS-old-100__VS__MCTS-new-100__GAME__199,MCTS-old-100,MCTS-new-100,199,True,MCTS-new-100,1,6,10.189597129821777
main_tournament_resume_3,MCTS-old-100__VS__MCTS-new-100__GAME__200,MCTS-old-100,MCTS-new-100,200,False,MCTS-new-100,-1,16,34.491671085357666
main_tournament_resume_3,MCTS-old-100__VS__MCTS-new-100__GAME__201,MCTS-old-100,MCTS-new-100,201,True,MCTS-new-100,1,46,110.98991894721985
main_tournament_resume_3,MCTS-old-100__VS__MCTS-new-100__GAME__202,MCTS-old-100,MCTS-new-100,202,False,MCTS-new-100,-1,8,14.773925542831421
main_tournament_resume_3,MCTS-old-100__VS__MCTS-new-100__GAME__203,MCTS-old-100,MCTS-new-100,203,True,draw,0,50,130.2227590084076
main_tournament_resume_3,MCTS-old-100__VS__MCTS-new-100__GAME__204,MCTS-old-100,MCTS-new-100,204,False,MCTS-new-100,-1,17,36.350306272506714
main_tournament_resume_3,MCTS-old-100__VS__MCTS-new-100__GAME__205,MCTS-old-100,MCTS-new-100,205,True,MCTS-old-100,-1,30,72.19349956512451
main_tournament_resume_3,MCTS-old-100__VS__MCTS-new-100__GAME__206,MCTS-old-100,MCTS-new-100,206,False,MCTS-old-100,1,9,15.43703317642212
main_tournament_resume_3,MCTS-old-100__VS__MCTS-new-100__GAME__207,MCTS-old-100,MCTS-new-100,207,True,MCTS-old-100,-1,12,21.6629478931427
main_tournament_resume_3,MCTS-old-100__VS__MCTS-new-100__GAME__208,MCTS-old-100,MCTS-new-100,208,False,MCTS-old-100,1,16,38.426982402801514
main_tournament_resume_3,MCTS-old-100__VS__MCTS-new-100__GAME__209,MCTS-old-100,MCTS-new-100,209,True,MCTS-old-100,-1,19,38.86006712913513
main_tournament_resume_3,MCTS-old-100__VS__MCTS-new-100__GAME__210,MCTS-old-100,MCTS-new-100,210,False,MCTS-old-100,1,8,13.035168170928955
main_tournament_resume_3,MCTS-old-100__VS__MCTS-new-100__GAME__211,MCTS-old-100,MCTS-new-100,211,True,MCTS-old-100,-1,6,10.349178552627563
main_tournament_resume_3,MCTS-old-100__VS__MCTS-new-100__GAME__212,MCTS-old-100,MCTS-new-100,212,False,MCTS-old-100,1,7,10.807103157043457
main_tournament_resume_3,MCTS-old-100__VS__MCTS-new-100__GAME__213,MCTS-old-100,MCTS-new-100,213,True,MCTS-old-100,-1,11,19.105146646499634
main_tournament_resume_3,MCTS-old-100__VS__MCTS-new-100__GAME__214,MCTS-old-100,MCTS-new-100,214,False,draw,0,50,138.7408308982849
main_tournament_resume_3,MCTS-old-100__VS__MCTS-new-100__GAME__215,MCTS-old-100,MCTS-new-100,215,True,MCTS-new-100,1,24,57.77761363983154
main_tournament_resume_3,MCTS-old-100__VS__MCTS-new-100__GAME__216,MCTS-old-100,MCTS-new-100,216,False,MCTS-old-100,1,9,14.899831056594849
main_tournament_resume_3,MCTS-old-100__VS__MCTS-new-100__GAME__217,MCTS-old-100,MCTS-new-100,217,True,MCTS-new-100,1,10,19.98130702972412
main_tournament_resume_3,MCTS-old-100__VS__MCTS-new-100__GAME__218,MCTS-old-100,MCTS-new-100,218,False,MCTS-old-100,1,16,33.438719511032104
main_tournament_resume_3,MCTS-old-100__VS__MCTS-new-100__GAME__219,MCTS-old-100,MCTS-new-100,219,True,MCTS-old-100,-1,12,22.449915409088135
main_tournament_resume_3,MCTS-old-100__VS__MCTS-new-100__GAME__220,MCTS-old-100,MCTS-new-100,220,False,MCTS-old-100,1,4,6.6230926513671875
main_tournament_resume_3,MCTS-old-100__VS__MCTS-new-100__GAME__221,MCTS-old-100,MCTS-new-100,221,True,MCTS-old-100,-1,6,9.043146133422852
main_tournament_resume_3,MCTS-old-100__VS__MCTS-new-100__GAME__222,MCTS-old-100,MCTS-new-100,222,False,MCTS-old-100,1,39,100.18105244636536
main_tournament_resume_3,MCTS-old-100__VS__MCTS-new-100__GAME__223,MCTS-old-100,MCTS-new-100,223,True,MCTS-old-100,-1,26,55.4445104598999
main_tournament_resume_3,MCTS-old-100__VS__MCTS-new-100__GAME__224,MCTS-old-100,MCTS-new-100,224,False,MCTS-old-100,1,7,11.910578727722168
main_tournament_resume_3,MCTS-old-100__VS__MCTS-new-100__GAME__225,MCTS-old-100,MCTS-new-100,225,True,MCTS-new-100,1,6,10.851852893829346
main_tournament_resume_3,MCTS-old-100__VS__MCTS-new-100__GAME__226,MCTS-old-100,MCTS-new-100,226,False,MCTS-old-100,1,9,19.05889058113098
main_tournament_resume_3,MCTS-old-100__VS__MCTS-new-100__GAME__227,MCTS-old-100,MCTS-new-100,227,True,MCTS-new-100,1,7,13.243377447128296
main_tournament_resume_3,MCTS-old-100__VS__MCTS-new-100__GAME__228,MCTS-old-100,MCTS-new-100,228,False,MCTS-old-100,1,6,10.331565856933594
main_tournament_resume_3,MCTS-old-100__VS__MCTS-new-100__GAME__229,MCTS-old-100,MCTS-new-100,229,True,MCTS-old-100,-1,14,23.706599950790405
main_tournament_resume_3,MCTS-old-100__VS__MCTS-new-100__GAME__230,MCTS-old-100,MCTS-new-100,230,False,MCTS-old-100,1,16,32.96724247932434
main_tournament_resume_3,MCTS-old-100__VS__MCTS-new-100__GAME__231,MCTS-old-100,MCTS-new-100,231,True,draw,0,50,116.74105858802795
main_tournament_resume_3,MCTS-old-100__VS__MCTS-new-100__GAME__232,MCTS-old-100,MCTS-new-100,232,False,MCTS-old-100,1,45,102.51495504379272
main_tournament_resume_3,MCTS-old-100__VS__MCTS-new-100__GAME__233,MCTS-old-100,MCTS-new-100,233,True,MCTS-new-100,1,6,9.947744369506836
main_tournament_resume_3,MCTS-old-100__VS__MCTS-new-100__GAME__234,MCTS-old-100,MCTS-new-100,234,False,MCTS-old-100,1,21,51.938640117645264
main_tournament_resume_3,MCTS-old-100__VS__MCTS-new-100__GAME__235,MCTS-old-100,MCTS-new-100,235,True,MCTS-old-100,-1,10,17.640525341033936
main_tournament_resume_3,MCTS-old-100__VS__MCTS-new-100__GAME__236,MCTS-old-100,MCTS-new-100,236,False,MCTS-new-100,-1,19,41.268949031829834
main_tournament_resume_3,MCTS-old-100__VS__MCTS-new-100__GAME__237,MCTS-old-100,MCTS-new-100,237,True,MCTS-new-100,1,8,14.546431541442871
main_tournament_resume_3,MCTS-old-100__VS__MCTS-new-100__GAME__238,MCTS-old-100,MCTS-new-100,238,False,MCTS-old-100,1,21,47.24592208862305
main_tournament_resume_3,MCTS-old-100__VS__MCTS-new-100__GAME__239,MCTS-old-100,MCTS-new-100,239,True,MCTS-new-100,1,21,46.21763229370117
main_tournament_resume_3,MCTS-old-100__VS__MCTS-new-100__GAME__240,MCTS-old-100,MCTS-new-100,240,False,MCTS-old-100,1,6,11.089392185211182
main_tournament_resume_3,MCTS-old-100__VS__MCTS-new-100__GAME__241,MCTS-old-100,MCTS-new-100,241,True,MCTS-old-100,-1,14,29.49975323677063
main_tournament_resume_3,MCTS-old-100__VS__MCTS-new-100__GAME__242,MCTS-old-100,MCTS-new-100,242,False,MCTS-old-100,1,27,72.04220581054688
main_tournament_resume_3,MCTS-old-100__VS__MCTS-new-100__GAME__243,MCTS-old-100,MCTS-new-100,243,True,MCTS-new-100,1,39,83.96125912666321
main_tournament_resume_3,MCTS-old-100__VS__MCTS-new-100__GAME__244,MCTS-old-100,MCTS-new-100,244,False,MCTS-new-100,-1,6,9.357012033462524
main_tournament_resume_3,MCTS-old-100__VS__MCTS-new-100__GAME__245,MCTS-old-100,MCTS-new-100,245,True,MCTS-old-100,-1,10,16.324210166931152
main_tournament_resume_3,MCTS-old-100__VS__MCTS-new-100__GAME__246,MCTS-old-100,MCTS-new-100,246,False,MCTS-new-100,-1,9,16.2609281539917
main_tournament_resume_3,MCTS-old-100__VS__MCTS-new-100__GAME__247,MCTS-old-100,MCTS-new-100,247,True,MCTS-old-100,-1,20,43.570096015930176
main_tournament_resume_3,MCTS-old-100__VS__MCTS-new-100__GAME__248,MCTS-old-100,MCTS-new-100,248,False,MCTS-old-100,1,6,10.719648361206055
main_tournament_resume_3,MCTS-old-100__VS__MCTS-new-100__GAME__249,MCTS-old-100,MCTS-new-100,249,True,MCTS-old-100,-1,7,11.78661298751831
