game_key,bot_a,bot_b,game_index,swapped,winner,winner_raw,num_moves,time
Random__VS__Heuristic__GAME__0,Random,Heuristic,0,False,Heuristic,-1,8,1.1239979267120361
Random__VS__Heuristic__GAME__1,Random,Heuristic,1,True,Heuristic,1,17,5.817296743392944
Random__VS__Heuristic__GAME__2,Random,Heuristic,2,False,Heuristic,-1,24,11.822909832000732
Random__VS__Heuristic__GAME__3,Random,Heuristic,3,True,Heuristic,1,11,3.0300872325897217
Random__VS__Heuristic__GAME__4,Random,Heuristic,4,False,Heuristic,-1,6,0.661829948425293
Random__VS__Heuristic__GAME__5,Random,Heuristic,5,True,Heuristic,1,11,2.4062001705169678
Random__VS__Heuristic__GAME__6,Random,Heuristic,6,False,Heuristic,-1,16,3.3437888622283936
Random__VS__Heuristic__GAME__7,Random,Heuristic,7,True,Heuristic,1,9,1.700592041015625
Random__VS__Heuristic__GAME__8,Random,Heuristic,8,False,Heuristic,-1,8,1.22416353225708
Random__VS__Heuristic__GAME__9,Random,Heuristic,9,True,Heuristic,1,9,1.6201231479644775
Random__VS__Heuristic__GAME__10,Random,Heuristic,10,False,Heuristic,-1,10,1.8727521896362305
Random__VS__Heuristic__GAME__11,Random,Heuristic,11,True,Heuristic,1,7,0.9138574600219727
Random__VS__Heuristic__GAME__12,Random,Heuristic,12,False,Heuristic,-1,12,2.9334864616394043
Random__VS__Heuristic__GAME__13,Random,Heuristic,13,True,Heuristic,1,9,1.7220749855041504
Random__VS__Heuristic__GAME__14,Random,Heuristic,14,False,Heuristic,-1,8,1.4489669799804688
Random__VS__Heuristic__GAME__15,Random,Heuristic,15,True,Heuristic,1,9,1.5056672096252441
Random__VS__Heuristic__GAME__16,Random,Heuristic,16,False,Heuristic,-1,10,2.3141562938690186
Random__VS__Heuristic__GAME__17,Random,Heuristic,17,True,Heuristic,1,9,1.9535846710205078
Random__VS__Heuristic__GAME__18,Random,Heuristic,18,False,Heuristic,-1,6,0.515824556350708
Random__VS__Heuristic__GAME__19,Random,Heuristic,19,True,Heuristic,1,5,0.47855257987976074
Random__VS__Heuristic__GAME__20,Random,Heuristic,20,False,Heuristic,-1,10,2.070951223373413
Random__VS__Heuristic__GAME__21,Random,Heuristic,21,True,Heuristic,1,5,0.43655920028686523
Random__VS__Heuristic__GAME__22,Random,Heuristic,22,False,Heuristic,-1,6,0.6592016220092773
Random__VS__Heuristic__GAME__23,Random,Heuristic,23,True,Heuristic,1,7,1.03464674949646
Random__VS__Heuristic__GAME__24,Random,Heuristic,24,False,Heuristic,-1,8,0.9251527786254883
Random__VS__Heuristic__GAME__25,Random,Heuristic,25,True,Heuristic,1,11,2.275257110595703
Random__VS__Heuristic__GAME__26,Random,Heuristic,26,False,Heuristic,-1,8,1.4828557968139648
Random__VS__Heuristic__GAME__27,Random,Heuristic,27,True,Heuristic,1,15,4.912902593612671
Random__VS__Heuristic__GAME__28,Random,Heuristic,28,False,Heuristic,-1,6,0.6161050796508789
Random__VS__Heuristic__GAME__29,Random,Heuristic,29,True,Heuristic,1,9,1.3823134899139404
Random__VS__Heuristic__GAME__30,Random,Heuristic,30,False,Heuristic,-1,10,1.9275593757629395
Random__VS__Heuristic__GAME__31,Random,Heuristic,31,True,Heuristic,1,5,0.4682328701019287
Random__VS__Heuristic__GAME__32,Random,Heuristic,32,False,Heuristic,-1,6,0.7595474720001221
Random__VS__Heuristic__GAME__33,Random,Heuristic,33,True,Heuristic,1,9,1.7408277988433838
Random__VS__Heuristic__GAME__34,Random,Heuristic,34,False,Heuristic,-1,10,1.956146240234375
Random__VS__Heuristic__GAME__35,Random,Heuristic,35,True,Heuristic,1,9,1.8465495109558105
Random__VS__Heuristic__GAME__36,Random,Heuristic,36,False,Heuristic,-1,8,1.5939390659332275
Random__VS__Heuristic__GAME__37,Random,Heuristic,37,True,Heuristic,1,11,2.7370402812957764
Random__VS__Heuristic__GAME__38,Random,Heuristic,38,False,Heuristic,-1,6,0.5572853088378906
Random__VS__Heuristic__GAME__39,Random,Heuristic,39,True,Heuristic,1,15,4.4916181564331055
Random__VS__Heuristic__GAME__40,Random,Heuristic,40,False,Heuristic,-1,16,5.298139333724976
Random__VS__Heuristic__GAME__41,Random,Heuristic,41,True,Heuristic,1,5,0.5000913143157959
Random__VS__Heuristic__GAME__42,Random,Heuristic,42,False,Heuristic,-1,12,2.600982427597046
Random__VS__Heuristic__GAME__43,Random,Heuristic,43,True,Heuristic,1,11,2.446129083633423
Random__VS__Heuristic__GAME__44,Random,Heuristic,44,False,Heuristic,-1,6,0.6605367660522461
Random__VS__Heuristic__GAME__45,Random,Heuristic,45,True,Heuristic,1,7,0.7998712062835693
Random__VS__Heuristic__GAME__46,Random,Heuristic,46,False,Heuristic,-1,10,1.9855289459228516
Random__VS__Heuristic__GAME__47,Random,Heuristic,47,True,Heuristic,1,11,3.205117702484131
Random__VS__Heuristic__GAME__48,Random,Heuristic,48,False,Heuristic,-1,7,1.3435628414154053
Random__VS__Heuristic__GAME__49,Random,Heuristic,49,True,Heuristic,1,8,1.4189069271087646
Random__VS__Heuristic__GAME__50,Random,Heuristic,50,False,Heuristic,-1,10,2.148230791091919
Random__VS__Heuristic__GAME__51,Random,Heuristic,51,True,Heuristic,1,9,1.6442029476165771
Random__VS__Heuristic__GAME__52,Random,Heuristic,52,False,Heuristic,-1,6,0.5759871006011963
Random__VS__Heuristic__GAME__53,Random,Heuristic,53,True,Heuristic,1,5,0.45697689056396484
Random__VS__Heuristic__GAME__54,Random,Heuristic,54,False,Heuristic,-1,12,3.221684694290161
Random__VS__Heuristic__GAME__55,Random,Heuristic,55,True,Heuristic,1,5,0.472412109375
Random__VS__Heuristic__GAME__56,Random,Heuristic,56,False,Heuristic,-1,12,3.0116100311279297
Random__VS__Heuristic__GAME__57,Random,Heuristic,57,True,Heuristic,1,7,0.8779773712158203
Random__VS__Heuristic__GAME__58,Random,Heuristic,58,False,Heuristic,-1,12,2.248960494995117
Random__VS__Heuristic__GAME__59,Random,Heuristic,59,True,Heuristic,1,11,2.6916332244873047
Random__VS__Heuristic__GAME__60,Random,Heuristic,60,False,Heuristic,-1,8,0.8774456977844238
Random__VS__Heuristic__GAME__61,Random,Heuristic,61,True,Heuristic,1,9,1.9780495166778564
Random__VS__Heuristic__GAME__62,Random,Heuristic,62,False,Heuristic,-1,8,1.8336658477783203
Random__VS__Heuristic__GAME__63,Random,Heuristic,63,True,Heuristic,1,9,1.8804421424865723
Random__VS__Heuristic__GAME__64,Random,Heuristic,64,False,Heuristic,-1,6,0.7393150329589844
Random__VS__Heuristic__GAME__65,Random,Heuristic,65,True,Heuristic,1,5,0.46631693840026855
Random__VS__Heuristic__GAME__66,Random,Heuristic,66,False,Heuristic,-1,6,0.7005436420440674
Random__VS__Heuristic__GAME__67,Random,Heuristic,67,True,Heuristic,1,7,0.9576358795166016
Random__VS__Heuristic__GAME__68,Random,Heuristic,68,False,Heuristic,-1,8,1.5430998802185059
Random__VS__Heuristic__GAME__69,Random,Heuristic,69,True,Heuristic,1,11,2.0047762393951416
Random__VS__Heuristic__GAME__70,Random,Heuristic,70,False,Heuristic,-1,10,2.1391091346740723
Random__VS__Heuristic__GAME__71,Random,Heuristic,71,True,Heuristic,1,7,0.9132676124572754
Random__VS__Heuristic__GAME__72,Random,Heuristic,72,False,Heuristic,-1,8,1.2791423797607422
Random__VS__Heuristic__GAME__73,Random,Heuristic,73,True,Heuristic,1,7,1.1096694469451904
Random__VS__Heuristic__GAME__74,Random,Heuristic,74,False,Heuristic,-1,8,1.2993817329406738
Random__VS__Heuristic__GAME__75,Random,Heuristic,75,True,Heuristic,1,5,0.439190149307251
Random__VS__Heuristic__GAME__76,Random,Heuristic,76,False,Heuristic,-1,22,14.919986963272095
Random__VS__Heuristic__GAME__77,Random,Heuristic,77,True,Heuristic,1,13,3.2172141075134277
Random__VS__Heuristic__GAME__78,Random,Heuristic,78,False,Heuristic,-1,8,1.4447643756866455
Random__VS__Heuristic__GAME__79,Random,Heuristic,79,True,Heuristic,1,9,1.3930580615997314
Random__VS__Heuristic__GAME__80,Random,Heuristic,80,False,Heuristic,-1,10,2.71309757232666
Random__VS__Heuristic__GAME__81,Random,Heuristic,81,True,Heuristic,1,11,2.5722544193267822
Random__VS__Heuristic__GAME__82,Random,Heuristic,82,False,Heuristic,-1,8,1.1899135112762451
Random__VS__Heuristic__GAME__83,Random,Heuristic,83,True,Heuristic,1,7,0.9307155609130859
Random__VS__Heuristic__GAME__84,Random,Heuristic,84,False,Heuristic,-1,6,0.6619713306427002
Random__VS__Heuristic__GAME__85,Random,Heuristic,85,True,Heuristic,1,13,5.251187562942505
Random__VS__Heuristic__GAME__86,Random,Heuristic,86,False,Heuristic,-1,26,15.43509316444397
Random__VS__Heuristic__GAME__87,Random,Heuristic,87,True,Heuristic,1,5,0.4279472827911377
Random__VS__Heuristic__GAME__88,Random,Heuristic,88,False,Heuristic,-1,8,1.0227153301239014
Random__VS__Heuristic__GAME__89,Random,Heuristic,89,True,Heuristic,1,5,0.43234777450561523
Random__VS__Heuristic__GAME__90,Random,Heuristic,90,False,Heuristic,-1,6,0.586402416229248
Random__VS__Heuristic__GAME__91,Random,Heuristic,91,True,Heuristic,1,11,2.311833620071411
Random__VS__Heuristic__GAME__92,Random,Heuristic,92,False,Heuristic,-1,8,0.857105016708374
Random__VS__Heuristic__GAME__93,Random,Heuristic,93,True,Heuristic,1,9,1.6520953178405762
Random__VS__Heuristic__GAME__94,Random,Heuristic,94,False,Heuristic,-1,10,1.8043508529663086
Random__VS__Heuristic__GAME__95,Random,Heuristic,95,True,Heuristic,1,7,1.0229122638702393
Random__VS__Heuristic__GAME__96,Random,Heuristic,96,False,Heuristic,-1,8,1.4090993404388428
Random__VS__Heuristic__GAME__97,Random,Heuristic,97,True,Heuristic,1,11,2.0622105598449707
Random__VS__Heuristic__GAME__98,Random,Heuristic,98,False,Heuristic,-1,6,0.6822054386138916
Random__VS__Heuristic__GAME__99,Random,Heuristic,99,True,Heuristic,1,9,1.4902925491333008
Random__VS__Heuristic__GAME__100,Random,Heuristic,100,False,Heuristic,-1,12,2.466573476791382
Random__VS__Heuristic__GAME__101,Random,Heuristic,101,True,Heuristic,1,11,2.841499090194702
Random__VS__Heuristic__GAME__102,Random,Heuristic,102,False,Heuristic,-1,11,2.559025287628174
Random__VS__Heuristic__GAME__103,Random,Heuristic,103,True,Heuristic,1,5,0.5092530250549316
Random__VS__Heuristic__GAME__104,Random,Heuristic,104,False,Heuristic,-1,8,0.7213480472564697
Random__VS__Heuristic__GAME__105,Random,Heuristic,105,True,Heuristic,1,9,2.067173480987549
Random__VS__Heuristic__GAME__106,Random,Heuristic,106,False,Heuristic,-1,8,1.1835949420928955
Random__VS__Heuristic__GAME__107,Random,Heuristic,107,True,Heuristic,1,5,0.4441821575164795
Random__VS__Heuristic__GAME__108,Random,Heuristic,108,False,Heuristic,-1,8,1.4565246105194092
Random__VS__Heuristic__GAME__109,Random,Heuristic,109,True,Heuristic,1,9,1.7032678127288818
Random__VS__Heuristic__GAME__110,Random,Heuristic,110,False,Heuristic,-1,14,3.475634813308716
Random__VS__Heuristic__GAME__111,Random,Heuristic,111,True,Heuristic,1,7,0.9432864189147949
Random__VS__Heuristic__GAME__112,Random,Heuristic,112,False,Heuristic,-1,12,3.5995986461639404
Random__VS__Heuristic__GAME__113,Random,Heuristic,113,True,Heuristic,1,21,7.708295106887817
Random__VS__Heuristic__GAME__114,Random,Heuristic,114,False,Heuristic,-1,8,1.3427608013153076
Random__VS__Heuristic__GAME__115,Random,Heuristic,115,True,Heuristic,1,11,2.0690159797668457
Random__VS__Heuristic__GAME__116,Random,Heuristic,116,False,Heuristic,-1,6,0.569586992263794
Random__VS__Heuristic__GAME__117,Random,Heuristic,117,True,Heuristic,1,9,2.1546990871429443
Random__VS__Heuristic__GAME__118,Random,Heuristic,118,False,Heuristic,-1,6,0.6719858646392822
Random__VS__Heuristic__GAME__119,Random,Heuristic,119,True,Heuristic,1,9,1.64064359664917
Random__VS__Heuristic__GAME__120,Random,Heuristic,120,False,Heuristic,-1,8,1.369840145111084
Random__VS__Heuristic__GAME__121,Random,Heuristic,121,True,Heuristic,1,19,6.681394577026367
Random__VS__Heuristic__GAME__122,Random,Heuristic,122,False,Heuristic,-1,8,1.2058825492858887
Random__VS__Heuristic__GAME__123,Random,Heuristic,123,True,Heuristic,1,9,1.940955638885498
Random__VS__Heuristic__GAME__124,Random,Heuristic,124,False,Heuristic,-1,8,1.2242863178253174
Random__VS__Heuristic__GAME__125,Random,Heuristic,125,True,Heuristic,1,5,0.42917370796203613
Random__VS__Heuristic__GAME__126,Random,Heuristic,126,False,Heuristic,-1,8,1.0129809379577637
Random__VS__Heuristic__GAME__127,Random,Heuristic,127,True,Heuristic,1,7,0.8477487564086914
Random__VS__Heuristic__GAME__128,Random,Heuristic,128,False,Heuristic,-1,8,1.0251502990722656
Random__VS__Heuristic__GAME__129,Random,Heuristic,129,True,Heuristic,1,7,1.1839473247528076
Random__VS__Heuristic__GAME__130,Random,Heuristic,130,False,Heuristic,-1,8,1.0522608757019043
Random__VS__Heuristic__GAME__131,Random,Heuristic,131,True,Heuristic,1,7,0.7763223648071289
Random__VS__Heuristic__GAME__132,Random,Heuristic,132,False,Heuristic,-1,12,2.1915836334228516
Random__VS__Heuristic__GAME__133,Random,Heuristic,133,True,Heuristic,1,7,0.921363353729248
Random__VS__Heuristic__GAME__134,Random,Heuristic,134,False,Heuristic,-1,8,1.288444995880127
Random__VS__Heuristic__GAME__135,Random,Heuristic,135,True,Heuristic,1,7,1.147017240524292
Random__VS__Heuristic__GAME__136,Random,Heuristic,136,False,Heuristic,-1,14,3.6377408504486084
Random__VS__Heuristic__GAME__137,Random,Heuristic,137,True,Heuristic,1,7,0.8327701091766357
Random__VS__Heuristic__GAME__138,Random,Heuristic,138,False,Heuristic,-1,12,2.6765453815460205
Random__VS__Heuristic__GAME__139,Random,Heuristic,139,True,Heuristic,1,7,0.7648224830627441
Random__VS__Heuristic__GAME__140,Random,Heuristic,140,False,Heuristic,-1,14,5.581031322479248
Random__VS__Heuristic__GAME__141,Random,Heuristic,141,True,Heuristic,1,11,2.6983933448791504
Random__VS__Heuristic__GAME__142,Random,Heuristic,142,False,Heuristic,-1,12,3.1427533626556396
Random__VS__Heuristic__GAME__143,Random,Heuristic,143,True,Heuristic,1,9,1.5222632884979248
Random__VS__Heuristic__GAME__144,Random,Heuristic,144,False,Heuristic,-1,10,2.507502794265747
Random__VS__Heuristic__GAME__145,Random,Heuristic,145,True,Heuristic,1,7,0.918250322341919
Random__VS__Heuristic__GAME__146,Random,Heuristic,146,False,Heuristic,-1,6,0.7428617477416992
Random__VS__Heuristic__GAME__147,Random,Heuristic,147,True,Heuristic,1,5,0.49100351333618164
Random__VS__Heuristic__GAME__148,Random,Heuristic,148,False,Heuristic,-1,12,3.693129539489746
Random__VS__Heuristic__GAME__149,Random,Heuristic,149,True,Heuristic,1,13,3.846675157546997
Random__VS__Heuristic__GAME__150,Random,Heuristic,150,False,Heuristic,-1,5,0.5825090408325195
Random__VS__Heuristic__GAME__151,Random,Heuristic,151,True,Heuristic,1,7,1.0055651664733887
Random__VS__Heuristic__GAME__152,Random,Heuristic,152,False,Heuristic,-1,6,0.6451699733734131
Random__VS__Heuristic__GAME__153,Random,Heuristic,153,True,Heuristic,1,11,2.431118965148926
Random__VS__Heuristic__GAME__154,Random,Heuristic,154,False,Heuristic,-1,6,0.6809914112091064
Random__VS__Heuristic__GAME__155,Random,Heuristic,155,True,Heuristic,1,9,1.0998332500457764
Random__VS__Heuristic__GAME__156,Random,Heuristic,156,False,Heuristic,-1,10,2.5544180870056152
Random__VS__Heuristic__GAME__157,Random,Heuristic,157,True,Heuristic,1,5,0.4840540885925293
Random__VS__Heuristic__GAME__158,Random,Heuristic,158,False,Heuristic,-1,8,0.8891217708587646
Random__VS__Heuristic__GAME__159,Random,Heuristic,159,True,Heuristic,1,5,0.4140019416809082
Random__VS__Heuristic__GAME__160,Random,Heuristic,160,False,Heuristic,-1,8,1.058208703994751
Random__VS__Heuristic__GAME__161,Random,Heuristic,161,True,Heuristic,1,5,0.43601346015930176
Random__VS__Heuristic__GAME__162,Random,Heuristic,162,False,Heuristic,-1,10,3.321220874786377
Random__VS__Heuristic__GAME__163,Random,Heuristic,163,True,Heuristic,1,7,1.0384547710418701
Random__VS__Heuristic__GAME__164,Random,Heuristic,164,False,Heuristic,-1,8,1.3503444194793701
Random__VS__Heuristic__GAME__165,Random,Heuristic,165,True,Heuristic,1,7,1.0107550621032715
Random__VS__Heuristic__GAME__166,Random,Heuristic,166,False,Heuristic,-1,8,1.2719495296478271
Random__VS__Heuristic__GAME__167,Random,Heuristic,167,True,Heuristic,1,9,1.4403836727142334
Random__VS__Heuristic__GAME__168,Random,Heuristic,168,False,Heuristic,-1,10,1.379918098449707
Random__VS__Heuristic__GAME__169,Random,Heuristic,169,True,Heuristic,1,7,0.8396484851837158
Random__VS__Heuristic__GAME__170,Random,Heuristic,170,False,Heuristic,-1,12,2.425320625305176
Random__VS__Heuristic__GAME__171,Random,Heuristic,171,True,Heuristic,1,9,1.454387903213501
Random__VS__Heuristic__GAME__172,Random,Heuristic,172,False,Heuristic,-1,6,0.7388424873352051
Random__VS__Heuristic__GAME__173,Random,Heuristic,173,True,Heuristic,1,9,2.0158839225769043
Random__VS__Heuristic__GAME__174,Random,Heuristic,174,False,Heuristic,-1,8,0.8160905838012695
Random__VS__Heuristic__GAME__175,Random,Heuristic,175,True,Heuristic,1,15,4.943392515182495
Random__VS__Heuristic__GAME__176,Random,Heuristic,176,False,Heuristic,-1,10,1.9912679195404053
Random__VS__Heuristic__GAME__177,Random,Heuristic,177,True,Heuristic,1,5,0.4211409091949463
Random__VS__Heuristic__GAME__178,Random,Heuristic,178,False,Heuristic,-1,14,4.546793222427368
Random__VS__Heuristic__GAME__179,Random,Heuristic,179,True,Heuristic,1,5,0.4718019962310791
Random__VS__Heuristic__GAME__180,Random,Heuristic,180,False,Heuristic,-1,8,0.980067253112793
Random__VS__Heuristic__GAME__181,Random,Heuristic,181,True,Heuristic,1,9,1.9726181030273438
Random__VS__Heuristic__GAME__182,Random,Heuristic,182,False,Heuristic,-1,8,1.5034472942352295
Random__VS__Heuristic__GAME__183,Random,Heuristic,183,True,Heuristic,1,7,0.98868727684021
Random__VS__Heuristic__GAME__184,Random,Heuristic,184,False,Heuristic,-1,10,1.7107539176940918
Random__VS__Heuristic__GAME__185,Random,Heuristic,185,True,Heuristic,1,5,0.43022775650024414
Random__VS__Heuristic__GAME__186,Random,Heuristic,186,False,Heuristic,-1,6,0.567561149597168
Random__VS__Heuristic__GAME__187,Random,Heuristic,187,True,Heuristic,1,5,0.44365715980529785
Random__VS__Heuristic__GAME__188,Random,Heuristic,188,False,Heuristic,-1,10,2.0552077293395996
Random__VS__Heuristic__GAME__189,Random,Heuristic,189,True,Heuristic,1,9,1.765476942062378
Random__VS__Heuristic__GAME__190,Random,Heuristic,190,False,Heuristic,-1,10,0.8491344451904297
Random__VS__Heuristic__GAME__191,Random,Heuristic,191,True,Heuristic,1,9,1.3199539184570312
Random__VS__Heuristic__GAME__192,Random,Heuristic,192,False,Heuristic,-1,6,0.5052154064178467
Random__VS__Heuristic__GAME__193,Random,Heuristic,193,True,Heuristic,1,9,1.768178939819336
Random__VS__Heuristic__GAME__194,Random,Heuristic,194,False,Heuristic,-1,10,1.3719372749328613
Random__VS__Heuristic__GAME__195,Random,Heuristic,195,True,Heuristic,1,5,0.4191761016845703
Random__VS__Heuristic__GAME__196,Random,Heuristic,196,False,Heuristic,-1,10,2.1255242824554443
Random__VS__Heuristic__GAME__197,Random,Heuristic,197,True,Heuristic,1,5,0.4861104488372803
Random__VS__Heuristic__GAME__198,Random,Heuristic,198,False,Heuristic,-1,6,0.5278737545013428
Random__VS__Heuristic__GAME__199,Random,Heuristic,199,True,Heuristic,1,7,0.9857673645019531
Random__VS__AlphaBeta-new-d3__GAME__0,Random,AlphaBeta-new-d3,0,False,AlphaBeta-new-d3,-1,20,10.952108144760132
Random__VS__AlphaBeta-new-d3__GAME__1,Random,AlphaBeta-new-d3,1,True,AlphaBeta-new-d3,1,23,16.637141227722168
Random__VS__AlphaBeta-new-d3__GAME__2,Random,AlphaBeta-new-d3,2,False,AlphaBeta-new-d3,-1,8,3.509843349456787
Random__VS__AlphaBeta-new-d3__GAME__3,Random,AlphaBeta-new-d3,3,True,AlphaBeta-new-d3,1,5,1.5261731147766113
Random__VS__AlphaBeta-new-d3__GAME__4,Random,AlphaBeta-new-d3,4,False,AlphaBeta-new-d3,-1,14,7.6252970695495605
Random__VS__AlphaBeta-new-d3__GAME__5,Random,AlphaBeta-new-d3,5,True,draw,0,50,38.042601346969604
Random__VS__AlphaBeta-new-d3__GAME__6,Random,AlphaBeta-new-d3,6,False,AlphaBeta-new-d3,-1,8,3.288662910461426
Random__VS__AlphaBeta-new-d3__GAME__7,Random,AlphaBeta-new-d3,7,True,AlphaBeta-new-d3,1,13,6.591584920883179
Random__VS__AlphaBeta-new-d3__GAME__8,Random,AlphaBeta-new-d3,8,False,AlphaBeta-new-d3,-1,22,12.887388229370117
Random__VS__AlphaBeta-new-d3__GAME__9,Random,AlphaBeta-new-d3,9,True,AlphaBeta-new-d3,1,25,15.934428215026855
Random__VS__AlphaBeta-new-d3__GAME__10,Random,AlphaBeta-new-d3,10,False,AlphaBeta-new-d3,-1,12,6.898717880249023
Random__VS__AlphaBeta-new-d3__GAME__11,Random,AlphaBeta-new-d3,11,True,AlphaBeta-new-d3,1,29,22.058634281158447
Random__VS__AlphaBeta-new-d3__GAME__12,Random,AlphaBeta-new-d3,12,False,Random,1,4,2.2561163902282715
Random__VS__AlphaBeta-new-d3__GAME__13,Random,AlphaBeta-new-d3,13,True,AlphaBeta-new-d3,1,9,3.681281805038452
Random__VS__AlphaBeta-new-d3__GAME__14,Random,AlphaBeta-new-d3,14,False,AlphaBeta-new-d3,-1,36,26.23074960708618
Random__VS__AlphaBeta-new-d3__GAME__15,Random,AlphaBeta-new-d3,15,True,AlphaBeta-new-d3,1,9,4.9889137744903564
Random__VS__AlphaBeta-new-d3__GAME__16,Random,AlphaBeta-new-d3,16,False,Random,1,17,11.393932104110718
Random__VS__AlphaBeta-new-d3__GAME__17,Random,AlphaBeta-new-d3,17,True,AlphaBeta-new-d3,1,31,21.498741626739502
Random__VS__AlphaBeta-new-d3__GAME__18,Random,AlphaBeta-new-d3,18,False,AlphaBeta-new-d3,-1,14,8.03763222694397
Random__VS__AlphaBeta-new-d3__GAME__19,Random,AlphaBeta-new-d3,19,True,AlphaBeta-new-d3,1,13,6.399512767791748
Random__VS__AlphaBeta-new-d3__GAME__20,Random,AlphaBeta-new-d3,20,False,AlphaBeta-new-d3,-1,28,19.423001527786255
Random__VS__AlphaBeta-new-d3__GAME__21,Random,AlphaBeta-new-d3,21,True,AlphaBeta-new-d3,1,7,2.7754993438720703
Random__VS__AlphaBeta-new-d3__GAME__22,Random,AlphaBeta-new-d3,22,False,AlphaBeta-new-d3,-1,14,5.948999881744385
Random__VS__AlphaBeta-new-d3__GAME__23,Random,AlphaBeta-new-d3,23,True,AlphaBeta-new-d3,1,5,2.3514904975891113
Random__VS__AlphaBeta-new-d3__GAME__24,Random,AlphaBeta-new-d3,24,False,AlphaBeta-new-d3,-1,6,2.8217411041259766
Random__VS__AlphaBeta-new-d3__GAME__25,Random,AlphaBeta-new-d3,25,True,AlphaBeta-new-d3,1,13,5.8180999755859375
Random__VS__AlphaBeta-new-d3__GAME__26,Random,AlphaBeta-new-d3,26,False,AlphaBeta-new-d3,-1,8,2.8809986114501953
Random__VS__AlphaBeta-new-d3__GAME__27,Random,AlphaBeta-new-d3,27,True,AlphaBeta-new-d3,1,7,2.3480019569396973
Random__VS__AlphaBeta-new-d3__GAME__28,Random,AlphaBeta-new-d3,28,False,AlphaBeta-new-d3,-1,50,36.34531784057617
Random__VS__AlphaBeta-new-d3__GAME__29,Random,AlphaBeta-new-d3,29,True,AlphaBeta-new-d3,1,5,2.2920072078704834
Random__VS__AlphaBeta-new-d3__GAME__30,Random,AlphaBeta-new-d3,30,False,AlphaBeta-new-d3,-1,10,3.339001417160034
Random__VS__AlphaBeta-new-d3__GAME__31,Random,AlphaBeta-new-d3,31,True,AlphaBeta-new-d3,1,9,2.984762191772461
Random__VS__AlphaBeta-new-d3__GAME__32,Random,AlphaBeta-new-d3,32,False,AlphaBeta-new-d3,-1,6,2.1298773288726807
Random__VS__AlphaBeta-new-d3__GAME__33,Random,AlphaBeta-new-d3,33,True,AlphaBeta-new-d3,1,41,31.036837100982666
Random__VS__AlphaBeta-new-d3__GAME__34,Random,AlphaBeta-new-d3,34,False,AlphaBeta-new-d3,-1,10,4.404993534088135
Random__VS__AlphaBeta-new-d3__GAME__35,Random,AlphaBeta-new-d3,35,True,AlphaBeta-new-d3,1,7,3.459495782852173
Random__VS__AlphaBeta-new-d3__GAME__36,Random,AlphaBeta-new-d3,36,False,AlphaBeta-new-d3,-1,10,4.511667251586914
Random__VS__AlphaBeta-new-d3__GAME__37,Random,AlphaBeta-new-d3,37,True,AlphaBeta-new-d3,1,7,3.7879133224487305
Random__VS__AlphaBeta-new-d3__GAME__38,Random,AlphaBeta-new-d3,38,False,draw,0,50,38.6416449546814
Random__VS__AlphaBeta-new-d3__GAME__39,Random,AlphaBeta-new-d3,39,True,AlphaBeta-new-d3,1,6,2.2319984436035156
Random__VS__AlphaBeta-new-d3__GAME__40,Random,AlphaBeta-new-d3,40,False,draw,0,50,35.796419620513916
Random__VS__AlphaBeta-new-d3__GAME__41,Random,AlphaBeta-new-d3,41,True,AlphaBeta-new-d3,1,11,6.107223749160767
Random__VS__AlphaBeta-new-d3__GAME__42,Random,AlphaBeta-new-d3,42,False,AlphaBeta-new-d3,-1,8,3.723902940750122
Random__VS__AlphaBeta-new-d3__GAME__43,Random,AlphaBeta-new-d3,43,True,Random,-1,7,3.7216498851776123
Random__VS__AlphaBeta-new-d3__GAME__44,Random,AlphaBeta-new-d3,44,False,AlphaBeta-new-d3,-1,14,5.644427537918091
Random__VS__AlphaBeta-new-d3__GAME__45,Random,AlphaBeta-new-d3,45,True,AlphaBeta-new-d3,1,5,1.8615658283233643
Random__VS__AlphaBeta-new-d3__GAME__46,Random,AlphaBeta-new-d3,46,False,AlphaBeta-new-d3,-1,14,5.992649555206299
Random__VS__AlphaBeta-new-d3__GAME__47,Random,AlphaBeta-new-d3,47,True,AlphaBeta-new-d3,1,11,5.585151195526123
Random__VS__AlphaBeta-new-d3__GAME__48,Random,AlphaBeta-new-d3,48,False,AlphaBeta-new-d3,-1,14,5.638519287109375
Random__VS__AlphaBeta-new-d3__GAME__49,Random,AlphaBeta-new-d3,49,True,AlphaBeta-new-d3,1,5,1.8281309604644775
Random__VS__AlphaBeta-new-d3__GAME__50,Random,AlphaBeta-new-d3,50,False,AlphaBeta-new-d3,-1,10,4.308864593505859
Random__VS__AlphaBeta-new-d3__GAME__51,Random,AlphaBeta-new-d3,51,True,AlphaBeta-new-d3,1,17,10.891840934753418
Random__VS__AlphaBeta-new-d3__GAME__52,Random,AlphaBeta-new-d3,52,False,AlphaBeta-new-d3,-1,18,10.883970975875854
Random__VS__AlphaBeta-new-d3__GAME__53,Random,AlphaBeta-new-d3,53,True,AlphaBeta-new-d3,1,19,12.117600202560425
Random__VS__AlphaBeta-new-d3__GAME__54,Random,AlphaBeta-new-d3,54,False,AlphaBeta-new-d3,-1,16,10.559398412704468
Random__VS__AlphaBeta-new-d3__GAME__55,Random,AlphaBeta-new-d3,55,True,Random,-1,7,4.390522480010986
Random__VS__AlphaBeta-new-d3__GAME__56,Random,AlphaBeta-new-d3,56,False,AlphaBeta-new-d3,-1,30,21.955163717269897
Random__VS__AlphaBeta-new-d3__GAME__57,Random,AlphaBeta-new-d3,57,True,AlphaBeta-new-d3,1,13,6.786939382553101
Random__VS__AlphaBeta-new-d3__GAME__58,Random,AlphaBeta-new-d3,58,False,AlphaBeta-new-d3,-1,14,6.311584234237671
Random__VS__AlphaBeta-new-d3__GAME__59,Random,AlphaBeta-new-d3,59,True,AlphaBeta-new-d3,1,13,6.072889089584351
Random__VS__AlphaBeta-new-d3__GAME__60,Random,AlphaBeta-new-d3,60,False,draw,0,50,30.028393983840942
Random__VS__AlphaBeta-new-d3__GAME__61,Random,AlphaBeta-new-d3,61,True,AlphaBeta-new-d3,1,5,1.8307292461395264
Random__VS__AlphaBeta-new-d3__GAME__62,Random,AlphaBeta-new-d3,62,False,AlphaBeta-new-d3,-1,28,21.186674118041992
Random__VS__AlphaBeta-new-d3__GAME__63,Random,AlphaBeta-new-d3,63,True,AlphaBeta-new-d3,1,13,6.5635387897491455
Random__VS__AlphaBeta-new-d3__GAME__64,Random,AlphaBeta-new-d3,64,False,AlphaBeta-new-d3,-1,8,3.5186030864715576
Random__VS__AlphaBeta-new-d3__GAME__65,Random,AlphaBeta-new-d3,65,True,AlphaBeta-new-d3,1,13,5.860488414764404
Random__VS__AlphaBeta-new-d3__GAME__66,Random,AlphaBeta-new-d3,66,False,AlphaBeta-new-d3,-1,14,7.826233148574829
Random__VS__AlphaBeta-new-d3__GAME__67,Random,AlphaBeta-new-d3,67,True,AlphaBeta-new-d3,1,31,16.18682098388672
Random__VS__AlphaBeta-new-d3__GAME__68,Random,AlphaBeta-new-d3,68,False,AlphaBeta-new-d3,-1,16,7.342591285705566
Random__VS__AlphaBeta-new-d3__GAME__69,Random,AlphaBeta-new-d3,69,True,AlphaBeta-new-d3,1,7,3.598846435546875
Random__VS__AlphaBeta-new-d3__GAME__70,Random,AlphaBeta-new-d3,70,False,AlphaBeta-new-d3,-1,7,4.528533935546875
Random__VS__AlphaBeta-new-d3__GAME__71,Random,AlphaBeta-new-d3,71,True,AlphaBeta-new-d3,1,21,13.129414081573486
Random__VS__AlphaBeta-new-d3__GAME__72,Random,AlphaBeta-new-d3,72,False,AlphaBeta-new-d3,-1,10,4.8029444217681885
Random__VS__AlphaBeta-new-d3__GAME__73,Random,AlphaBeta-new-d3,73,True,AlphaBeta-new-d3,1,5,1.940199851989746
Random__VS__AlphaBeta-new-d3__GAME__74,Random,AlphaBeta-new-d3,74,False,draw,0,8,3.743474006652832
Random__VS__AlphaBeta-new-d3__GAME__75,Random,AlphaBeta-new-d3,75,True,AlphaBeta-new-d3,1,7,2.6794753074645996
Random__VS__AlphaBeta-new-d3__GAME__76,Random,AlphaBeta-new-d3,76,False,AlphaBeta-new-d3,-1,8,3.7536823749542236
Random__VS__AlphaBeta-new-d3__GAME__77,Random,AlphaBeta-new-d3,77,True,AlphaBeta-new-d3,1,13,8.540971040725708
Random__VS__AlphaBeta-new-d3__GAME__78,Random,AlphaBeta-new-d3,78,False,draw,0,50,32.770395040512085
Random__VS__AlphaBeta-new-d3__GAME__79,Random,AlphaBeta-new-d3,79,True,AlphaBeta-new-d3,1,7,3.7338266372680664
Random__VS__AlphaBeta-new-d3__GAME__80,Random,AlphaBeta-new-d3,80,False,AlphaBeta-new-d3,-1,12,6.949218273162842
Random__VS__AlphaBeta-new-d3__GAME__81,Random,AlphaBeta-new-d3,81,True,AlphaBeta-new-d3,1,7,3.5985777378082275
Random__VS__AlphaBeta-new-d3__GAME__82,Random,AlphaBeta-new-d3,82,False,AlphaBeta-new-d3,-1,12,5.84147834777832
Random__VS__AlphaBeta-new-d3__GAME__83,Random,AlphaBeta-new-d3,83,True,AlphaBeta-new-d3,1,13,7.740685701370239
Random__VS__AlphaBeta-new-d3__GAME__84,Random,AlphaBeta-new-d3,84,False,AlphaBeta-new-d3,-1,18,9.83212423324585
Random__VS__AlphaBeta-new-d3__GAME__85,Random,AlphaBeta-new-d3,85,True,AlphaBeta-new-d3,1,7,3.045961618423462
Random__VS__AlphaBeta-new-d3__GAME__86,Random,AlphaBeta-new-d3,86,False,AlphaBeta-new-d3,-1,8,2.911970853805542
Random__VS__AlphaBeta-new-d3__GAME__87,Random,AlphaBeta-new-d3,87,True,AlphaBeta-new-d3,1,15,7.192530155181885
Random__VS__AlphaBeta-new-d3__GAME__88,Random,AlphaBeta-new-d3,88,False,AlphaBeta-new-d3,-1,14,7.418907403945923
Random__VS__AlphaBeta-new-d3__GAME__89,Random,AlphaBeta-new-d3,89,True,draw,0,50,39.05795764923096
Random__VS__AlphaBeta-new-d3__GAME__90,Random,AlphaBeta-new-d3,90,False,AlphaBeta-new-d3,-1,6,2.2413859367370605
Random__VS__AlphaBeta-new-d3__GAME__91,Random,AlphaBeta-new-d3,91,True,AlphaBeta-new-d3,1,5,1.5902037620544434
Random__VS__AlphaBeta-new-d3__GAME__92,Random,AlphaBeta-new-d3,92,False,AlphaBeta-new-d3,-1,8,3.000570774078369
Random__VS__AlphaBeta-new-d3__GAME__93,Random,AlphaBeta-new-d3,93,True,Random,-1,6,3.6271896362304688
Random__VS__AlphaBeta-new-d3__GAME__94,Random,AlphaBeta-new-d3,94,False,AlphaBeta-new-d3,-1,20,9.640243530273438
Random__VS__AlphaBeta-new-d3__GAME__95,Random,AlphaBeta-new-d3,95,True,AlphaBeta-new-d3,1,11,4.931642293930054
Random__VS__AlphaBeta-new-d3__GAME__96,Random,AlphaBeta-new-d3,96,False,AlphaBeta-new-d3,-1,8,3.5942461490631104
Random__VS__AlphaBeta-new-d3__GAME__97,Random,AlphaBeta-new-d3,97,True,AlphaBeta-new-d3,1,7,3.009683132171631
Random__VS__AlphaBeta-new-d3__GAME__98,Random,AlphaBeta-new-d3,98,False,AlphaBeta-new-d3,-1,8,3.9096641540527344
Random__VS__AlphaBeta-new-d3__GAME__99,Random,AlphaBeta-new-d3,99,True,AlphaBeta-new-d3,1,7,2.0476956367492676
Random__VS__AlphaBeta-new-d3__GAME__100,Random,AlphaBeta-new-d3,100,False,Random,1,6,2.6447367668151855
Random__VS__AlphaBeta-new-d3__GAME__101,Random,AlphaBeta-new-d3,101,True,AlphaBeta-new-d3,1,5,2.1391243934631348
Random__VS__AlphaBeta-new-d3__GAME__102,Random,AlphaBeta-new-d3,102,False,AlphaBeta-new-d3,-1,20,12.349164962768555
Random__VS__AlphaBeta-new-d3__GAME__103,Random,AlphaBeta-new-d3,103,True,AlphaBeta-new-d3,1,7,4.030576467514038
Random__VS__AlphaBeta-new-d3__GAME__104,Random,AlphaBeta-new-d3,104,False,AlphaBeta-new-d3,-1,24,16.617545127868652
Random__VS__AlphaBeta-new-d3__GAME__105,Random,AlphaBeta-new-d3,105,True,AlphaBeta-new-d3,1,9,5.005657434463501
Random__VS__AlphaBeta-new-d3__GAME__106,Random,AlphaBeta-new-d3,106,False,AlphaBeta-new-d3,-1,10,4.756364583969116
Random__VS__AlphaBeta-new-d3__GAME__107,Random,AlphaBeta-new-d3,107,True,AlphaBeta-new-d3,1,5,1.4439866542816162
Random__VS__AlphaBeta-new-d3__GAME__108,Random,AlphaBeta-new-d3,108,False,AlphaBeta-new-d3,-1,8,2.7753448486328125
Random__VS__AlphaBeta-new-d3__GAME__109,Random,AlphaBeta-new-d3,109,True,AlphaBeta-new-d3,1,7,2.400723695755005
Random__VS__AlphaBeta-new-d3__GAME__110,Random,AlphaBeta-new-d3,110,False,AlphaBeta-new-d3,-1,12,5.2453179359436035
Random__VS__AlphaBeta-new-d3__GAME__111,Random,AlphaBeta-new-d3,111,True,AlphaBeta-new-d3,1,9,3.0934042930603027
Random__VS__AlphaBeta-new-d3__GAME__112,Random,AlphaBeta-new-d3,112,False,AlphaBeta-new-d3,-1,6,1.9473061561584473
Random__VS__AlphaBeta-new-d3__GAME__113,Random,AlphaBeta-new-d3,113,True,Random,-1,30,20.46698832511902
Random__VS__AlphaBeta-new-d3__GAME__114,Random,AlphaBeta-new-d3,114,False,AlphaBeta-new-d3,-1,14,6.558322429656982
Random__VS__AlphaBeta-new-d3__GAME__115,Random,AlphaBeta-new-d3,115,True,AlphaBeta-new-d3,1,5,1.4720616340637207
Random__VS__AlphaBeta-new-d3__GAME__116,Random,AlphaBeta-new-d3,116,False,AlphaBeta-new-d3,-1,14,6.997834205627441
Random__VS__AlphaBeta-new-d3__GAME__117,Random,AlphaBeta-new-d3,117,True,AlphaBeta-new-d3,1,5,2.5655033588409424
Random__VS__AlphaBeta-new-d3__GAME__118,Random,AlphaBeta-new-d3,118,False,AlphaBeta-new-d3,-1,6,2.075465679168701
Random__VS__AlphaBeta-new-d3__GAME__119,Random,AlphaBeta-new-d3,119,True,AlphaBeta-new-d3,1,9,3.3910117149353027
Random__VS__AlphaBeta-new-d3__GAME__120,Random,AlphaBeta-new-d3,120,False,draw,0,50,27.720326900482178
Random__VS__AlphaBeta-new-d3__GAME__121,Random,AlphaBeta-new-d3,121,True,AlphaBeta-new-d3,1,21,7.319610595703125
Random__VS__AlphaBeta-new-d3__GAME__122,Random,AlphaBeta-new-d3,122,False,AlphaBeta-new-d3,-1,30,19.98871374130249
Random__VS__AlphaBeta-new-d3__GAME__123,Random,AlphaBeta-new-d3,123,True,AlphaBeta-new-d3,1,41,19.997758865356445
Random__VS__AlphaBeta-new-d3__GAME__124,Random,AlphaBeta-new-d3,124,False,AlphaBeta-new-d3,-1,12,6.941644906997681
Random__VS__AlphaBeta-new-d3__GAME__125,Random,AlphaBeta-new-d3,125,True,AlphaBeta-new-d3,1,5,2.1205389499664307
Random__VS__AlphaBeta-new-d3__GAME__126,Random,AlphaBeta-new-d3,126,False,AlphaBeta-new-d3,-1,14,6.458328723907471
Random__VS__AlphaBeta-new-d3__GAME__127,Random,AlphaBeta-new-d3,127,True,AlphaBeta-new-d3,1,9,5.560822248458862
Random__VS__AlphaBeta-new-d3__GAME__128,Random,AlphaBeta-new-d3,128,False,AlphaBeta-new-d3,-1,8,3.011573553085327
Random__VS__AlphaBeta-new-d3__GAME__129,Random,AlphaBeta-new-d3,129,True,AlphaBeta-new-d3,1,5,2.257537364959717
Random__VS__AlphaBeta-new-d3__GAME__130,Random,AlphaBeta-new-d3,130,False,AlphaBeta-new-d3,-1,36,25.065688848495483
Random__VS__AlphaBeta-new-d3__GAME__131,Random,AlphaBeta-new-d3,131,True,AlphaBeta-new-d3,1,7,3.2929842472076416
Random__VS__AlphaBeta-new-d3__GAME__132,Random,AlphaBeta-new-d3,132,False,AlphaBeta-new-d3,-1,14,8.800014019012451
Random__VS__AlphaBeta-new-d3__GAME__133,Random,AlphaBeta-new-d3,133,True,AlphaBeta-new-d3,1,9,4.255893707275391
Random__VS__AlphaBeta-new-d3__GAME__134,Random,AlphaBeta-new-d3,134,False,AlphaBeta-new-d3,-1,10,4.09217381477356
Random__VS__AlphaBeta-new-d3__GAME__135,Random,AlphaBeta-new-d3,135,True,AlphaBeta-new-d3,1,9,3.4646527767181396
Random__VS__AlphaBeta-new-d3__GAME__136,Random,AlphaBeta-new-d3,136,False,AlphaBeta-new-d3,-1,12,5.456237077713013
Random__VS__AlphaBeta-new-d3__GAME__137,Random,AlphaBeta-new-d3,137,True,AlphaBeta-new-d3,1,7,2.6519925594329834
Random__VS__AlphaBeta-new-d3__GAME__138,Random,AlphaBeta-new-d3,138,False,AlphaBeta-new-d3,-1,20,12.012782096862793
Random__VS__AlphaBeta-new-d3__GAME__139,Random,AlphaBeta-new-d3,139,True,AlphaBeta-new-d3,1,9,4.571924209594727
Random__VS__AlphaBeta-new-d3__GAME__140,Random,AlphaBeta-new-d3,140,False,AlphaBeta-new-d3,-1,10,3.744399309158325
Random__VS__AlphaBeta-new-d3__GAME__141,Random,AlphaBeta-new-d3,141,True,Random,-1,5,2.560089111328125
Random__VS__AlphaBeta-new-d3__GAME__142,Random,AlphaBeta-new-d3,142,False,Random,1,10,5.428607702255249
Random__VS__AlphaBeta-new-d3__GAME__143,Random,AlphaBeta-new-d3,143,True,AlphaBeta-new-d3,1,11,6.869696855545044
Random__VS__AlphaBeta-new-d3__GAME__144,Random,AlphaBeta-new-d3,144,False,AlphaBeta-new-d3,-1,10,4.445680856704712
Random__VS__AlphaBeta-new-d3__GAME__145,Random,AlphaBeta-new-d3,145,True,AlphaBeta-new-d3,1,11,5.060978889465332
Random__VS__AlphaBeta-new-d3__GAME__146,Random,AlphaBeta-new-d3,146,False,AlphaBeta-new-d3,-1,16,10.026505708694458
Random__VS__AlphaBeta-new-d3__GAME__147,Random,AlphaBeta-new-d3,147,True,AlphaBeta-new-d3,1,7,3.2690248489379883
Random__VS__AlphaBeta-new-d3__GAME__148,Random,AlphaBeta-new-d3,148,False,AlphaBeta-new-d3,-1,8,2.869412899017334
Random__VS__AlphaBeta-new-d3__GAME__149,Random,AlphaBeta-new-d3,149,True,draw,0,50,36.29786658287048
Random__VS__AlphaBeta-new-d3__GAME__150,Random,AlphaBeta-new-d3,150,False,AlphaBeta-new-d3,-1,28,18.611335039138794
Random__VS__AlphaBeta-new-d3__GAME__151,Random,AlphaBeta-new-d3,151,True,AlphaBeta-new-d3,1,9,3.560981273651123
Random__VS__AlphaBeta-new-d3__GAME__152,Random,AlphaBeta-new-d3,152,False,Random,1,14,8.523295164108276
Random__VS__AlphaBeta-new-d3__GAME__153,Random,AlphaBeta-new-d3,153,True,AlphaBeta-new-d3,1,7,2.502183198928833
Random__VS__AlphaBeta-new-d3__GAME__154,Random,AlphaBeta-new-d3,154,False,AlphaBeta-new-d3,-1,30,16.594632148742676
Random__VS__AlphaBeta-new-d3__GAME__155,Random,AlphaBeta-new-d3,155,True,AlphaBeta-new-d3,1,5,2.1677732467651367
Random__VS__AlphaBeta-new-d3__GAME__156,Random,AlphaBeta-new-d3,156,False,AlphaBeta-new-d3,-1,8,3.552131414413452
Random__VS__AlphaBeta-new-d3__GAME__157,Random,AlphaBeta-new-d3,157,True,Random,-1,6,2.95353364944458
Random__VS__AlphaBeta-new-d3__GAME__158,Random,AlphaBeta-new-d3,158,False,AlphaBeta-new-d3,-1,14,7.979457378387451
Random__VS__AlphaBeta-new-d3__GAME__159,Random,AlphaBeta-new-d3,159,True,AlphaBeta-new-d3,1,9,4.082340717315674
Random__VS__AlphaBeta-new-d3__GAME__160,Random,AlphaBeta-new-d3,160,False,AlphaBeta-new-d3,-1,10,3.9397733211517334
Random__VS__AlphaBeta-new-d3__GAME__161,Random,AlphaBeta-new-d3,161,True,Random,-1,11,6.2118566036224365
Random__VS__AlphaBeta-new-d3__GAME__162,Random,AlphaBeta-new-d3,162,False,AlphaBeta-new-d3,-1,10,4.214627742767334
Random__VS__AlphaBeta-new-d3__GAME__163,Random,AlphaBeta-new-d3,163,True,AlphaBeta-new-d3,1,13,7.160037994384766
Random__VS__AlphaBeta-new-d3__GAME__164,Random,AlphaBeta-new-d3,164,False,AlphaBeta-new-d3,-1,40,23.175750970840454
Random__VS__AlphaBeta-new-d3__GAME__165,Random,AlphaBeta-new-d3,165,True,AlphaBeta-new-d3,1,35,25.784400701522827
Random__VS__AlphaBeta-new-d3__GAME__166,Random,AlphaBeta-new-d3,166,False,draw,0,50,34.43075489997864
Random__VS__AlphaBeta-new-d3__GAME__167,Random,AlphaBeta-new-d3,167,True,AlphaBeta-new-d3,1,9,4.329483270645142
Random__VS__AlphaBeta-new-d3__GAME__168,Random,AlphaBeta-new-d3,168,False,AlphaBeta-new-d3,-1,8,3.573582649230957
Random__VS__AlphaBeta-new-d3__GAME__169,Random,AlphaBeta-new-d3,169,True,AlphaBeta-new-d3,1,15,7.77916955947876
Random__VS__AlphaBeta-new-d3__GAME__170,Random,AlphaBeta-new-d3,170,False,AlphaBeta-new-d3,-1,20,15.479096412658691
Random__VS__AlphaBeta-new-d3__GAME__171,Random,AlphaBeta-new-d3,171,True,Random,-1,6,3.321958303451538
Random__VS__AlphaBeta-new-d3__GAME__172,Random,AlphaBeta-new-d3,172,False,AlphaBeta-new-d3,-1,10,4.2187819480896
Random__VS__AlphaBeta-new-d3__GAME__173,Random,AlphaBeta-new-d3,173,True,AlphaBeta-new-d3,1,17,10.904381036758423
Random__VS__AlphaBeta-new-d3__GAME__174,Random,AlphaBeta-new-d3,174,False,AlphaBeta-new-d3,-1,10,4.605789661407471
Random__VS__AlphaBeta-new-d3__GAME__175,Random,AlphaBeta-new-d3,175,True,AlphaBeta-new-d3,1,9,4.8213207721710205
Random__VS__AlphaBeta-new-d3__GAME__176,Random,AlphaBeta-new-d3,176,False,draw,0,50,35.100043296813965
Random__VS__AlphaBeta-new-d3__GAME__177,Random,AlphaBeta-new-d3,177,True,AlphaBeta-new-d3,1,7,3.6407203674316406
Random__VS__AlphaBeta-new-d3__GAME__178,Random,AlphaBeta-new-d3,178,False,AlphaBeta-new-d3,-1,8,2.885511875152588
Random__VS__AlphaBeta-new-d3__GAME__179,Random,AlphaBeta-new-d3,179,True,AlphaBeta-new-d3,1,9,5.110822677612305
Random__VS__AlphaBeta-new-d3__GAME__180,Random,AlphaBeta-new-d3,180,False,AlphaBeta-new-d3,-1,14,6.511882781982422
Random__VS__AlphaBeta-new-d3__GAME__181,Random,AlphaBeta-new-d3,181,True,AlphaBeta-new-d3,1,7,2.9214274883270264
Random__VS__AlphaBeta-new-d3__GAME__182,Random,AlphaBeta-new-d3,182,False,draw,0,50,31.91448736190796
Random__VS__AlphaBeta-new-d3__GAME__183,Random,AlphaBeta-new-d3,183,True,AlphaBeta-new-d3,1,7,2.2268924713134766
Random__VS__AlphaBeta-new-d3__GAME__184,Random,AlphaBeta-new-d3,184,False,Random,1,8,3.7139859199523926
Random__VS__AlphaBeta-new-d3__GAME__185,Random,AlphaBeta-new-d3,185,True,AlphaBeta-new-d3,1,7,2.653369665145874
Random__VS__AlphaBeta-new-d3__GAME__186,Random,AlphaBeta-new-d3,186,False,AlphaBeta-new-d3,-1,10,4.8189918994903564
Random__VS__AlphaBeta-new-d3__GAME__187,Random,AlphaBeta-new-d3,187,True,AlphaBeta-new-d3,1,15,6.912275791168213
Random__VS__AlphaBeta-new-d3__GAME__188,Random,AlphaBeta-new-d3,188,False,AlphaBeta-new-d3,-1,6,2.736497163772583
Random__VS__AlphaBeta-new-d3__GAME__189,Random,AlphaBeta-new-d3,189,True,AlphaBeta-new-d3,1,9,3.88500714302063
Random__VS__AlphaBeta-new-d3__GAME__190,Random,AlphaBeta-new-d3,190,False,AlphaBeta-new-d3,-1,26,17.984341144561768
Random__VS__AlphaBeta-new-d3__GAME__191,Random,AlphaBeta-new-d3,191,True,AlphaBeta-new-d3,1,7,3.2739951610565186
Random__VS__AlphaBeta-new-d3__GAME__192,Random,AlphaBeta-new-d3,192,False,AlphaBeta-new-d3,-1,4,0.8847427368164062
Random__VS__AlphaBeta-new-d3__GAME__193,Random,AlphaBeta-new-d3,193,True,AlphaBeta-new-d3,1,15,8.45769739151001
Random__VS__AlphaBeta-new-d3__GAME__194,Random,AlphaBeta-new-d3,194,False,AlphaBeta-new-d3,-1,6,2.2873477935791016
Random__VS__AlphaBeta-new-d3__GAME__195,Random,AlphaBeta-new-d3,195,True,AlphaBeta-new-d3,1,5,2.09391713142395
Random__VS__AlphaBeta-new-d3__GAME__196,Random,AlphaBeta-new-d3,196,False,Random,1,16,9.395509004592896
Random__VS__AlphaBeta-new-d3__GAME__197,Random,AlphaBeta-new-d3,197,True,AlphaBeta-new-d3,1,9,5.676283597946167
Random__VS__AlphaBeta-new-d3__GAME__198,Random,AlphaBeta-new-d3,198,False,AlphaBeta-new-d3,-1,10,3.5475735664367676
Random__VS__AlphaBeta-new-d3__GAME__199,Random,AlphaBeta-new-d3,199,True,AlphaBeta-new-d3,1,11,5.240053176879883
Random__VS__MCTS-old-100__GAME__0,Random,MCTS-old-100,0,False,MCTS-old-100,-1,6,2.3758046627044678
Random__VS__MCTS-old-100__GAME__1,Random,MCTS-old-100,1,True,MCTS-old-100,1,9,4.53388237953186
Random__VS__MCTS-old-100__GAME__2,Random,MCTS-old-100,2,False,MCTS-old-100,-1,10,4.27587103843689
Random__VS__MCTS-old-100__GAME__3,Random,MCTS-old-100,3,True,MCTS-old-100,1,27,20.777899026870728
Random__VS__MCTS-old-100__GAME__4,Random,MCTS-old-100,4,False,MCTS-old-100,-1,44,43.94036793708801
Random__VS__MCTS-old-100__GAME__5,Random,MCTS-old-100,5,True,MCTS-old-100,1,11,6.046343803405762
Random__VS__MCTS-old-100__GAME__6,Random,MCTS-old-100,6,False,MCTS-old-100,-1,10,5.072208642959595
Random__VS__MCTS-old-100__GAME__7,Random,MCTS-old-100,7,True,MCTS-old-100,1,17,13.314030885696411
Random__VS__MCTS-old-100__GAME__8,Random,MCTS-old-100,8,False,Random,1,8,4.984926223754883
Random__VS__MCTS-old-100__GAME__9,Random,MCTS-old-100,9,True,MCTS-old-100,1,9,5.625614881515503
Random__VS__MCTS-old-100__GAME__10,Random,MCTS-old-100,10,False,MCTS-old-100,-1,12,7.967837810516357
Random__VS__MCTS-old-100__GAME__11,Random,MCTS-old-100,11,True,MCTS-old-100,1,7,3.550905466079712
Random__VS__MCTS-old-100__GAME__12,Random,MCTS-old-100,12,False,Random,1,8,4.326156139373779
Random__VS__MCTS-old-100__GAME__13,Random,MCTS-old-100,13,True,MCTS-old-100,1,5,3.0328426361083984
Random__VS__MCTS-old-100__GAME__14,Random,MCTS-old-100,14,False,MCTS-old-100,-1,6,2.3190419673919678
Random__VS__MCTS-old-100__GAME__15,Random,MCTS-old-100,15,True,MCTS-old-100,1,5,2.5844221115112305
Random__VS__MCTS-old-100__GAME__16,Random,MCTS-old-100,16,False,MCTS-old-100,-1,10,5.277874231338501
Random__VS__MCTS-old-100__GAME__17,Random,MCTS-old-100,17,True,MCTS-old-100,1,7,4.284624338150024
Random__VS__MCTS-old-100__GAME__18,Random,MCTS-old-100,18,False,MCTS-old-100,-1,12,5.519191026687622
Random__VS__MCTS-old-100__GAME__19,Random,MCTS-old-100,19,True,MCTS-old-100,1,9,5.080256700515747
Random__VS__MCTS-old-100__GAME__20,Random,MCTS-old-100,20,False,MCTS-old-100,-1,44,41.5708441734314
Random__VS__MCTS-old-100__GAME__21,Random,MCTS-old-100,21,True,MCTS-old-100,1,9,5.351777791976929
Random__VS__MCTS-old-100__GAME__22,Random,MCTS-old-100,22,False,MCTS-old-100,-1,8,3.856525182723999
Random__VS__MCTS-old-100__GAME__23,Random,MCTS-old-100,23,True,MCTS-old-100,1,11,7.324057579040527
Random__VS__MCTS-old-100__GAME__24,Random,MCTS-old-100,24,False,MCTS-old-100,-1,26,24.44921851158142
Random__VS__MCTS-old-100__GAME__25,Random,MCTS-old-100,25,True,MCTS-old-100,1,13,7.222916603088379
Random__VS__MCTS-old-100__GAME__26,Random,MCTS-old-100,26,False,MCTS-old-100,-1,32,27.627351999282837
Random__VS__MCTS-old-100__GAME__27,Random,MCTS-old-100,27,True,MCTS-old-100,1,47,39.89399266242981
Random__VS__MCTS-old-100__GAME__28,Random,MCTS-old-100,28,False,MCTS-old-100,-1,18,10.15384030342102
Random__VS__MCTS-old-100__GAME__29,Random,MCTS-old-100,29,True,MCTS-old-100,1,7,3.658242702484131
Random__VS__MCTS-old-100__GAME__30,Random,MCTS-old-100,30,False,MCTS-old-100,-1,10,5.543498516082764
Random__VS__MCTS-old-100__GAME__31,Random,MCTS-old-100,31,True,MCTS-old-100,1,15,11.37320065498352
Random__VS__MCTS-old-100__GAME__32,Random,MCTS-old-100,32,False,MCTS-old-100,-1,6,2.9305150508880615
Random__VS__MCTS-old-100__GAME__33,Random,MCTS-old-100,33,True,MCTS-old-100,1,7,3.264885902404785
Random__VS__MCTS-old-100__GAME__34,Random,MCTS-old-100,34,False,MCTS-old-100,-1,18,12.320480823516846
Random__VS__MCTS-old-100__GAME__35,Random,MCTS-old-100,35,True,draw,0,50,50.664796352386475
Random__VS__MCTS-old-100__GAME__36,Random,MCTS-old-100,36,False,MCTS-old-100,-1,10,6.227195978164673
Random__VS__MCTS-old-100__GAME__37,Random,MCTS-old-100,37,True,MCTS-old-100,1,9,6.210008144378662
Random__VS__MCTS-old-100__GAME__38,Random,MCTS-old-100,38,False,MCTS-old-100,-1,12,7.400419235229492
Random__VS__MCTS-old-100__GAME__39,Random,MCTS-old-100,39,True,MCTS-old-100,1,17,13.2749502658844
Random__VS__MCTS-old-100__GAME__40,Random,MCTS-old-100,40,False,draw,0,50,48.25972080230713
Random__VS__MCTS-old-100__GAME__41,Random,MCTS-old-100,41,True,draw,0,50,48.351619720458984
Random__VS__MCTS-old-100__GAME__42,Random,MCTS-old-100,42,False,MCTS-old-100,-1,6,2.827563524246216
Random__VS__MCTS-old-100__GAME__43,Random,MCTS-old-100,43,True,MCTS-old-100,1,7,4.095239877700806
Random__VS__MCTS-old-100__GAME__44,Random,MCTS-old-100,44,False,MCTS-old-100,-1,14,8.579749822616577
Random__VS__MCTS-old-100__GAME__45,Random,MCTS-old-100,45,True,MCTS-old-100,1,9,5.041230201721191
Random__VS__MCTS-old-100__GAME__46,Random,MCTS-old-100,46,False,Random,1,10,6.007943391799927
Random__VS__MCTS-old-100__GAME__47,Random,MCTS-old-100,47,True,MCTS-old-100,1,15,9.163083553314209
Random__VS__MCTS-old-100__GAME__48,Random,MCTS-old-100,48,False,MCTS-old-100,-1,16,11.419955730438232
Random__VS__MCTS-old-100__GAME__49,Random,MCTS-old-100,49,True,MCTS-old-100,1,7,3.5270750522613525
Random__VS__MCTS-old-100__GAME__50,Random,MCTS-old-100,50,False,MCTS-old-100,-1,12,7.241451740264893
Random__VS__MCTS-old-100__GAME__51,Random,MCTS-old-100,51,True,MCTS-old-100,1,13,8.727115392684937
Random__VS__MCTS-old-100__GAME__52,Random,MCTS-old-100,52,False,MCTS-old-100,-1,14,8.227935314178467
Random__VS__MCTS-old-100__GAME__53,Random,MCTS-old-100,53,True,Random,-1,20,17.11185646057129
Random__VS__MCTS-old-100__GAME__54,Random,MCTS-old-100,54,False,MCTS-old-100,-1,18,12.530934810638428
Random__VS__MCTS-old-100__GAME__55,Random,MCTS-old-100,55,True,Random,-1,25,19.34792685508728
Random__VS__MCTS-old-100__GAME__56,Random,MCTS-old-100,56,False,Random,1,8,5.2161407470703125
Random__VS__MCTS-old-100__GAME__57,Random,MCTS-old-100,57,True,MCTS-old-100,1,11,6.636526346206665
Random__VS__MCTS-old-100__GAME__58,Random,MCTS-old-100,58,False,MCTS-old-100,-1,6,2.4441184997558594
Random__VS__MCTS-old-100__GAME__59,Random,MCTS-old-100,59,True,MCTS-old-100,1,23,18.400123119354248
Random__VS__MCTS-old-100__GAME__60,Random,MCTS-old-100,60,False,MCTS-old-100,-1,44,41.720396518707275
Random__VS__MCTS-old-100__GAME__61,Random,MCTS-old-100,61,True,Random,-1,17,13.315797328948975
Random__VS__MCTS-old-100__GAME__62,Random,MCTS-old-100,62,False,MCTS-old-100,-1,42,38.041529417037964
Random__VS__MCTS-old-100__GAME__63,Random,MCTS-old-100,63,True,MCTS-old-100,1,5,2.7258241176605225
Random__VS__MCTS-old-100__GAME__64,Random,MCTS-old-100,64,False,MCTS-old-100,-1,8,3.4757275581359863
Random__VS__MCTS-old-100__GAME__65,Random,MCTS-old-100,65,True,MCTS-old-100,1,7,3.4092531204223633
Random__VS__MCTS-old-100__GAME__66,Random,MCTS-old-100,66,False,MCTS-old-100,-1,16,8.704509258270264
Random__VS__MCTS-old-100__GAME__67,Random,MCTS-old-100,67,True,MCTS-old-100,1,5,2.855045795440674
Random__VS__MCTS-old-100__GAME__68,Random,MCTS-old-100,68,False,MCTS-old-100,-1,10,5.651959419250488
Random__VS__MCTS-old-100__GAME__69,Random,MCTS-old-100,69,True,MCTS-old-100,1,7,4.041902542114258
Random__VS__MCTS-old-100__GAME__70,Random,MCTS-old-100,70,False,MCTS-old-100,-1,16,9.147143363952637
Random__VS__MCTS-old-100__GAME__71,Random,MCTS-old-100,71,True,MCTS-old-100,1,13,7.525526523590088
Random__VS__MCTS-old-100__GAME__72,Random,MCTS-old-100,72,False,draw,0,50,47.529273986816406
Random__VS__MCTS-old-100__GAME__73,Random,MCTS-old-100,73,True,MCTS-old-100,1,7,4.482618093490601
Random__VS__MCTS-old-100__GAME__74,Random,MCTS-old-100,74,False,MCTS-old-100,-1,8,4.314114332199097
Random__VS__MCTS-old-100__GAME__75,Random,MCTS-old-100,75,True,MCTS-old-100,1,5,2.341019868850708
Random__VS__MCTS-old-100__GAME__76,Random,MCTS-old-100,76,False,MCTS-old-100,-1,24,17.814551830291748
Random__VS__MCTS-old-100__GAME__77,Random,MCTS-old-100,77,True,MCTS-old-100,1,9,5.6986634731292725
Random__VS__MCTS-old-100__GAME__78,Random,MCTS-old-100,78,False,Random,1,8,4.405953645706177
Random__VS__MCTS-old-100__GAME__79,Random,MCTS-old-100,79,True,MCTS-old-100,1,19,14.762128114700317
Random__VS__MCTS-old-100__GAME__80,Random,MCTS-old-100,80,False,MCTS-old-100,-1,14,9.498913049697876
Random__VS__MCTS-old-100__GAME__81,Random,MCTS-old-100,81,True,MCTS-old-100,1,7,3.775951623916626
Random__VS__MCTS-old-100__GAME__82,Random,MCTS-old-100,82,False,MCTS-old-100,-1,6,2.553727626800537
Random__VS__MCTS-old-100__GAME__83,Random,MCTS-old-100,83,True,MCTS-old-100,1,13,9.000998258590698
Random__VS__MCTS-old-100__GAME__84,Random,MCTS-old-100,84,False,MCTS-old-100,-1,28,22.342302560806274
Random__VS__MCTS-old-100__GAME__85,Random,MCTS-old-100,85,True,MCTS-old-100,1,11,7.48865532875061
Random__VS__MCTS-old-100__GAME__86,Random,MCTS-old-100,86,False,MCTS-old-100,-1,14,8.91056776046753
Random__VS__MCTS-old-100__GAME__87,Random,MCTS-old-100,87,True,draw,0,50,43.19022274017334
Random__VS__MCTS-old-100__GAME__88,Random,MCTS-old-100,88,False,MCTS-old-100,-1,9,5.18953800201416
Random__VS__MCTS-old-100__GAME__89,Random,MCTS-old-100,89,True,MCTS-old-100,1,5,2.7376577854156494
Random__VS__MCTS-old-100__GAME__90,Random,MCTS-old-100,90,False,MCTS-old-100,-1,26,16.750732421875
Random__VS__MCTS-old-100__GAME__91,Random,MCTS-old-100,91,True,Random,-1,11,6.225552558898926
Random__VS__MCTS-old-100__GAME__92,Random,MCTS-old-100,92,False,MCTS-old-100,-1,24,19.445250511169434
Random__VS__MCTS-old-100__GAME__93,Random,MCTS-old-100,93,True,MCTS-old-100,1,41,35.530418157577515
Random__VS__MCTS-old-100__GAME__94,Random,MCTS-old-100,94,False,MCTS-old-100,-1,26,18.39490056037903
Random__VS__MCTS-old-100__GAME__95,Random,MCTS-old-100,95,True,Random,-1,7,4.641488313674927
Random__VS__MCTS-old-100__GAME__96,Random,MCTS-old-100,96,False,MCTS-old-100,-1,20,15.448098182678223
Random__VS__MCTS-old-100__GAME__97,Random,MCTS-old-100,97,True,Random,-1,21,14.478955268859863
Random__VS__MCTS-old-100__GAME__98,Random,MCTS-old-100,98,False,MCTS-old-100,-1,12,6.791183948516846
Random__VS__MCTS-old-100__GAME__99,Random,MCTS-old-100,99,True,MCTS-old-100,1,9,5.804663181304932
Random__VS__MCTS-old-100__GAME__100,Random,MCTS-old-100,100,False,Random,1,4,2.4843101501464844
Random__VS__MCTS-old-100__GAME__101,Random,MCTS-old-100,101,True,MCTS-old-100,1,9,5.400143384933472
Random__VS__MCTS-old-100__GAME__102,Random,MCTS-old-100,102,False,Random,1,8,4.6410603523254395
Random__VS__MCTS-old-100__GAME__103,Random,MCTS-old-100,103,True,MCTS-old-100,1,17,12.34216856956482
Random__VS__MCTS-old-100__GAME__104,Random,MCTS-old-100,104,False,MCTS-old-100,-1,20,15.27489423751831
Random__VS__MCTS-old-100__GAME__105,Random,MCTS-old-100,105,True,Random,-1,5,3.4977729320526123
Random__VS__MCTS-old-100__GAME__106,Random,MCTS-old-100,106,False,MCTS-old-100,-1,6,2.4462687969207764
Random__VS__MCTS-old-100__GAME__107,Random,MCTS-old-100,107,True,MCTS-old-100,1,9,4.861247301101685
Random__VS__MCTS-old-100__GAME__108,Random,MCTS-old-100,108,False,MCTS-old-100,-1,26,18.31696391105652
Random__VS__MCTS-old-100__GAME__109,Random,MCTS-old-100,109,True,MCTS-old-100,1,7,4.132251977920532
Random__VS__MCTS-old-100__GAME__110,Random,MCTS-old-100,110,False,MCTS-old-100,-1,12,7.239017963409424
Random__VS__MCTS-old-100__GAME__111,Random,MCTS-old-100,111,True,MCTS-old-100,1,7,3.5408244132995605
Random__VS__MCTS-old-100__GAME__112,Random,MCTS-old-100,112,False,MCTS-old-100,-1,12,6.61896276473999
Random__VS__MCTS-old-100__GAME__113,Random,MCTS-old-100,113,True,MCTS-old-100,1,9,4.5855934619903564
Random__VS__MCTS-old-100__GAME__114,Random,MCTS-old-100,114,False,MCTS-old-100,-1,8,4.303828239440918
Random__VS__MCTS-old-100__GAME__115,Random,MCTS-old-100,115,True,MCTS-old-100,1,9,4.926907300949097
Random__VS__MCTS-old-100__GAME__116,Random,MCTS-old-100,116,False,MCTS-old-100,-1,6,2.5402414798736572
Random__VS__MCTS-old-100__GAME__117,Random,MCTS-old-100,117,True,MCTS-old-100,1,7,4.506415843963623
Random__VS__MCTS-old-100__GAME__118,Random,MCTS-old-100,118,False,MCTS-old-100,-1,10,4.830835342407227
Random__VS__MCTS-old-100__GAME__119,Random,MCTS-old-100,119,True,MCTS-old-100,1,7,3.798954963684082
Random__VS__MCTS-old-100__GAME__120,Random,MCTS-old-100,120,False,MCTS-old-100,-1,28,17.801156997680664
Random__VS__MCTS-old-100__GAME__121,Random,MCTS-old-100,121,True,MCTS-old-100,1,11,7.029476881027222
Random__VS__MCTS-old-100__GAME__122,Random,MCTS-old-100,122,False,Random,1,10,6.2026121616363525
Random__VS__MCTS-old-100__GAME__123,Random,MCTS-old-100,123,True,MCTS-old-100,1,5,2.6796910762786865
Random__VS__MCTS-old-100__GAME__124,Random,MCTS-old-100,124,False,MCTS-old-100,-1,8,3.340155839920044
Random__VS__MCTS-old-100__GAME__125,Random,MCTS-old-100,125,True,draw,0,50,51.77045011520386
Random__VS__MCTS-old-100__GAME__126,Random,MCTS-old-100,126,False,MCTS-old-100,-1,6,2.6131393909454346
Random__VS__MCTS-old-100__GAME__127,Random,MCTS-old-100,127,True,MCTS-old-100,1,9,5.604462146759033
Random__VS__MCTS-old-100__GAME__128,Random,MCTS-old-100,128,False,MCTS-old-100,-1,18,11.067522287368774
Random__VS__MCTS-old-100__GAME__129,Random,MCTS-old-100,129,True,MCTS-old-100,1,7,3.752382755279541
Random__VS__MCTS-old-100__GAME__130,Random,MCTS-old-100,130,False,MCTS-old-100,-1,32,29.067877531051636
Random__VS__MCTS-old-100__GAME__131,Random,MCTS-old-100,131,True,MCTS-old-100,1,7,4.411863327026367
Random__VS__MCTS-old-100__GAME__132,Random,MCTS-old-100,132,False,MCTS-old-100,-1,30,20.629953384399414
Random__VS__MCTS-old-100__GAME__133,Random,MCTS-old-100,133,True,Random,-1,31,25.115285873413086
Random__VS__MCTS-old-100__GAME__134,Random,MCTS-old-100,134,False,MCTS-old-100,-1,6,2.738518476486206
Random__VS__MCTS-old-100__GAME__135,Random,MCTS-old-100,135,True,MCTS-old-100,1,11,6.14137864112854
Random__VS__MCTS-old-100__GAME__136,Random,MCTS-old-100,136,False,Random,1,30,27.552448987960815
Random__VS__MCTS-old-100__GAME__137,Random,MCTS-old-100,137,True,MCTS-old-100,1,7,3.552642583847046
Random__VS__MCTS-old-100__GAME__138,Random,MCTS-old-100,138,False,MCTS-old-100,-1,6,2.2720088958740234
Random__VS__MCTS-old-100__GAME__139,Random,MCTS-old-100,139,True,MCTS-old-100,1,17,12.707728862762451
Random__VS__MCTS-old-100__GAME__140,Random,MCTS-old-100,140,False,draw,0,50,49.582886934280396
Random__VS__MCTS-old-100__GAME__141,Random,MCTS-old-100,141,True,MCTS-old-100,1,9,5.51833701133728
Random__VS__MCTS-old-100__GAME__142,Random,MCTS-old-100,142,False,MCTS-old-100,-1,12,5.9028613567352295
Random__VS__MCTS-old-100__GAME__143,Random,MCTS-old-100,143,True,draw,0,50,49.94191098213196
Random__VS__MCTS-old-100__GAME__144,Random,MCTS-old-100,144,False,MCTS-old-100,-1,20,11.922433376312256
Random__VS__MCTS-old-100__GAME__145,Random,MCTS-old-100,145,True,MCTS-old-100,1,11,6.791111469268799
Random__VS__MCTS-old-100__GAME__146,Random,MCTS-old-100,146,False,MCTS-old-100,-1,6,2.813190460205078
Random__VS__MCTS-old-100__GAME__147,Random,MCTS-old-100,147,True,MCTS-old-100,1,9,5.266672134399414
Random__VS__MCTS-old-100__GAME__148,Random,MCTS-old-100,148,False,MCTS-old-100,-1,32,29.68461775779724
Random__VS__MCTS-old-100__GAME__149,Random,MCTS-old-100,149,True,MCTS-old-100,1,5,2.588160514831543
Random__VS__MCTS-old-100__GAME__150,Random,MCTS-old-100,150,False,Random,1,26,15.97268009185791
Random__VS__MCTS-old-100__GAME__151,Random,MCTS-old-100,151,True,MCTS-old-100,1,5,2.9200727939605713
Random__VS__MCTS-old-100__GAME__152,Random,MCTS-old-100,152,False,MCTS-old-100,-1,8,3.5814390182495117
Random__VS__MCTS-old-100__GAME__153,Random,MCTS-old-100,153,True,MCTS-old-100,1,9,4.638608455657959
Random__VS__MCTS-old-100__GAME__154,Random,MCTS-old-100,154,False,MCTS-old-100,-1,8,3.8016111850738525
Random__VS__MCTS-old-100__GAME__155,Random,MCTS-old-100,155,True,draw,0,50,36.28259634971619
Random__VS__MCTS-old-100__GAME__156,Random,MCTS-old-100,156,False,MCTS-old-100,-1,10,6.485348463058472
Random__VS__MCTS-old-100__GAME__157,Random,MCTS-old-100,157,True,Random,-1,7,4.563859939575195
Random__VS__MCTS-old-100__GAME__158,Random,MCTS-old-100,158,False,MCTS-old-100,-1,8,4.39430832862854
Random__VS__MCTS-old-100__GAME__159,Random,MCTS-old-100,159,True,MCTS-old-100,1,5,2.4273674488067627
Random__VS__MCTS-old-100__GAME__160,Random,MCTS-old-100,160,False,MCTS-old-100,-1,34,27.755104064941406
Random__VS__MCTS-old-100__GAME__161,Random,MCTS-old-100,161,True,MCTS-old-100,1,7,4.121595621109009
Random__VS__MCTS-old-100__GAME__162,Random,MCTS-old-100,162,False,MCTS-old-100,-1,18,13.25357437133789
Random__VS__MCTS-old-100__GAME__163,Random,MCTS-old-100,163,True,MCTS-old-100,1,7,3.8115603923797607
Random__VS__MCTS-old-100__GAME__164,Random,MCTS-old-100,164,False,MCTS-old-100,-1,10,5.244041204452515
Random__VS__MCTS-old-100__GAME__165,Random,MCTS-old-100,165,True,MCTS-old-100,1,11,6.921323776245117
Random__VS__MCTS-old-100__GAME__166,Random,MCTS-old-100,166,False,Random,1,18,10.753563404083252
Random__VS__MCTS-old-100__GAME__167,Random,MCTS-old-100,167,True,MCTS-old-100,1,11,6.8799662590026855
Random__VS__MCTS-old-100__GAME__168,Random,MCTS-old-100,168,False,MCTS-old-100,-1,16,10.428717613220215
Random__VS__MCTS-old-100__GAME__169,Random,MCTS-old-100,169,True,MCTS-old-100,1,7,3.832589864730835
Random__VS__MCTS-old-100__GAME__170,Random,MCTS-old-100,170,False,MCTS-old-100,-1,16,8.973856449127197
Random__VS__MCTS-old-100__GAME__171,Random,MCTS-old-100,171,True,MCTS-old-100,1,5,2.3364927768707275
Random__VS__MCTS-old-100__GAME__172,Random,MCTS-old-100,172,False,MCTS-old-100,-1,12,7.069761753082275
Random__VS__MCTS-old-100__GAME__173,Random,MCTS-old-100,173,True,MCTS-old-100,1,7,3.5627071857452393
Random__VS__MCTS-old-100__GAME__174,Random,MCTS-old-100,174,False,MCTS-old-100,-1,8,4.05474853515625
Random__VS__MCTS-old-100__GAME__175,Random,MCTS-old-100,175,True,MCTS-old-100,1,13,6.678445100784302
Random__VS__MCTS-old-100__GAME__176,Random,MCTS-old-100,176,False,MCTS-old-100,-1,36,27.782843351364136
Random__VS__MCTS-old-100__GAME__177,Random,MCTS-old-100,177,True,MCTS-old-100,1,5,2.5818281173706055
Random__VS__MCTS-old-100__GAME__178,Random,MCTS-old-100,178,False,MCTS-old-100,-1,12,7.196259498596191
Random__VS__MCTS-old-100__GAME__179,Random,MCTS-old-100,179,True,MCTS-old-100,1,11,7.778441429138184
Random__VS__MCTS-old-100__GAME__180,Random,MCTS-old-100,180,False,MCTS-old-100,-1,10,5.225904703140259
Random__VS__MCTS-old-100__GAME__181,Random,MCTS-old-100,181,True,MCTS-old-100,1,7,3.4576849937438965
Random__VS__MCTS-old-100__GAME__182,Random,MCTS-old-100,182,False,Random,1,12,7.411806583404541
Random__VS__MCTS-old-100__GAME__183,Random,MCTS-old-100,183,True,MCTS-old-100,1,9,5.998506546020508
Random__VS__MCTS-old-100__GAME__184,Random,MCTS-old-100,184,False,MCTS-old-100,-1,26,20.397196531295776
Random__VS__MCTS-old-100__GAME__185,Random,MCTS-old-100,185,True,MCTS-old-100,1,11,7.253169298171997
Random__VS__MCTS-old-100__GAME__186,Random,MCTS-old-100,186,False,MCTS-old-100,-1,12,6.758768796920776
Random__VS__MCTS-old-100__GAME__187,Random,MCTS-old-100,187,True,MCTS-old-100,1,5,2.5649912357330322
Random__VS__MCTS-old-100__GAME__188,Random,MCTS-old-100,188,False,draw,0,50,40.265785217285156
Random__VS__MCTS-old-100__GAME__189,Random,MCTS-old-100,189,True,MCTS-old-100,1,13,7.268964052200317
Random__VS__MCTS-old-100__GAME__190,Random,MCTS-old-100,190,False,MCTS-old-100,-1,22,14.722595930099487
Random__VS__MCTS-old-100__GAME__191,Random,MCTS-old-100,191,True,MCTS-old-100,1,35,22.853583097457886
Random__VS__MCTS-old-100__GAME__192,Random,MCTS-old-100,192,False,MCTS-old-100,-1,12,6.941936731338501
Random__VS__MCTS-old-100__GAME__193,Random,MCTS-old-100,193,True,MCTS-old-100,1,7,4.054067373275757
Random__VS__MCTS-old-100__GAME__194,Random,MCTS-old-100,194,False,MCTS-old-100,-1,6,2.5616328716278076
Random__VS__MCTS-old-100__GAME__195,Random,MCTS-old-100,195,True,MCTS-old-100,1,17,10.142562627792358
Random__VS__MCTS-old-100__GAME__196,Random,MCTS-old-100,196,False,MCTS-old-100,-1,6,2.4095046520233154
Random__VS__MCTS-old-100__GAME__197,Random,MCTS-old-100,197,True,MCTS-old-100,1,13,8.2874276638031
Random__VS__MCTS-old-100__GAME__198,Random,MCTS-old-100,198,False,Random,1,42,34.34085464477539
Random__VS__MCTS-old-100__GAME__199,Random,MCTS-old-100,199,True,MCTS-old-100,1,7,4.435395002365112
Random__VS__MCTS-new-100__GAME__0,Random,MCTS-new-100,0,False,draw,0,50,51.33262825012207
Random__VS__MCTS-new-100__GAME__1,Random,MCTS-new-100,1,True,MCTS-new-100,1,15,10.859647274017334
Random__VS__MCTS-new-100__GAME__2,Random,MCTS-new-100,2,False,Random,1,10,6.441827297210693
Random__VS__MCTS-new-100__GAME__3,Random,MCTS-new-100,3,True,MCTS-new-100,1,7,4.046295881271362
Random__VS__MCTS-new-100__GAME__4,Random,MCTS-new-100,4,False,MCTS-new-100,-1,22,20.68655753135681
Random__VS__MCTS-new-100__GAME__5,Random,MCTS-new-100,5,True,MCTS-new-100,1,9,6.201513290405273
Random__VS__MCTS-new-100__GAME__6,Random,MCTS-new-100,6,False,MCTS-new-100,-1,16,11.147894620895386
Random__VS__MCTS-new-100__GAME__7,Random,MCTS-new-100,7,True,MCTS-new-100,1,17,13.277569055557251
Random__VS__MCTS-new-100__GAME__8,Random,MCTS-new-100,8,False,Random,1,12,9.083723783493042
Random__VS__MCTS-new-100__GAME__9,Random,MCTS-new-100,9,True,MCTS-new-100,1,13,10.416213035583496
Random__VS__MCTS-new-100__GAME__10,Random,MCTS-new-100,10,False,MCTS-new-100,-1,6,2.70902943611145
Random__VS__MCTS-new-100__GAME__11,Random,MCTS-new-100,11,True,MCTS-new-100,1,7,4.903000831604004
Random__VS__MCTS-new-100__GAME__12,Random,MCTS-new-100,12,False,MCTS-new-100,-1,6,3.140552282333374
Random__VS__MCTS-new-100__GAME__13,Random,MCTS-new-100,13,True,MCTS-new-100,1,9,5.808828592300415
Random__VS__MCTS-new-100__GAME__14,Random,MCTS-new-100,14,False,MCTS-new-100,-1,42,42.09105443954468
Random__VS__MCTS-new-100__GAME__15,Random,MCTS-new-100,15,True,MCTS-new-100,1,19,15.151455402374268
Random__VS__MCTS-new-100__GAME__16,Random,MCTS-new-100,16,False,MCTS-new-100,-1,8,3.487213134765625
Random__VS__MCTS-new-100__GAME__17,Random,MCTS-new-100,17,True,MCTS-new-100,1,4,2.9354734420776367
Random__VS__MCTS-new-100__GAME__18,Random,MCTS-new-100,18,False,MCTS-new-100,-1,6,2.4163758754730225
Random__VS__MCTS-new-100__GAME__19,Random,MCTS-new-100,19,True,MCTS-new-100,1,31,36.536134243011475
Random__VS__MCTS-new-100__GAME__20,Random,MCTS-new-100,20,False,MCTS-new-100,-1,6,2.719221353530884
Random__VS__MCTS-new-100__GAME__21,Random,MCTS-new-100,21,True,MCTS-new-100,1,5,2.4278693199157715
Random__VS__MCTS-new-100__GAME__22,Random,MCTS-new-100,22,False,MCTS-new-100,-1,8,4.647454500198364
Random__VS__MCTS-new-100__GAME__23,Random,MCTS-new-100,23,True,draw,0,50,59.93927574157715
Random__VS__MCTS-new-100__GAME__24,Random,MCTS-new-100,24,False,MCTS-new-100,-1,6,2.786802291870117
Random__VS__MCTS-new-100__GAME__25,Random,MCTS-new-100,25,True,MCTS-new-100,1,7,3.8987467288970947
Random__VS__MCTS-new-100__GAME__26,Random,MCTS-new-100,26,False,MCTS-new-100,-1,6,3.1548969745635986
Random__VS__MCTS-new-100__GAME__27,Random,MCTS-new-100,27,True,MCTS-new-100,1,13,7.925749063491821
Random__VS__MCTS-new-100__GAME__28,Random,MCTS-new-100,28,False,MCTS-new-100,-1,18,14.474381923675537
Random__VS__MCTS-new-100__GAME__29,Random,MCTS-new-100,29,True,MCTS-new-100,1,9,4.422513008117676
Random__VS__MCTS-new-100__GAME__30,Random,MCTS-new-100,30,False,MCTS-new-100,-1,24,17.13543152809143
Random__VS__MCTS-new-100__GAME__31,Random,MCTS-new-100,31,True,MCTS-new-100,1,23,18.169389486312866
Random__VS__MCTS-new-100__GAME__32,Random,MCTS-new-100,32,False,Random,1,8,4.4042253494262695
Random__VS__MCTS-new-100__GAME__33,Random,MCTS-new-100,33,True,MCTS-new-100,1,23,16.119401216506958
Random__VS__MCTS-new-100__GAME__34,Random,MCTS-new-100,34,False,MCTS-new-100,-1,16,11.1075918674469
Random__VS__MCTS-new-100__GAME__35,Random,MCTS-new-100,35,True,MCTS-new-100,1,6,4.457655906677246
Random__VS__MCTS-new-100__GAME__36,Random,MCTS-new-100,36,False,MCTS-new-100,-1,14,8.62016773223877
Random__VS__MCTS-new-100__GAME__37,Random,MCTS-new-100,37,True,MCTS-new-100,1,9,6.589023113250732
Random__VS__MCTS-new-100__GAME__38,Random,MCTS-new-100,38,False,MCTS-new-100,-1,36,40.316837310791016
Random__VS__MCTS-new-100__GAME__39,Random,MCTS-new-100,39,True,MCTS-new-100,1,7,4.913958549499512
Random__VS__MCTS-new-100__GAME__40,Random,MCTS-new-100,40,False,MCTS-new-100,-1,12,6.731168746948242
Random__VS__MCTS-new-100__GAME__41,Random,MCTS-new-100,41,True,MCTS-new-100,1,29,26.94663166999817
Random__VS__MCTS-new-100__GAME__42,Random,MCTS-new-100,42,False,MCTS-new-100,-1,6,3.350857734680176
Random__VS__MCTS-new-100__GAME__43,Random,MCTS-new-100,43,True,MCTS-new-100,1,35,34.67823910713196
Random__VS__MCTS-new-100__GAME__44,Random,MCTS-new-100,44,False,MCTS-new-100,-1,12,7.14919376373291
Random__VS__MCTS-new-100__GAME__45,Random,MCTS-new-100,45,True,Random,-1,9,7.669151782989502
Random__VS__MCTS-new-100__GAME__46,Random,MCTS-new-100,46,False,MCTS-new-100,-1,24,18.735225439071655
Random__VS__MCTS-new-100__GAME__47,Random,MCTS-new-100,47,True,MCTS-new-100,1,11,7.955297231674194
Random__VS__MCTS-new-100__GAME__48,Random,MCTS-new-100,48,False,draw,0,50,65.07924890518188
Random__VS__MCTS-new-100__GAME__49,Random,MCTS-new-100,49,True,MCTS-new-100,1,5,3.0590624809265137
Random__VS__MCTS-new-100__GAME__50,Random,MCTS-new-100,50,False,MCTS-new-100,-1,14,7.88309645652771
Random__VS__MCTS-new-100__GAME__51,Random,MCTS-new-100,51,True,MCTS-new-100,1,15,11.068811893463135
Random__VS__MCTS-new-100__GAME__52,Random,MCTS-new-100,52,False,MCTS-new-100,-1,14,9.789011716842651
Random__VS__MCTS-new-100__GAME__53,Random,MCTS-new-100,53,True,MCTS-new-100,1,35,41.091084241867065
Random__VS__MCTS-new-100__GAME__54,Random,MCTS-new-100,54,False,MCTS-new-100,-1,24,19.636343479156494
Random__VS__MCTS-new-100__GAME__55,Random,MCTS-new-100,55,True,MCTS-new-100,1,13,8.642405271530151
Random__VS__MCTS-new-100__GAME__56,Random,MCTS-new-100,56,False,MCTS-new-100,-1,22,20.105626583099365
Random__VS__MCTS-new-100__GAME__57,Random,MCTS-new-100,57,True,MCTS-new-100,1,9,5.525404453277588
Random__VS__MCTS-new-100__GAME__58,Random,MCTS-new-100,58,False,MCTS-new-100,-1,4,1.592339038848877
Random__VS__MCTS-new-100__GAME__59,Random,MCTS-new-100,59,True,MCTS-new-100,1,9,4.794692754745483
Random__VS__MCTS-new-100__GAME__60,Random,MCTS-new-100,60,False,MCTS-new-100,-1,8,4.78235936164856
Random__VS__MCTS-new-100__GAME__61,Random,MCTS-new-100,61,True,MCTS-new-100,1,7,3.497572660446167
Random__VS__MCTS-new-100__GAME__62,Random,MCTS-new-100,62,False,MCTS-new-100,-1,10,5.7314934730529785
Random__VS__MCTS-new-100__GAME__63,Random,MCTS-new-100,63,True,MCTS-new-100,1,15,11.52346658706665
Random__VS__MCTS-new-100__GAME__64,Random,MCTS-new-100,64,False,MCTS-new-100,-1,20,15.356693029403687
Random__VS__MCTS-new-100__GAME__65,Random,MCTS-new-100,65,True,MCTS-new-100,1,7,4.227950572967529
Random__VS__MCTS-new-100__GAME__66,Random,MCTS-new-100,66,False,MCTS-new-100,-1,12,8.015881299972534
Random__VS__MCTS-new-100__GAME__67,Random,MCTS-new-100,67,True,MCTS-new-100,1,5,2.5773797035217285
Random__VS__MCTS-new-100__GAME__68,Random,MCTS-new-100,68,False,MCTS-new-100,-1,10,4.52538275718689
Random__VS__MCTS-new-100__GAME__69,Random,MCTS-new-100,69,True,MCTS-new-100,1,31,33.33879542350769
Random__VS__MCTS-new-100__GAME__70,Random,MCTS-new-100,70,False,MCTS-new-100,-1,10,5.662054538726807
Random__VS__MCTS-new-100__GAME__71,Random,MCTS-new-100,71,True,MCTS-new-100,1,5,2.5276122093200684
Random__VS__MCTS-new-100__GAME__72,Random,MCTS-new-100,72,False,MCTS-new-100,-1,10,6.001489639282227
Random__VS__MCTS-new-100__GAME__73,Random,MCTS-new-100,73,True,MCTS-new-100,1,5,3.163741111755371
Random__VS__MCTS-new-100__GAME__74,Random,MCTS-new-100,74,False,MCTS-new-100,-1,10,6.582182168960571
Random__VS__MCTS-new-100__GAME__75,Random,MCTS-new-100,75,True,MCTS-new-100,1,7,3.648411989212036
Random__VS__MCTS-new-100__GAME__76,Random,MCTS-new-100,76,False,MCTS-new-100,-1,14,9.104285717010498
Random__VS__MCTS-new-100__GAME__77,Random,MCTS-new-100,77,True,MCTS-new-100,1,9,7.8625006675720215
Random__VS__MCTS-new-100__GAME__78,Random,MCTS-new-100,78,False,MCTS-new-100,-1,36,36.72955560684204
Random__VS__MCTS-new-100__GAME__79,Random,MCTS-new-100,79,True,MCTS-new-100,1,7,3.550673007965088
Random__VS__MCTS-new-100__GAME__80,Random,MCTS-new-100,80,False,MCTS-new-100,-1,8,4.120783567428589
Random__VS__MCTS-new-100__GAME__81,Random,MCTS-new-100,81,True,MCTS-new-100,1,13,9.533219575881958
Random__VS__MCTS-new-100__GAME__82,Random,MCTS-new-100,82,False,MCTS-new-100,-1,18,14.02617859840393
Random__VS__MCTS-new-100__GAME__83,Random,MCTS-new-100,83,True,MCTS-new-100,1,17,14.346751928329468
Random__VS__MCTS-new-100__GAME__84,Random,MCTS-new-100,84,False,MCTS-new-100,-1,14,8.646764755249023
Random__VS__MCTS-new-100__GAME__85,Random,MCTS-new-100,85,True,MCTS-new-100,1,41,35.12593150138855
Random__VS__MCTS-new-100__GAME__86,Random,MCTS-new-100,86,False,MCTS-new-100,-1,31,27.642740488052368
Random__VS__MCTS-new-100__GAME__87,Random,MCTS-new-100,87,True,MCTS-new-100,1,7,4.687238931655884
Random__VS__MCTS-new-100__GAME__88,Random,MCTS-new-100,88,False,MCTS-new-100,-1,16,12.45299506187439
Random__VS__MCTS-new-100__GAME__89,Random,MCTS-new-100,89,True,MCTS-new-100,1,11,7.266014575958252
Random__VS__MCTS-new-100__GAME__90,Random,MCTS-new-100,90,False,MCTS-new-100,-1,10,5.488364219665527
Random__VS__MCTS-new-100__GAME__91,Random,MCTS-new-100,91,True,MCTS-new-100,1,9,5.91806173324585
Random__VS__MCTS-new-100__GAME__92,Random,MCTS-new-100,92,False,MCTS-new-100,-1,6,2.4604809284210205
Random__VS__MCTS-new-100__GAME__93,Random,MCTS-new-100,93,True,MCTS-new-100,1,14,11.970947742462158
Random__VS__MCTS-new-100__GAME__94,Random,MCTS-new-100,94,False,MCTS-new-100,-1,6,2.6710410118103027
Random__VS__MCTS-new-100__GAME__95,Random,MCTS-new-100,95,True,MCTS-new-100,1,11,7.44933295249939
Random__VS__MCTS-new-100__GAME__96,Random,MCTS-new-100,96,False,MCTS-new-100,-1,10,4.864770174026489
Random__VS__MCTS-new-100__GAME__97,Random,MCTS-new-100,97,True,MCTS-new-100,1,11,8.226329803466797
Random__VS__MCTS-new-100__GAME__98,Random,MCTS-new-100,98,False,MCTS-new-100,-1,26,18.618072509765625
Random__VS__MCTS-new-100__GAME__99,Random,MCTS-new-100,99,True,MCTS-new-100,1,11,8.236771821975708
Random__VS__MCTS-new-100__GAME__100,Random,MCTS-new-100,100,False,MCTS-new-100,-1,18,15.694944620132446
Random__VS__MCTS-new-100__GAME__101,Random,MCTS-new-100,101,True,MCTS-new-100,1,41,39.96295642852783
Random__VS__MCTS-new-100__GAME__102,Random,MCTS-new-100,102,False,draw,0,50,47.55534648895264
Random__VS__MCTS-new-100__GAME__103,Random,MCTS-new-100,103,True,MCTS-new-100,1,5,2.559880495071411
Random__VS__MCTS-new-100__GAME__104,Random,MCTS-new-100,104,False,MCTS-new-100,-1,6,2.2137837409973145
Random__VS__MCTS-new-100__GAME__105,Random,MCTS-new-100,105,True,Random,-1,5,4.355687141418457
Random__VS__MCTS-new-100__GAME__106,Random,MCTS-new-100,106,False,draw,0,50,63.26108145713806
Random__VS__MCTS-new-100__GAME__107,Random,MCTS-new-100,107,True,MCTS-new-100,1,13,9.744384527206421
Random__VS__MCTS-new-100__GAME__108,Random,MCTS-new-100,108,False,MCTS-new-100,-1,10,5.3511962890625
Random__VS__MCTS-new-100__GAME__109,Random,MCTS-new-100,109,True,MCTS-new-100,1,7,4.093676805496216
Random__VS__MCTS-new-100__GAME__110,Random,MCTS-new-100,110,False,MCTS-new-100,-1,38,36.035194873809814
Random__VS__MCTS-new-100__GAME__111,Random,MCTS-new-100,111,True,MCTS-new-100,1,7,4.4628987312316895
Random__VS__MCTS-new-100__GAME__112,Random,MCTS-new-100,112,False,MCTS-new-100,-1,14,9.631654977798462
Random__VS__MCTS-new-100__GAME__113,Random,MCTS-new-100,113,True,MCTS-new-100,1,7,5.004456043243408
Random__VS__MCTS-new-100__GAME__114,Random,MCTS-new-100,114,False,Random,1,8,4.676454305648804
Random__VS__MCTS-new-100__GAME__115,Random,MCTS-new-100,115,True,MCTS-new-100,1,5,2.508294105529785
Random__VS__MCTS-new-100__GAME__116,Random,MCTS-new-100,116,False,MCTS-new-100,-1,8,3.5491511821746826
Random__VS__MCTS-new-100__GAME__117,Random,MCTS-new-100,117,True,Random,-1,15,10.419715642929077
Random__VS__MCTS-new-100__GAME__118,Random,MCTS-new-100,118,False,draw,0,50,43.56784129142761
Random__VS__MCTS-new-100__GAME__119,Random,MCTS-new-100,119,True,MCTS-new-100,1,11,7.550116777420044
Random__VS__MCTS-new-100__GAME__120,Random,MCTS-new-100,120,False,MCTS-new-100,-1,12,7.205798625946045
Random__VS__MCTS-new-100__GAME__121,Random,MCTS-new-100,121,True,draw,0,50,44.89631223678589
Random__VS__MCTS-new-100__GAME__122,Random,MCTS-new-100,122,False,MCTS-new-100,-1,22,16.765766143798828
Random__VS__MCTS-new-100__GAME__123,Random,MCTS-new-100,123,True,Random,-1,11,8.628302335739136
Random__VS__MCTS-new-100__GAME__124,Random,MCTS-new-100,124,False,Random,1,28,32.51710820198059
Random__VS__MCTS-new-100__GAME__125,Random,MCTS-new-100,125,True,MCTS-new-100,1,5,2.3605997562408447
Random__VS__MCTS-new-100__GAME__126,Random,MCTS-new-100,126,False,MCTS-new-100,-1,24,22.903417348861694
Random__VS__MCTS-new-100__GAME__127,Random,MCTS-new-100,127,True,MCTS-new-100,1,17,14.127949237823486
Random__VS__MCTS-new-100__GAME__128,Random,MCTS-new-100,128,False,MCTS-new-100,-1,22,13.554579496383667
Random__VS__MCTS-new-100__GAME__129,Random,MCTS-new-100,129,True,MCTS-new-100,1,23,22.515767335891724
Random__VS__MCTS-new-100__GAME__130,Random,MCTS-new-100,130,False,MCTS-new-100,-1,22,16.321649074554443
Random__VS__MCTS-new-100__GAME__131,Random,MCTS-new-100,131,True,MCTS-new-100,1,5,2.5630080699920654
Random__VS__MCTS-new-100__GAME__132,Random,MCTS-new-100,132,False,MCTS-new-100,-1,14,7.629731893539429
Random__VS__MCTS-new-100__GAME__133,Random,MCTS-new-100,133,True,Random,-1,21,16.75484347343445
Random__VS__MCTS-new-100__GAME__134,Random,MCTS-new-100,134,False,Random,1,16,15.940808773040771
Random__VS__MCTS-new-100__GAME__135,Random,MCTS-new-100,135,True,MCTS-new-100,1,49,49.28997850418091
Random__VS__MCTS-new-100__GAME__136,Random,MCTS-new-100,136,False,MCTS-new-100,-1,10,6.813553094863892
Random__VS__MCTS-new-100__GAME__137,Random,MCTS-new-100,137,True,MCTS-new-100,1,7,3.8566222190856934
Random__VS__MCTS-new-100__GAME__138,Random,MCTS-new-100,138,False,draw,0,50,50.46673917770386
Random__VS__MCTS-new-100__GAME__139,Random,MCTS-new-100,139,True,MCTS-new-100,1,9,4.9164135456085205
Random__VS__MCTS-new-100__GAME__140,Random,MCTS-new-100,140,False,MCTS-new-100,-1,10,5.0597779750823975
Random__VS__MCTS-new-100__GAME__141,Random,MCTS-new-100,141,True,MCTS-new-100,1,11,5.973214626312256
Random__VS__MCTS-new-100__GAME__142,Random,MCTS-new-100,142,False,MCTS-new-100,-1,24,20.840892553329468
Random__VS__MCTS-new-100__GAME__143,Random,MCTS-new-100,143,True,MCTS-new-100,1,27,23.282260179519653
Random__VS__MCTS-new-100__GAME__144,Random,MCTS-new-100,144,False,MCTS-new-100,-1,16,12.169847249984741
Random__VS__MCTS-new-100__GAME__145,Random,MCTS-new-100,145,True,MCTS-new-100,1,25,21.803728580474854
Random__VS__MCTS-new-100__GAME__146,Random,MCTS-new-100,146,False,MCTS-new-100,-1,34,24.67441749572754
Random__VS__MCTS-new-100__GAME__147,Random,MCTS-new-100,147,True,MCTS-new-100,1,23,18.76571559906006
Random__VS__MCTS-new-100__GAME__148,Random,MCTS-new-100,148,False,MCTS-new-100,-1,4,1.4111638069152832
Random__VS__MCTS-new-100__GAME__149,Random,MCTS-new-100,149,True,MCTS-new-100,1,9,6.144942760467529
Random__VS__MCTS-new-100__GAME__150,Random,MCTS-new-100,150,False,MCTS-new-100,-1,36,37.70763564109802
Random__VS__MCTS-new-100__GAME__151,Random,MCTS-new-100,151,True,MCTS-new-100,1,11,8.292454242706299
Random__VS__MCTS-new-100__GAME__152,Random,MCTS-new-100,152,False,MCTS-new-100,-1,12,7.595189809799194
Random__VS__MCTS-new-100__GAME__153,Random,MCTS-new-100,153,True,MCTS-new-100,1,17,15.688506364822388
Random__VS__MCTS-new-100__GAME__154,Random,MCTS-new-100,154,False,MCTS-new-100,-1,6,2.687851667404175
Random__VS__MCTS-new-100__GAME__155,Random,MCTS-new-100,155,True,MCTS-new-100,1,11,6.238880395889282
Random__VS__MCTS-new-100__GAME__156,Random,MCTS-new-100,156,False,Random,1,14,10.571025848388672
Random__VS__MCTS-new-100__GAME__157,Random,MCTS-new-100,157,True,MCTS-new-100,1,23,24.450398206710815
Random__VS__MCTS-new-100__GAME__158,Random,MCTS-new-100,158,False,Random,1,6,4.418788194656372
Random__VS__MCTS-new-100__GAME__159,Random,MCTS-new-100,159,True,MCTS-new-100,1,15,11.681459903717041
Random__VS__MCTS-new-100__GAME__160,Random,MCTS-new-100,160,False,MCTS-new-100,-1,18,15.891772747039795
Random__VS__MCTS-new-100__GAME__161,Random,MCTS-new-100,161,True,MCTS-new-100,1,5,2.5177078247070312
Random__VS__MCTS-new-100__GAME__162,Random,MCTS-new-100,162,False,MCTS-new-100,-1,12,7.309609413146973
Random__VS__MCTS-new-100__GAME__163,Random,MCTS-new-100,163,True,MCTS-new-100,1,39,42.03438210487366
Random__VS__MCTS-new-100__GAME__164,Random,MCTS-new-100,164,False,MCTS-new-100,-1,6,2.486640691757202
Random__VS__MCTS-new-100__GAME__165,Random,MCTS-new-100,165,True,MCTS-new-100,1,19,15.39826774597168
Random__VS__MCTS-new-100__GAME__166,Random,MCTS-new-100,166,False,Random,1,16,17.254592657089233
Random__VS__MCTS-new-100__GAME__167,Random,MCTS-new-100,167,True,MCTS-new-100,1,27,24.482463598251343
Random__VS__MCTS-new-100__GAME__168,Random,MCTS-new-100,168,False,MCTS-new-100,-1,24,23.19052243232727
Random__VS__MCTS-new-100__GAME__169,Random,MCTS-new-100,169,True,draw,0,50,53.18216681480408
Random__VS__MCTS-new-100__GAME__170,Random,MCTS-new-100,170,False,MCTS-new-100,-1,4,1.3795783519744873
Random__VS__MCTS-new-100__GAME__171,Random,MCTS-new-100,171,True,MCTS-new-100,1,7,4.666463613510132
Random__VS__MCTS-new-100__GAME__172,Random,MCTS-new-100,172,False,MCTS-new-100,-1,12,7.616539716720581
Random__VS__MCTS-new-100__GAME__173,Random,MCTS-new-100,173,True,MCTS-new-100,1,5,2.578691005706787
Random__VS__MCTS-new-100__GAME__174,Random,MCTS-new-100,174,False,MCTS-new-100,-1,14,7.118163585662842
Random__VS__MCTS-new-100__GAME__175,Random,MCTS-new-100,175,True,MCTS-new-100,1,7,3.9417645931243896
Random__VS__MCTS-new-100__GAME__176,Random,MCTS-new-100,176,False,draw,0,50,45.49170970916748
Random__VS__MCTS-new-100__GAME__177,Random,MCTS-new-100,177,True,MCTS-new-100,1,7,4.031747817993164
Random__VS__MCTS-new-100__GAME__178,Random,MCTS-new-100,178,False,MCTS-new-100,-1,38,25.430999994277954
Random__VS__MCTS-new-100__GAME__179,Random,MCTS-new-100,179,True,MCTS-new-100,1,9,5.774091720581055
Random__VS__MCTS-new-100__GAME__180,Random,MCTS-new-100,180,False,MCTS-new-100,-1,22,18.410320043563843
Random__VS__MCTS-new-100__GAME__181,Random,MCTS-new-100,181,True,Random,-1,7,4.462258338928223
Random__VS__MCTS-new-100__GAME__182,Random,MCTS-new-100,182,False,draw,0,50,35.52175831794739
Random__VS__MCTS-new-100__GAME__183,Random,MCTS-new-100,183,True,MCTS-new-100,1,7,3.638113021850586
Random__VS__MCTS-new-100__GAME__184,Random,MCTS-new-100,184,False,MCTS-new-100,-1,12,9.117987871170044
Random__VS__MCTS-new-100__GAME__185,Random,MCTS-new-100,185,True,MCTS-new-100,1,7,4.99730372428894
Random__VS__MCTS-new-100__GAME__186,Random,MCTS-new-100,186,False,MCTS-new-100,-1,6,2.2801780700683594
Random__VS__MCTS-new-100__GAME__187,Random,MCTS-new-100,187,True,draw,0,50,56.829723834991455
Random__VS__MCTS-new-100__GAME__188,Random,MCTS-new-100,188,False,Random,1,10,7.138237237930298
Random__VS__MCTS-new-100__GAME__189,Random,MCTS-new-100,189,True,MCTS-new-100,1,17,12.620057106018066
Random__VS__MCTS-new-100__GAME__190,Random,MCTS-new-100,190,False,MCTS-new-100,-1,14,8.57116413116455
Random__VS__MCTS-new-100__GAME__191,Random,MCTS-new-100,191,True,draw,0,50,58.847153425216675
Random__VS__MCTS-new-100__GAME__192,Random,MCTS-new-100,192,False,MCTS-new-100,-1,8,4.443224906921387
Random__VS__MCTS-new-100__GAME__193,Random,MCTS-new-100,193,True,MCTS-new-100,1,27,23.80515432357788
Random__VS__MCTS-new-100__GAME__194,Random,MCTS-new-100,194,False,MCTS-new-100,-1,8,3.4916534423828125
Random__VS__MCTS-new-100__GAME__195,Random,MCTS-new-100,195,True,MCTS-new-100,1,29,24.84482479095459
Random__VS__MCTS-new-100__GAME__196,Random,MCTS-new-100,196,False,draw,0,50,48.9780809879303
Random__VS__MCTS-new-100__GAME__197,Random,MCTS-new-100,197,True,MCTS-new-100,1,9,6.929903268814087
Random__VS__MCTS-new-100__GAME__198,Random,MCTS-new-100,198,False,MCTS-new-100,-1,12,7.288917303085327
Random__VS__MCTS-new-100__GAME__199,Random,MCTS-new-100,199,True,MCTS-new-100,1,5,2.7174761295318604
Heuristic__VS__AlphaBeta-new-d3__GAME__0,Heuristic,AlphaBeta-new-d3,0,False,Heuristic,1,7,3.741668224334717
Heuristic__VS__AlphaBeta-new-d3__GAME__1,Heuristic,AlphaBeta-new-d3,1,True,Heuristic,-1,8,5.649125099182129
Heuristic__VS__AlphaBeta-new-d3__GAME__2,Heuristic,AlphaBeta-new-d3,2,False,Heuristic,1,7,5.139571189880371
Heuristic__VS__AlphaBeta-new-d3__GAME__3,Heuristic,AlphaBeta-new-d3,3,True,Heuristic,-1,19,20.812141180038452
Heuristic__VS__AlphaBeta-new-d3__GAME__4,Heuristic,AlphaBeta-new-d3,4,False,Heuristic,1,7,4.693334579467773
Heuristic__VS__AlphaBeta-new-d3__GAME__5,Heuristic,AlphaBeta-new-d3,5,True,Heuristic,-1,10,9.412999629974365
Heuristic__VS__AlphaBeta-new-d3__GAME__6,Heuristic,AlphaBeta-new-d3,6,False,Heuristic,1,7,4.792930603027344
Heuristic__VS__AlphaBeta-new-d3__GAME__7,Heuristic,AlphaBeta-new-d3,7,True,Heuristic,-1,10,7.8149189949035645
Heuristic__VS__AlphaBeta-new-d3__GAME__8,Heuristic,AlphaBeta-new-d3,8,False,Heuristic,1,7,4.2440266609191895
Heuristic__VS__AlphaBeta-new-d3__GAME__9,Heuristic,AlphaBeta-new-d3,9,True,Heuristic,-1,14,10.726804971694946
Heuristic__VS__AlphaBeta-new-d3__GAME__10,Heuristic,AlphaBeta-new-d3,10,False,AlphaBeta-new-d3,-1,8,5.248000860214233
Heuristic__VS__AlphaBeta-new-d3__GAME__11,Heuristic,AlphaBeta-new-d3,11,True,Heuristic,-1,6,3.886652708053589
Heuristic__VS__AlphaBeta-new-d3__GAME__12,Heuristic,AlphaBeta-new-d3,12,False,Heuristic,1,7,4.017776966094971
Heuristic__VS__AlphaBeta-new-d3__GAME__13,Heuristic,AlphaBeta-new-d3,13,True,Heuristic,-1,6,3.333141326904297
Heuristic__VS__AlphaBeta-new-d3__GAME__14,Heuristic,AlphaBeta-new-d3,14,False,Heuristic,1,6,3.7526214122772217
Heuristic__VS__AlphaBeta-new-d3__GAME__15,Heuristic,AlphaBeta-new-d3,15,True,Heuristic,-1,10,7.281140089035034
Heuristic__VS__AlphaBeta-new-d3__GAME__16,Heuristic,AlphaBeta-new-d3,16,False,Heuristic,1,7,4.912473917007446
Heuristic__VS__AlphaBeta-new-d3__GAME__17,Heuristic,AlphaBeta-new-d3,17,True,Heuristic,-1,10,7.220079183578491
Heuristic__VS__AlphaBeta-new-d3__GAME__18,Heuristic,AlphaBeta-new-d3,18,False,AlphaBeta-new-d3,-1,8,5.48068380355835
Heuristic__VS__AlphaBeta-new-d3__GAME__19,Heuristic,AlphaBeta-new-d3,19,True,Heuristic,-1,6,4.103076696395874
Heuristic__VS__AlphaBeta-new-d3__GAME__20,Heuristic,AlphaBeta-new-d3,20,False,Heuristic,1,7,3.9919891357421875
Heuristic__VS__AlphaBeta-new-d3__GAME__21,Heuristic,AlphaBeta-new-d3,21,True,Heuristic,-1,5,3.250765562057495
Heuristic__VS__AlphaBeta-new-d3__GAME__22,Heuristic,AlphaBeta-new-d3,22,False,Heuristic,1,6,4.273730516433716
Heuristic__VS__AlphaBeta-new-d3__GAME__23,Heuristic,AlphaBeta-new-d3,23,True,Heuristic,-1,4,2.4622700214385986
Heuristic__VS__AlphaBeta-new-d3__GAME__24,Heuristic,AlphaBeta-new-d3,24,False,Heuristic,1,6,3.5135562419891357
Heuristic__VS__AlphaBeta-new-d3__GAME__25,Heuristic,AlphaBeta-new-d3,25,True,Heuristic,-1,6,3.9474480152130127
Heuristic__VS__AlphaBeta-new-d3__GAME__26,Heuristic,AlphaBeta-new-d3,26,False,Heuristic,1,7,4.990391969680786
Heuristic__VS__AlphaBeta-new-d3__GAME__27,Heuristic,AlphaBeta-new-d3,27,True,Heuristic,-1,8,4.378437042236328
Heuristic__VS__AlphaBeta-new-d3__GAME__28,Heuristic,AlphaBeta-new-d3,28,False,Heuristic,1,11,6.591119050979614
Heuristic__VS__AlphaBeta-new-d3__GAME__29,Heuristic,AlphaBeta-new-d3,29,True,Heuristic,-1,6,4.291465520858765
Heuristic__VS__AlphaBeta-new-d3__GAME__30,Heuristic,AlphaBeta-new-d3,30,False,Heuristic,1,8,4.853366851806641
Heuristic__VS__AlphaBeta-new-d3__GAME__31,Heuristic,AlphaBeta-new-d3,31,True,Heuristic,-1,7,4.800027370452881
Heuristic__VS__AlphaBeta-new-d3__GAME__32,Heuristic,AlphaBeta-new-d3,32,False,Heuristic,1,8,6.7098681926727295
Heuristic__VS__AlphaBeta-new-d3__GAME__33,Heuristic,AlphaBeta-new-d3,33,True,Heuristic,-1,6,4.343747138977051
Heuristic__VS__AlphaBeta-new-d3__GAME__34,Heuristic,AlphaBeta-new-d3,34,False,Heuristic,1,4,2.2219130992889404
Heuristic__VS__AlphaBeta-new-d3__GAME__35,Heuristic,AlphaBeta-new-d3,35,True,Heuristic,-1,8,5.4159746170043945
Heuristic__VS__AlphaBeta-new-d3__GAME__36,Heuristic,AlphaBeta-new-d3,36,False,Heuristic,1,7,3.5942070484161377
Heuristic__VS__AlphaBeta-new-d3__GAME__37,Heuristic,AlphaBeta-new-d3,37,True,AlphaBeta-new-d3,1,11,8.386922359466553
Heuristic__VS__AlphaBeta-new-d3__GAME__38,Heuristic,AlphaBeta-new-d3,38,False,Heuristic,1,13,10.779972076416016
Heuristic__VS__AlphaBeta-new-d3__GAME__39,Heuristic,AlphaBeta-new-d3,39,True,Heuristic,-1,8,6.625297784805298
Heuristic__VS__AlphaBeta-new-d3__GAME__40,Heuristic,AlphaBeta-new-d3,40,False,Heuristic,1,11,10.31074333190918
Heuristic__VS__AlphaBeta-new-d3__GAME__41,Heuristic,AlphaBeta-new-d3,41,True,AlphaBeta-new-d3,1,11,6.8309080600738525
Heuristic__VS__AlphaBeta-new-d3__GAME__42,Heuristic,AlphaBeta-new-d3,42,False,Heuristic,1,7,4.171821594238281
Heuristic__VS__AlphaBeta-new-d3__GAME__43,Heuristic,AlphaBeta-new-d3,43,True,Heuristic,-1,6,3.712892532348633
Heuristic__VS__AlphaBeta-new-d3__GAME__44,Heuristic,AlphaBeta-new-d3,44,False,Heuristic,1,6,4.706554651260376
Heuristic__VS__AlphaBeta-new-d3__GAME__45,Heuristic,AlphaBeta-new-d3,45,True,Heuristic,-1,8,4.758087396621704
Heuristic__VS__AlphaBeta-new-d3__GAME__46,Heuristic,AlphaBeta-new-d3,46,False,Heuristic,1,5,2.2972543239593506
Heuristic__VS__AlphaBeta-new-d3__GAME__47,Heuristic,AlphaBeta-new-d3,47,True,Heuristic,-1,10,7.680225849151611
Heuristic__VS__AlphaBeta-new-d3__GAME__48,Heuristic,AlphaBeta-new-d3,48,False,Heuristic,1,7,4.3812127113342285
Heuristic__VS__AlphaBeta-new-d3__GAME__49,Heuristic,AlphaBeta-new-d3,49,True,Heuristic,-1,8,5.727834939956665
Heuristic__VS__AlphaBeta-new-d3__GAME__50,Heuristic,AlphaBeta-new-d3,50,False,Heuristic,1,11,7.834673166275024
Heuristic__VS__AlphaBeta-new-d3__GAME__51,Heuristic,AlphaBeta-new-d3,51,True,Heuristic,-1,6,3.725583553314209
Heuristic__VS__AlphaBeta-new-d3__GAME__52,Heuristic,AlphaBeta-new-d3,52,False,Heuristic,1,5,1.9015791416168213
Heuristic__VS__AlphaBeta-new-d3__GAME__53,Heuristic,AlphaBeta-new-d3,53,True,Heuristic,-1,6,3.226062297821045
Heuristic__VS__AlphaBeta-new-d3__GAME__54,Heuristic,AlphaBeta-new-d3,54,False,Heuristic,1,6,3.648844003677368
Heuristic__VS__AlphaBeta-new-d3__GAME__55,Heuristic,AlphaBeta-new-d3,55,True,Heuristic,-1,5,3.084743022918701
Heuristic__VS__AlphaBeta-new-d3__GAME__56,Heuristic,AlphaBeta-new-d3,56,False,Heuristic,1,6,4.157815933227539
Heuristic__VS__AlphaBeta-new-d3__GAME__57,Heuristic,AlphaBeta-new-d3,57,True,Heuristic,-1,8,5.658132791519165
Heuristic__VS__AlphaBeta-new-d3__GAME__58,Heuristic,AlphaBeta-new-d3,58,False,Heuristic,1,7,4.389949321746826
Heuristic__VS__AlphaBeta-new-d3__GAME__59,Heuristic,AlphaBeta-new-d3,59,True,Heuristic,-1,6,3.729609727859497
Heuristic__VS__AlphaBeta-new-d3__GAME__60,Heuristic,AlphaBeta-new-d3,60,False,Heuristic,1,5,1.9218957424163818
Heuristic__VS__AlphaBeta-new-d3__GAME__61,Heuristic,AlphaBeta-new-d3,61,True,Heuristic,-1,6,4.193946361541748
Heuristic__VS__AlphaBeta-new-d3__GAME__62,Heuristic,AlphaBeta-new-d3,62,False,Heuristic,1,6,3.757901430130005
Heuristic__VS__AlphaBeta-new-d3__GAME__63,Heuristic,AlphaBeta-new-d3,63,True,Heuristic,-1,8,5.6981260776519775
Heuristic__VS__AlphaBeta-new-d3__GAME__64,Heuristic,AlphaBeta-new-d3,64,False,Heuristic,1,6,3.3712594509124756
Heuristic__VS__AlphaBeta-new-d3__GAME__65,Heuristic,AlphaBeta-new-d3,65,True,Heuristic,-1,8,5.590375661849976
Heuristic__VS__AlphaBeta-new-d3__GAME__66,Heuristic,AlphaBeta-new-d3,66,False,Heuristic,1,11,7.715467691421509
Heuristic__VS__AlphaBeta-new-d3__GAME__67,Heuristic,AlphaBeta-new-d3,67,True,Heuristic,-1,8,5.4340643882751465
Heuristic__VS__AlphaBeta-new-d3__GAME__68,Heuristic,AlphaBeta-new-d3,68,False,Heuristic,1,6,4.808580160140991
Heuristic__VS__AlphaBeta-new-d3__GAME__69,Heuristic,AlphaBeta-new-d3,69,True,Heuristic,-1,8,4.923356056213379
Heuristic__VS__AlphaBeta-new-d3__GAME__70,Heuristic,AlphaBeta-new-d3,70,False,Heuristic,1,5,2.9720990657806396
Heuristic__VS__AlphaBeta-new-d3__GAME__71,Heuristic,AlphaBeta-new-d3,71,True,Heuristic,-1,8,5.977539300918579
Heuristic__VS__AlphaBeta-new-d3__GAME__72,Heuristic,AlphaBeta-new-d3,72,False,Heuristic,1,5,2.3576250076293945
Heuristic__VS__AlphaBeta-new-d3__GAME__73,Heuristic,AlphaBeta-new-d3,73,True,Heuristic,-1,6,3.987821340560913
Heuristic__VS__AlphaBeta-new-d3__GAME__74,Heuristic,AlphaBeta-new-d3,74,False,Heuristic,1,4,2.4086642265319824
Heuristic__VS__AlphaBeta-new-d3__GAME__75,Heuristic,AlphaBeta-new-d3,75,True,Heuristic,-1,12,10.46312689781189
Heuristic__VS__AlphaBeta-new-d3__GAME__76,Heuristic,AlphaBeta-new-d3,76,False,Heuristic,1,5,2.2861337661743164
Heuristic__VS__AlphaBeta-new-d3__GAME__77,Heuristic,AlphaBeta-new-d3,77,True,Heuristic,-1,5,3.032979965209961
Heuristic__VS__AlphaBeta-new-d3__GAME__78,Heuristic,AlphaBeta-new-d3,78,False,Heuristic,1,15,14.186617374420166
Heuristic__VS__AlphaBeta-new-d3__GAME__79,Heuristic,AlphaBeta-new-d3,79,True,Heuristic,-1,6,3.3333988189697266
Heuristic__VS__AlphaBeta-new-d3__GAME__80,Heuristic,AlphaBeta-new-d3,80,False,Heuristic,1,5,2.6094088554382324
Heuristic__VS__AlphaBeta-new-d3__GAME__81,Heuristic,AlphaBeta-new-d3,81,True,Heuristic,-1,6,3.835059642791748
Heuristic__VS__AlphaBeta-new-d3__GAME__82,Heuristic,AlphaBeta-new-d3,82,False,Heuristic,1,7,4.715404033660889
Heuristic__VS__AlphaBeta-new-d3__GAME__83,Heuristic,AlphaBeta-new-d3,83,True,Heuristic,-1,6,3.2861664295196533
Heuristic__VS__AlphaBeta-new-d3__GAME__84,Heuristic,AlphaBeta-new-d3,84,False,Heuristic,1,13,11.592236757278442
Heuristic__VS__AlphaBeta-new-d3__GAME__85,Heuristic,AlphaBeta-new-d3,85,True,Heuristic,-1,6,3.5897297859191895
Heuristic__VS__AlphaBeta-new-d3__GAME__86,Heuristic,AlphaBeta-new-d3,86,False,Heuristic,1,7,3.6698694229125977
Heuristic__VS__AlphaBeta-new-d3__GAME__87,Heuristic,AlphaBeta-new-d3,87,True,AlphaBeta-new-d3,1,13,10.66046690940857
Heuristic__VS__AlphaBeta-new-d3__GAME__88,Heuristic,AlphaBeta-new-d3,88,False,Heuristic,1,7,4.195542335510254
Heuristic__VS__AlphaBeta-new-d3__GAME__89,Heuristic,AlphaBeta-new-d3,89,True,Heuristic,-1,5,3.19972825050354
Heuristic__VS__AlphaBeta-new-d3__GAME__90,Heuristic,AlphaBeta-new-d3,90,False,Heuristic,1,7,4.02636981010437
Heuristic__VS__AlphaBeta-new-d3__GAME__91,Heuristic,AlphaBeta-new-d3,91,True,Heuristic,-1,20,17.589515924453735
Heuristic__VS__AlphaBeta-new-d3__GAME__92,Heuristic,AlphaBeta-new-d3,92,False,Heuristic,1,9,5.204414129257202
Heuristic__VS__AlphaBeta-new-d3__GAME__93,Heuristic,AlphaBeta-new-d3,93,True,Heuristic,-1,6,3.9985129833221436
Heuristic__VS__AlphaBeta-new-d3__GAME__94,Heuristic,AlphaBeta-new-d3,94,False,Heuristic,1,9,5.155380964279175
Heuristic__VS__AlphaBeta-new-d3__GAME__95,Heuristic,AlphaBeta-new-d3,95,True,Heuristic,-1,5,2.827108383178711
Heuristic__VS__AlphaBeta-new-d3__GAME__96,Heuristic,AlphaBeta-new-d3,96,False,Heuristic,1,7,3.4913954734802246
Heuristic__VS__AlphaBeta-new-d3__GAME__97,Heuristic,AlphaBeta-new-d3,97,True,Heuristic,-1,6,2.9120264053344727
Heuristic__VS__AlphaBeta-new-d3__GAME__98,Heuristic,AlphaBeta-new-d3,98,False,Heuristic,1,6,3.142681360244751
Heuristic__VS__AlphaBeta-new-d3__GAME__99,Heuristic,AlphaBeta-new-d3,99,True,Heuristic,-1,12,9.226499080657959
Heuristic__VS__AlphaBeta-new-d3__GAME__100,Heuristic,AlphaBeta-new-d3,100,False,Heuristic,1,6,3.688904285430908
Heuristic__VS__AlphaBeta-new-d3__GAME__101,Heuristic,AlphaBeta-new-d3,101,True,Heuristic,-1,6,4.178709506988525
Heuristic__VS__AlphaBeta-new-d3__GAME__102,Heuristic,AlphaBeta-new-d3,102,False,Heuristic,1,5,2.883025646209717
Heuristic__VS__AlphaBeta-new-d3__GAME__103,Heuristic,AlphaBeta-new-d3,103,True,Heuristic,-1,6,4.569499969482422
Heuristic__VS__AlphaBeta-new-d3__GAME__104,Heuristic,AlphaBeta-new-d3,104,False,Heuristic,1,5,1.842134952545166
Heuristic__VS__AlphaBeta-new-d3__GAME__105,Heuristic,AlphaBeta-new-d3,105,True,Heuristic,-1,7,4.95590615272522
Heuristic__VS__AlphaBeta-new-d3__GAME__106,Heuristic,AlphaBeta-new-d3,106,False,Heuristic,1,6,3.6143252849578857
Heuristic__VS__AlphaBeta-new-d3__GAME__107,Heuristic,AlphaBeta-new-d3,107,True,Heuristic,-1,10,6.354186534881592
Heuristic__VS__AlphaBeta-new-d3__GAME__108,Heuristic,AlphaBeta-new-d3,108,False,Heuristic,1,13,12.740140438079834
Heuristic__VS__AlphaBeta-new-d3__GAME__109,Heuristic,AlphaBeta-new-d3,109,True,Heuristic,-1,6,3.9058306217193604
Heuristic__VS__AlphaBeta-new-d3__GAME__110,Heuristic,AlphaBeta-new-d3,110,False,Heuristic,1,6,3.5221493244171143
Heuristic__VS__AlphaBeta-new-d3__GAME__111,Heuristic,AlphaBeta-new-d3,111,True,Heuristic,-1,6,3.1565990447998047
Heuristic__VS__AlphaBeta-new-d3__GAME__112,Heuristic,AlphaBeta-new-d3,112,False,Heuristic,1,7,3.9422390460968018
Heuristic__VS__AlphaBeta-new-d3__GAME__113,Heuristic,AlphaBeta-new-d3,113,True,Heuristic,-1,6,4.5400707721710205
Heuristic__VS__AlphaBeta-new-d3__GAME__114,Heuristic,AlphaBeta-new-d3,114,False,Heuristic,1,17,15.275847673416138
Heuristic__VS__AlphaBeta-new-d3__GAME__115,Heuristic,AlphaBeta-new-d3,115,True,Heuristic,-1,6,4.064774990081787
Heuristic__VS__AlphaBeta-new-d3__GAME__116,Heuristic,AlphaBeta-new-d3,116,False,Heuristic,1,5,2.9129703044891357
Heuristic__VS__AlphaBeta-new-d3__GAME__117,Heuristic,AlphaBeta-new-d3,117,True,Heuristic,-1,16,16.905741930007935
Heuristic__VS__AlphaBeta-new-d3__GAME__118,Heuristic,AlphaBeta-new-d3,118,False,Heuristic,1,7,4.340564966201782
Heuristic__VS__AlphaBeta-new-d3__GAME__119,Heuristic,AlphaBeta-new-d3,119,True,AlphaBeta-new-d3,1,9,6.31838059425354
Heuristic__VS__AlphaBeta-new-d3__GAME__120,Heuristic,AlphaBeta-new-d3,120,False,Heuristic,1,11,8.674729108810425
Heuristic__VS__AlphaBeta-new-d3__GAME__121,Heuristic,AlphaBeta-new-d3,121,True,Heuristic,-1,14,13.541805267333984
Heuristic__VS__AlphaBeta-new-d3__GAME__122,Heuristic,AlphaBeta-new-d3,122,False,Heuristic,1,9,6.086737632751465
Heuristic__VS__AlphaBeta-new-d3__GAME__123,Heuristic,AlphaBeta-new-d3,123,True,Heuristic,-1,8,6.638325214385986
Heuristic__VS__AlphaBeta-new-d3__GAME__124,Heuristic,AlphaBeta-new-d3,124,False,Heuristic,1,13,10.769684076309204
Heuristic__VS__AlphaBeta-new-d3__GAME__125,Heuristic,AlphaBeta-new-d3,125,True,Heuristic,-1,10,9.78907036781311
Heuristic__VS__AlphaBeta-new-d3__GAME__126,Heuristic,AlphaBeta-new-d3,126,False,Heuristic,1,6,3.725172996520996
Heuristic__VS__AlphaBeta-new-d3__GAME__127,Heuristic,AlphaBeta-new-d3,127,True,Heuristic,-1,6,4.033665657043457
Heuristic__VS__AlphaBeta-new-d3__GAME__128,Heuristic,AlphaBeta-new-d3,128,False,Heuristic,1,15,12.540546655654907
Heuristic__VS__AlphaBeta-new-d3__GAME__129,Heuristic,AlphaBeta-new-d3,129,True,Heuristic,-1,5,3.2710952758789062
Heuristic__VS__AlphaBeta-new-d3__GAME__130,Heuristic,AlphaBeta-new-d3,130,False,Heuristic,1,5,2.1953463554382324
Heuristic__VS__AlphaBeta-new-d3__GAME__131,Heuristic,AlphaBeta-new-d3,131,True,Heuristic,-1,8,6.4527411460876465
Heuristic__VS__AlphaBeta-new-d3__GAME__132,Heuristic,AlphaBeta-new-d3,132,False,Heuristic,1,4,3.1073496341705322
Heuristic__VS__AlphaBeta-new-d3__GAME__133,Heuristic,AlphaBeta-new-d3,133,True,Heuristic,-1,6,3.9968762397766113
Heuristic__VS__AlphaBeta-new-d3__GAME__134,Heuristic,AlphaBeta-new-d3,134,False,Heuristic,1,11,7.752700328826904
Heuristic__VS__AlphaBeta-new-d3__GAME__135,Heuristic,AlphaBeta-new-d3,135,True,Heuristic,-1,14,13.33138394355774
Heuristic__VS__AlphaBeta-new-d3__GAME__136,Heuristic,AlphaBeta-new-d3,136,False,Heuristic,1,11,9.544405460357666
Heuristic__VS__AlphaBeta-new-d3__GAME__137,Heuristic,AlphaBeta-new-d3,137,True,Heuristic,-1,12,10.826119184494019
Heuristic__VS__AlphaBeta-new-d3__GAME__138,Heuristic,AlphaBeta-new-d3,138,False,Heuristic,1,8,7.090029239654541
Heuristic__VS__AlphaBeta-new-d3__GAME__139,Heuristic,AlphaBeta-new-d3,139,True,Heuristic,-1,8,6.51835298538208
Heuristic__VS__AlphaBeta-new-d3__GAME__140,Heuristic,AlphaBeta-new-d3,140,False,Heuristic,1,8,5.7474987506866455
Heuristic__VS__AlphaBeta-new-d3__GAME__141,Heuristic,AlphaBeta-new-d3,141,True,Heuristic,-1,6,3.845334053039551
Heuristic__VS__AlphaBeta-new-d3__GAME__142,Heuristic,AlphaBeta-new-d3,142,False,Heuristic,1,9,6.070440053939819
Heuristic__VS__AlphaBeta-new-d3__GAME__143,Heuristic,AlphaBeta-new-d3,143,True,Heuristic,-1,10,6.954167366027832
Heuristic__VS__AlphaBeta-new-d3__GAME__144,Heuristic,AlphaBeta-new-d3,144,False,Heuristic,1,7,4.517640113830566
Heuristic__VS__AlphaBeta-new-d3__GAME__145,Heuristic,AlphaBeta-new-d3,145,True,Heuristic,-1,12,8.86858320236206
Heuristic__VS__AlphaBeta-new-d3__GAME__146,Heuristic,AlphaBeta-new-d3,146,False,Heuristic,1,5,2.38066029548645
Heuristic__VS__AlphaBeta-new-d3__GAME__147,Heuristic,AlphaBeta-new-d3,147,True,Heuristic,-1,5,3.150634765625
Heuristic__VS__AlphaBeta-new-d3__GAME__148,Heuristic,AlphaBeta-new-d3,148,False,Heuristic,1,7,3.993647575378418
Heuristic__VS__AlphaBeta-new-d3__GAME__149,Heuristic,AlphaBeta-new-d3,149,True,Heuristic,-1,8,4.537658452987671
Heuristic__VS__AlphaBeta-new-d3__GAME__150,Heuristic,AlphaBeta-new-d3,150,False,Heuristic,1,7,3.7362513542175293
Heuristic__VS__AlphaBeta-new-d3__GAME__151,Heuristic,AlphaBeta-new-d3,151,True,AlphaBeta-new-d3,1,7,4.840870141983032
Heuristic__VS__AlphaBeta-new-d3__GAME__152,Heuristic,AlphaBeta-new-d3,152,False,Heuristic,1,11,7.735362768173218
Heuristic__VS__AlphaBeta-new-d3__GAME__153,Heuristic,AlphaBeta-new-d3,153,True,Heuristic,-1,8,6.4280619621276855
Heuristic__VS__AlphaBeta-new-d3__GAME__154,Heuristic,AlphaBeta-new-d3,154,False,Heuristic,1,8,6.743841886520386
Heuristic__VS__AlphaBeta-new-d3__GAME__155,Heuristic,AlphaBeta-new-d3,155,True,Heuristic,-1,5,3.3261702060699463
Heuristic__VS__AlphaBeta-new-d3__GAME__156,Heuristic,AlphaBeta-new-d3,156,False,Heuristic,1,7,3.833787202835083
Heuristic__VS__AlphaBeta-new-d3__GAME__157,Heuristic,AlphaBeta-new-d3,157,True,Heuristic,-1,8,5.658974885940552
Heuristic__VS__AlphaBeta-new-d3__GAME__158,Heuristic,AlphaBeta-new-d3,158,False,Heuristic,1,7,4.775665521621704
Heuristic__VS__AlphaBeta-new-d3__GAME__159,Heuristic,AlphaBeta-new-d3,159,True,Heuristic,-1,10,6.502174615859985
Heuristic__VS__AlphaBeta-new-d3__GAME__160,Heuristic,AlphaBeta-new-d3,160,False,Heuristic,1,11,8.9537034034729
Heuristic__VS__AlphaBeta-new-d3__GAME__161,Heuristic,AlphaBeta-new-d3,161,True,Heuristic,-1,7,6.4145989418029785
Heuristic__VS__AlphaBeta-new-d3__GAME__162,Heuristic,AlphaBeta-new-d3,162,False,Heuristic,1,5,2.417510509490967
Heuristic__VS__AlphaBeta-new-d3__GAME__163,Heuristic,AlphaBeta-new-d3,163,True,Heuristic,-1,6,3.5590250492095947
Heuristic__VS__AlphaBeta-new-d3__GAME__164,Heuristic,AlphaBeta-new-d3,164,False,Heuristic,1,4,2.3065524101257324
Heuristic__VS__AlphaBeta-new-d3__GAME__165,Heuristic,AlphaBeta-new-d3,165,True,Heuristic,-1,6,4.2998435497283936
Heuristic__VS__AlphaBeta-new-d3__GAME__166,Heuristic,AlphaBeta-new-d3,166,False,Heuristic,1,5,2.7528440952301025
Heuristic__VS__AlphaBeta-new-d3__GAME__167,Heuristic,AlphaBeta-new-d3,167,True,Heuristic,-1,6,3.0935487747192383
Heuristic__VS__AlphaBeta-new-d3__GAME__168,Heuristic,AlphaBeta-new-d3,168,False,Heuristic,1,7,4.210195302963257
Heuristic__VS__AlphaBeta-new-d3__GAME__169,Heuristic,AlphaBeta-new-d3,169,True,Heuristic,-1,6,4.161815166473389
Heuristic__VS__AlphaBeta-new-d3__GAME__170,Heuristic,AlphaBeta-new-d3,170,False,Heuristic,1,7,4.535747289657593
Heuristic__VS__AlphaBeta-new-d3__GAME__171,Heuristic,AlphaBeta-new-d3,171,True,Heuristic,-1,16,17.355268955230713
Heuristic__VS__AlphaBeta-new-d3__GAME__172,Heuristic,AlphaBeta-new-d3,172,False,Heuristic,1,17,13.710479497909546
Heuristic__VS__AlphaBeta-new-d3__GAME__173,Heuristic,AlphaBeta-new-d3,173,True,Heuristic,-1,6,4.736599683761597
Heuristic__VS__AlphaBeta-new-d3__GAME__174,Heuristic,AlphaBeta-new-d3,174,False,Heuristic,1,6,3.1222786903381348
Heuristic__VS__AlphaBeta-new-d3__GAME__175,Heuristic,AlphaBeta-new-d3,175,True,Heuristic,-1,6,3.6706223487854004
Heuristic__VS__AlphaBeta-new-d3__GAME__176,Heuristic,AlphaBeta-new-d3,176,False,Heuristic,1,13,11.015805721282959
Heuristic__VS__AlphaBeta-new-d3__GAME__177,Heuristic,AlphaBeta-new-d3,177,True,Heuristic,-1,8,5.330891847610474
Heuristic__VS__AlphaBeta-new-d3__GAME__178,Heuristic,AlphaBeta-new-d3,178,False,Heuristic,1,6,3.8982932567596436
Heuristic__VS__AlphaBeta-new-d3__GAME__179,Heuristic,AlphaBeta-new-d3,179,True,AlphaBeta-new-d3,1,9,5.885174036026001
Heuristic__VS__AlphaBeta-new-d3__GAME__180,Heuristic,AlphaBeta-new-d3,180,False,Heuristic,1,11,8.357986211776733
Heuristic__VS__AlphaBeta-new-d3__GAME__181,Heuristic,AlphaBeta-new-d3,181,True,Heuristic,-1,8,6.193435430526733
Heuristic__VS__AlphaBeta-new-d3__GAME__182,Heuristic,AlphaBeta-new-d3,182,False,Heuristic,1,15,13.415907621383667
Heuristic__VS__AlphaBeta-new-d3__GAME__183,Heuristic,AlphaBeta-new-d3,183,True,Heuristic,-1,8,5.492790460586548
Heuristic__VS__AlphaBeta-new-d3__GAME__184,Heuristic,AlphaBeta-new-d3,184,False,Heuristic,1,9,6.962734222412109
Heuristic__VS__AlphaBeta-new-d3__GAME__185,Heuristic,AlphaBeta-new-d3,185,True,Heuristic,-1,7,6.356729745864868
Heuristic__VS__AlphaBeta-new-d3__GAME__186,Heuristic,AlphaBeta-new-d3,186,False,Heuristic,1,6,4.827315807342529
Heuristic__VS__AlphaBeta-new-d3__GAME__187,Heuristic,AlphaBeta-new-d3,187,True,Heuristic,-1,6,3.7990562915802
Heuristic__VS__AlphaBeta-new-d3__GAME__188,Heuristic,AlphaBeta-new-d3,188,False,Heuristic,1,7,5.907471418380737
Heuristic__VS__AlphaBeta-new-d3__GAME__189,Heuristic,AlphaBeta-new-d3,189,True,Heuristic,-1,6,3.6527016162872314
Heuristic__VS__AlphaBeta-new-d3__GAME__190,Heuristic,AlphaBeta-new-d3,190,False,Heuristic,1,5,3.764709234237671
Heuristic__VS__AlphaBeta-new-d3__GAME__191,Heuristic,AlphaBeta-new-d3,191,True,Heuristic,-1,8,6.352442979812622
Heuristic__VS__AlphaBeta-new-d3__GAME__192,Heuristic,AlphaBeta-new-d3,192,False,Heuristic,1,7,4.805396556854248
Heuristic__VS__AlphaBeta-new-d3__GAME__193,Heuristic,AlphaBeta-new-d3,193,True,Heuristic,-1,8,6.637221336364746
Heuristic__VS__AlphaBeta-new-d3__GAME__194,Heuristic,AlphaBeta-new-d3,194,False,Heuristic,1,7,5.236843824386597
Heuristic__VS__AlphaBeta-new-d3__GAME__195,Heuristic,AlphaBeta-new-d3,195,True,Heuristic,-1,6,4.824319839477539
Heuristic__VS__AlphaBeta-new-d3__GAME__196,Heuristic,AlphaBeta-new-d3,196,False,Heuristic,1,6,4.593198776245117
Heuristic__VS__AlphaBeta-new-d3__GAME__197,Heuristic,AlphaBeta-new-d3,197,True,Heuristic,-1,14,14.148934841156006
Heuristic__VS__AlphaBeta-new-d3__GAME__198,Heuristic,AlphaBeta-new-d3,198,False,Heuristic,1,9,7.6548919677734375
Heuristic__VS__AlphaBeta-new-d3__GAME__199,Heuristic,AlphaBeta-new-d3,199,True,Heuristic,-1,6,4.570285797119141
Heuristic__VS__MCTS-old-100__GAME__0,Heuristic,MCTS-old-100,0,False,Heuristic,1,6,4.715649604797363
Heuristic__VS__MCTS-old-100__GAME__1,Heuristic,MCTS-old-100,1,True,Heuristic,-1,14,15.20566463470459
Heuristic__VS__MCTS-old-100__GAME__2,Heuristic,MCTS-old-100,2,False,Heuristic,1,4,2.9132301807403564
Heuristic__VS__MCTS-old-100__GAME__3,Heuristic,MCTS-old-100,3,True,Heuristic,-1,20,30.70232653617859
Heuristic__VS__MCTS-old-100__GAME__4,Heuristic,MCTS-old-100,4,False,Heuristic,1,6,4.535113334655762
Heuristic__VS__MCTS-old-100__GAME__5,Heuristic,MCTS-old-100,5,True,Heuristic,-1,23,28.00344753265381
Heuristic__VS__MCTS-old-100__GAME__6,Heuristic,MCTS-old-100,6,False,Heuristic,1,10,9.70704984664917
Heuristic__VS__MCTS-old-100__GAME__7,Heuristic,MCTS-old-100,7,True,Heuristic,-1,6,5.01454758644104
Heuristic__VS__MCTS-old-100__GAME__8,Heuristic,MCTS-old-100,8,False,Heuristic,1,7,5.559473037719727
Heuristic__VS__MCTS-old-100__GAME__9,Heuristic,MCTS-old-100,9,True,Heuristic,-1,13,14.676696538925171
Heuristic__VS__MCTS-old-100__GAME__10,Heuristic,MCTS-old-100,10,False,Heuristic,1,6,4.531566381454468
Heuristic__VS__MCTS-old-100__GAME__11,Heuristic,MCTS-old-100,11,True,Heuristic,-1,11,10.041539192199707
Heuristic__VS__MCTS-old-100__GAME__12,Heuristic,MCTS-old-100,12,False,Heuristic,1,19,23.05075716972351
Heuristic__VS__MCTS-old-100__GAME__13,Heuristic,MCTS-old-100,13,True,Heuristic,-1,6,4.482524394989014
Heuristic__VS__MCTS-old-100__GAME__14,Heuristic,MCTS-old-100,14,False,Heuristic,1,6,4.832500457763672
Heuristic__VS__MCTS-old-100__GAME__15,Heuristic,MCTS-old-100,15,True,Heuristic,-1,7,7.055570602416992
Heuristic__VS__MCTS-old-100__GAME__16,Heuristic,MCTS-old-100,16,False,Heuristic,1,7,5.017487287521362
Heuristic__VS__MCTS-old-100__GAME__17,Heuristic,MCTS-old-100,17,True,MCTS-old-100,1,9,7.867740869522095
Heuristic__VS__MCTS-old-100__GAME__18,Heuristic,MCTS-old-100,18,False,Heuristic,1,6,4.624988555908203
Heuristic__VS__MCTS-old-100__GAME__19,Heuristic,MCTS-old-100,19,True,Heuristic,-1,14,15.263550996780396
Heuristic__VS__MCTS-old-100__GAME__20,Heuristic,MCTS-old-100,20,False,Heuristic,1,4,2.864299774169922
Heuristic__VS__MCTS-old-100__GAME__21,Heuristic,MCTS-old-100,21,True,Heuristic,-1,9,7.774653911590576
Heuristic__VS__MCTS-old-100__GAME__22,Heuristic,MCTS-old-100,22,False,Heuristic,1,13,12.699724674224854
Heuristic__VS__MCTS-old-100__GAME__23,Heuristic,MCTS-old-100,23,True,Heuristic,-1,5,4.314951658248901
Heuristic__VS__MCTS-old-100__GAME__24,Heuristic,MCTS-old-100,24,False,MCTS-old-100,-1,8,5.6304333209991455
Heuristic__VS__MCTS-old-100__GAME__25,Heuristic,MCTS-old-100,25,True,Heuristic,-1,17,20.86291003227234
Heuristic__VS__MCTS-old-100__GAME__26,Heuristic,MCTS-old-100,26,False,Heuristic,1,8,6.8630945682525635
Heuristic__VS__MCTS-old-100__GAME__27,Heuristic,MCTS-old-100,27,True,Heuristic,-1,8,6.672773122787476
Heuristic__VS__MCTS-old-100__GAME__28,Heuristic,MCTS-old-100,28,False,Heuristic,1,9,8.684869766235352
Heuristic__VS__MCTS-old-100__GAME__29,Heuristic,MCTS-old-100,29,True,Heuristic,-1,6,4.980851650238037
Heuristic__VS__MCTS-old-100__GAME__30,Heuristic,MCTS-old-100,30,False,Heuristic,1,14,17.645421266555786
Heuristic__VS__MCTS-old-100__GAME__31,Heuristic,MCTS-old-100,31,True,MCTS-old-100,1,9,8.523287534713745
Heuristic__VS__MCTS-old-100__GAME__32,Heuristic,MCTS-old-100,32,False,Heuristic,1,10,10.726489305496216
Heuristic__VS__MCTS-old-100__GAME__33,Heuristic,MCTS-old-100,33,True,Heuristic,-1,12,12.669384956359863
Heuristic__VS__MCTS-old-100__GAME__34,Heuristic,MCTS-old-100,34,False,Heuristic,1,6,4.699870347976685
Heuristic__VS__MCTS-old-100__GAME__35,Heuristic,MCTS-old-100,35,True,Heuristic,-1,15,19.52831530570984
Heuristic__VS__MCTS-old-100__GAME__36,Heuristic,MCTS-old-100,36,False,Heuristic,1,8,7.30443811416626
Heuristic__VS__MCTS-old-100__GAME__37,Heuristic,MCTS-old-100,37,True,Heuristic,-1,16,15.782234907150269
Heuristic__VS__MCTS-old-100__GAME__38,Heuristic,MCTS-old-100,38,False,Heuristic,1,7,4.858148813247681
Heuristic__VS__MCTS-old-100__GAME__39,Heuristic,MCTS-old-100,39,True,MCTS-old-100,1,15,21.42093586921692
Heuristic__VS__MCTS-old-100__GAME__40,Heuristic,MCTS-old-100,40,False,Heuristic,1,15,14.06751012802124
Heuristic__VS__MCTS-old-100__GAME__41,Heuristic,MCTS-old-100,41,True,Heuristic,-1,9,7.391170978546143
Heuristic__VS__MCTS-old-100__GAME__42,Heuristic,MCTS-old-100,42,False,Heuristic,1,15,16.079416275024414
Heuristic__VS__MCTS-old-100__GAME__43,Heuristic,MCTS-old-100,43,True,Heuristic,-1,14,17.189292192459106
Heuristic__VS__MCTS-old-100__GAME__44,Heuristic,MCTS-old-100,44,False,Heuristic,1,4,2.9374945163726807
Heuristic__VS__MCTS-old-100__GAME__45,Heuristic,MCTS-old-100,45,True,Heuristic,-1,9,7.550988674163818
Heuristic__VS__MCTS-old-100__GAME__46,Heuristic,MCTS-old-100,46,False,Heuristic,1,6,4.5124571323394775
Heuristic__VS__MCTS-old-100__GAME__47,Heuristic,MCTS-old-100,47,True,MCTS-old-100,1,19,23.829875707626343
Heuristic__VS__MCTS-old-100__GAME__48,Heuristic,MCTS-old-100,48,False,Heuristic,1,7,5.334317684173584
Heuristic__VS__MCTS-old-100__GAME__49,Heuristic,MCTS-old-100,49,True,Heuristic,-1,8,6.5350353717803955
Heuristic__VS__MCTS-old-100__GAME__50,Heuristic,MCTS-old-100,50,False,Heuristic,1,19,26.514835834503174
Heuristic__VS__MCTS-old-100__GAME__51,Heuristic,MCTS-old-100,51,True,Heuristic,-1,16,16.213688373565674
Heuristic__VS__MCTS-old-100__GAME__52,Heuristic,MCTS-old-100,52,False,draw,0,50,76.14511728286743
Heuristic__VS__MCTS-old-100__GAME__53,Heuristic,MCTS-old-100,53,True,Heuristic,-1,7,6.512661457061768
Heuristic__VS__MCTS-old-100__GAME__54,Heuristic,MCTS-old-100,54,False,Heuristic,1,18,20.495980978012085
Heuristic__VS__MCTS-old-100__GAME__55,Heuristic,MCTS-old-100,55,True,Heuristic,-1,10,8.623282194137573
Heuristic__VS__MCTS-old-100__GAME__56,Heuristic,MCTS-old-100,56,False,Heuristic,1,9,7.199702978134155
Heuristic__VS__MCTS-old-100__GAME__57,Heuristic,MCTS-old-100,57,True,MCTS-old-100,1,9,8.571208000183105
Heuristic__VS__MCTS-old-100__GAME__58,Heuristic,MCTS-old-100,58,False,Heuristic,1,11,9.858181238174438
Heuristic__VS__MCTS-old-100__GAME__59,Heuristic,MCTS-old-100,59,True,Heuristic,-1,18,20.34333086013794
Heuristic__VS__MCTS-old-100__GAME__60,Heuristic,MCTS-old-100,60,False,Heuristic,1,9,7.414853811264038
Heuristic__VS__MCTS-old-100__GAME__61,Heuristic,MCTS-old-100,61,True,Heuristic,-1,14,17.330845594406128
Heuristic__VS__MCTS-old-100__GAME__62,Heuristic,MCTS-old-100,62,False,Heuristic,1,6,5.210978031158447
Heuristic__VS__MCTS-old-100__GAME__63,Heuristic,MCTS-old-100,63,True,Heuristic,-1,26,44.08860397338867
Heuristic__VS__MCTS-old-100__GAME__64,Heuristic,MCTS-old-100,64,False,Heuristic,1,17,20.33029556274414
Heuristic__VS__MCTS-old-100__GAME__65,Heuristic,MCTS-old-100,65,True,Heuristic,-1,10,9.162505149841309
Heuristic__VS__MCTS-old-100__GAME__66,Heuristic,MCTS-old-100,66,False,Heuristic,1,6,4.459719657897949
Heuristic__VS__MCTS-old-100__GAME__67,Heuristic,MCTS-old-100,67,True,Heuristic,-1,20,27.003233671188354
Heuristic__VS__MCTS-old-100__GAME__68,Heuristic,MCTS-old-100,68,False,Heuristic,1,6,4.570739507675171
Heuristic__VS__MCTS-old-100__GAME__69,Heuristic,MCTS-old-100,69,True,Heuristic,-1,10,11.401175022125244
Heuristic__VS__MCTS-old-100__GAME__70,Heuristic,MCTS-old-100,70,False,Heuristic,1,15,17.657341957092285
Heuristic__VS__MCTS-old-100__GAME__71,Heuristic,MCTS-old-100,71,True,Heuristic,-1,10,10.620627164840698
Heuristic__VS__MCTS-old-100__GAME__72,Heuristic,MCTS-old-100,72,False,MCTS-old-100,-1,12,10.999151468276978
Heuristic__VS__MCTS-old-100__GAME__73,Heuristic,MCTS-old-100,73,True,Heuristic,-1,22,35.288893699645996
Heuristic__VS__MCTS-old-100__GAME__74,Heuristic,MCTS-old-100,74,False,Heuristic,1,30,45.3150372505188
Heuristic__VS__MCTS-old-100__GAME__75,Heuristic,MCTS-old-100,75,True,MCTS-old-100,1,21,27.667758464813232
Heuristic__VS__MCTS-old-100__GAME__76,Heuristic,MCTS-old-100,76,False,Heuristic,1,17,18.14167070388794
Heuristic__VS__MCTS-old-100__GAME__77,Heuristic,MCTS-old-100,77,True,Heuristic,-1,7,5.844916582107544
Heuristic__VS__MCTS-old-100__GAME__78,Heuristic,MCTS-old-100,78,False,Heuristic,1,6,4.584750413894653
Heuristic__VS__MCTS-old-100__GAME__79,Heuristic,MCTS-old-100,79,True,Heuristic,-1,16,23.307868480682373
Heuristic__VS__MCTS-old-100__GAME__80,Heuristic,MCTS-old-100,80,False,Heuristic,1,9,7.003685235977173
Heuristic__VS__MCTS-old-100__GAME__81,Heuristic,MCTS-old-100,81,True,Heuristic,-1,8,7.129332542419434
Heuristic__VS__MCTS-old-100__GAME__82,Heuristic,MCTS-old-100,82,False,Heuristic,1,8,7.680830717086792
Heuristic__VS__MCTS-old-100__GAME__83,Heuristic,MCTS-old-100,83,True,Heuristic,-1,5,4.113771915435791
Heuristic__VS__MCTS-old-100__GAME__84,Heuristic,MCTS-old-100,84,False,Heuristic,1,9,8.312719583511353
Heuristic__VS__MCTS-old-100__GAME__85,Heuristic,MCTS-old-100,85,True,Heuristic,-1,17,23.50839376449585
Heuristic__VS__MCTS-old-100__GAME__86,Heuristic,MCTS-old-100,86,False,Heuristic,1,6,4.612568140029907
Heuristic__VS__MCTS-old-100__GAME__87,Heuristic,MCTS-old-100,87,True,Heuristic,-1,10,10.057531356811523
Heuristic__VS__MCTS-old-100__GAME__88,Heuristic,MCTS-old-100,88,False,Heuristic,1,15,17.081140279769897
Heuristic__VS__MCTS-old-100__GAME__89,Heuristic,MCTS-old-100,89,True,MCTS-old-100,1,13,13.631542205810547
Heuristic__VS__MCTS-old-100__GAME__90,Heuristic,MCTS-old-100,90,False,Heuristic,1,12,12.566877603530884
Heuristic__VS__MCTS-old-100__GAME__91,Heuristic,MCTS-old-100,91,True,MCTS-old-100,1,13,14.196712970733643
Heuristic__VS__MCTS-old-100__GAME__92,Heuristic,MCTS-old-100,92,False,Heuristic,1,6,4.503222465515137
Heuristic__VS__MCTS-old-100__GAME__93,Heuristic,MCTS-old-100,93,True,Heuristic,-1,10,9.264477491378784
Heuristic__VS__MCTS-old-100__GAME__94,Heuristic,MCTS-old-100,94,False,Heuristic,1,6,4.218864440917969
Heuristic__VS__MCTS-old-100__GAME__95,Heuristic,MCTS-old-100,95,True,Heuristic,-1,5,4.561682939529419
Heuristic__VS__MCTS-old-100__GAME__96,Heuristic,MCTS-old-100,96,False,Heuristic,1,5,3.1606285572052
Heuristic__VS__MCTS-old-100__GAME__97,Heuristic,MCTS-old-100,97,True,Heuristic,-1,11,12.085999965667725
Heuristic__VS__MCTS-old-100__GAME__98,Heuristic,MCTS-old-100,98,False,MCTS-old-100,-1,26,47.96195983886719
Heuristic__VS__MCTS-old-100__GAME__99,Heuristic,MCTS-old-100,99,True,Heuristic,-1,7,5.798758506774902
Heuristic__VS__MCTS-old-100__GAME__100,Heuristic,MCTS-old-100,100,False,Heuristic,1,11,10.047673463821411
Heuristic__VS__MCTS-old-100__GAME__101,Heuristic,MCTS-old-100,101,True,Heuristic,-1,5,4.208249092102051
Heuristic__VS__MCTS-old-100__GAME__102,Heuristic,MCTS-old-100,102,False,Heuristic,1,11,10.696779489517212
Heuristic__VS__MCTS-old-100__GAME__103,Heuristic,MCTS-old-100,103,True,MCTS-old-100,1,9,7.665632963180542
Heuristic__VS__MCTS-old-100__GAME__104,Heuristic,MCTS-old-100,104,False,Heuristic,1,6,4.751570701599121
Heuristic__VS__MCTS-old-100__GAME__105,Heuristic,MCTS-old-100,105,True,Heuristic,-1,5,4.436243534088135
Heuristic__VS__MCTS-old-100__GAME__106,Heuristic,MCTS-old-100,106,False,Heuristic,1,39,72.95552706718445
Heuristic__VS__MCTS-old-100__GAME__107,Heuristic,MCTS-old-100,107,True,Heuristic,-1,26,49.327953815460205
Heuristic__VS__MCTS-old-100__GAME__108,Heuristic,MCTS-old-100,108,False,Heuristic,1,9,7.525397777557373
Heuristic__VS__MCTS-old-100__GAME__109,Heuristic,MCTS-old-100,109,True,MCTS-old-100,1,9,8.515731573104858
Heuristic__VS__MCTS-old-100__GAME__110,Heuristic,MCTS-old-100,110,False,Heuristic,1,14,13.337246179580688
Heuristic__VS__MCTS-old-100__GAME__111,Heuristic,MCTS-old-100,111,True,Heuristic,-1,13,15.145586967468262
Heuristic__VS__MCTS-old-100__GAME__112,Heuristic,MCTS-old-100,112,False,MCTS-old-100,-1,12,12.280457496643066
Heuristic__VS__MCTS-old-100__GAME__113,Heuristic,MCTS-old-100,113,True,Heuristic,-1,18,24.127920150756836
Heuristic__VS__MCTS-old-100__GAME__114,Heuristic,MCTS-old-100,114,False,Heuristic,1,7,4.993378639221191
Heuristic__VS__MCTS-old-100__GAME__115,Heuristic,MCTS-old-100,115,True,Heuristic,-1,5,4.176807880401611
Heuristic__VS__MCTS-old-100__GAME__116,Heuristic,MCTS-old-100,116,False,Heuristic,1,8,7.007331371307373
Heuristic__VS__MCTS-old-100__GAME__117,Heuristic,MCTS-old-100,117,True,Heuristic,-1,5,4.7662272453308105
Heuristic__VS__MCTS-old-100__GAME__118,Heuristic,MCTS-old-100,118,False,Heuristic,1,6,4.702246427536011
Heuristic__VS__MCTS-old-100__GAME__119,Heuristic,MCTS-old-100,119,True,Heuristic,-1,16,17.552819967269897
Heuristic__VS__MCTS-old-100__GAME__120,Heuristic,MCTS-old-100,120,False,Heuristic,1,4,2.7886836528778076
Heuristic__VS__MCTS-old-100__GAME__121,Heuristic,MCTS-old-100,121,True,Heuristic,-1,9,8.25298810005188
Heuristic__VS__MCTS-old-100__GAME__122,Heuristic,MCTS-old-100,122,False,Heuristic,1,6,4.751259088516235
Heuristic__VS__MCTS-old-100__GAME__123,Heuristic,MCTS-old-100,123,True,Heuristic,-1,5,4.205618143081665
Heuristic__VS__MCTS-old-100__GAME__124,Heuristic,MCTS-old-100,124,False,Heuristic,1,6,4.538132667541504
Heuristic__VS__MCTS-old-100__GAME__125,Heuristic,MCTS-old-100,125,True,Heuristic,-1,13,11.990310192108154
Heuristic__VS__MCTS-old-100__GAME__126,Heuristic,MCTS-old-100,126,False,Heuristic,1,6,4.8193519115448
Heuristic__VS__MCTS-old-100__GAME__127,Heuristic,MCTS-old-100,127,True,Heuristic,-1,10,10.401962995529175
Heuristic__VS__MCTS-old-100__GAME__128,Heuristic,MCTS-old-100,128,False,Heuristic,1,9,7.589858055114746
Heuristic__VS__MCTS-old-100__GAME__129,Heuristic,MCTS-old-100,129,True,Heuristic,-1,5,4.204678535461426
Heuristic__VS__MCTS-old-100__GAME__130,Heuristic,MCTS-old-100,130,False,Heuristic,1,6,4.469654321670532
Heuristic__VS__MCTS-old-100__GAME__131,Heuristic,MCTS-old-100,131,True,Heuristic,-1,8,7.368440628051758
Heuristic__VS__MCTS-old-100__GAME__132,Heuristic,MCTS-old-100,132,False,Heuristic,1,12,11.794929265975952
Heuristic__VS__MCTS-old-100__GAME__133,Heuristic,MCTS-old-100,133,True,Heuristic,-1,9,7.7480409145355225
Heuristic__VS__MCTS-old-100__GAME__134,Heuristic,MCTS-old-100,134,False,Heuristic,1,7,4.889833688735962
Heuristic__VS__MCTS-old-100__GAME__135,Heuristic,MCTS-old-100,135,True,Heuristic,-1,10,10.516727924346924
Heuristic__VS__MCTS-old-100__GAME__136,Heuristic,MCTS-old-100,136,False,Heuristic,1,7,4.924731254577637
Heuristic__VS__MCTS-old-100__GAME__137,Heuristic,MCTS-old-100,137,True,Heuristic,-1,5,4.161282300949097
Heuristic__VS__MCTS-old-100__GAME__138,Heuristic,MCTS-old-100,138,False,Heuristic,1,8,6.882025241851807
Heuristic__VS__MCTS-old-100__GAME__139,Heuristic,MCTS-old-100,139,True,Heuristic,-1,9,8.583635568618774
Heuristic__VS__MCTS-old-100__GAME__140,Heuristic,MCTS-old-100,140,False,Heuristic,1,6,4.698843717575073
Heuristic__VS__MCTS-old-100__GAME__141,Heuristic,MCTS-old-100,141,True,Heuristic,-1,20,32.781567096710205
Heuristic__VS__MCTS-old-100__GAME__142,Heuristic,MCTS-old-100,142,False,Heuristic,1,6,4.790468692779541
Heuristic__VS__MCTS-old-100__GAME__143,Heuristic,MCTS-old-100,143,True,Heuristic,-1,5,4.462716102600098
Heuristic__VS__MCTS-old-100__GAME__144,Heuristic,MCTS-old-100,144,False,Heuristic,1,10,8.592031002044678
Heuristic__VS__MCTS-old-100__GAME__145,Heuristic,MCTS-old-100,145,True,MCTS-old-100,1,9,8.066987037658691
Heuristic__VS__MCTS-old-100__GAME__146,Heuristic,MCTS-old-100,146,False,Heuristic,1,13,13.316950559616089
Heuristic__VS__MCTS-old-100__GAME__147,Heuristic,MCTS-old-100,147,True,MCTS-old-100,1,9,7.83402419090271
Heuristic__VS__MCTS-old-100__GAME__148,Heuristic,MCTS-old-100,148,False,Heuristic,1,8,8.252602815628052
Heuristic__VS__MCTS-old-100__GAME__149,Heuristic,MCTS-old-100,149,True,Heuristic,-1,7,6.424263954162598
Heuristic__VS__MCTS-old-100__GAME__150,Heuristic,MCTS-old-100,150,False,Heuristic,1,17,19.893566131591797
Heuristic__VS__MCTS-old-100__GAME__151,Heuristic,MCTS-old-100,151,True,Heuristic,-1,8,6.955175161361694
Heuristic__VS__MCTS-old-100__GAME__152,Heuristic,MCTS-old-100,152,False,Heuristic,1,12,11.08471965789795
Heuristic__VS__MCTS-old-100__GAME__153,Heuristic,MCTS-old-100,153,True,Heuristic,-1,11,10.061721801757812
Heuristic__VS__MCTS-old-100__GAME__154,Heuristic,MCTS-old-100,154,False,Heuristic,1,6,4.616584777832031
Heuristic__VS__MCTS-old-100__GAME__155,Heuristic,MCTS-old-100,155,True,Heuristic,-1,24,37.4111545085907
Heuristic__VS__MCTS-old-100__GAME__156,Heuristic,MCTS-old-100,156,False,Heuristic,1,13,14.302587747573853
Heuristic__VS__MCTS-old-100__GAME__157,Heuristic,MCTS-old-100,157,True,Heuristic,-1,10,9.174957990646362
Heuristic__VS__MCTS-old-100__GAME__158,Heuristic,MCTS-old-100,158,False,Heuristic,1,13,13.374539852142334
Heuristic__VS__MCTS-old-100__GAME__159,Heuristic,MCTS-old-100,159,True,Heuristic,-1,7,6.591997146606445
Heuristic__VS__MCTS-old-100__GAME__160,Heuristic,MCTS-old-100,160,False,MCTS-old-100,-1,18,22.917146921157837
Heuristic__VS__MCTS-old-100__GAME__161,Heuristic,MCTS-old-100,161,True,Heuristic,-1,6,4.898895978927612
Heuristic__VS__MCTS-old-100__GAME__162,Heuristic,MCTS-old-100,162,False,MCTS-old-100,-1,32,62.64192056655884
Heuristic__VS__MCTS-old-100__GAME__163,Heuristic,MCTS-old-100,163,True,MCTS-old-100,1,7,6.380670547485352
Heuristic__VS__MCTS-old-100__GAME__164,Heuristic,MCTS-old-100,164,False,Heuristic,1,9,8.544230461120605
Heuristic__VS__MCTS-old-100__GAME__165,Heuristic,MCTS-old-100,165,True,Heuristic,-1,30,51.47955250740051
Heuristic__VS__MCTS-old-100__GAME__166,Heuristic,MCTS-old-100,166,False,Heuristic,1,6,4.74841833114624
Heuristic__VS__MCTS-old-100__GAME__167,Heuristic,MCTS-old-100,167,True,draw,0,50,64.6354455947876
Heuristic__VS__MCTS-old-100__GAME__168,Heuristic,MCTS-old-100,168,False,Heuristic,1,6,4.693801164627075
Heuristic__VS__MCTS-old-100__GAME__169,Heuristic,MCTS-old-100,169,True,MCTS-old-100,1,9,8.211530447006226
Heuristic__VS__MCTS-old-100__GAME__170,Heuristic,MCTS-old-100,170,False,Heuristic,1,6,4.650043964385986
Heuristic__VS__MCTS-old-100__GAME__171,Heuristic,MCTS-old-100,171,True,Heuristic,-1,11,12.183311700820923
Heuristic__VS__MCTS-old-100__GAME__172,Heuristic,MCTS-old-100,172,False,Heuristic,1,4,3.0096805095672607
Heuristic__VS__MCTS-old-100__GAME__173,Heuristic,MCTS-old-100,173,True,Heuristic,-1,8,7.060794115066528
Heuristic__VS__MCTS-old-100__GAME__174,Heuristic,MCTS-old-100,174,False,Heuristic,1,11,10.965689420700073
Heuristic__VS__MCTS-old-100__GAME__175,Heuristic,MCTS-old-100,175,True,Heuristic,-1,5,4.5316948890686035
Heuristic__VS__MCTS-old-100__GAME__176,Heuristic,MCTS-old-100,176,False,Heuristic,1,10,11.449472904205322
Heuristic__VS__MCTS-old-100__GAME__177,Heuristic,MCTS-old-100,177,True,Heuristic,-1,12,13.143088817596436
Heuristic__VS__MCTS-old-100__GAME__178,Heuristic,MCTS-old-100,178,False,Heuristic,1,11,10.01594066619873
Heuristic__VS__MCTS-old-100__GAME__179,Heuristic,MCTS-old-100,179,True,Heuristic,-1,17,18.535544872283936
Heuristic__VS__MCTS-old-100__GAME__180,Heuristic,MCTS-old-100,180,False,Heuristic,1,4,2.911337375640869
Heuristic__VS__MCTS-old-100__GAME__181,Heuristic,MCTS-old-100,181,True,Heuristic,-1,14,18.476617336273193
Heuristic__VS__MCTS-old-100__GAME__182,Heuristic,MCTS-old-100,182,False,Heuristic,1,4,2.8917877674102783
Heuristic__VS__MCTS-old-100__GAME__183,Heuristic,MCTS-old-100,183,True,MCTS-old-100,1,9,9.136138439178467
Heuristic__VS__MCTS-old-100__GAME__184,Heuristic,MCTS-old-100,184,False,draw,0,50,102.1912579536438
Heuristic__VS__MCTS-old-100__GAME__185,Heuristic,MCTS-old-100,185,True,Heuristic,-1,8,6.536900758743286
Heuristic__VS__MCTS-old-100__GAME__186,Heuristic,MCTS-old-100,186,False,Heuristic,1,7,5.2614641189575195
Heuristic__VS__MCTS-old-100__GAME__187,Heuristic,MCTS-old-100,187,True,Heuristic,-1,10,10.247231483459473
Heuristic__VS__MCTS-old-100__GAME__188,Heuristic,MCTS-old-100,188,False,draw,0,50,120.58527255058289
Heuristic__VS__MCTS-old-100__GAME__189,Heuristic,MCTS-old-100,189,True,Heuristic,-1,9,8.541138172149658
Heuristic__VS__MCTS-old-100__GAME__190,Heuristic,MCTS-old-100,190,False,Heuristic,1,6,4.687790155410767
Heuristic__VS__MCTS-old-100__GAME__191,Heuristic,MCTS-old-100,191,True,Heuristic,-1,14,16.36003589630127
Heuristic__VS__MCTS-old-100__GAME__192,Heuristic,MCTS-old-100,192,False,Heuristic,1,13,12.113548994064331
Heuristic__VS__MCTS-old-100__GAME__193,Heuristic,MCTS-old-100,193,True,Heuristic,-1,7,5.792386531829834
Heuristic__VS__MCTS-old-100__GAME__194,Heuristic,MCTS-old-100,194,False,Heuristic,1,17,20.952566146850586
Heuristic__VS__MCTS-old-100__GAME__195,Heuristic,MCTS-old-100,195,True,Heuristic,-1,5,4.917001724243164
Heuristic__VS__MCTS-old-100__GAME__196,Heuristic,MCTS-old-100,196,False,Heuristic,1,7,5.2461676597595215
Heuristic__VS__MCTS-old-100__GAME__197,Heuristic,MCTS-old-100,197,True,Heuristic,-1,5,4.285313844680786
Heuristic__VS__MCTS-old-100__GAME__198,Heuristic,MCTS-old-100,198,False,Heuristic,1,6,5.124541521072388
Heuristic__VS__MCTS-old-100__GAME__199,Heuristic,MCTS-old-100,199,True,MCTS-old-100,1,9,8.745848178863525
Heuristic__VS__MCTS-new-100__GAME__0,Heuristic,MCTS-new-100,0,False,Heuristic,1,8,7.2300028800964355
Heuristic__VS__MCTS-new-100__GAME__1,Heuristic,MCTS-new-100,1,True,Heuristic,-1,6,5.297500371932983
Heuristic__VS__MCTS-new-100__GAME__2,Heuristic,MCTS-new-100,2,False,Heuristic,1,6,4.4179089069366455
Heuristic__VS__MCTS-new-100__GAME__3,Heuristic,MCTS-new-100,3,True,Heuristic,-1,8,8.502597570419312
Heuristic__VS__MCTS-new-100__GAME__4,Heuristic,MCTS-new-100,4,False,Heuristic,1,11,11.485621213912964
Heuristic__VS__MCTS-new-100__GAME__5,Heuristic,MCTS-new-100,5,True,Heuristic,-1,16,19.597561359405518
Heuristic__VS__MCTS-new-100__GAME__6,Heuristic,MCTS-new-100,6,False,Heuristic,1,10,8.604806423187256
Heuristic__VS__MCTS-new-100__GAME__7,Heuristic,MCTS-new-100,7,True,MCTS-new-100,1,9,9.134427309036255
Heuristic__VS__MCTS-new-100__GAME__8,Heuristic,MCTS-new-100,8,False,Heuristic,1,6,4.632176399230957
Heuristic__VS__MCTS-new-100__GAME__9,Heuristic,MCTS-new-100,9,True,Heuristic,-1,5,4.347676515579224
Heuristic__VS__MCTS-new-100__GAME__10,Heuristic,MCTS-new-100,10,False,Heuristic,1,11,10.261903762817383
Heuristic__VS__MCTS-new-100__GAME__11,Heuristic,MCTS-new-100,11,True,draw,0,50,119.89195466041565
Heuristic__VS__MCTS-new-100__GAME__12,Heuristic,MCTS-new-100,12,False,Heuristic,1,8,6.434921741485596
Heuristic__VS__MCTS-new-100__GAME__13,Heuristic,MCTS-new-100,13,True,Heuristic,-1,5,4.3068766593933105
Heuristic__VS__MCTS-new-100__GAME__14,Heuristic,MCTS-new-100,14,False,Heuristic,1,13,13.240112781524658
Heuristic__VS__MCTS-new-100__GAME__15,Heuristic,MCTS-new-100,15,True,MCTS-new-100,1,11,12.242142915725708
Heuristic__VS__MCTS-new-100__GAME__16,Heuristic,MCTS-new-100,16,False,Heuristic,1,19,27.746543645858765
Heuristic__VS__MCTS-new-100__GAME__17,Heuristic,MCTS-new-100,17,True,Heuristic,-1,10,9.418798923492432
Heuristic__VS__MCTS-new-100__GAME__18,Heuristic,MCTS-new-100,18,False,Heuristic,1,9,7.91517448425293
Heuristic__VS__MCTS-new-100__GAME__19,Heuristic,MCTS-new-100,19,True,Heuristic,-1,16,25.773767709732056
Heuristic__VS__MCTS-new-100__GAME__20,Heuristic,MCTS-new-100,20,False,Heuristic,1,29,53.78850769996643
Heuristic__VS__MCTS-new-100__GAME__21,Heuristic,MCTS-new-100,21,True,MCTS-new-100,1,13,16.361982107162476
Heuristic__VS__MCTS-new-100__GAME__22,Heuristic,MCTS-new-100,22,False,Heuristic,1,6,4.877424955368042
Heuristic__VS__MCTS-new-100__GAME__23,Heuristic,MCTS-new-100,23,True,Heuristic,-1,18,23.11209201812744
Heuristic__VS__MCTS-new-100__GAME__24,Heuristic,MCTS-new-100,24,False,Heuristic,1,9,10.533913850784302
Heuristic__VS__MCTS-new-100__GAME__25,Heuristic,MCTS-new-100,25,True,Heuristic,-1,9,10.14205265045166
Heuristic__VS__MCTS-new-100__GAME__26,Heuristic,MCTS-new-100,26,False,Heuristic,1,11,10.490885496139526
Heuristic__VS__MCTS-new-100__GAME__27,Heuristic,MCTS-new-100,27,True,Heuristic,-1,9,11.302781820297241
Heuristic__VS__MCTS-new-100__GAME__28,Heuristic,MCTS-new-100,28,False,Heuristic,1,9,9.746633768081665
Heuristic__VS__MCTS-new-100__GAME__29,Heuristic,MCTS-new-100,29,True,Heuristic,-1,10,9.806763887405396
Heuristic__VS__MCTS-new-100__GAME__30,Heuristic,MCTS-new-100,30,False,Heuristic,1,13,14.437365770339966
Heuristic__VS__MCTS-new-100__GAME__31,Heuristic,MCTS-new-100,31,True,Heuristic,-1,5,4.906317234039307
Heuristic__VS__MCTS-new-100__GAME__32,Heuristic,MCTS-new-100,32,False,Heuristic,1,15,17.19886803627014
Heuristic__VS__MCTS-new-100__GAME__33,Heuristic,MCTS-new-100,33,True,MCTS-new-100,1,7,6.494719743728638
Heuristic__VS__MCTS-new-100__GAME__34,Heuristic,MCTS-new-100,34,False,Heuristic,1,5,3.736589193344116
Heuristic__VS__MCTS-new-100__GAME__35,Heuristic,MCTS-new-100,35,True,Heuristic,-1,8,7.229706525802612
Heuristic__VS__MCTS-new-100__GAME__36,Heuristic,MCTS-new-100,36,False,Heuristic,1,6,4.880872964859009
Heuristic__VS__MCTS-new-100__GAME__37,Heuristic,MCTS-new-100,37,True,Heuristic,-1,12,12.583342552185059
Heuristic__VS__MCTS-new-100__GAME__38,Heuristic,MCTS-new-100,38,False,Heuristic,1,4,2.9936885833740234
Heuristic__VS__MCTS-new-100__GAME__39,Heuristic,MCTS-new-100,39,True,Heuristic,-1,22,33.851221561431885
Heuristic__VS__MCTS-new-100__GAME__40,Heuristic,MCTS-new-100,40,False,Heuristic,1,15,19.162850856781006
Heuristic__VS__MCTS-new-100__GAME__41,Heuristic,MCTS-new-100,41,True,Heuristic,-1,6,4.950484991073608
Heuristic__VS__MCTS-new-100__GAME__42,Heuristic,MCTS-new-100,42,False,draw,0,50,62.58799910545349
Heuristic__VS__MCTS-new-100__GAME__43,Heuristic,MCTS-new-100,43,True,Heuristic,-1,12,12.46994948387146
Heuristic__VS__MCTS-new-100__GAME__44,Heuristic,MCTS-new-100,44,False,Heuristic,1,11,10.910562515258789
Heuristic__VS__MCTS-new-100__GAME__45,Heuristic,MCTS-new-100,45,True,MCTS-new-100,1,13,15.355060577392578
Heuristic__VS__MCTS-new-100__GAME__46,Heuristic,MCTS-new-100,46,False,Heuristic,1,7,5.368978261947632
Heuristic__VS__MCTS-new-100__GAME__47,Heuristic,MCTS-new-100,47,True,Heuristic,-1,6,5.046615123748779
Heuristic__VS__MCTS-new-100__GAME__48,Heuristic,MCTS-new-100,48,False,Heuristic,1,6,4.761719465255737
Heuristic__VS__MCTS-new-100__GAME__49,Heuristic,MCTS-new-100,49,True,Heuristic,-1,7,6.555568218231201
Heuristic__VS__MCTS-new-100__GAME__50,Heuristic,MCTS-new-100,50,False,MCTS-new-100,-1,10,10.100591659545898
Heuristic__VS__MCTS-new-100__GAME__51,Heuristic,MCTS-new-100,51,True,Heuristic,-1,9,8.914786577224731
Heuristic__VS__MCTS-new-100__GAME__52,Heuristic,MCTS-new-100,52,False,Heuristic,1,6,4.7137696743011475
Heuristic__VS__MCTS-new-100__GAME__53,Heuristic,MCTS-new-100,53,True,MCTS-new-100,1,9,9.59022068977356
Heuristic__VS__MCTS-new-100__GAME__54,Heuristic,MCTS-new-100,54,False,Heuristic,1,7,5.134087800979614
Heuristic__VS__MCTS-new-100__GAME__55,Heuristic,MCTS-new-100,55,True,Heuristic,-1,13,17.690327882766724
Heuristic__VS__MCTS-new-100__GAME__56,Heuristic,MCTS-new-100,56,False,Heuristic,1,4,2.9611709117889404
Heuristic__VS__MCTS-new-100__GAME__57,Heuristic,MCTS-new-100,57,True,MCTS-new-100,1,9,9.293071031570435
Heuristic__VS__MCTS-new-100__GAME__58,Heuristic,MCTS-new-100,58,False,Heuristic,1,7,5.134621858596802
Heuristic__VS__MCTS-new-100__GAME__59,Heuristic,MCTS-new-100,59,True,MCTS-new-100,1,9,10.13502836227417
Heuristic__VS__MCTS-new-100__GAME__60,Heuristic,MCTS-new-100,60,False,Heuristic,1,5,3.762197732925415
Heuristic__VS__MCTS-new-100__GAME__61,Heuristic,MCTS-new-100,61,True,Heuristic,-1,7,6.463684558868408
Heuristic__VS__MCTS-new-100__GAME__62,Heuristic,MCTS-new-100,62,False,MCTS-new-100,-1,10,10.132359981536865
Heuristic__VS__MCTS-new-100__GAME__63,Heuristic,MCTS-new-100,63,True,Heuristic,-1,10,10.634018421173096
Heuristic__VS__MCTS-new-100__GAME__64,Heuristic,MCTS-new-100,64,False,Heuristic,1,17,22.79533886909485
Heuristic__VS__MCTS-new-100__GAME__65,Heuristic,MCTS-new-100,65,True,Heuristic,-1,8,7.117401361465454
Heuristic__VS__MCTS-new-100__GAME__66,Heuristic,MCTS-new-100,66,False,Heuristic,1,31,55.968321084976196
Heuristic__VS__MCTS-new-100__GAME__67,Heuristic,MCTS-new-100,67,True,Heuristic,-1,7,7.263608932495117
Heuristic__VS__MCTS-new-100__GAME__68,Heuristic,MCTS-new-100,68,False,Heuristic,1,6,5.299126625061035
Heuristic__VS__MCTS-new-100__GAME__69,Heuristic,MCTS-new-100,69,True,Heuristic,-1,6,5.173108816146851
Heuristic__VS__MCTS-new-100__GAME__70,Heuristic,MCTS-new-100,70,False,Heuristic,1,11,11.025865316390991
Heuristic__VS__MCTS-new-100__GAME__71,Heuristic,MCTS-new-100,71,True,Heuristic,-1,9,11.445985078811646
Heuristic__VS__MCTS-new-100__GAME__72,Heuristic,MCTS-new-100,72,False,Heuristic,1,9,7.742855548858643
Heuristic__VS__MCTS-new-100__GAME__73,Heuristic,MCTS-new-100,73,True,MCTS-new-100,1,33,74.54019713401794
Heuristic__VS__MCTS-new-100__GAME__74,Heuristic,MCTS-new-100,74,False,MCTS-new-100,-1,8,6.593376636505127
Heuristic__VS__MCTS-new-100__GAME__75,Heuristic,MCTS-new-100,75,True,Heuristic,-1,8,7.130741834640503
Heuristic__VS__MCTS-new-100__GAME__76,Heuristic,MCTS-new-100,76,False,Heuristic,1,7,5.898545026779175
Heuristic__VS__MCTS-new-100__GAME__77,Heuristic,MCTS-new-100,77,True,Heuristic,-1,7,6.209296226501465
Heuristic__VS__MCTS-new-100__GAME__78,Heuristic,MCTS-new-100,78,False,Heuristic,1,7,5.9162437915802
Heuristic__VS__MCTS-new-100__GAME__79,Heuristic,MCTS-new-100,79,True,Heuristic,-1,12,15.717450857162476
Heuristic__VS__MCTS-new-100__GAME__80,Heuristic,MCTS-new-100,80,False,MCTS-new-100,-1,14,14.870011806488037
Heuristic__VS__MCTS-new-100__GAME__81,Heuristic,MCTS-new-100,81,True,Heuristic,-1,10,9.515556573867798
Heuristic__VS__MCTS-new-100__GAME__82,Heuristic,MCTS-new-100,82,False,Heuristic,1,4,3.1499390602111816
Heuristic__VS__MCTS-new-100__GAME__83,Heuristic,MCTS-new-100,83,True,Heuristic,-1,16,19.87391757965088
Heuristic__VS__MCTS-new-100__GAME__84,Heuristic,MCTS-new-100,84,False,Heuristic,1,5,3.363882064819336
Heuristic__VS__MCTS-new-100__GAME__85,Heuristic,MCTS-new-100,85,True,Heuristic,-1,8,8.697418689727783
Heuristic__VS__MCTS-new-100__GAME__86,Heuristic,MCTS-new-100,86,False,Heuristic,1,7,6.582804441452026
Heuristic__VS__MCTS-new-100__GAME__87,Heuristic,MCTS-new-100,87,True,Heuristic,-1,12,11.771275281906128
Heuristic__VS__MCTS-new-100__GAME__88,Heuristic,MCTS-new-100,88,False,Heuristic,1,7,5.4321699142456055
Heuristic__VS__MCTS-new-100__GAME__89,Heuristic,MCTS-new-100,89,True,draw,0,50,78.59165787696838
Heuristic__VS__MCTS-new-100__GAME__90,Heuristic,MCTS-new-100,90,False,Heuristic,1,6,4.6221582889556885
Heuristic__VS__MCTS-new-100__GAME__91,Heuristic,MCTS-new-100,91,True,Heuristic,-1,5,5.7189977169036865
Heuristic__VS__MCTS-new-100__GAME__92,Heuristic,MCTS-new-100,92,False,Heuristic,1,6,5.9025719165802
Heuristic__VS__MCTS-new-100__GAME__93,Heuristic,MCTS-new-100,93,True,Heuristic,-1,18,25.70174813270569
Heuristic__VS__MCTS-new-100__GAME__94,Heuristic,MCTS-new-100,94,False,Heuristic,1,9,9.58587908744812
Heuristic__VS__MCTS-new-100__GAME__95,Heuristic,MCTS-new-100,95,True,Heuristic,-1,12,15.10591745376587
Heuristic__VS__MCTS-new-100__GAME__96,Heuristic,MCTS-new-100,96,False,Heuristic,1,7,5.088399171829224
Heuristic__VS__MCTS-new-100__GAME__97,Heuristic,MCTS-new-100,97,True,Heuristic,-1,12,13.31229281425476
Heuristic__VS__MCTS-new-100__GAME__98,Heuristic,MCTS-new-100,98,False,Heuristic,1,21,31.09300398826599
Heuristic__VS__MCTS-new-100__GAME__99,Heuristic,MCTS-new-100,99,True,draw,0,50,75.28450298309326
Heuristic__VS__MCTS-new-100__GAME__100,Heuristic,MCTS-new-100,100,False,Heuristic,1,6,4.795987129211426
Heuristic__VS__MCTS-new-100__GAME__101,Heuristic,MCTS-new-100,101,True,MCTS-new-100,1,9,8.675876140594482
Heuristic__VS__MCTS-new-100__GAME__102,Heuristic,MCTS-new-100,102,False,Heuristic,1,6,4.724009037017822
Heuristic__VS__MCTS-new-100__GAME__103,Heuristic,MCTS-new-100,103,True,draw,0,50,63.504613637924194
Heuristic__VS__MCTS-new-100__GAME__104,Heuristic,MCTS-new-100,104,False,MCTS-new-100,-1,12,10.99444055557251
Heuristic__VS__MCTS-new-100__GAME__105,Heuristic,MCTS-new-100,105,True,MCTS-new-100,1,15,21.929361820220947
Heuristic__VS__MCTS-new-100__GAME__106,Heuristic,MCTS-new-100,106,False,Heuristic,1,22,38.63990116119385
Heuristic__VS__MCTS-new-100__GAME__107,Heuristic,MCTS-new-100,107,True,Heuristic,-1,7,5.769016981124878
Heuristic__VS__MCTS-new-100__GAME__108,Heuristic,MCTS-new-100,108,False,Heuristic,1,6,6.178815841674805
Heuristic__VS__MCTS-new-100__GAME__109,Heuristic,MCTS-new-100,109,True,Heuristic,-1,5,4.229262351989746
Heuristic__VS__MCTS-new-100__GAME__110,Heuristic,MCTS-new-100,110,False,Heuristic,1,4,2.8605411052703857
Heuristic__VS__MCTS-new-100__GAME__111,Heuristic,MCTS-new-100,111,True,draw,0,50,117.2031455039978
Heuristic__VS__MCTS-new-100__GAME__112,Heuristic,MCTS-new-100,112,False,Heuristic,1,4,2.9397013187408447
Heuristic__VS__MCTS-new-100__GAME__113,Heuristic,MCTS-new-100,113,True,MCTS-new-100,1,11,10.58219027519226
Heuristic__VS__MCTS-new-100__GAME__114,Heuristic,MCTS-new-100,114,False,Heuristic,1,6,5.454974174499512
Heuristic__VS__MCTS-new-100__GAME__115,Heuristic,MCTS-new-100,115,True,Heuristic,-1,6,4.95662522315979
Heuristic__VS__MCTS-new-100__GAME__116,Heuristic,MCTS-new-100,116,False,Heuristic,1,6,5.137861490249634
Heuristic__VS__MCTS-new-100__GAME__117,Heuristic,MCTS-new-100,117,True,Heuristic,-1,8,7.438127040863037
Heuristic__VS__MCTS-new-100__GAME__118,Heuristic,MCTS-new-100,118,False,Heuristic,1,6,4.904315710067749
Heuristic__VS__MCTS-new-100__GAME__119,Heuristic,MCTS-new-100,119,True,Heuristic,-1,10,9.89421033859253
Heuristic__VS__MCTS-new-100__GAME__120,Heuristic,MCTS-new-100,120,False,Heuristic,1,15,33.05037307739258
Heuristic__VS__MCTS-new-100__GAME__121,Heuristic,MCTS-new-100,121,True,Heuristic,-1,7,6.172656059265137
Heuristic__VS__MCTS-new-100__GAME__122,Heuristic,MCTS-new-100,122,False,Heuristic,1,6,5.267598867416382
Heuristic__VS__MCTS-new-100__GAME__123,Heuristic,MCTS-new-100,123,True,MCTS-new-100,1,9,10.173790693283081
Heuristic__VS__MCTS-new-100__GAME__124,Heuristic,MCTS-new-100,124,False,Heuristic,1,9,7.4865007400512695
Heuristic__VS__MCTS-new-100__GAME__125,Heuristic,MCTS-new-100,125,True,Heuristic,-1,5,4.206625699996948
Heuristic__VS__MCTS-new-100__GAME__126,Heuristic,MCTS-new-100,126,False,Heuristic,1,4,3.034231662750244
Heuristic__VS__MCTS-new-100__GAME__127,Heuristic,MCTS-new-100,127,True,Heuristic,-1,8,7.177850961685181
Heuristic__VS__MCTS-new-100__GAME__128,Heuristic,MCTS-new-100,128,False,Heuristic,1,5,3.425945997238159
Heuristic__VS__MCTS-new-100__GAME__129,Heuristic,MCTS-new-100,129,True,Heuristic,-1,9,8.49820065498352
Heuristic__VS__MCTS-new-100__GAME__130,Heuristic,MCTS-new-100,130,False,Heuristic,1,6,5.909996509552002
Heuristic__VS__MCTS-new-100__GAME__131,Heuristic,MCTS-new-100,131,True,Heuristic,-1,9,8.292749166488647
Heuristic__VS__MCTS-new-100__GAME__132,Heuristic,MCTS-new-100,132,False,Heuristic,1,8,7.73233962059021
Heuristic__VS__MCTS-new-100__GAME__133,Heuristic,MCTS-new-100,133,True,Heuristic,-1,10,12.453493356704712
Heuristic__VS__MCTS-new-100__GAME__134,Heuristic,MCTS-new-100,134,False,Heuristic,1,9,8.252985715866089
Heuristic__VS__MCTS-new-100__GAME__135,Heuristic,MCTS-new-100,135,True,Heuristic,-1,12,14.528372287750244
Heuristic__VS__MCTS-new-100__GAME__136,Heuristic,MCTS-new-100,136,False,Heuristic,1,6,4.97771954536438
Heuristic__VS__MCTS-new-100__GAME__137,Heuristic,MCTS-new-100,137,True,Heuristic,-1,10,10.683154106140137
Heuristic__VS__MCTS-new-100__GAME__138,Heuristic,MCTS-new-100,138,False,Heuristic,1,15,18.501111268997192
Heuristic__VS__MCTS-new-100__GAME__139,Heuristic,MCTS-new-100,139,True,Heuristic,-1,11,11.637142181396484
Heuristic__VS__MCTS-new-100__GAME__140,Heuristic,MCTS-new-100,140,False,Heuristic,1,10,9.708749294281006
Heuristic__VS__MCTS-new-100__GAME__141,Heuristic,MCTS-new-100,141,True,Heuristic,-1,15,17.201868772506714
Heuristic__VS__MCTS-new-100__GAME__142,Heuristic,MCTS-new-100,142,False,Heuristic,1,8,8.640742063522339
Heuristic__VS__MCTS-new-100__GAME__143,Heuristic,MCTS-new-100,143,True,Heuristic,-1,15,19.30849003791809
Heuristic__VS__MCTS-new-100__GAME__144,Heuristic,MCTS-new-100,144,False,Heuristic,1,6,4.751330375671387
Heuristic__VS__MCTS-new-100__GAME__145,Heuristic,MCTS-new-100,145,True,Heuristic,-1,12,11.183881998062134
Heuristic__VS__MCTS-new-100__GAME__146,Heuristic,MCTS-new-100,146,False,Heuristic,1,19,29.41318106651306
Heuristic__VS__MCTS-new-100__GAME__147,Heuristic,MCTS-new-100,147,True,Heuristic,-1,10,9.678472757339478
Heuristic__VS__MCTS-new-100__GAME__148,Heuristic,MCTS-new-100,148,False,Heuristic,1,5,3.1850948333740234
Heuristic__VS__MCTS-new-100__GAME__149,Heuristic,MCTS-new-100,149,True,MCTS-new-100,1,17,28.744515419006348
Heuristic__VS__MCTS-new-100__GAME__150,Heuristic,MCTS-new-100,150,False,Heuristic,1,7,4.982762098312378
Heuristic__VS__MCTS-new-100__GAME__151,Heuristic,MCTS-new-100,151,True,MCTS-new-100,1,9,10.375467777252197
Heuristic__VS__MCTS-new-100__GAME__152,Heuristic,MCTS-new-100,152,False,Heuristic,1,14,15.186812400817871
Heuristic__VS__MCTS-new-100__GAME__153,Heuristic,MCTS-new-100,153,True,Heuristic,-1,17,26.384777307510376
Heuristic__VS__MCTS-new-100__GAME__154,Heuristic,MCTS-new-100,154,False,MCTS-new-100,-1,10,9.226900815963745
Heuristic__VS__MCTS-new-100__GAME__155,Heuristic,MCTS-new-100,155,True,Heuristic,-1,14,16.800633668899536
Heuristic__VS__MCTS-new-100__GAME__156,Heuristic,MCTS-new-100,156,False,Heuristic,1,6,5.737807512283325
Heuristic__VS__MCTS-new-100__GAME__157,Heuristic,MCTS-new-100,157,True,Heuristic,-1,5,4.29815149307251
Heuristic__VS__MCTS-new-100__GAME__158,Heuristic,MCTS-new-100,158,False,Heuristic,1,11,9.73195195198059
Heuristic__VS__MCTS-new-100__GAME__159,Heuristic,MCTS-new-100,159,True,Heuristic,-1,6,5.526674270629883
Heuristic__VS__MCTS-new-100__GAME__160,Heuristic,MCTS-new-100,160,False,Heuristic,1,9,8.111624956130981
Heuristic__VS__MCTS-new-100__GAME__161,Heuristic,MCTS-new-100,161,True,Heuristic,-1,16,22.236029624938965
Heuristic__VS__MCTS-new-100__GAME__162,Heuristic,MCTS-new-100,162,False,Heuristic,1,17,19.911875247955322
Heuristic__VS__MCTS-new-100__GAME__163,Heuristic,MCTS-new-100,163,True,MCTS-new-100,1,13,16.216400861740112
Heuristic__VS__MCTS-new-100__GAME__164,Heuristic,MCTS-new-100,164,False,Heuristic,1,9,8.344411134719849
Heuristic__VS__MCTS-new-100__GAME__165,Heuristic,MCTS-new-100,165,True,Heuristic,-1,24,44.65615677833557
Heuristic__VS__MCTS-new-100__GAME__166,Heuristic,MCTS-new-100,166,False,Heuristic,1,4,2.94899320602417
Heuristic__VS__MCTS-new-100__GAME__167,Heuristic,MCTS-new-100,167,True,Heuristic,-1,31,47.535829067230225
Heuristic__VS__MCTS-new-100__GAME__168,Heuristic,MCTS-new-100,168,False,Heuristic,1,6,5.025432586669922
Heuristic__VS__MCTS-new-100__GAME__169,Heuristic,MCTS-new-100,169,True,Heuristic,-1,48,85.40416026115417
Heuristic__VS__MCTS-new-100__GAME__170,Heuristic,MCTS-new-100,170,False,Heuristic,1,6,4.53403377532959
Heuristic__VS__MCTS-new-100__GAME__171,Heuristic,MCTS-new-100,171,True,Heuristic,-1,8,8.153566598892212
Heuristic__VS__MCTS-new-100__GAME__172,Heuristic,MCTS-new-100,172,False,Heuristic,1,13,14.507276773452759
Heuristic__VS__MCTS-new-100__GAME__173,Heuristic,MCTS-new-100,173,True,Heuristic,-1,14,15.858630657196045
Heuristic__VS__MCTS-new-100__GAME__174,Heuristic,MCTS-new-100,174,False,MCTS-new-100,-1,8,5.944344758987427
Heuristic__VS__MCTS-new-100__GAME__175,Heuristic,MCTS-new-100,175,True,Heuristic,-1,12,12.109743118286133
Heuristic__VS__MCTS-new-100__GAME__176,Heuristic,MCTS-new-100,176,False,Heuristic,1,7,4.760890960693359
Heuristic__VS__MCTS-new-100__GAME__177,Heuristic,MCTS-new-100,177,True,Heuristic,-1,5,4.494498014450073
Heuristic__VS__MCTS-new-100__GAME__178,Heuristic,MCTS-new-100,178,False,Heuristic,1,6,4.517325162887573
Heuristic__VS__MCTS-new-100__GAME__179,Heuristic,MCTS-new-100,179,True,MCTS-new-100,1,9,9.563175439834595
Heuristic__VS__MCTS-new-100__GAME__180,Heuristic,MCTS-new-100,180,False,Heuristic,1,6,4.732645273208618
Heuristic__VS__MCTS-new-100__GAME__181,Heuristic,MCTS-new-100,181,True,Heuristic,-1,10,9.268331527709961
Heuristic__VS__MCTS-new-100__GAME__182,Heuristic,MCTS-new-100,182,False,draw,0,50,60.301453828811646
Heuristic__VS__MCTS-new-100__GAME__183,Heuristic,MCTS-new-100,183,True,Heuristic,-1,10,12.08574104309082
Heuristic__VS__MCTS-new-100__GAME__184,Heuristic,MCTS-new-100,184,False,Heuristic,1,4,2.827380895614624
Heuristic__VS__MCTS-new-100__GAME__185,Heuristic,MCTS-new-100,185,True,Heuristic,-1,13,14.30296778678894
Heuristic__VS__MCTS-new-100__GAME__186,Heuristic,MCTS-new-100,186,False,Heuristic,1,19,23.643184423446655
Heuristic__VS__MCTS-new-100__GAME__187,Heuristic,MCTS-new-100,187,True,Heuristic,-1,22,35.339691162109375
Heuristic__VS__MCTS-new-100__GAME__188,Heuristic,MCTS-new-100,188,False,Heuristic,1,6,5.071903228759766
Heuristic__VS__MCTS-new-100__GAME__189,Heuristic,MCTS-new-100,189,True,Heuristic,-1,10,11.353620767593384
Heuristic__VS__MCTS-new-100__GAME__190,Heuristic,MCTS-new-100,190,False,MCTS-new-100,-1,10,8.270682573318481
Heuristic__VS__MCTS-new-100__GAME__191,Heuristic,MCTS-new-100,191,True,Heuristic,-1,14,16.28889751434326
Heuristic__VS__MCTS-new-100__GAME__192,Heuristic,MCTS-new-100,192,False,Heuristic,1,5,3.282034397125244
Heuristic__VS__MCTS-new-100__GAME__193,Heuristic,MCTS-new-100,193,True,Heuristic,-1,10,9.422703504562378
Heuristic__VS__MCTS-new-100__GAME__194,Heuristic,MCTS-new-100,194,False,Heuristic,1,7,5.286987781524658
Heuristic__VS__MCTS-new-100__GAME__195,Heuristic,MCTS-new-100,195,True,Heuristic,-1,6,4.885611295700073
Heuristic__VS__MCTS-new-100__GAME__196,Heuristic,MCTS-new-100,196,False,Heuristic,1,27,48.188050746917725
Heuristic__VS__MCTS-new-100__GAME__197,Heuristic,MCTS-new-100,197,True,Heuristic,-1,19,29.221661806106567
Heuristic__VS__MCTS-new-100__GAME__198,Heuristic,MCTS-new-100,198,False,Heuristic,1,4,2.9559550285339355
Heuristic__VS__MCTS-new-100__GAME__199,Heuristic,MCTS-new-100,199,True,Heuristic,-1,5,5.063406467437744
AlphaBeta-new-d3__VS__MCTS-old-100__GAME__0,AlphaBeta-new-d3,MCTS-old-100,0,False,AlphaBeta-new-d3,1,6,6.814044952392578
AlphaBeta-new-d3__VS__MCTS-old-100__GAME__1,AlphaBeta-new-d3,MCTS-old-100,1,True,MCTS-old-100,1,31,54.38480496406555
AlphaBeta-new-d3__VS__MCTS-old-100__GAME__2,AlphaBeta-new-d3,MCTS-old-100,2,False,MCTS-old-100,-1,8,10.061447858810425
AlphaBeta-new-d3__VS__MCTS-old-100__GAME__3,AlphaBeta-new-d3,MCTS-old-100,3,True,MCTS-old-100,1,9,10.203341484069824
AlphaBeta-new-d3__VS__MCTS-old-100__GAME__4,AlphaBeta-new-d3,MCTS-old-100,4,False,MCTS-old-100,-1,6,5.707088947296143
AlphaBeta-new-d3__VS__MCTS-old-100__GAME__5,AlphaBeta-new-d3,MCTS-old-100,5,True,MCTS-old-100,1,7,8.230494737625122
AlphaBeta-new-d3__VS__MCTS-old-100__GAME__6,AlphaBeta-new-d3,MCTS-old-100,6,False,AlphaBeta-new-d3,1,8,10.61233401298523
AlphaBeta-new-d3__VS__MCTS-old-100__GAME__7,AlphaBeta-new-d3,MCTS-old-100,7,True,MCTS-old-100,1,10,13.293460130691528
AlphaBeta-new-d3__VS__MCTS-old-100__GAME__8,AlphaBeta-new-d3,MCTS-old-100,8,False,MCTS-old-100,-1,8,8.794630765914917
AlphaBeta-new-d3__VS__MCTS-old-100__GAME__9,AlphaBeta-new-d3,MCTS-old-100,9,True,AlphaBeta-new-d3,-1,9,11.311136722564697
AlphaBeta-new-d3__VS__MCTS-old-100__GAME__10,AlphaBeta-new-d3,MCTS-old-100,10,False,MCTS-old-100,-1,6,6.646090507507324
AlphaBeta-new-d3__VS__MCTS-old-100__GAME__11,AlphaBeta-new-d3,MCTS-old-100,11,True,MCTS-old-100,1,7,8.159586191177368
AlphaBeta-new-d3__VS__MCTS-old-100__GAME__12,AlphaBeta-new-d3,MCTS-old-100,12,False,MCTS-old-100,-1,6,6.548440217971802
AlphaBeta-new-d3__VS__MCTS-old-100__GAME__13,AlphaBeta-new-d3,MCTS-old-100,13,True,AlphaBeta-new-d3,-1,14,18.921627521514893
AlphaBeta-new-d3__VS__MCTS-old-100__GAME__14,AlphaBeta-new-d3,MCTS-old-100,14,False,MCTS-old-100,-1,40,72.46196389198303
AlphaBeta-new-d3__VS__MCTS-old-100__GAME__15,AlphaBeta-new-d3,MCTS-old-100,15,True,MCTS-old-100,1,7,8.002167463302612
AlphaBeta-new-d3__VS__MCTS-old-100__GAME__16,AlphaBeta-new-d3,MCTS-old-100,16,False,MCTS-old-100,-1,4,3.8918464183807373
AlphaBeta-new-d3__VS__MCTS-old-100__GAME__17,AlphaBeta-new-d3,MCTS-old-100,17,True,MCTS-old-100,1,5,5.4593751430511475
AlphaBeta-new-d3__VS__MCTS-old-100__GAME__18,AlphaBeta-new-d3,MCTS-old-100,18,False,AlphaBeta-new-d3,1,18,27.54717469215393
AlphaBeta-new-d3__VS__MCTS-old-100__GAME__19,AlphaBeta-new-d3,MCTS-old-100,19,True,MCTS-old-100,1,15,21.040107011795044
AlphaBeta-new-d3__VS__MCTS-old-100__GAME__20,AlphaBeta-new-d3,MCTS-old-100,20,False,AlphaBeta-new-d3,1,8,10.111136436462402
AlphaBeta-new-d3__VS__MCTS-old-100__GAME__21,AlphaBeta-new-d3,MCTS-old-100,21,True,MCTS-old-100,1,6,7.184762239456177
AlphaBeta-new-d3__VS__MCTS-old-100__GAME__22,AlphaBeta-new-d3,MCTS-old-100,22,False,AlphaBeta-new-d3,1,12,16.575915575027466
AlphaBeta-new-d3__VS__MCTS-old-100__GAME__23,AlphaBeta-new-d3,MCTS-old-100,23,True,MCTS-old-100,1,15,21.117549419403076
AlphaBeta-new-d3__VS__MCTS-old-100__GAME__24,AlphaBeta-new-d3,MCTS-old-100,24,False,MCTS-old-100,-1,6,6.760047435760498
AlphaBeta-new-d3__VS__MCTS-old-100__GAME__25,AlphaBeta-new-d3,MCTS-old-100,25,True,MCTS-old-100,1,7,6.858960390090942
AlphaBeta-new-d3__VS__MCTS-old-100__GAME__26,AlphaBeta-new-d3,MCTS-old-100,26,False,MCTS-old-100,-1,4,4.1875152587890625
AlphaBeta-new-d3__VS__MCTS-old-100__GAME__27,AlphaBeta-new-d3,MCTS-old-100,27,True,MCTS-old-100,1,7,7.823825836181641
AlphaBeta-new-d3__VS__MCTS-old-100__GAME__28,AlphaBeta-new-d3,MCTS-old-100,28,False,MCTS-old-100,-1,6,5.582175254821777
AlphaBeta-new-d3__VS__MCTS-old-100__GAME__29,AlphaBeta-new-d3,MCTS-old-100,29,True,AlphaBeta-new-d3,-1,26,40.23667502403259
AlphaBeta-new-d3__VS__MCTS-old-100__GAME__30,AlphaBeta-new-d3,MCTS-old-100,30,False,MCTS-old-100,-1,14,19.12895131111145
AlphaBeta-new-d3__VS__MCTS-old-100__GAME__31,AlphaBeta-new-d3,MCTS-old-100,31,True,MCTS-old-100,1,7,7.697560787200928
AlphaBeta-new-d3__VS__MCTS-old-100__GAME__32,AlphaBeta-new-d3,MCTS-old-100,32,False,MCTS-old-100,-1,22,33.8489875793457
AlphaBeta-new-d3__VS__MCTS-old-100__GAME__33,AlphaBeta-new-d3,MCTS-old-100,33,True,MCTS-old-100,1,11,12.403018236160278
AlphaBeta-new-d3__VS__MCTS-old-100__GAME__34,AlphaBeta-new-d3,MCTS-old-100,34,False,MCTS-old-100,-1,26,39.92750000953674
AlphaBeta-new-d3__VS__MCTS-old-100__GAME__35,AlphaBeta-new-d3,MCTS-old-100,35,True,MCTS-old-100,1,15,19.77884531021118
AlphaBeta-new-d3__VS__MCTS-old-100__GAME__36,AlphaBeta-new-d3,MCTS-old-100,36,False,MCTS-old-100,-1,12,16.512482166290283
AlphaBeta-new-d3__VS__MCTS-old-100__GAME__37,AlphaBeta-new-d3,MCTS-old-100,37,True,MCTS-old-100,1,13,16.664609909057617
AlphaBeta-new-d3__VS__MCTS-old-100__GAME__38,AlphaBeta-new-d3,MCTS-old-100,38,False,AlphaBeta-new-d3,1,11,13.821899890899658
AlphaBeta-new-d3__VS__MCTS-old-100__GAME__39,AlphaBeta-new-d3,MCTS-old-100,39,True,MCTS-old-100,1,9,10.961821794509888
AlphaBeta-new-d3__VS__MCTS-old-100__GAME__40,AlphaBeta-new-d3,MCTS-old-100,40,False,MCTS-old-100,-1,8,8.47316575050354
AlphaBeta-new-d3__VS__MCTS-old-100__GAME__41,AlphaBeta-new-d3,MCTS-old-100,41,True,AlphaBeta-new-d3,-1,18,28.21502113342285
AlphaBeta-new-d3__VS__MCTS-old-100__GAME__42,AlphaBeta-new-d3,MCTS-old-100,42,False,AlphaBeta-new-d3,1,7,7.873739957809448
AlphaBeta-new-d3__VS__MCTS-old-100__GAME__43,AlphaBeta-new-d3,MCTS-old-100,43,True,MCTS-old-100,1,11,14.488493919372559
AlphaBeta-new-d3__VS__MCTS-old-100__GAME__44,AlphaBeta-new-d3,MCTS-old-100,44,False,MCTS-old-100,-1,8,8.9944429397583
AlphaBeta-new-d3__VS__MCTS-old-100__GAME__45,AlphaBeta-new-d3,MCTS-old-100,45,True,MCTS-old-100,1,5,5.3616228103637695
AlphaBeta-new-d3__VS__MCTS-old-100__GAME__46,AlphaBeta-new-d3,MCTS-old-100,46,False,MCTS-old-100,-1,10,11.908809661865234
AlphaBeta-new-d3__VS__MCTS-old-100__GAME__47,AlphaBeta-new-d3,MCTS-old-100,47,True,MCTS-old-100,1,7,8.442062854766846
AlphaBeta-new-d3__VS__MCTS-old-100__GAME__48,AlphaBeta-new-d3,MCTS-old-100,48,False,MCTS-old-100,-1,12,16.09292221069336
AlphaBeta-new-d3__VS__MCTS-old-100__GAME__49,AlphaBeta-new-d3,MCTS-old-100,49,True,AlphaBeta-new-d3,-1,10,11.226246356964111
AlphaBeta-new-d3__VS__MCTS-old-100__GAME__50,AlphaBeta-new-d3,MCTS-old-100,50,False,MCTS-old-100,-1,6,6.1130781173706055
AlphaBeta-new-d3__VS__MCTS-old-100__GAME__51,AlphaBeta-new-d3,MCTS-old-100,51,True,MCTS-old-100,1,13,17.52954363822937
AlphaBeta-new-d3__VS__MCTS-old-100__GAME__52,AlphaBeta-new-d3,MCTS-old-100,52,False,MCTS-old-100,-1,14,18.988111972808838
AlphaBeta-new-d3__VS__MCTS-old-100__GAME__53,AlphaBeta-new-d3,MCTS-old-100,53,True,AlphaBeta-new-d3,-1,8,9.227687358856201
AlphaBeta-new-d3__VS__MCTS-old-100__GAME__54,AlphaBeta-new-d3,MCTS-old-100,54,False,AlphaBeta-new-d3,1,5,4.8618903160095215
AlphaBeta-new-d3__VS__MCTS-old-100__GAME__55,AlphaBeta-new-d3,MCTS-old-100,55,True,draw,0,50,76.76656889915466
AlphaBeta-new-d3__VS__MCTS-old-100__GAME__56,AlphaBeta-new-d3,MCTS-old-100,56,False,MCTS-old-100,-1,4,3.8157238960266113
AlphaBeta-new-d3__VS__MCTS-old-100__GAME__57,AlphaBeta-new-d3,MCTS-old-100,57,True,MCTS-old-100,1,13,17.873121976852417
AlphaBeta-new-d3__VS__MCTS-old-100__GAME__58,AlphaBeta-new-d3,MCTS-old-100,58,False,MCTS-old-100,-1,6,6.212651252746582
AlphaBeta-new-d3__VS__MCTS-old-100__GAME__59,AlphaBeta-new-d3,MCTS-old-100,59,True,MCTS-old-100,1,36,54.822012186050415
AlphaBeta-new-d3__VS__MCTS-old-100__GAME__60,AlphaBeta-new-d3,MCTS-old-100,60,False,MCTS-old-100,-1,8,9.339118480682373
AlphaBeta-new-d3__VS__MCTS-old-100__GAME__61,AlphaBeta-new-d3,MCTS-old-100,61,True,AlphaBeta-new-d3,-1,13,18.225184440612793
AlphaBeta-new-d3__VS__MCTS-old-100__GAME__62,AlphaBeta-new-d3,MCTS-old-100,62,False,AlphaBeta-new-d3,1,7,7.499601364135742
AlphaBeta-new-d3__VS__MCTS-old-100__GAME__63,AlphaBeta-new-d3,MCTS-old-100,63,True,MCTS-old-100,1,11,14.490669012069702
AlphaBeta-new-d3__VS__MCTS-old-100__GAME__64,AlphaBeta-new-d3,MCTS-old-100,64,False,MCTS-old-100,-1,6,5.454705715179443
AlphaBeta-new-d3__VS__MCTS-old-100__GAME__65,AlphaBeta-new-d3,MCTS-old-100,65,True,AlphaBeta-new-d3,-1,7,8.762372255325317
AlphaBeta-new-d3__VS__MCTS-old-100__GAME__66,AlphaBeta-new-d3,MCTS-old-100,66,False,MCTS-old-100,-1,8,9.932615995407104
AlphaBeta-new-d3__VS__MCTS-old-100__GAME__67,AlphaBeta-new-d3,MCTS-old-100,67,True,MCTS-old-100,1,5,5.011377334594727
AlphaBeta-new-d3__VS__MCTS-old-100__GAME__68,AlphaBeta-new-d3,MCTS-old-100,68,False,MCTS-old-100,-1,8,7.225386142730713
AlphaBeta-new-d3__VS__MCTS-old-100__GAME__69,AlphaBeta-new-d3,MCTS-old-100,69,True,MCTS-old-100,1,7,7.186925649642944
AlphaBeta-new-d3__VS__MCTS-old-100__GAME__70,AlphaBeta-new-d3,MCTS-old-100,70,False,MCTS-old-100,-1,20,30.665101766586304
AlphaBeta-new-d3__VS__MCTS-old-100__GAME__71,AlphaBeta-new-d3,MCTS-old-100,71,True,MCTS-old-100,1,19,27.547038793563843
AlphaBeta-new-d3__VS__MCTS-old-100__GAME__72,AlphaBeta-new-d3,MCTS-old-100,72,False,MCTS-old-100,-1,4,3.820807456970215
AlphaBeta-new-d3__VS__MCTS-old-100__GAME__73,AlphaBeta-new-d3,MCTS-old-100,73,True,MCTS-old-100,1,5,5.461668491363525
AlphaBeta-new-d3__VS__MCTS-old-100__GAME__74,AlphaBeta-new-d3,MCTS-old-100,74,False,MCTS-old-100,-1,10,11.51494836807251
AlphaBeta-new-d3__VS__MCTS-old-100__GAME__75,AlphaBeta-new-d3,MCTS-old-100,75,True,MCTS-old-100,1,9,9.214503526687622
AlphaBeta-new-d3__VS__MCTS-old-100__GAME__76,AlphaBeta-new-d3,MCTS-old-100,76,False,MCTS-old-100,-1,22,31.285351514816284
AlphaBeta-new-d3__VS__MCTS-old-100__GAME__77,AlphaBeta-new-d3,MCTS-old-100,77,True,AlphaBeta-new-d3,-1,12,17.012689352035522
AlphaBeta-new-d3__VS__MCTS-old-100__GAME__78,AlphaBeta-new-d3,MCTS-old-100,78,False,MCTS-old-100,-1,24,32.94505596160889
AlphaBeta-new-d3__VS__MCTS-old-100__GAME__79,AlphaBeta-new-d3,MCTS-old-100,79,True,AlphaBeta-new-d3,-1,11,15.45378565788269
AlphaBeta-new-d3__VS__MCTS-old-100__GAME__80,AlphaBeta-new-d3,MCTS-old-100,80,False,MCTS-old-100,-1,6,6.636439323425293
AlphaBeta-new-d3__VS__MCTS-old-100__GAME__81,AlphaBeta-new-d3,MCTS-old-100,81,True,MCTS-old-100,1,7,8.079872369766235
AlphaBeta-new-d3__VS__MCTS-old-100__GAME__82,AlphaBeta-new-d3,MCTS-old-100,82,False,AlphaBeta-new-d3,1,7,7.806062936782837
AlphaBeta-new-d3__VS__MCTS-old-100__GAME__83,AlphaBeta-new-d3,MCTS-old-100,83,True,MCTS-old-100,1,9,10.97860336303711
AlphaBeta-new-d3__VS__MCTS-old-100__GAME__84,AlphaBeta-new-d3,MCTS-old-100,84,False,MCTS-old-100,-1,16,22.34093952178955
AlphaBeta-new-d3__VS__MCTS-old-100__GAME__85,AlphaBeta-new-d3,MCTS-old-100,85,True,AlphaBeta-new-d3,-1,6,6.605826139450073
AlphaBeta-new-d3__VS__MCTS-old-100__GAME__86,AlphaBeta-new-d3,MCTS-old-100,86,False,MCTS-old-100,-1,8,8.4490327835083
AlphaBeta-new-d3__VS__MCTS-old-100__GAME__87,AlphaBeta-new-d3,MCTS-old-100,87,True,MCTS-old-100,1,13,16.466420888900757
AlphaBeta-new-d3__VS__MCTS-old-100__GAME__88,AlphaBeta-new-d3,MCTS-old-100,88,False,AlphaBeta-new-d3,1,7,8.78140664100647
AlphaBeta-new-d3__VS__MCTS-old-100__GAME__89,AlphaBeta-new-d3,MCTS-old-100,89,True,MCTS-old-100,1,13,16.57158374786377
AlphaBeta-new-d3__VS__MCTS-old-100__GAME__90,AlphaBeta-new-d3,MCTS-old-100,90,False,MCTS-old-100,-1,6,5.5168585777282715
AlphaBeta-new-d3__VS__MCTS-old-100__GAME__91,AlphaBeta-new-d3,MCTS-old-100,91,True,MCTS-old-100,1,4,5.714541673660278
AlphaBeta-new-d3__VS__MCTS-old-100__GAME__92,AlphaBeta-new-d3,MCTS-old-100,92,False,MCTS-old-100,-1,20,32.22248601913452
AlphaBeta-new-d3__VS__MCTS-old-100__GAME__93,AlphaBeta-new-d3,MCTS-old-100,93,True,MCTS-old-100,1,11,14.46133017539978
AlphaBeta-new-d3__VS__MCTS-old-100__GAME__94,AlphaBeta-new-d3,MCTS-old-100,94,False,MCTS-old-100,-1,6,6.8663341999053955
AlphaBeta-new-d3__VS__MCTS-old-100__GAME__95,AlphaBeta-new-d3,MCTS-old-100,95,True,MCTS-old-100,1,7,7.853132486343384
AlphaBeta-new-d3__VS__MCTS-old-100__GAME__96,AlphaBeta-new-d3,MCTS-old-100,96,False,MCTS-old-100,-1,6,6.310741186141968
AlphaBeta-new-d3__VS__MCTS-old-100__GAME__97,AlphaBeta-new-d3,MCTS-old-100,97,True,MCTS-old-100,1,7,7.428508996963501
AlphaBeta-new-d3__VS__MCTS-old-100__GAME__98,AlphaBeta-new-d3,MCTS-old-100,98,False,MCTS-old-100,-1,6,6.624608993530273
AlphaBeta-new-d3__VS__MCTS-old-100__GAME__99,AlphaBeta-new-d3,MCTS-old-100,99,True,AlphaBeta-new-d3,-1,8,8.93526840209961
AlphaBeta-new-d3__VS__MCTS-old-100__GAME__100,AlphaBeta-new-d3,MCTS-old-100,100,False,AlphaBeta-new-d3,1,5,5.185623407363892
AlphaBeta-new-d3__VS__MCTS-old-100__GAME__101,AlphaBeta-new-d3,MCTS-old-100,101,True,draw,0,50,83.90314555168152
AlphaBeta-new-d3__VS__MCTS-old-100__GAME__102,AlphaBeta-new-d3,MCTS-old-100,102,False,draw,0,50,64.67774200439453
AlphaBeta-new-d3__VS__MCTS-old-100__GAME__103,AlphaBeta-new-d3,MCTS-old-100,103,True,MCTS-old-100,1,7,8.908480405807495
AlphaBeta-new-d3__VS__MCTS-old-100__GAME__104,AlphaBeta-new-d3,MCTS-old-100,104,False,MCTS-old-100,-1,9,11.043619632720947
AlphaBeta-new-d3__VS__MCTS-old-100__GAME__105,AlphaBeta-new-d3,MCTS-old-100,105,True,MCTS-old-100,1,7,6.676435947418213
AlphaBeta-new-d3__VS__MCTS-old-100__GAME__106,AlphaBeta-new-d3,MCTS-old-100,106,False,MCTS-old-100,-1,20,25.967050790786743
AlphaBeta-new-d3__VS__MCTS-old-100__GAME__107,AlphaBeta-new-d3,MCTS-old-100,107,True,MCTS-old-100,1,7,8.3037850856781
AlphaBeta-new-d3__VS__MCTS-old-100__GAME__108,AlphaBeta-new-d3,MCTS-old-100,108,False,MCTS-old-100,-1,6,6.253725528717041
AlphaBeta-new-d3__VS__MCTS-old-100__GAME__109,AlphaBeta-new-d3,MCTS-old-100,109,True,MCTS-old-100,1,17,25.001934051513672
AlphaBeta-new-d3__VS__MCTS-old-100__GAME__110,AlphaBeta-new-d3,MCTS-old-100,110,False,MCTS-old-100,-1,5,5.922107934951782
AlphaBeta-new-d3__VS__MCTS-old-100__GAME__111,AlphaBeta-new-d3,MCTS-old-100,111,True,MCTS-old-100,1,13,15.245836019515991
AlphaBeta-new-d3__VS__MCTS-old-100__GAME__112,AlphaBeta-new-d3,MCTS-old-100,112,False,AlphaBeta-new-d3,1,13,16.164733409881592
AlphaBeta-new-d3__VS__MCTS-old-100__GAME__113,AlphaBeta-new-d3,MCTS-old-100,113,True,MCTS-old-100,1,8,9.872501611709595
AlphaBeta-new-d3__VS__MCTS-old-100__GAME__114,AlphaBeta-new-d3,MCTS-old-100,114,False,AlphaBeta-new-d3,1,6,6.947718143463135
AlphaBeta-new-d3__VS__MCTS-old-100__GAME__115,AlphaBeta-new-d3,MCTS-old-100,115,True,MCTS-old-100,1,7,7.4837493896484375
AlphaBeta-new-d3__VS__MCTS-old-100__GAME__116,AlphaBeta-new-d3,MCTS-old-100,116,False,MCTS-old-100,-1,6,6.218428134918213
AlphaBeta-new-d3__VS__MCTS-old-100__GAME__117,AlphaBeta-new-d3,MCTS-old-100,117,True,MCTS-old-100,1,7,7.768562316894531
AlphaBeta-new-d3__VS__MCTS-old-100__GAME__118,AlphaBeta-new-d3,MCTS-old-100,118,False,AlphaBeta-new-d3,1,14,19.563953638076782
AlphaBeta-new-d3__VS__MCTS-old-100__GAME__119,AlphaBeta-new-d3,MCTS-old-100,119,True,MCTS-old-100,1,9,9.870888948440552
AlphaBeta-new-d3__VS__MCTS-old-100__GAME__120,AlphaBeta-new-d3,MCTS-old-100,120,False,MCTS-old-100,-1,6,5.8128321170806885
AlphaBeta-new-d3__VS__MCTS-old-100__GAME__121,AlphaBeta-new-d3,MCTS-old-100,121,True,MCTS-old-100,1,15,18.8677921295166
AlphaBeta-new-d3__VS__MCTS-old-100__GAME__122,AlphaBeta-new-d3,MCTS-old-100,122,False,MCTS-old-100,-1,6,5.78152322769165
AlphaBeta-new-d3__VS__MCTS-old-100__GAME__123,AlphaBeta-new-d3,MCTS-old-100,123,True,MCTS-old-100,1,9,10.840972900390625
AlphaBeta-new-d3__VS__MCTS-old-100__GAME__124,AlphaBeta-new-d3,MCTS-old-100,124,False,MCTS-old-100,-1,4,4.296048879623413
AlphaBeta-new-d3__VS__MCTS-old-100__GAME__125,AlphaBeta-new-d3,MCTS-old-100,125,True,MCTS-old-100,1,7,8.622119426727295
AlphaBeta-new-d3__VS__MCTS-old-100__GAME__126,AlphaBeta-new-d3,MCTS-old-100,126,False,AlphaBeta-new-d3,1,7,7.32428765296936
AlphaBeta-new-d3__VS__MCTS-old-100__GAME__127,AlphaBeta-new-d3,MCTS-old-100,127,True,MCTS-old-100,1,7,8.35335373878479
AlphaBeta-new-d3__VS__MCTS-old-100__GAME__128,AlphaBeta-new-d3,MCTS-old-100,128,False,AlphaBeta-new-d3,1,6,6.935945272445679
AlphaBeta-new-d3__VS__MCTS-old-100__GAME__129,AlphaBeta-new-d3,MCTS-old-100,129,True,MCTS-old-100,1,9,11.251685857772827
AlphaBeta-new-d3__VS__MCTS-old-100__GAME__130,AlphaBeta-new-d3,MCTS-old-100,130,False,AlphaBeta-new-d3,1,9,11.581844806671143
AlphaBeta-new-d3__VS__MCTS-old-100__GAME__131,AlphaBeta-new-d3,MCTS-old-100,131,True,MCTS-old-100,1,17,23.402273893356323
AlphaBeta-new-d3__VS__MCTS-old-100__GAME__132,AlphaBeta-new-d3,MCTS-old-100,132,False,AlphaBeta-new-d3,1,6,6.879117012023926
AlphaBeta-new-d3__VS__MCTS-old-100__GAME__133,AlphaBeta-new-d3,MCTS-old-100,133,True,MCTS-old-100,1,7,8.666492938995361
AlphaBeta-new-d3__VS__MCTS-old-100__GAME__134,AlphaBeta-new-d3,MCTS-old-100,134,False,MCTS-old-100,-1,6,5.67449426651001
AlphaBeta-new-d3__VS__MCTS-old-100__GAME__135,AlphaBeta-new-d3,MCTS-old-100,135,True,MCTS-old-100,1,13,15.513813018798828
AlphaBeta-new-d3__VS__MCTS-old-100__GAME__136,AlphaBeta-new-d3,MCTS-old-100,136,False,MCTS-old-100,-1,8,9.89488172531128
AlphaBeta-new-d3__VS__MCTS-old-100__GAME__137,AlphaBeta-new-d3,MCTS-old-100,137,True,MCTS-old-100,1,11,12.783606767654419
AlphaBeta-new-d3__VS__MCTS-old-100__GAME__138,AlphaBeta-new-d3,MCTS-old-100,138,False,MCTS-old-100,-1,10,13.87131953239441
AlphaBeta-new-d3__VS__MCTS-old-100__GAME__139,AlphaBeta-new-d3,MCTS-old-100,139,True,AlphaBeta-new-d3,-1,8,10.109179258346558
AlphaBeta-new-d3__VS__MCTS-old-100__GAME__140,AlphaBeta-new-d3,MCTS-old-100,140,False,AlphaBeta-new-d3,1,7,7.715919733047485
AlphaBeta-new-d3__VS__MCTS-old-100__GAME__141,AlphaBeta-new-d3,MCTS-old-100,141,True,AlphaBeta-new-d3,-1,8,10.057492733001709
AlphaBeta-new-d3__VS__MCTS-old-100__GAME__142,AlphaBeta-new-d3,MCTS-old-100,142,False,MCTS-old-100,-1,6,6.358822822570801
AlphaBeta-new-d3__VS__MCTS-old-100__GAME__143,AlphaBeta-new-d3,MCTS-old-100,143,True,MCTS-old-100,1,7,8.461024284362793
AlphaBeta-new-d3__VS__MCTS-old-100__GAME__144,AlphaBeta-new-d3,MCTS-old-100,144,False,MCTS-old-100,-1,8,8.847179889678955
AlphaBeta-new-d3__VS__MCTS-old-100__GAME__145,AlphaBeta-new-d3,MCTS-old-100,145,True,MCTS-old-100,1,11,14.050487756729126
AlphaBeta-new-d3__VS__MCTS-old-100__GAME__146,AlphaBeta-new-d3,MCTS-old-100,146,False,MCTS-old-100,-1,34,48.114805936813354
AlphaBeta-new-d3__VS__MCTS-old-100__GAME__147,AlphaBeta-new-d3,MCTS-old-100,147,True,MCTS-old-100,1,21,32.427709341049194
AlphaBeta-new-d3__VS__MCTS-old-100__GAME__148,AlphaBeta-new-d3,MCTS-old-100,148,False,AlphaBeta-new-d3,1,14,18.346530437469482
AlphaBeta-new-d3__VS__MCTS-old-100__GAME__149,AlphaBeta-new-d3,MCTS-old-100,149,True,MCTS-old-100,1,9,11.76565957069397
AlphaBeta-new-d3__VS__MCTS-old-100__GAME__150,AlphaBeta-new-d3,MCTS-old-100,150,False,AlphaBeta-new-d3,1,14,18.45908784866333
AlphaBeta-new-d3__VS__MCTS-old-100__GAME__151,AlphaBeta-new-d3,MCTS-old-100,151,True,MCTS-old-100,1,23,30.887364149093628
AlphaBeta-new-d3__VS__MCTS-old-100__GAME__152,AlphaBeta-new-d3,MCTS-old-100,152,False,draw,0,50,71.68504691123962
AlphaBeta-new-d3__VS__MCTS-old-100__GAME__153,AlphaBeta-new-d3,MCTS-old-100,153,True,MCTS-old-100,1,7,8.248605251312256
AlphaBeta-new-d3__VS__MCTS-old-100__GAME__154,AlphaBeta-new-d3,MCTS-old-100,154,False,MCTS-old-100,-1,12,16.163365125656128
AlphaBeta-new-d3__VS__MCTS-old-100__GAME__155,AlphaBeta-new-d3,MCTS-old-100,155,True,MCTS-old-100,1,7,6.4325642585754395
AlphaBeta-new-d3__VS__MCTS-old-100__GAME__156,AlphaBeta-new-d3,MCTS-old-100,156,False,MCTS-old-100,-1,8,8.691059589385986
AlphaBeta-new-d3__VS__MCTS-old-100__GAME__157,AlphaBeta-new-d3,MCTS-old-100,157,True,MCTS-old-100,1,4,5.3722052574157715
AlphaBeta-new-d3__VS__MCTS-old-100__GAME__158,AlphaBeta-new-d3,MCTS-old-100,158,False,MCTS-old-100,-1,20,29.589447259902954
AlphaBeta-new-d3__VS__MCTS-old-100__GAME__159,AlphaBeta-new-d3,MCTS-old-100,159,True,MCTS-old-100,1,5,5.058722257614136
AlphaBeta-new-d3__VS__MCTS-old-100__GAME__160,AlphaBeta-new-d3,MCTS-old-100,160,False,MCTS-old-100,-1,14,16.039384603500366
AlphaBeta-new-d3__VS__MCTS-old-100__GAME__161,AlphaBeta-new-d3,MCTS-old-100,161,True,AlphaBeta-new-d3,-1,12,17.081773042678833
AlphaBeta-new-d3__VS__MCTS-old-100__GAME__162,AlphaBeta-new-d3,MCTS-old-100,162,False,MCTS-old-100,-1,20,27.331283807754517
AlphaBeta-new-d3__VS__MCTS-old-100__GAME__163,AlphaBeta-new-d3,MCTS-old-100,163,True,MCTS-old-100,1,7,8.392034769058228
AlphaBeta-new-d3__VS__MCTS-old-100__GAME__164,AlphaBeta-new-d3,MCTS-old-100,164,False,MCTS-old-100,-1,10,12.264439105987549
AlphaBeta-new-d3__VS__MCTS-old-100__GAME__165,AlphaBeta-new-d3,MCTS-old-100,165,True,MCTS-old-100,1,13,16.535582065582275
AlphaBeta-new-d3__VS__MCTS-old-100__GAME__166,AlphaBeta-new-d3,MCTS-old-100,166,False,MCTS-old-100,-1,6,6.290337562561035
AlphaBeta-new-d3__VS__MCTS-old-100__GAME__167,AlphaBeta-new-d3,MCTS-old-100,167,True,MCTS-old-100,1,7,8.717842817306519
AlphaBeta-new-d3__VS__MCTS-old-100__GAME__168,AlphaBeta-new-d3,MCTS-old-100,168,False,MCTS-old-100,-1,6,6.569234132766724
AlphaBeta-new-d3__VS__MCTS-old-100__GAME__169,AlphaBeta-new-d3,MCTS-old-100,169,True,MCTS-old-100,1,9,11.872452020645142
AlphaBeta-new-d3__VS__MCTS-old-100__GAME__170,AlphaBeta-new-d3,MCTS-old-100,170,False,AlphaBeta-new-d3,1,15,21.470624923706055
AlphaBeta-new-d3__VS__MCTS-old-100__GAME__171,AlphaBeta-new-d3,MCTS-old-100,171,True,MCTS-old-100,1,9,11.524809122085571
AlphaBeta-new-d3__VS__MCTS-old-100__GAME__172,AlphaBeta-new-d3,MCTS-old-100,172,False,MCTS-old-100,-1,6,6.864663600921631
AlphaBeta-new-d3__VS__MCTS-old-100__GAME__173,AlphaBeta-new-d3,MCTS-old-100,173,True,MCTS-old-100,1,7,7.9884865283966064
AlphaBeta-new-d3__VS__MCTS-old-100__GAME__174,AlphaBeta-new-d3,MCTS-old-100,174,False,AlphaBeta-new-d3,1,6,6.830234050750732
AlphaBeta-new-d3__VS__MCTS-old-100__GAME__175,AlphaBeta-new-d3,MCTS-old-100,175,True,MCTS-old-100,1,13,17.1141095161438
AlphaBeta-new-d3__VS__MCTS-old-100__GAME__176,AlphaBeta-new-d3,MCTS-old-100,176,False,MCTS-old-100,-1,6,5.775763511657715
AlphaBeta-new-d3__VS__MCTS-old-100__GAME__177,AlphaBeta-new-d3,MCTS-old-100,177,True,MCTS-old-100,1,9,10.524222373962402
AlphaBeta-new-d3__VS__MCTS-old-100__GAME__178,AlphaBeta-new-d3,MCTS-old-100,178,False,MCTS-old-100,-1,8,9.62408709526062
AlphaBeta-new-d3__VS__MCTS-old-100__GAME__179,AlphaBeta-new-d3,MCTS-old-100,179,True,AlphaBeta-new-d3,-1,18,27.393874168395996
AlphaBeta-new-d3__VS__MCTS-old-100__GAME__180,AlphaBeta-new-d3,MCTS-old-100,180,False,AlphaBeta-new-d3,1,6,7.327966928482056
AlphaBeta-new-d3__VS__MCTS-old-100__GAME__181,AlphaBeta-new-d3,MCTS-old-100,181,True,AlphaBeta-new-d3,-1,8,9.244283437728882
AlphaBeta-new-d3__VS__MCTS-old-100__GAME__182,AlphaBeta-new-d3,MCTS-old-100,182,False,MCTS-old-100,-1,11,15.265832901000977
AlphaBeta-new-d3__VS__MCTS-old-100__GAME__183,AlphaBeta-new-d3,MCTS-old-100,183,True,MCTS-old-100,1,13,16.280717611312866
AlphaBeta-new-d3__VS__MCTS-old-100__GAME__184,AlphaBeta-new-d3,MCTS-old-100,184,False,MCTS-old-100,-1,8,8.956131219863892
AlphaBeta-new-d3__VS__MCTS-old-100__GAME__185,AlphaBeta-new-d3,MCTS-old-100,185,True,MCTS-old-100,1,7,8.260653257369995
AlphaBeta-new-d3__VS__MCTS-old-100__GAME__186,AlphaBeta-new-d3,MCTS-old-100,186,False,AlphaBeta-new-d3,1,9,11.19200086593628
AlphaBeta-new-d3__VS__MCTS-old-100__GAME__187,AlphaBeta-new-d3,MCTS-old-100,187,True,AlphaBeta-new-d3,-1,9,11.599563121795654
AlphaBeta-new-d3__VS__MCTS-old-100__GAME__188,AlphaBeta-new-d3,MCTS-old-100,188,False,MCTS-old-100,-1,10,10.802858829498291
AlphaBeta-new-d3__VS__MCTS-old-100__GAME__189,AlphaBeta-new-d3,MCTS-old-100,189,True,AlphaBeta-new-d3,-1,14,17.027092695236206
AlphaBeta-new-d3__VS__MCTS-old-100__GAME__190,AlphaBeta-new-d3,MCTS-old-100,190,False,MCTS-old-100,-1,6,5.518841981887817
AlphaBeta-new-d3__VS__MCTS-old-100__GAME__191,AlphaBeta-new-d3,MCTS-old-100,191,True,MCTS-old-100,1,7,8.697557210922241
AlphaBeta-new-d3__VS__MCTS-old-100__GAME__192,AlphaBeta-new-d3,MCTS-old-100,192,False,MCTS-old-100,-1,28,45.948710441589355
AlphaBeta-new-d3__VS__MCTS-old-100__GAME__193,AlphaBeta-new-d3,MCTS-old-100,193,True,MCTS-old-100,1,7,9.043656349182129
AlphaBeta-new-d3__VS__MCTS-old-100__GAME__194,AlphaBeta-new-d3,MCTS-old-100,194,False,MCTS-old-100,-1,26,33.94321608543396
AlphaBeta-new-d3__VS__MCTS-old-100__GAME__195,AlphaBeta-new-d3,MCTS-old-100,195,True,MCTS-old-100,1,7,8.696811199188232
AlphaBeta-new-d3__VS__MCTS-old-100__GAME__196,AlphaBeta-new-d3,MCTS-old-100,196,False,MCTS-old-100,-1,12,16.90683126449585
AlphaBeta-new-d3__VS__MCTS-old-100__GAME__197,AlphaBeta-new-d3,MCTS-old-100,197,True,MCTS-old-100,1,7,8.205857038497925
AlphaBeta-new-d3__VS__MCTS-old-100__GAME__198,AlphaBeta-new-d3,MCTS-old-100,198,False,MCTS-old-100,-1,8,8.628278970718384
AlphaBeta-new-d3__VS__MCTS-old-100__GAME__199,AlphaBeta-new-d3,MCTS-old-100,199,True,MCTS-old-100,1,5,5.373314619064331
AlphaBeta-new-d3__VS__MCTS-new-100__GAME__0,AlphaBeta-new-d3,MCTS-new-100,0,False,MCTS-new-100,-1,5,6.45015549659729
AlphaBeta-new-d3__VS__MCTS-new-100__GAME__1,AlphaBeta-new-d3,MCTS-new-100,1,True,MCTS-new-100,1,11,14.684102296829224
AlphaBeta-new-d3__VS__MCTS-new-100__GAME__2,AlphaBeta-new-d3,MCTS-new-100,2,False,MCTS-new-100,-1,10,13.572365283966064
AlphaBeta-new-d3__VS__MCTS-new-100__GAME__3,AlphaBeta-new-d3,MCTS-new-100,3,True,AlphaBeta-new-d3,-1,22,35.430554151535034
AlphaBeta-new-d3__VS__MCTS-new-100__GAME__4,AlphaBeta-new-d3,MCTS-new-100,4,False,AlphaBeta-new-d3,1,26,37.462902307510376
AlphaBeta-new-d3__VS__MCTS-new-100__GAME__5,AlphaBeta-new-d3,MCTS-new-100,5,True,MCTS-new-100,1,11,13.324667692184448
AlphaBeta-new-d3__VS__MCTS-new-100__GAME__6,AlphaBeta-new-d3,MCTS-new-100,6,False,AlphaBeta-new-d3,1,6,7.557938814163208
AlphaBeta-new-d3__VS__MCTS-new-100__GAME__7,AlphaBeta-new-d3,MCTS-new-100,7,True,MCTS-new-100,1,11,15.167199611663818
AlphaBeta-new-d3__VS__MCTS-new-100__GAME__8,AlphaBeta-new-d3,MCTS-new-100,8,False,AlphaBeta-new-d3,1,7,7.540441036224365
AlphaBeta-new-d3__VS__MCTS-new-100__GAME__9,AlphaBeta-new-d3,MCTS-new-100,9,True,MCTS-new-100,1,9,10.298222541809082
AlphaBeta-new-d3__VS__MCTS-new-100__GAME__10,AlphaBeta-new-d3,MCTS-new-100,10,False,MCTS-new-100,-1,12,14.74419903755188
AlphaBeta-new-d3__VS__MCTS-new-100__GAME__11,AlphaBeta-new-d3,MCTS-new-100,11,True,AlphaBeta-new-d3,-1,8,9.803437232971191
AlphaBeta-new-d3__VS__MCTS-new-100__GAME__12,AlphaBeta-new-d3,MCTS-new-100,12,False,MCTS-new-100,-1,8,9.970261335372925
AlphaBeta-new-d3__VS__MCTS-new-100__GAME__13,AlphaBeta-new-d3,MCTS-new-100,13,True,MCTS-new-100,1,7,9.065860271453857
AlphaBeta-new-d3__VS__MCTS-new-100__GAME__14,AlphaBeta-new-d3,MCTS-new-100,14,False,draw,0,50,85.3630473613739
AlphaBeta-new-d3__VS__MCTS-new-100__GAME__15,AlphaBeta-new-d3,MCTS-new-100,15,True,MCTS-new-100,1,6,8.110023021697998
AlphaBeta-new-d3__VS__MCTS-new-100__GAME__16,AlphaBeta-new-d3,MCTS-new-100,16,False,MCTS-new-100,-1,6,6.864232540130615
AlphaBeta-new-d3__VS__MCTS-new-100__GAME__17,AlphaBeta-new-d3,MCTS-new-100,17,True,MCTS-new-100,1,7,7.7142438888549805
AlphaBeta-new-d3__VS__MCTS-new-100__GAME__18,AlphaBeta-new-d3,MCTS-new-100,18,False,MCTS-new-100,-1,28,47.05136275291443
AlphaBeta-new-d3__VS__MCTS-new-100__GAME__19,AlphaBeta-new-d3,MCTS-new-100,19,True,MCTS-new-100,1,21,34.308703660964966
AlphaBeta-new-d3__VS__MCTS-new-100__GAME__20,AlphaBeta-new-d3,MCTS-new-100,20,False,AlphaBeta-new-d3,1,12,15.815799951553345
AlphaBeta-new-d3__VS__MCTS-new-100__GAME__21,AlphaBeta-new-d3,MCTS-new-100,21,True,MCTS-new-100,1,7,7.374216794967651
AlphaBeta-new-d3__VS__MCTS-new-100__GAME__22,AlphaBeta-new-d3,MCTS-new-100,22,False,MCTS-new-100,-1,6,6.240019798278809
AlphaBeta-new-d3__VS__MCTS-new-100__GAME__23,AlphaBeta-new-d3,MCTS-new-100,23,True,AlphaBeta-new-d3,-1,8,10.002244472503662
AlphaBeta-new-d3__VS__MCTS-new-100__GAME__24,AlphaBeta-new-d3,MCTS-new-100,24,False,AlphaBeta-new-d3,1,5,6.045029878616333
AlphaBeta-new-d3__VS__MCTS-new-100__GAME__25,AlphaBeta-new-d3,MCTS-new-100,25,True,AlphaBeta-new-d3,-1,9,11.534515857696533
AlphaBeta-new-d3__VS__MCTS-new-100__GAME__26,AlphaBeta-new-d3,MCTS-new-100,26,False,MCTS-new-100,-1,20,28.87701392173767
AlphaBeta-new-d3__VS__MCTS-new-100__GAME__27,AlphaBeta-new-d3,MCTS-new-100,27,True,MCTS-new-100,1,10,13.170658111572266
AlphaBeta-new-d3__VS__MCTS-new-100__GAME__28,AlphaBeta-new-d3,MCTS-new-100,28,False,AlphaBeta-new-d3,1,6,7.606916427612305
AlphaBeta-new-d3__VS__MCTS-new-100__GAME__29,AlphaBeta-new-d3,MCTS-new-100,29,True,MCTS-new-100,1,9,9.974957942962646
AlphaBeta-new-d3__VS__MCTS-new-100__GAME__30,AlphaBeta-new-d3,MCTS-new-100,30,False,MCTS-new-100,-1,6,4.9163384437561035
AlphaBeta-new-d3__VS__MCTS-new-100__GAME__31,AlphaBeta-new-d3,MCTS-new-100,31,True,MCTS-new-100,1,24,36.478018283843994
AlphaBeta-new-d3__VS__MCTS-new-100__GAME__32,AlphaBeta-new-d3,MCTS-new-100,32,False,AlphaBeta-new-d3,1,5,4.9740588665008545
AlphaBeta-new-d3__VS__MCTS-new-100__GAME__33,AlphaBeta-new-d3,MCTS-new-100,33,True,AlphaBeta-new-d3,-1,26,48.45071244239807
AlphaBeta-new-d3__VS__MCTS-new-100__GAME__34,AlphaBeta-new-d3,MCTS-new-100,34,False,AlphaBeta-new-d3,1,9,10.651731491088867
AlphaBeta-new-d3__VS__MCTS-new-100__GAME__35,AlphaBeta-new-d3,MCTS-new-100,35,True,MCTS-new-100,1,7,7.657406806945801
AlphaBeta-new-d3__VS__MCTS-new-100__GAME__36,AlphaBeta-new-d3,MCTS-new-100,36,False,MCTS-new-100,-1,6,6.332374572753906
AlphaBeta-new-d3__VS__MCTS-new-100__GAME__37,AlphaBeta-new-d3,MCTS-new-100,37,True,MCTS-new-100,1,11,14.562075138092041
AlphaBeta-new-d3__VS__MCTS-new-100__GAME__38,AlphaBeta-new-d3,MCTS-new-100,38,False,MCTS-new-100,-1,10,12.763836860656738
AlphaBeta-new-d3__VS__MCTS-new-100__GAME__39,AlphaBeta-new-d3,MCTS-new-100,39,True,MCTS-new-100,1,9,11.50337529182434
AlphaBeta-new-d3__VS__MCTS-new-100__GAME__40,AlphaBeta-new-d3,MCTS-new-100,40,False,MCTS-new-100,-1,20,34.290228843688965
AlphaBeta-new-d3__VS__MCTS-new-100__GAME__41,AlphaBeta-new-d3,MCTS-new-100,41,True,AlphaBeta-new-d3,-1,11,13.437233209609985
AlphaBeta-new-d3__VS__MCTS-new-100__GAME__42,AlphaBeta-new-d3,MCTS-new-100,42,False,MCTS-new-100,-1,4,2.7826240062713623
AlphaBeta-new-d3__VS__MCTS-new-100__GAME__43,AlphaBeta-new-d3,MCTS-new-100,43,True,MCTS-new-100,1,7,7.423084497451782
AlphaBeta-new-d3__VS__MCTS-new-100__GAME__44,AlphaBeta-new-d3,MCTS-new-100,44,False,MCTS-new-100,-1,16,23.33625054359436
AlphaBeta-new-d3__VS__MCTS-new-100__GAME__45,AlphaBeta-new-d3,MCTS-new-100,45,True,MCTS-new-100,1,7,7.7564005851745605
AlphaBeta-new-d3__VS__MCTS-new-100__GAME__46,AlphaBeta-new-d3,MCTS-new-100,46,False,draw,0,50,90.24957585334778
AlphaBeta-new-d3__VS__MCTS-new-100__GAME__47,AlphaBeta-new-d3,MCTS-new-100,47,True,MCTS-new-100,1,7,8.409327507019043
AlphaBeta-new-d3__VS__MCTS-new-100__GAME__48,AlphaBeta-new-d3,MCTS-new-100,48,False,MCTS-new-100,-1,6,7.109496831893921
AlphaBeta-new-d3__VS__MCTS-new-100__GAME__49,AlphaBeta-new-d3,MCTS-new-100,49,True,MCTS-new-100,1,11,12.018188238143921
AlphaBeta-new-d3__VS__MCTS-new-100__GAME__50,AlphaBeta-new-d3,MCTS-new-100,50,False,draw,0,50,91.37690949440002
AlphaBeta-new-d3__VS__MCTS-new-100__GAME__51,AlphaBeta-new-d3,MCTS-new-100,51,True,MCTS-new-100,1,9,11.333513259887695
AlphaBeta-new-d3__VS__MCTS-new-100__GAME__52,AlphaBeta-new-d3,MCTS-new-100,52,False,MCTS-new-100,-1,36,60.75333094596863
AlphaBeta-new-d3__VS__MCTS-new-100__GAME__53,AlphaBeta-new-d3,MCTS-new-100,53,True,MCTS-new-100,1,10,13.004796743392944
AlphaBeta-new-d3__VS__MCTS-new-100__GAME__54,AlphaBeta-new-d3,MCTS-new-100,54,False,MCTS-new-100,-1,8,10.850154876708984
AlphaBeta-new-d3__VS__MCTS-new-100__GAME__55,AlphaBeta-new-d3,MCTS-new-100,55,True,AlphaBeta-new-d3,-1,14,19.13223171234131
AlphaBeta-new-d3__VS__MCTS-new-100__GAME__56,AlphaBeta-new-d3,MCTS-new-100,56,False,AlphaBeta-new-d3,1,7,7.647406339645386
AlphaBeta-new-d3__VS__MCTS-new-100__GAME__57,AlphaBeta-new-d3,MCTS-new-100,57,True,draw,0,50,70.64798498153687
AlphaBeta-new-d3__VS__MCTS-new-100__GAME__58,AlphaBeta-new-d3,MCTS-new-100,58,False,AlphaBeta-new-d3,1,12,16.599292278289795
AlphaBeta-new-d3__VS__MCTS-new-100__GAME__59,AlphaBeta-new-d3,MCTS-new-100,59,True,MCTS-new-100,1,9,10.848565816879272
AlphaBeta-new-d3__VS__MCTS-new-100__GAME__60,AlphaBeta-new-d3,MCTS-new-100,60,False,MCTS-new-100,-1,8,7.830101013183594
AlphaBeta-new-d3__VS__MCTS-new-100__GAME__61,AlphaBeta-new-d3,MCTS-new-100,61,True,MCTS-new-100,1,9,10.135055303573608
AlphaBeta-new-d3__VS__MCTS-new-100__GAME__62,AlphaBeta-new-d3,MCTS-new-100,62,False,MCTS-new-100,-1,16,22.11852216720581
AlphaBeta-new-d3__VS__MCTS-new-100__GAME__63,AlphaBeta-new-d3,MCTS-new-100,63,True,MCTS-new-100,1,9,10.197450876235962
AlphaBeta-new-d3__VS__MCTS-new-100__GAME__64,AlphaBeta-new-d3,MCTS-new-100,64,False,MCTS-new-100,-1,10,13.658930540084839
AlphaBeta-new-d3__VS__MCTS-new-100__GAME__65,AlphaBeta-new-d3,MCTS-new-100,65,True,MCTS-new-100,1,7,7.843180179595947
AlphaBeta-new-d3__VS__MCTS-new-100__GAME__66,AlphaBeta-new-d3,MCTS-new-100,66,False,MCTS-new-100,-1,12,16.12188172340393
AlphaBeta-new-d3__VS__MCTS-new-100__GAME__67,AlphaBeta-new-d3,MCTS-new-100,67,True,MCTS-new-100,1,9,12.048638343811035
AlphaBeta-new-d3__VS__MCTS-new-100__GAME__68,AlphaBeta-new-d3,MCTS-new-100,68,False,MCTS-new-100,-1,6,6.410162687301636
AlphaBeta-new-d3__VS__MCTS-new-100__GAME__69,AlphaBeta-new-d3,MCTS-new-100,69,True,MCTS-new-100,1,13,16.164457082748413
AlphaBeta-new-d3__VS__MCTS-new-100__GAME__70,AlphaBeta-new-d3,MCTS-new-100,70,False,MCTS-new-100,-1,17,24.46060538291931
AlphaBeta-new-d3__VS__MCTS-new-100__GAME__71,AlphaBeta-new-d3,MCTS-new-100,71,True,MCTS-new-100,1,11,14.427441596984863
AlphaBeta-new-d3__VS__MCTS-new-100__GAME__72,AlphaBeta-new-d3,MCTS-new-100,72,False,MCTS-new-100,-1,10,12.483378171920776
AlphaBeta-new-d3__VS__MCTS-new-100__GAME__73,AlphaBeta-new-d3,MCTS-new-100,73,True,MCTS-new-100,1,7,8.245918989181519
AlphaBeta-new-d3__VS__MCTS-new-100__GAME__74,AlphaBeta-new-d3,MCTS-new-100,74,False,MCTS-new-100,-1,10,12.856641292572021
AlphaBeta-new-d3__VS__MCTS-new-100__GAME__75,AlphaBeta-new-d3,MCTS-new-100,75,True,MCTS-new-100,1,6,7.946191787719727
AlphaBeta-new-d3__VS__MCTS-new-100__GAME__76,AlphaBeta-new-d3,MCTS-new-100,76,False,MCTS-new-100,-1,30,50.49644374847412
AlphaBeta-new-d3__VS__MCTS-new-100__GAME__77,AlphaBeta-new-d3,MCTS-new-100,77,True,AlphaBeta-new-d3,-1,13,16.926056623458862
AlphaBeta-new-d3__VS__MCTS-new-100__GAME__78,AlphaBeta-new-d3,MCTS-new-100,78,False,MCTS-new-100,-1,10,11.310598373413086
AlphaBeta-new-d3__VS__MCTS-new-100__GAME__79,AlphaBeta-new-d3,MCTS-new-100,79,True,MCTS-new-100,1,9,10.41191554069519
AlphaBeta-new-d3__VS__MCTS-new-100__GAME__80,AlphaBeta-new-d3,MCTS-new-100,80,False,MCTS-new-100,-1,8,10.217565774917603
AlphaBeta-new-d3__VS__MCTS-new-100__GAME__81,AlphaBeta-new-d3,MCTS-new-100,81,True,MCTS-new-100,1,6,8.129167795181274
AlphaBeta-new-d3__VS__MCTS-new-100__GAME__82,AlphaBeta-new-d3,MCTS-new-100,82,False,MCTS-new-100,-1,20,29.281096935272217
AlphaBeta-new-d3__VS__MCTS-new-100__GAME__83,AlphaBeta-new-d3,MCTS-new-100,83,True,MCTS-new-100,1,7,10.139539241790771
AlphaBeta-new-d3__VS__MCTS-new-100__GAME__84,AlphaBeta-new-d3,MCTS-new-100,84,False,MCTS-new-100,-1,8,9.811128854751587
AlphaBeta-new-d3__VS__MCTS-new-100__GAME__85,AlphaBeta-new-d3,MCTS-new-100,85,True,MCTS-new-100,1,13,16.831058979034424
AlphaBeta-new-d3__VS__MCTS-new-100__GAME__86,AlphaBeta-new-d3,MCTS-new-100,86,False,AlphaBeta-new-d3,1,4,4.11269474029541
AlphaBeta-new-d3__VS__MCTS-new-100__GAME__87,AlphaBeta-new-d3,MCTS-new-100,87,True,AlphaBeta-new-d3,-1,18,26.123891830444336
AlphaBeta-new-d3__VS__MCTS-new-100__GAME__88,AlphaBeta-new-d3,MCTS-new-100,88,False,MCTS-new-100,-1,12,15.446096658706665
AlphaBeta-new-d3__VS__MCTS-new-100__GAME__89,AlphaBeta-new-d3,MCTS-new-100,89,True,MCTS-new-100,1,9,10.443300485610962
AlphaBeta-new-d3__VS__MCTS-new-100__GAME__90,AlphaBeta-new-d3,MCTS-new-100,90,False,MCTS-new-100,-1,44,82.41250348091125
AlphaBeta-new-d3__VS__MCTS-new-100__GAME__91,AlphaBeta-new-d3,MCTS-new-100,91,True,AlphaBeta-new-d3,-1,10,15.841623783111572
AlphaBeta-new-d3__VS__MCTS-new-100__GAME__92,AlphaBeta-new-d3,MCTS-new-100,92,False,MCTS-new-100,-1,14,19.008615016937256
AlphaBeta-new-d3__VS__MCTS-new-100__GAME__93,AlphaBeta-new-d3,MCTS-new-100,93,True,MCTS-new-100,1,7,7.969454765319824
AlphaBeta-new-d3__VS__MCTS-new-100__GAME__94,AlphaBeta-new-d3,MCTS-new-100,94,False,MCTS-new-100,-1,6,7.0677361488342285
AlphaBeta-new-d3__VS__MCTS-new-100__GAME__95,AlphaBeta-new-d3,MCTS-new-100,95,True,AlphaBeta-new-d3,-1,25,42.214425802230835
AlphaBeta-new-d3__VS__MCTS-new-100__GAME__96,AlphaBeta-new-d3,MCTS-new-100,96,False,MCTS-new-100,-1,8,10.384322881698608
AlphaBeta-new-d3__VS__MCTS-new-100__GAME__97,AlphaBeta-new-d3,MCTS-new-100,97,True,AlphaBeta-new-d3,-1,8,11.566311359405518
AlphaBeta-new-d3__VS__MCTS-new-100__GAME__98,AlphaBeta-new-d3,MCTS-new-100,98,False,MCTS-new-100,-1,6,6.244384288787842
AlphaBeta-new-d3__VS__MCTS-new-100__GAME__99,AlphaBeta-new-d3,MCTS-new-100,99,True,MCTS-new-100,1,5,5.11798357963562
AlphaBeta-new-d3__VS__MCTS-new-100__GAME__100,AlphaBeta-new-d3,MCTS-new-100,100,False,MCTS-new-100,-1,7,8.792619943618774
AlphaBeta-new-d3__VS__MCTS-new-100__GAME__101,AlphaBeta-new-d3,MCTS-new-100,101,True,MCTS-new-100,1,25,42.172691822052
AlphaBeta-new-d3__VS__MCTS-new-100__GAME__102,AlphaBeta-new-d3,MCTS-new-100,102,False,AlphaBeta-new-d3,1,11,14.055623769760132
AlphaBeta-new-d3__VS__MCTS-new-100__GAME__103,AlphaBeta-new-d3,MCTS-new-100,103,True,MCTS-new-100,1,7,7.427745580673218
AlphaBeta-new-d3__VS__MCTS-new-100__GAME__104,AlphaBeta-new-d3,MCTS-new-100,104,False,AlphaBeta-new-d3,1,8,9.925353765487671
AlphaBeta-new-d3__VS__MCTS-new-100__GAME__105,AlphaBeta-new-d3,MCTS-new-100,105,True,MCTS-new-100,1,11,15.316211462020874
AlphaBeta-new-d3__VS__MCTS-new-100__GAME__106,AlphaBeta-new-d3,MCTS-new-100,106,False,MCTS-new-100,-1,12,14.468794107437134
AlphaBeta-new-d3__VS__MCTS-new-100__GAME__107,AlphaBeta-new-d3,MCTS-new-100,107,True,MCTS-new-100,1,25,38.84047508239746
AlphaBeta-new-d3__VS__MCTS-new-100__GAME__108,AlphaBeta-new-d3,MCTS-new-100,108,False,MCTS-new-100,-1,26,44.43368744850159
AlphaBeta-new-d3__VS__MCTS-new-100__GAME__109,AlphaBeta-new-d3,MCTS-new-100,109,True,MCTS-new-100,1,15,23.771815061569214
AlphaBeta-new-d3__VS__MCTS-new-100__GAME__110,AlphaBeta-new-d3,MCTS-new-100,110,False,MCTS-new-100,-1,26,42.61845135688782
AlphaBeta-new-d3__VS__MCTS-new-100__GAME__111,AlphaBeta-new-d3,MCTS-new-100,111,True,MCTS-new-100,1,9,10.520211935043335
AlphaBeta-new-d3__VS__MCTS-new-100__GAME__112,AlphaBeta-new-d3,MCTS-new-100,112,False,AlphaBeta-new-d3,1,8,10.803316116333008
AlphaBeta-new-d3__VS__MCTS-new-100__GAME__113,AlphaBeta-new-d3,MCTS-new-100,113,True,MCTS-new-100,1,9,11.897043943405151
AlphaBeta-new-d3__VS__MCTS-new-100__GAME__114,AlphaBeta-new-d3,MCTS-new-100,114,False,AlphaBeta-new-d3,1,11,14.601659536361694
AlphaBeta-new-d3__VS__MCTS-new-100__GAME__115,AlphaBeta-new-d3,MCTS-new-100,115,True,MCTS-new-100,1,7,7.987306118011475
AlphaBeta-new-d3__VS__MCTS-new-100__GAME__116,AlphaBeta-new-d3,MCTS-new-100,116,False,MCTS-new-100,-1,6,6.037208080291748
AlphaBeta-new-d3__VS__MCTS-new-100__GAME__117,AlphaBeta-new-d3,MCTS-new-100,117,True,AlphaBeta-new-d3,-1,7,8.799619674682617
AlphaBeta-new-d3__VS__MCTS-new-100__GAME__118,AlphaBeta-new-d3,MCTS-new-100,118,False,MCTS-new-100,-1,14,20.29297184944153
AlphaBeta-new-d3__VS__MCTS-new-100__GAME__119,AlphaBeta-new-d3,MCTS-new-100,119,True,AlphaBeta-new-d3,-1,10,15.746809959411621
AlphaBeta-new-d3__VS__MCTS-new-100__GAME__120,AlphaBeta-new-d3,MCTS-new-100,120,False,MCTS-new-100,-1,12,14.595525741577148
AlphaBeta-new-d3__VS__MCTS-new-100__GAME__121,AlphaBeta-new-d3,MCTS-new-100,121,True,MCTS-new-100,1,9,11.007619380950928
AlphaBeta-new-d3__VS__MCTS-new-100__GAME__122,AlphaBeta-new-d3,MCTS-new-100,122,False,AlphaBeta-new-d3,1,8,9.486711978912354
AlphaBeta-new-d3__VS__MCTS-new-100__GAME__123,AlphaBeta-new-d3,MCTS-new-100,123,True,MCTS-new-100,1,13,17.320377826690674
AlphaBeta-new-d3__VS__MCTS-new-100__GAME__124,AlphaBeta-new-d3,MCTS-new-100,124,False,AlphaBeta-new-d3,1,15,21.16829776763916
AlphaBeta-new-d3__VS__MCTS-new-100__GAME__125,AlphaBeta-new-d3,MCTS-new-100,125,True,MCTS-new-100,1,9,10.69507646560669
AlphaBeta-new-d3__VS__MCTS-new-100__GAME__126,AlphaBeta-new-d3,MCTS-new-100,126,False,AlphaBeta-new-d3,1,15,20.523303985595703
AlphaBeta-new-d3__VS__MCTS-new-100__GAME__127,AlphaBeta-new-d3,MCTS-new-100,127,True,AlphaBeta-new-d3,-1,16,26.265081644058228
AlphaBeta-new-d3__VS__MCTS-new-100__GAME__128,AlphaBeta-new-d3,MCTS-new-100,128,False,MCTS-new-100,-1,8,9.123775243759155
AlphaBeta-new-d3__VS__MCTS-new-100__GAME__129,AlphaBeta-new-d3,MCTS-new-100,129,True,AlphaBeta-new-d3,-1,28,54.05571460723877
AlphaBeta-new-d3__VS__MCTS-new-100__GAME__130,AlphaBeta-new-d3,MCTS-new-100,130,False,MCTS-new-100,-1,12,15.573625326156616
AlphaBeta-new-d3__VS__MCTS-new-100__GAME__131,AlphaBeta-new-d3,MCTS-new-100,131,True,AlphaBeta-new-d3,-1,10,14.867678880691528
AlphaBeta-new-d3__VS__MCTS-new-100__GAME__132,AlphaBeta-new-d3,MCTS-new-100,132,False,MCTS-new-100,-1,8,10.066355228424072
AlphaBeta-new-d3__VS__MCTS-new-100__GAME__133,AlphaBeta-new-d3,MCTS-new-100,133,True,MCTS-new-100,1,5,4.998745679855347
AlphaBeta-new-d3__VS__MCTS-new-100__GAME__134,AlphaBeta-new-d3,MCTS-new-100,134,False,MCTS-new-100,-1,8,8.143051862716675
AlphaBeta-new-d3__VS__MCTS-new-100__GAME__135,AlphaBeta-new-d3,MCTS-new-100,135,True,MCTS-new-100,1,6,7.161851644515991
AlphaBeta-new-d3__VS__MCTS-new-100__GAME__136,AlphaBeta-new-d3,MCTS-new-100,136,False,AlphaBeta-new-d3,1,5,5.724360942840576
AlphaBeta-new-d3__VS__MCTS-new-100__GAME__137,AlphaBeta-new-d3,MCTS-new-100,137,True,MCTS-new-100,1,11,14.422096729278564
AlphaBeta-new-d3__VS__MCTS-new-100__GAME__138,AlphaBeta-new-d3,MCTS-new-100,138,False,MCTS-new-100,-1,8,9.68015193939209
AlphaBeta-new-d3__VS__MCTS-new-100__GAME__139,AlphaBeta-new-d3,MCTS-new-100,139,True,MCTS-new-100,1,9,10.580163478851318
AlphaBeta-new-d3__VS__MCTS-new-100__GAME__140,AlphaBeta-new-d3,MCTS-new-100,140,False,MCTS-new-100,-1,10,13.474952697753906
AlphaBeta-new-d3__VS__MCTS-new-100__GAME__141,AlphaBeta-new-d3,MCTS-new-100,141,True,MCTS-new-100,1,5,4.7361602783203125
AlphaBeta-new-d3__VS__MCTS-new-100__GAME__142,AlphaBeta-new-d3,MCTS-new-100,142,False,MCTS-new-100,-1,8,10.359426021575928
AlphaBeta-new-d3__VS__MCTS-new-100__GAME__143,AlphaBeta-new-d3,MCTS-new-100,143,True,MCTS-new-100,1,7,7.146121978759766
AlphaBeta-new-d3__VS__MCTS-new-100__GAME__144,AlphaBeta-new-d3,MCTS-new-100,144,False,AlphaBeta-new-d3,1,7,9.250244140625
AlphaBeta-new-d3__VS__MCTS-new-100__GAME__145,AlphaBeta-new-d3,MCTS-new-100,145,True,MCTS-new-100,1,19,26.85236167907715
AlphaBeta-new-d3__VS__MCTS-new-100__GAME__146,AlphaBeta-new-d3,MCTS-new-100,146,False,MCTS-new-100,-1,6,5.538113355636597
AlphaBeta-new-d3__VS__MCTS-new-100__GAME__147,AlphaBeta-new-d3,MCTS-new-100,147,True,MCTS-new-100,1,5,5.569770097732544
AlphaBeta-new-d3__VS__MCTS-new-100__GAME__148,AlphaBeta-new-d3,MCTS-new-100,148,False,MCTS-new-100,-1,10,12.589414596557617
AlphaBeta-new-d3__VS__MCTS-new-100__GAME__149,AlphaBeta-new-d3,MCTS-new-100,149,True,draw,0,50,73.88332462310791
AlphaBeta-new-d3__VS__MCTS-new-100__GAME__150,AlphaBeta-new-d3,MCTS-new-100,150,False,AlphaBeta-new-d3,1,6,7.392993688583374
AlphaBeta-new-d3__VS__MCTS-new-100__GAME__151,AlphaBeta-new-d3,MCTS-new-100,151,True,MCTS-new-100,1,6,8.164190530776978
AlphaBeta-new-d3__VS__MCTS-new-100__GAME__152,AlphaBeta-new-d3,MCTS-new-100,152,False,MCTS-new-100,-1,6,6.985166788101196
AlphaBeta-new-d3__VS__MCTS-new-100__GAME__153,AlphaBeta-new-d3,MCTS-new-100,153,True,MCTS-new-100,1,5,3.949605941772461
AlphaBeta-new-d3__VS__MCTS-new-100__GAME__154,AlphaBeta-new-d3,MCTS-new-100,154,False,MCTS-new-100,-1,8,8.711209774017334
AlphaBeta-new-d3__VS__MCTS-new-100__GAME__155,AlphaBeta-new-d3,MCTS-new-100,155,True,MCTS-new-100,1,11,14.447303056716919
AlphaBeta-new-d3__VS__MCTS-new-100__GAME__156,AlphaBeta-new-d3,MCTS-new-100,156,False,AlphaBeta-new-d3,1,11,13.046653270721436
AlphaBeta-new-d3__VS__MCTS-new-100__GAME__157,AlphaBeta-new-d3,MCTS-new-100,157,True,AlphaBeta-new-d3,-1,18,25.45745038986206
AlphaBeta-new-d3__VS__MCTS-new-100__GAME__158,AlphaBeta-new-d3,MCTS-new-100,158,False,MCTS-new-100,-1,18,24.267194032669067
AlphaBeta-new-d3__VS__MCTS-new-100__GAME__159,AlphaBeta-new-d3,MCTS-new-100,159,True,MCTS-new-100,1,21,35.240156412124634
AlphaBeta-new-d3__VS__MCTS-new-100__GAME__160,AlphaBeta-new-d3,MCTS-new-100,160,False,MCTS-new-100,-1,12,15.922659635543823
AlphaBeta-new-d3__VS__MCTS-new-100__GAME__161,AlphaBeta-new-d3,MCTS-new-100,161,True,MCTS-new-100,1,15,21.140136003494263
AlphaBeta-new-d3__VS__MCTS-new-100__GAME__162,AlphaBeta-new-d3,MCTS-new-100,162,False,MCTS-new-100,-1,10,13.361491918563843
AlphaBeta-new-d3__VS__MCTS-new-100__GAME__163,AlphaBeta-new-d3,MCTS-new-100,163,True,AlphaBeta-new-d3,-1,7,9.535362720489502
AlphaBeta-new-d3__VS__MCTS-new-100__GAME__164,AlphaBeta-new-d3,MCTS-new-100,164,False,MCTS-new-100,-1,6,7.1010072231292725
AlphaBeta-new-d3__VS__MCTS-new-100__GAME__165,AlphaBeta-new-d3,MCTS-new-100,165,True,MCTS-new-100,1,7,8.771767616271973
AlphaBeta-new-d3__VS__MCTS-new-100__GAME__166,AlphaBeta-new-d3,MCTS-new-100,166,False,MCTS-new-100,-1,6,7.180498361587524
AlphaBeta-new-d3__VS__MCTS-new-100__GAME__167,AlphaBeta-new-d3,MCTS-new-100,167,True,MCTS-new-100,1,7,9.274847030639648
AlphaBeta-new-d3__VS__MCTS-new-100__GAME__168,AlphaBeta-new-d3,MCTS-new-100,168,False,MCTS-new-100,-1,10,12.47550916671753
AlphaBeta-new-d3__VS__MCTS-new-100__GAME__169,AlphaBeta-new-d3,MCTS-new-100,169,True,MCTS-new-100,1,11,14.789718389511108
AlphaBeta-new-d3__VS__MCTS-new-100__GAME__170,AlphaBeta-new-d3,MCTS-new-100,170,False,AlphaBeta-new-d3,1,9,11.213334798812866
AlphaBeta-new-d3__VS__MCTS-new-100__GAME__171,AlphaBeta-new-d3,MCTS-new-100,171,True,MCTS-new-100,1,40,72.62976813316345
AlphaBeta-new-d3__VS__MCTS-new-100__GAME__172,AlphaBeta-new-d3,MCTS-new-100,172,False,MCTS-new-100,-1,8,9.199780225753784
AlphaBeta-new-d3__VS__MCTS-new-100__GAME__173,AlphaBeta-new-d3,MCTS-new-100,173,True,MCTS-new-100,1,7,8.273174047470093
AlphaBeta-new-d3__VS__MCTS-new-100__GAME__174,AlphaBeta-new-d3,MCTS-new-100,174,False,MCTS-new-100,-1,10,12.049099206924438
AlphaBeta-new-d3__VS__MCTS-new-100__GAME__175,AlphaBeta-new-d3,MCTS-new-100,175,True,MCTS-new-100,1,7,8.86368703842163
AlphaBeta-new-d3__VS__MCTS-new-100__GAME__176,AlphaBeta-new-d3,MCTS-new-100,176,False,MCTS-new-100,-1,48,90.09704923629761
AlphaBeta-new-d3__VS__MCTS-new-100__GAME__177,AlphaBeta-new-d3,MCTS-new-100,177,True,MCTS-new-100,1,7,7.232482194900513
AlphaBeta-new-d3__VS__MCTS-new-100__GAME__178,AlphaBeta-new-d3,MCTS-new-100,178,False,MCTS-new-100,-1,8,9.503596067428589
AlphaBeta-new-d3__VS__MCTS-new-100__GAME__179,AlphaBeta-new-d3,MCTS-new-100,179,True,MCTS-new-100,1,7,7.719029903411865
AlphaBeta-new-d3__VS__MCTS-new-100__GAME__180,AlphaBeta-new-d3,MCTS-new-100,180,False,MCTS-new-100,-1,4,3.825258255004883
AlphaBeta-new-d3__VS__MCTS-new-100__GAME__181,AlphaBeta-new-d3,MCTS-new-100,181,True,MCTS-new-100,1,9,11.978253841400146
AlphaBeta-new-d3__VS__MCTS-new-100__GAME__182,AlphaBeta-new-d3,MCTS-new-100,182,False,MCTS-new-100,-1,26,44.853288888931274
AlphaBeta-new-d3__VS__MCTS-new-100__GAME__183,AlphaBeta-new-d3,MCTS-new-100,183,True,MCTS-new-100,1,7,8.59670615196228
AlphaBeta-new-d3__VS__MCTS-new-100__GAME__184,AlphaBeta-new-d3,MCTS-new-100,184,False,MCTS-new-100,-1,8,10.364880561828613
AlphaBeta-new-d3__VS__MCTS-new-100__GAME__185,AlphaBeta-new-d3,MCTS-new-100,185,True,MCTS-new-100,1,19,27.286097049713135
AlphaBeta-new-d3__VS__MCTS-new-100__GAME__186,AlphaBeta-new-d3,MCTS-new-100,186,False,MCTS-new-100,-1,6,7.265597581863403
AlphaBeta-new-d3__VS__MCTS-new-100__GAME__187,AlphaBeta-new-d3,MCTS-new-100,187,True,MCTS-new-100,1,15,22.441807746887207
AlphaBeta-new-d3__VS__MCTS-new-100__GAME__188,AlphaBeta-new-d3,MCTS-new-100,188,False,MCTS-new-100,-1,6,6.3155083656311035
AlphaBeta-new-d3__VS__MCTS-new-100__GAME__189,AlphaBeta-new-d3,MCTS-new-100,189,True,draw,0,50,104.62531638145447
AlphaBeta-new-d3__VS__MCTS-new-100__GAME__190,AlphaBeta-new-d3,MCTS-new-100,190,False,draw,0,50,98.78706192970276
AlphaBeta-new-d3__VS__MCTS-new-100__GAME__191,AlphaBeta-new-d3,MCTS-new-100,191,True,AlphaBeta-new-d3,-1,12,17.778236389160156
AlphaBeta-new-d3__VS__MCTS-new-100__GAME__192,AlphaBeta-new-d3,MCTS-new-100,192,False,MCTS-new-100,-1,6,6.593435764312744
AlphaBeta-new-d3__VS__MCTS-new-100__GAME__193,AlphaBeta-new-d3,MCTS-new-100,193,True,MCTS-new-100,1,9,11.013258934020996
AlphaBeta-new-d3__VS__MCTS-new-100__GAME__194,AlphaBeta-new-d3,MCTS-new-100,194,False,MCTS-new-100,-1,6,6.5084388256073
AlphaBeta-new-d3__VS__MCTS-new-100__GAME__195,AlphaBeta-new-d3,MCTS-new-100,195,True,MCTS-new-100,1,19,27.546547889709473
AlphaBeta-new-d3__VS__MCTS-new-100__GAME__196,AlphaBeta-new-d3,MCTS-new-100,196,False,MCTS-new-100,-1,12,15.669727087020874
AlphaBeta-new-d3__VS__MCTS-new-100__GAME__197,AlphaBeta-new-d3,MCTS-new-100,197,True,MCTS-new-100,1,13,17.178772926330566
AlphaBeta-new-d3__VS__MCTS-new-100__GAME__198,AlphaBeta-new-d3,MCTS-new-100,198,False,MCTS-new-100,-1,5,5.6018500328063965
AlphaBeta-new-d3__VS__MCTS-new-100__GAME__199,AlphaBeta-new-d3,MCTS-new-100,199,True,AlphaBeta-new-d3,-1,9,12.547316551208496
MCTS-old-100__VS__MCTS-new-100__GAME__0,MCTS-old-100,MCTS-new-100,0,False,MCTS-old-100,1,13,17.43958330154419
MCTS-old-100__VS__MCTS-new-100__GAME__1,MCTS-old-100,MCTS-new-100,1,True,MCTS-new-100,1,11,16.64703893661499
MCTS-old-100__VS__MCTS-new-100__GAME__2,MCTS-old-100,MCTS-new-100,2,False,MCTS-new-100,-1,9,13.030202865600586
MCTS-old-100__VS__MCTS-new-100__GAME__3,MCTS-old-100,MCTS-new-100,3,True,MCTS-old-100,-1,9,12.013751745223999
MCTS-old-100__VS__MCTS-new-100__GAME__4,MCTS-old-100,MCTS-new-100,4,False,MCTS-new-100,-1,18,30.07752013206482
MCTS-old-100__VS__MCTS-new-100__GAME__5,MCTS-old-100,MCTS-new-100,5,True,draw,0,50,86.58599042892456
MCTS-old-100__VS__MCTS-new-100__GAME__6,MCTS-old-100,MCTS-new-100,6,False,MCTS-old-100,1,19,32.91360378265381
MCTS-old-100__VS__MCTS-new-100__GAME__7,MCTS-old-100,MCTS-new-100,7,True,MCTS-old-100,-1,6,7.132723808288574
MCTS-old-100__VS__MCTS-new-100__GAME__8,MCTS-old-100,MCTS-new-100,8,False,MCTS-old-100,1,30,57.01759648323059
MCTS-old-100__VS__MCTS-new-100__GAME__9,MCTS-old-100,MCTS-new-100,9,True,MCTS-old-100,-1,42,72.93605732917786
MCTS-old-100__VS__MCTS-new-100__GAME__10,MCTS-old-100,MCTS-new-100,10,False,MCTS-old-100,1,22,35.01315522193909
MCTS-old-100__VS__MCTS-new-100__GAME__11,MCTS-old-100,MCTS-new-100,11,True,MCTS-new-100,1,7,9.588891506195068
MCTS-old-100__VS__MCTS-new-100__GAME__12,MCTS-old-100,MCTS-new-100,12,False,MCTS-old-100,1,8,11.047643423080444
MCTS-old-100__VS__MCTS-new-100__GAME__13,MCTS-old-100,MCTS-new-100,13,True,MCTS-new-100,1,9,11.341046571731567
MCTS-old-100__VS__MCTS-new-100__GAME__14,MCTS-old-100,MCTS-new-100,14,False,MCTS-old-100,1,21,38.39570474624634
MCTS-old-100__VS__MCTS-new-100__GAME__15,MCTS-old-100,MCTS-new-100,15,True,MCTS-old-100,-1,6,6.990295886993408
MCTS-old-100__VS__MCTS-new-100__GAME__16,MCTS-old-100,MCTS-new-100,16,False,MCTS-old-100,1,28,54.731427907943726
MCTS-old-100__VS__MCTS-new-100__GAME__17,MCTS-old-100,MCTS-new-100,17,True,MCTS-new-100,1,18,25.588155269622803
MCTS-old-100__VS__MCTS-new-100__GAME__18,MCTS-old-100,MCTS-new-100,18,False,MCTS-old-100,1,9,19.35477924346924
MCTS-old-100__VS__MCTS-new-100__GAME__19,MCTS-old-100,MCTS-new-100,19,True,MCTS-new-100,1,6,8.563973426818848
MCTS-old-100__VS__MCTS-new-100__GAME__20,MCTS-old-100,MCTS-new-100,20,False,MCTS-old-100,1,6,8.927289962768555
MCTS-old-100__VS__MCTS-new-100__GAME__21,MCTS-old-100,MCTS-new-100,21,True,MCTS-old-100,-1,7,9.764779329299927
MCTS-old-100__VS__MCTS-new-100__GAME__22,MCTS-old-100,MCTS-new-100,22,False,draw,0,50,99.93148183822632
MCTS-old-100__VS__MCTS-new-100__GAME__23,MCTS-old-100,MCTS-new-100,23,True,draw,0,50,104.42958974838257
MCTS-old-100__VS__MCTS-new-100__GAME__24,MCTS-old-100,MCTS-new-100,24,False,MCTS-new-100,-1,29,46.090027809143066
MCTS-old-100__VS__MCTS-new-100__GAME__25,MCTS-old-100,MCTS-new-100,25,True,MCTS-old-100,-1,5,6.1918556690216064
MCTS-old-100__VS__MCTS-new-100__GAME__26,MCTS-old-100,MCTS-new-100,26,False,MCTS-new-100,-1,9,11.40283489227295
MCTS-old-100__VS__MCTS-new-100__GAME__27,MCTS-old-100,MCTS-new-100,27,True,MCTS-new-100,1,5,5.102371454238892
MCTS-old-100__VS__MCTS-new-100__GAME__28,MCTS-old-100,MCTS-new-100,28,False,MCTS-old-100,1,7,9.599362134933472
MCTS-old-100__VS__MCTS-new-100__GAME__29,MCTS-old-100,MCTS-new-100,29,True,MCTS-new-100,1,41,101.94277095794678
MCTS-old-100__VS__MCTS-new-100__GAME__30,MCTS-old-100,MCTS-new-100,30,False,MCTS-new-100,-1,6,6.7885847091674805
MCTS-old-100__VS__MCTS-new-100__GAME__31,MCTS-old-100,MCTS-new-100,31,True,MCTS-old-100,-1,28,58.008894205093384
MCTS-old-100__VS__MCTS-new-100__GAME__32,MCTS-old-100,MCTS-new-100,32,False,draw,0,50,89.00569438934326
MCTS-old-100__VS__MCTS-new-100__GAME__33,MCTS-old-100,MCTS-new-100,33,True,MCTS-old-100,-1,7,8.86644721031189
MCTS-old-100__VS__MCTS-new-100__GAME__34,MCTS-old-100,MCTS-new-100,34,False,MCTS-new-100,-1,8,9.329224348068237
MCTS-old-100__VS__MCTS-new-100__GAME__35,MCTS-old-100,MCTS-new-100,35,True,MCTS-new-100,1,8,11.377264261245728
MCTS-old-100__VS__MCTS-new-100__GAME__36,MCTS-old-100,MCTS-new-100,36,False,MCTS-old-100,1,9,13.37393593788147
MCTS-old-100__VS__MCTS-new-100__GAME__37,MCTS-old-100,MCTS-new-100,37,True,MCTS-old-100,-1,7,8.980228185653687
MCTS-old-100__VS__MCTS-new-100__GAME__38,MCTS-old-100,MCTS-new-100,38,False,draw,0,50,104.17219185829163
MCTS-old-100__VS__MCTS-new-100__GAME__39,MCTS-old-100,MCTS-new-100,39,True,MCTS-old-100,-1,8,8.916082620620728
MCTS-old-100__VS__MCTS-new-100__GAME__40,MCTS-old-100,MCTS-new-100,40,False,MCTS-new-100,-1,8,10.363141775131226
MCTS-old-100__VS__MCTS-new-100__GAME__41,MCTS-old-100,MCTS-new-100,41,True,MCTS-new-100,1,23,39.69659113883972
MCTS-old-100__VS__MCTS-new-100__GAME__42,MCTS-old-100,MCTS-new-100,42,False,MCTS-new-100,-1,38,70.62793254852295
MCTS-old-100__VS__MCTS-new-100__GAME__43,MCTS-old-100,MCTS-new-100,43,True,MCTS-new-100,1,13,21.119155883789062
MCTS-old-100__VS__MCTS-new-100__GAME__44,MCTS-old-100,MCTS-new-100,44,False,MCTS-old-100,1,7,8.32820463180542
MCTS-old-100__VS__MCTS-new-100__GAME__45,MCTS-old-100,MCTS-new-100,45,True,MCTS-old-100,-1,23,35.219764709472656
MCTS-old-100__VS__MCTS-new-100__GAME__46,MCTS-old-100,MCTS-new-100,46,False,MCTS-new-100,-1,5,6.928330183029175
MCTS-old-100__VS__MCTS-new-100__GAME__47,MCTS-old-100,MCTS-new-100,47,True,MCTS-new-100,1,4,4.926831483840942
MCTS-old-100__VS__MCTS-new-100__GAME__48,MCTS-old-100,MCTS-new-100,48,False,MCTS-new-100,-1,12,16.67137098312378
MCTS-old-100__VS__MCTS-new-100__GAME__49,MCTS-old-100,MCTS-new-100,49,True,MCTS-old-100,-1,24,39.52307486534119
MCTS-old-100__VS__MCTS-new-100__GAME__50,MCTS-old-100,MCTS-new-100,50,False,MCTS-old-100,1,7,8.357529163360596
MCTS-old-100__VS__MCTS-new-100__GAME__51,MCTS-old-100,MCTS-new-100,51,True,MCTS-old-100,-1,24,41.55748271942139
MCTS-old-100__VS__MCTS-new-100__GAME__52,MCTS-old-100,MCTS-new-100,52,False,MCTS-old-100,1,6,7.518840312957764
MCTS-old-100__VS__MCTS-new-100__GAME__53,MCTS-old-100,MCTS-new-100,53,True,MCTS-old-100,-1,21,33.87743091583252
MCTS-old-100__VS__MCTS-new-100__GAME__54,MCTS-old-100,MCTS-new-100,54,False,MCTS-new-100,-1,22,37.48752188682556
MCTS-old-100__VS__MCTS-new-100__GAME__55,MCTS-old-100,MCTS-new-100,55,True,MCTS-old-100,-1,17,30.234203338623047
MCTS-old-100__VS__MCTS-new-100__GAME__56,MCTS-old-100,MCTS-new-100,56,False,MCTS-old-100,1,6,8.19464635848999
MCTS-old-100__VS__MCTS-new-100__GAME__57,MCTS-old-100,MCTS-new-100,57,True,MCTS-new-100,1,7,7.929452180862427
MCTS-old-100__VS__MCTS-new-100__GAME__58,MCTS-old-100,MCTS-new-100,58,False,MCTS-new-100,-1,9,12.916034936904907
MCTS-old-100__VS__MCTS-new-100__GAME__59,MCTS-old-100,MCTS-new-100,59,True,draw,0,50,88.6682186126709
MCTS-old-100__VS__MCTS-new-100__GAME__60,MCTS-old-100,MCTS-new-100,60,False,MCTS-old-100,1,10,15.187166213989258
MCTS-old-100__VS__MCTS-new-100__GAME__61,MCTS-old-100,MCTS-new-100,61,True,MCTS-new-100,1,19,29.61625051498413
MCTS-old-100__VS__MCTS-new-100__GAME__62,MCTS-old-100,MCTS-new-100,62,False,draw,0,50,90.07332301139832
MCTS-old-100__VS__MCTS-new-100__GAME__63,MCTS-old-100,MCTS-new-100,63,True,MCTS-old-100,-1,9,12.243828058242798
MCTS-old-100__VS__MCTS-new-100__GAME__64,MCTS-old-100,MCTS-new-100,64,False,draw,0,50,96.269944190979
MCTS-old-100__VS__MCTS-new-100__GAME__65,MCTS-old-100,MCTS-new-100,65,True,MCTS-new-100,1,8,11.759141445159912
MCTS-old-100__VS__MCTS-new-100__GAME__66,MCTS-old-100,MCTS-new-100,66,False,MCTS-new-100,-1,34,70.12009763717651
MCTS-old-100__VS__MCTS-new-100__GAME__67,MCTS-old-100,MCTS-new-100,67,True,MCTS-new-100,1,8,11.42412257194519
MCTS-old-100__VS__MCTS-new-100__GAME__68,MCTS-old-100,MCTS-new-100,68,False,MCTS-new-100,-1,17,27.242162942886353
MCTS-old-100__VS__MCTS-new-100__GAME__69,MCTS-old-100,MCTS-new-100,69,True,MCTS-new-100,1,11,15.31421947479248
MCTS-old-100__VS__MCTS-new-100__GAME__70,MCTS-old-100,MCTS-new-100,70,False,draw,0,50,85.18200254440308
MCTS-old-100__VS__MCTS-new-100__GAME__71,MCTS-old-100,MCTS-new-100,71,True,MCTS-old-100,-1,9,12.686861038208008
MCTS-old-100__VS__MCTS-new-100__GAME__72,MCTS-old-100,MCTS-new-100,72,False,MCTS-new-100,-1,15,27.24695134162903
MCTS-old-100__VS__MCTS-new-100__GAME__73,MCTS-old-100,MCTS-new-100,73,True,draw,0,50,93.53428554534912
MCTS-old-100__VS__MCTS-new-100__GAME__74,MCTS-old-100,MCTS-new-100,74,False,MCTS-old-100,1,29,52.78495669364929
MCTS-old-100__VS__MCTS-new-100__GAME__75,MCTS-old-100,MCTS-new-100,75,True,MCTS-old-100,-1,28,48.01073956489563
MCTS-old-100__VS__MCTS-new-100__GAME__76,MCTS-old-100,MCTS-new-100,76,False,MCTS-new-100,-1,27,49.64062285423279
MCTS-old-100__VS__MCTS-new-100__GAME__77,MCTS-old-100,MCTS-new-100,77,True,MCTS-old-100,-1,31,57.54210424423218
MCTS-old-100__VS__MCTS-new-100__GAME__78,MCTS-old-100,MCTS-new-100,78,False,MCTS-old-100,1,12,16.64009141921997
MCTS-old-100__VS__MCTS-new-100__GAME__79,MCTS-old-100,MCTS-new-100,79,True,MCTS-new-100,1,8,11.042502403259277
MCTS-old-100__VS__MCTS-new-100__GAME__80,MCTS-old-100,MCTS-new-100,80,False,MCTS-old-100,1,9,11.57303786277771
MCTS-old-100__VS__MCTS-new-100__GAME__81,MCTS-old-100,MCTS-new-100,81,True,MCTS-new-100,1,9,11.805739164352417
MCTS-old-100__VS__MCTS-new-100__GAME__82,MCTS-old-100,MCTS-new-100,82,False,MCTS-old-100,1,13,20.01754355430603
MCTS-old-100__VS__MCTS-new-100__GAME__83,MCTS-old-100,MCTS-new-100,83,True,MCTS-old-100,-1,7,9.241892099380493
MCTS-old-100__VS__MCTS-new-100__GAME__84,MCTS-old-100,MCTS-new-100,84,False,MCTS-old-100,1,14,18.772221565246582
MCTS-old-100__VS__MCTS-new-100__GAME__85,MCTS-old-100,MCTS-new-100,85,True,MCTS-new-100,1,23,46.162086725234985
MCTS-old-100__VS__MCTS-new-100__GAME__86,MCTS-old-100,MCTS-new-100,86,False,MCTS-old-100,1,11,15.52379035949707
MCTS-old-100__VS__MCTS-new-100__GAME__87,MCTS-old-100,MCTS-new-100,87,True,MCTS-old-100,-1,22,38.242324352264404
MCTS-old-100__VS__MCTS-new-100__GAME__88,MCTS-old-100,MCTS-new-100,88,False,MCTS-old-100,1,11,15.279806852340698
MCTS-old-100__VS__MCTS-new-100__GAME__89,MCTS-old-100,MCTS-new-100,89,True,MCTS-new-100,1,25,46.000367403030396
MCTS-old-100__VS__MCTS-new-100__GAME__90,MCTS-old-100,MCTS-new-100,90,False,MCTS-new-100,-1,6,6.719298839569092
MCTS-old-100__VS__MCTS-new-100__GAME__91,MCTS-old-100,MCTS-new-100,91,True,MCTS-old-100,-1,24,39.626312494277954
MCTS-old-100__VS__MCTS-new-100__GAME__92,MCTS-old-100,MCTS-new-100,92,False,MCTS-old-100,1,11,15.380090951919556
MCTS-old-100__VS__MCTS-new-100__GAME__93,MCTS-old-100,MCTS-new-100,93,True,MCTS-new-100,1,7,9.030270099639893
MCTS-old-100__VS__MCTS-new-100__GAME__94,MCTS-old-100,MCTS-new-100,94,False,draw,0,50,88.15828108787537
MCTS-old-100__VS__MCTS-new-100__GAME__95,MCTS-old-100,MCTS-new-100,95,True,MCTS-new-100,1,4,5.115001440048218
MCTS-old-100__VS__MCTS-new-100__GAME__96,MCTS-old-100,MCTS-new-100,96,False,MCTS-new-100,-1,46,99.49568486213684
MCTS-old-100__VS__MCTS-new-100__GAME__97,MCTS-old-100,MCTS-new-100,97,True,MCTS-old-100,-1,6,7.3901026248931885
MCTS-old-100__VS__MCTS-new-100__GAME__98,MCTS-old-100,MCTS-new-100,98,False,MCTS-new-100,-1,7,9.473463296890259
MCTS-old-100__VS__MCTS-new-100__GAME__99,MCTS-old-100,MCTS-new-100,99,True,MCTS-new-100,1,21,34.533663272857666
MCTS-old-100__VS__MCTS-new-100__GAME__100,MCTS-old-100,MCTS-new-100,100,False,MCTS-old-100,1,8,10.161112308502197
MCTS-old-100__VS__MCTS-new-100__GAME__101,MCTS-old-100,MCTS-new-100,101,True,MCTS-new-100,1,11,15.351796388626099
MCTS-old-100__VS__MCTS-new-100__GAME__102,MCTS-old-100,MCTS-new-100,102,False,MCTS-old-100,1,15,22.38351535797119
MCTS-old-100__VS__MCTS-new-100__GAME__103,MCTS-old-100,MCTS-new-100,103,True,MCTS-new-100,1,6,7.802690744400024
MCTS-old-100__VS__MCTS-new-100__GAME__104,MCTS-old-100,MCTS-new-100,104,False,MCTS-new-100,-1,26,46.146156311035156
MCTS-old-100__VS__MCTS-new-100__GAME__105,MCTS-old-100,MCTS-new-100,105,True,MCTS-old-100,-1,10,14.752413034439087
MCTS-old-100__VS__MCTS-new-100__GAME__106,MCTS-old-100,MCTS-new-100,106,False,MCTS-old-100,1,6,8.1873459815979
MCTS-old-100__VS__MCTS-new-100__GAME__107,MCTS-old-100,MCTS-new-100,107,True,draw,0,50,102.28317832946777
MCTS-old-100__VS__MCTS-new-100__GAME__108,MCTS-old-100,MCTS-new-100,108,False,MCTS-new-100,-1,17,25.18974995613098
MCTS-old-100__VS__MCTS-new-100__GAME__109,MCTS-old-100,MCTS-new-100,109,True,MCTS-new-100,1,21,39.019187927246094
MCTS-old-100__VS__MCTS-new-100__GAME__110,MCTS-old-100,MCTS-new-100,110,False,MCTS-new-100,-1,16,25.091697692871094
MCTS-old-100__VS__MCTS-new-100__GAME__111,MCTS-old-100,MCTS-new-100,111,True,draw,0,50,88.89559626579285
MCTS-old-100__VS__MCTS-new-100__GAME__112,MCTS-old-100,MCTS-new-100,112,False,MCTS-new-100,-1,7,8.672611474990845
MCTS-old-100__VS__MCTS-new-100__GAME__113,MCTS-old-100,MCTS-new-100,113,True,draw,0,50,92.13525438308716
MCTS-old-100__VS__MCTS-new-100__GAME__114,MCTS-old-100,MCTS-new-100,114,False,MCTS-old-100,1,7,8.175012588500977
MCTS-old-100__VS__MCTS-new-100__GAME__115,MCTS-old-100,MCTS-new-100,115,True,MCTS-new-100,1,21,32.74033975601196
MCTS-old-100__VS__MCTS-new-100__GAME__116,MCTS-old-100,MCTS-new-100,116,False,MCTS-old-100,1,14,21.15317440032959
MCTS-old-100__VS__MCTS-new-100__GAME__117,MCTS-old-100,MCTS-new-100,117,True,MCTS-old-100,-1,22,42.17857623100281
MCTS-old-100__VS__MCTS-new-100__GAME__118,MCTS-old-100,MCTS-new-100,118,False,MCTS-new-100,-1,14,22.302074432373047
MCTS-old-100__VS__MCTS-new-100__GAME__119,MCTS-old-100,MCTS-new-100,119,True,MCTS-new-100,1,18,36.26994323730469
MCTS-old-100__VS__MCTS-new-100__GAME__120,MCTS-old-100,MCTS-new-100,120,False,draw,0,50,106.47601962089539
MCTS-old-100__VS__MCTS-new-100__GAME__121,MCTS-old-100,MCTS-new-100,121,True,draw,0,50,94.77971863746643
MCTS-old-100__VS__MCTS-new-100__GAME__122,MCTS-old-100,MCTS-new-100,122,False,MCTS-old-100,1,6,8.07472562789917
MCTS-old-100__VS__MCTS-new-100__GAME__123,MCTS-old-100,MCTS-new-100,123,True,MCTS-new-100,1,16,25.180501222610474
MCTS-old-100__VS__MCTS-new-100__GAME__124,MCTS-old-100,MCTS-new-100,124,False,MCTS-old-100,1,8,10.34399151802063
MCTS-old-100__VS__MCTS-new-100__GAME__125,MCTS-old-100,MCTS-new-100,125,True,draw,0,50,87.14910626411438
MCTS-old-100__VS__MCTS-new-100__GAME__126,MCTS-old-100,MCTS-new-100,126,False,MCTS-old-100,1,6,8.478609085083008
MCTS-old-100__VS__MCTS-new-100__GAME__127,MCTS-old-100,MCTS-new-100,127,True,MCTS-new-100,1,7,8.360151529312134
MCTS-old-100__VS__MCTS-new-100__GAME__128,MCTS-old-100,MCTS-new-100,128,False,MCTS-new-100,-1,20,32.605801582336426
MCTS-old-100__VS__MCTS-new-100__GAME__129,MCTS-old-100,MCTS-new-100,129,True,MCTS-old-100,-1,7,8.921451091766357
MCTS-old-100__VS__MCTS-new-100__GAME__130,MCTS-old-100,MCTS-new-100,130,False,MCTS-new-100,-1,6,6.9716691970825195
MCTS-old-100__VS__MCTS-new-100__GAME__131,MCTS-old-100,MCTS-new-100,131,True,MCTS-new-100,1,10,15.27942943572998
MCTS-old-100__VS__MCTS-new-100__GAME__132,MCTS-old-100,MCTS-new-100,132,False,MCTS-old-100,1,34,70.71674656867981
MCTS-old-100__VS__MCTS-new-100__GAME__133,MCTS-old-100,MCTS-new-100,133,True,MCTS-old-100,-1,8,9.938266277313232
MCTS-old-100__VS__MCTS-new-100__GAME__134,MCTS-old-100,MCTS-new-100,134,False,MCTS-old-100,1,7,8.582390546798706
MCTS-old-100__VS__MCTS-new-100__GAME__135,MCTS-old-100,MCTS-new-100,135,True,draw,0,50,109.94147968292236
MCTS-old-100__VS__MCTS-new-100__GAME__136,MCTS-old-100,MCTS-new-100,136,False,MCTS-new-100,-1,25,43.27762508392334
MCTS-old-100__VS__MCTS-new-100__GAME__137,MCTS-old-100,MCTS-new-100,137,True,MCTS-new-100,1,6,9.004914999008179
MCTS-old-100__VS__MCTS-new-100__GAME__138,MCTS-old-100,MCTS-new-100,138,False,MCTS-old-100,1,7,8.50229525566101
MCTS-old-100__VS__MCTS-new-100__GAME__139,MCTS-old-100,MCTS-new-100,139,True,MCTS-new-100,1,9,10.929823875427246
MCTS-old-100__VS__MCTS-new-100__GAME__140,MCTS-old-100,MCTS-new-100,140,False,MCTS-new-100,-1,44,73.04352903366089
MCTS-old-100__VS__MCTS-new-100__GAME__141,MCTS-old-100,MCTS-new-100,141,True,draw,0,50,89.47544360160828
MCTS-old-100__VS__MCTS-new-100__GAME__142,MCTS-old-100,MCTS-new-100,142,False,draw,0,50,94.61498594284058
MCTS-old-100__VS__MCTS-new-100__GAME__143,MCTS-old-100,MCTS-new-100,143,True,draw,0,50,96.05100536346436
MCTS-old-100__VS__MCTS-new-100__GAME__144,MCTS-old-100,MCTS-new-100,144,False,draw,0,50,93.55247139930725
MCTS-old-100__VS__MCTS-new-100__GAME__145,MCTS-old-100,MCTS-new-100,145,True,MCTS-old-100,-1,14,18.236870288848877
MCTS-old-100__VS__MCTS-new-100__GAME__146,MCTS-old-100,MCTS-new-100,146,False,MCTS-old-100,1,11,15.08979868888855
MCTS-old-100__VS__MCTS-new-100__GAME__147,MCTS-old-100,MCTS-new-100,147,True,MCTS-new-100,1,21,38.78855872154236
MCTS-old-100__VS__MCTS-new-100__GAME__148,MCTS-old-100,MCTS-new-100,148,False,MCTS-old-100,1,7,7.914292335510254
MCTS-old-100__VS__MCTS-new-100__GAME__149,MCTS-old-100,MCTS-new-100,149,True,MCTS-new-100,1,12,15.550973892211914
MCTS-old-100__VS__MCTS-new-100__GAME__150,MCTS-old-100,MCTS-new-100,150,False,MCTS-old-100,1,23,36.9063606262207
MCTS-old-100__VS__MCTS-new-100__GAME__151,MCTS-old-100,MCTS-new-100,151,True,MCTS-new-100,1,29,53.02533555030823
MCTS-old-100__VS__MCTS-new-100__GAME__152,MCTS-old-100,MCTS-new-100,152,False,MCTS-old-100,1,8,11.41091775894165
MCTS-old-100__VS__MCTS-new-100__GAME__153,MCTS-old-100,MCTS-new-100,153,True,draw,0,50,108.86500215530396
MCTS-old-100__VS__MCTS-new-100__GAME__154,MCTS-old-100,MCTS-new-100,154,False,MCTS-new-100,-1,5,7.126073598861694
MCTS-old-100__VS__MCTS-new-100__GAME__155,MCTS-old-100,MCTS-new-100,155,True,MCTS-new-100,1,9,13.943194150924683
MCTS-old-100__VS__MCTS-new-100__GAME__156,MCTS-old-100,MCTS-new-100,156,False,MCTS-old-100,1,13,19.130335807800293
MCTS-old-100__VS__MCTS-new-100__GAME__157,MCTS-old-100,MCTS-new-100,157,True,MCTS-old-100,-1,6,7.562115907669067
MCTS-old-100__VS__MCTS-new-100__GAME__158,MCTS-old-100,MCTS-new-100,158,False,MCTS-old-100,1,7,8.605813264846802
MCTS-old-100__VS__MCTS-new-100__GAME__159,MCTS-old-100,MCTS-new-100,159,True,MCTS-new-100,1,25,39.905646324157715
MCTS-old-100__VS__MCTS-new-100__GAME__160,MCTS-old-100,MCTS-new-100,160,False,MCTS-old-100,1,14,24.030866384506226
MCTS-old-100__VS__MCTS-new-100__GAME__161,MCTS-old-100,MCTS-new-100,161,True,MCTS-new-100,1,25,49.91704344749451
MCTS-old-100__VS__MCTS-new-100__GAME__162,MCTS-old-100,MCTS-new-100,162,False,MCTS-old-100,1,11,14.828184604644775
MCTS-old-100__VS__MCTS-new-100__GAME__163,MCTS-old-100,MCTS-new-100,163,True,MCTS-new-100,1,10,13.25755500793457
MCTS-old-100__VS__MCTS-new-100__GAME__164,MCTS-old-100,MCTS-new-100,164,False,MCTS-new-100,-1,21,33.54362440109253
MCTS-old-100__VS__MCTS-new-100__GAME__165,MCTS-old-100,MCTS-new-100,165,True,MCTS-old-100,-1,11,19.4805269241333
MCTS-old-100__VS__MCTS-new-100__GAME__166,MCTS-old-100,MCTS-new-100,166,False,MCTS-old-100,1,7,7.8241963386535645
MCTS-old-100__VS__MCTS-new-100__GAME__167,MCTS-old-100,MCTS-new-100,167,True,MCTS-new-100,1,11,14.61203408241272
MCTS-old-100__VS__MCTS-new-100__GAME__168,MCTS-old-100,MCTS-new-100,168,False,MCTS-new-100,-1,42,101.74503064155579
MCTS-old-100__VS__MCTS-new-100__GAME__169,MCTS-old-100,MCTS-new-100,169,True,MCTS-new-100,1,17,27.301470518112183
MCTS-old-100__VS__MCTS-new-100__GAME__170,MCTS-old-100,MCTS-new-100,170,False,MCTS-old-100,1,4,5.458795070648193
MCTS-old-100__VS__MCTS-new-100__GAME__171,MCTS-old-100,MCTS-new-100,171,True,draw,0,50,97.11051440238953
MCTS-old-100__VS__MCTS-new-100__GAME__172,MCTS-old-100,MCTS-new-100,172,False,MCTS-new-100,-1,17,23.98521327972412
MCTS-old-100__VS__MCTS-new-100__GAME__173,MCTS-old-100,MCTS-new-100,173,True,MCTS-new-100,1,9,10.730913400650024
MCTS-old-100__VS__MCTS-new-100__GAME__174,MCTS-old-100,MCTS-new-100,174,False,draw,0,50,101.37785577774048
MCTS-old-100__VS__MCTS-new-100__GAME__175,MCTS-old-100,MCTS-new-100,175,True,MCTS-new-100,1,15,26.316542148590088
MCTS-old-100__VS__MCTS-new-100__GAME__176,MCTS-old-100,MCTS-new-100,176,False,MCTS-new-100,-1,15,23.478620052337646
MCTS-old-100__VS__MCTS-new-100__GAME__177,MCTS-old-100,MCTS-new-100,177,True,MCTS-new-100,1,40,75.86563467979431
MCTS-old-100__VS__MCTS-new-100__GAME__178,MCTS-old-100,MCTS-new-100,178,False,MCTS-old-100,1,7,8.28512167930603
MCTS-old-100__VS__MCTS-new-100__GAME__179,MCTS-old-100,MCTS-new-100,179,True,MCTS-new-100,1,18,34.89665770530701
MCTS-old-100__VS__MCTS-new-100__GAME__180,MCTS-old-100,MCTS-new-100,180,False,draw,0,50,98.47485661506653
MCTS-old-100__VS__MCTS-new-100__GAME__181,MCTS-old-100,MCTS-new-100,181,True,MCTS-old-100,-1,24,52.362043380737305
MCTS-old-100__VS__MCTS-new-100__GAME__182,MCTS-old-100,MCTS-new-100,182,False,MCTS-old-100,1,6,7.501005411148071
MCTS-old-100__VS__MCTS-new-100__GAME__183,MCTS-old-100,MCTS-new-100,183,True,MCTS-old-100,-1,26,42.920286655426025
MCTS-old-100__VS__MCTS-new-100__GAME__184,MCTS-old-100,MCTS-new-100,184,False,MCTS-old-100,1,9,17.573497772216797
MCTS-old-100__VS__MCTS-new-100__GAME__185,MCTS-old-100,MCTS-new-100,185,True,MCTS-old-100,-1,7,9.825318574905396
MCTS-old-100__VS__MCTS-new-100__GAME__186,MCTS-old-100,MCTS-new-100,186,False,MCTS-new-100,-1,16,22.618083715438843
MCTS-old-100__VS__MCTS-new-100__GAME__187,MCTS-old-100,MCTS-new-100,187,True,MCTS-old-100,-1,13,19.198562383651733
MCTS-old-100__VS__MCTS-new-100__GAME__188,MCTS-old-100,MCTS-new-100,188,False,MCTS-new-100,-1,19,34.23431205749512
MCTS-old-100__VS__MCTS-new-100__GAME__189,MCTS-old-100,MCTS-new-100,189,True,MCTS-old-100,-1,12,15.894782066345215
MCTS-old-100__VS__MCTS-new-100__GAME__190,MCTS-old-100,MCTS-new-100,190,False,draw,0,50,103.37234926223755
MCTS-old-100__VS__MCTS-new-100__GAME__191,MCTS-old-100,MCTS-new-100,191,True,MCTS-old-100,-1,22,34.24216866493225
MCTS-old-100__VS__MCTS-new-100__GAME__192,MCTS-old-100,MCTS-new-100,192,False,MCTS-old-100,1,7,8.120508909225464
MCTS-old-100__VS__MCTS-new-100__GAME__193,MCTS-old-100,MCTS-new-100,193,True,MCTS-new-100,1,15,21.82313370704651
MCTS-old-100__VS__MCTS-new-100__GAME__194,MCTS-old-100,MCTS-new-100,194,False,MCTS-new-100,-1,16,24.166577100753784
MCTS-old-100__VS__MCTS-new-100__GAME__195,MCTS-old-100,MCTS-new-100,195,True,MCTS-new-100,1,9,12.146653413772583
MCTS-old-100__VS__MCTS-new-100__GAME__196,MCTS-old-100,MCTS-new-100,196,False,MCTS-old-100,1,11,14.690787315368652
MCTS-old-100__VS__MCTS-new-100__GAME__197,MCTS-old-100,MCTS-new-100,197,True,MCTS-new-100,1,6,8.467570066452026
MCTS-old-100__VS__MCTS-new-100__GAME__198,MCTS-old-100,MCTS-new-100,198,False,MCTS-old-100,1,16,25.600515604019165
MCTS-old-100__VS__MCTS-new-100__GAME__199,MCTS-old-100,MCTS-new-100,199,True,draw,0,50,93.54404830932617
