game_key,bot_a,bot_b,game_index,swapped,winner,winner_raw,num_moves,time
Random__VS__Heuristic__GAME__0,Random,Heuristic,0,False,Heuristic,-1,12,2.8486344814300537
Random__VS__Heuristic__GAME__1,Random,Heuristic,1,True,Heuristic,1,9,1.965172290802002
Random__VS__Heuristic__GAME__2,Random,Heuristic,2,False,Heuristic,-1,8,1.4839458465576172
Random__VS__Heuristic__GAME__3,Random,Heuristic,3,True,Heuristic,1,7,0.7015378475189209
Random__VS__Heuristic__GAME__4,Random,Heuristic,4,False,Heuristic,-1,6,0.7030129432678223
Random__VS__Heuristic__GAME__5,Random,Heuristic,5,True,Heuristic,1,7,1.116542100906372
Random__VS__Heuristic__GAME__6,Random,Heuristic,6,False,Heuristic,-1,6,0.6715741157531738
Random__VS__Heuristic__GAME__7,Random,Heuristic,7,True,Heuristic,1,7,0.9409985542297363
Random__VS__Heuristic__GAME__8,Random,Heuristic,8,False,Heuristic,-1,10,1.4759917259216309
Random__VS__Heuristic__GAME__9,Random,Heuristic,9,True,Heuristic,1,9,1.5733699798583984
Random__VS__Heuristic__GAME__10,Random,Heuristic,10,False,Heuristic,-1,6,0.6758918762207031
Random__VS__Heuristic__GAME__11,Random,Heuristic,11,True,Heuristic,1,7,1.2050042152404785
Random__VS__Heuristic__GAME__12,Random,Heuristic,12,False,Heuristic,-1,18,6.06606388092041
Random__VS__Heuristic__GAME__13,Random,Heuristic,13,True,Heuristic,1,7,0.8893544673919678
Random__VS__Heuristic__GAME__14,Random,Heuristic,14,False,Heuristic,-1,8,1.014000654220581
Random__VS__Heuristic__GAME__15,Random,Heuristic,15,True,Heuristic,1,9,1.5999751091003418
Random__VS__Heuristic__GAME__16,Random,Heuristic,16,False,Heuristic,-1,8,1.2291412353515625
Random__VS__Heuristic__GAME__17,Random,Heuristic,17,True,Heuristic,1,11,2.453150510787964
Random__VS__Heuristic__GAME__18,Random,Heuristic,18,False,Heuristic,-1,8,1.0348613262176514
Random__VS__Heuristic__GAME__19,Random,Heuristic,19,True,Heuristic,1,9,1.600416660308838
Random__VS__Heuristic__GAME__20,Random,Heuristic,20,False,Heuristic,-1,6,0.6640033721923828
Random__VS__Heuristic__GAME__21,Random,Heuristic,21,True,Heuristic,1,9,1.4866695404052734
Random__VS__Heuristic__GAME__22,Random,Heuristic,22,False,Heuristic,-1,10,2.838543176651001
Random__VS__Heuristic__GAME__23,Random,Heuristic,23,True,Heuristic,1,7,0.9603993892669678
Random__VS__Heuristic__GAME__24,Random,Heuristic,24,False,Heuristic,-1,6,0.701340913772583
Random__VS__Heuristic__GAME__25,Random,Heuristic,25,True,Heuristic,1,7,0.8663029670715332
Random__VS__Heuristic__GAME__26,Random,Heuristic,26,False,Heuristic,-1,8,1.1948580741882324
Random__VS__Heuristic__GAME__27,Random,Heuristic,27,True,Heuristic,1,11,2.2873380184173584
Random__VS__Heuristic__GAME__28,Random,Heuristic,28,False,Heuristic,-1,6,0.6679983139038086
Random__VS__Heuristic__GAME__29,Random,Heuristic,29,True,Heuristic,1,9,2.0835952758789062
Random__VS__Heuristic__GAME__30,Random,Heuristic,30,False,Heuristic,-1,10,2.2169055938720703
Random__VS__Heuristic__GAME__31,Random,Heuristic,31,True,Heuristic,1,9,1.7836532592773438
Random__VS__Heuristic__GAME__32,Random,Heuristic,32,False,Heuristic,-1,8,1.346996784210205
Random__VS__Heuristic__GAME__33,Random,Heuristic,33,True,Heuristic,1,9,1.6195323467254639
Random__VS__Heuristic__GAME__34,Random,Heuristic,34,False,Heuristic,-1,8,1.317779779434204
Random__VS__Heuristic__GAME__35,Random,Heuristic,35,True,Heuristic,1,7,1.20499587059021
Random__VS__Heuristic__GAME__36,Random,Heuristic,36,False,Heuristic,-1,8,1.5675418376922607
Random__VS__Heuristic__GAME__37,Random,Heuristic,37,True,Heuristic,1,7,0.7798945903778076
Random__VS__Heuristic__GAME__38,Random,Heuristic,38,False,Heuristic,-1,8,1.4458372592926025
Random__VS__Heuristic__GAME__39,Random,Heuristic,39,True,Heuristic,1,5,0.4285085201263428
Random__VS__Heuristic__GAME__40,Random,Heuristic,40,False,Heuristic,-1,7,1.2132034301757812
Random__VS__Heuristic__GAME__41,Random,Heuristic,41,True,Heuristic,1,11,2.2392592430114746
Random__VS__Heuristic__GAME__42,Random,Heuristic,42,False,Heuristic,-1,10,2.0831873416900635
Random__VS__Heuristic__GAME__43,Random,Heuristic,43,True,Heuristic,1,5,0.45528626441955566
Random__VS__Heuristic__GAME__44,Random,Heuristic,44,False,Heuristic,-1,10,3.383239984512329
Random__VS__Heuristic__GAME__45,Random,Heuristic,45,True,Heuristic,1,11,2.889047861099243
Random__VS__Heuristic__GAME__46,Random,Heuristic,46,False,Heuristic,-1,8,1.3317995071411133
Random__VS__Heuristic__GAME__47,Random,Heuristic,47,True,Heuristic,1,9,1.6864168643951416
Random__VS__Heuristic__GAME__48,Random,Heuristic,48,False,Heuristic,-1,10,2.802652359008789
Random__VS__Heuristic__GAME__49,Random,Heuristic,49,True,Heuristic,1,9,1.5663840770721436
Random__VS__Heuristic__GAME__50,Random,Heuristic,50,False,Heuristic,-1,8,1.085371494293213
Random__VS__Heuristic__GAME__51,Random,Heuristic,51,True,Heuristic,1,9,1.351318359375
Random__VS__Heuristic__GAME__52,Random,Heuristic,52,False,Heuristic,-1,20,3.9481070041656494
Random__VS__Heuristic__GAME__53,Random,Heuristic,53,True,Heuristic,1,7,0.8850996494293213
Random__VS__Heuristic__GAME__54,Random,Heuristic,54,False,Heuristic,-1,8,1.5088512897491455
Random__VS__Heuristic__GAME__55,Random,Heuristic,55,True,Heuristic,1,7,1.1357719898223877
Random__VS__Heuristic__GAME__56,Random,Heuristic,56,False,Heuristic,-1,8,1.206296682357788
Random__VS__Heuristic__GAME__57,Random,Heuristic,57,True,Heuristic,1,9,1.8360004425048828
Random__VS__Heuristic__GAME__58,Random,Heuristic,58,False,Heuristic,-1,12,3.365464448928833
Random__VS__Heuristic__GAME__59,Random,Heuristic,59,True,Heuristic,1,9,1.7138054370880127
Random__VS__Heuristic__GAME__60,Random,Heuristic,60,False,Heuristic,-1,10,1.329369068145752
Random__VS__Heuristic__GAME__61,Random,Heuristic,61,True,Heuristic,1,13,3.338596820831299
Random__VS__Heuristic__GAME__62,Random,Heuristic,62,False,Heuristic,-1,8,1.6345069408416748
Random__VS__Heuristic__GAME__63,Random,Heuristic,63,True,Heuristic,1,7,0.9990458488464355
Random__VS__Heuristic__GAME__64,Random,Heuristic,64,False,Heuristic,-1,8,1.3571436405181885
Random__VS__Heuristic__GAME__65,Random,Heuristic,65,True,Heuristic,1,7,1.0634164810180664
Random__VS__Heuristic__GAME__66,Random,Heuristic,66,False,Heuristic,-1,12,3.3147847652435303
Random__VS__Heuristic__GAME__67,Random,Heuristic,67,True,Heuristic,1,7,0.941319465637207
Random__VS__Heuristic__GAME__68,Random,Heuristic,68,False,Heuristic,-1,8,1.3019802570343018
Random__VS__Heuristic__GAME__69,Random,Heuristic,69,True,Heuristic,1,9,1.5783231258392334
Random__VS__Heuristic__GAME__70,Random,Heuristic,70,False,Heuristic,-1,10,1.7919998168945312
Random__VS__Heuristic__GAME__71,Random,Heuristic,71,True,Heuristic,1,7,0.9472875595092773
Random__VS__Heuristic__GAME__72,Random,Heuristic,72,False,Heuristic,-1,12,4.053130865097046
Random__VS__Heuristic__GAME__73,Random,Heuristic,73,True,Heuristic,1,9,1.9041824340820312
Random__VS__Heuristic__GAME__74,Random,Heuristic,74,False,Heuristic,-1,4,0.21038484573364258
Random__VS__Heuristic__GAME__75,Random,Heuristic,75,True,Heuristic,1,11,2.9036777019500732
Random__VS__Heuristic__GAME__76,Random,Heuristic,76,False,Heuristic,-1,8,1.4610002040863037
Random__VS__Heuristic__GAME__77,Random,Heuristic,77,True,Heuristic,1,17,5.89335823059082
Random__VS__Heuristic__GAME__78,Random,Heuristic,78,False,Heuristic,-1,8,1.3895790576934814
Random__VS__Heuristic__GAME__79,Random,Heuristic,79,True,Heuristic,1,7,1.1237986087799072
Random__VS__Heuristic__GAME__80,Random,Heuristic,80,False,Heuristic,-1,6,0.6524665355682373
Random__VS__Heuristic__GAME__81,Random,Heuristic,81,True,Heuristic,1,5,0.5450000762939453
Random__VS__Heuristic__GAME__82,Random,Heuristic,82,False,Heuristic,-1,10,1.7809998989105225
Random__VS__Heuristic__GAME__83,Random,Heuristic,83,True,Heuristic,1,9,2.0602219104766846
Random__VS__Heuristic__GAME__84,Random,Heuristic,84,False,Heuristic,-1,10,2.1640093326568604
Random__VS__Heuristic__GAME__85,Random,Heuristic,85,True,Heuristic,1,7,1.0405664443969727
Random__VS__Heuristic__GAME__86,Random,Heuristic,86,False,Heuristic,-1,8,1.0896704196929932
Random__VS__Heuristic__GAME__87,Random,Heuristic,87,True,Heuristic,1,13,3.3299458026885986
Random__VS__Heuristic__GAME__88,Random,Heuristic,88,False,Heuristic,-1,6,0.632307767868042
Random__VS__Heuristic__GAME__89,Random,Heuristic,89,True,Heuristic,1,7,1.0136058330535889
Random__VS__Heuristic__GAME__90,Random,Heuristic,90,False,Heuristic,-1,6,0.5899999141693115
Random__VS__Heuristic__GAME__91,Random,Heuristic,91,True,Heuristic,1,7,1.028696060180664
Random__VS__Heuristic__GAME__92,Random,Heuristic,92,False,Heuristic,-1,8,1.107804536819458
Random__VS__Heuristic__GAME__93,Random,Heuristic,93,True,Heuristic,1,7,1.2883329391479492
Random__VS__Heuristic__GAME__94,Random,Heuristic,94,False,Heuristic,-1,16,4.738586902618408
Random__VS__Heuristic__GAME__95,Random,Heuristic,95,True,Heuristic,1,9,2.1229164600372314
Random__VS__Heuristic__GAME__96,Random,Heuristic,96,False,Heuristic,-1,6,0.670499324798584
Random__VS__Heuristic__GAME__97,Random,Heuristic,97,True,Heuristic,1,9,1.621337652206421
Random__VS__Heuristic__GAME__98,Random,Heuristic,98,False,Heuristic,-1,8,1.4537692070007324
Random__VS__Heuristic__GAME__99,Random,Heuristic,99,True,Heuristic,1,7,1.0599815845489502
Random__VS__Heuristic__GAME__100,Random,Heuristic,100,False,Heuristic,-1,8,2.093479633331299
Random__VS__Heuristic__GAME__101,Random,Heuristic,101,True,Heuristic,1,5,0.49927544593811035
Random__VS__Heuristic__GAME__102,Random,Heuristic,102,False,Heuristic,-1,6,0.6856138706207275
Random__VS__Heuristic__GAME__103,Random,Heuristic,103,True,Heuristic,1,7,0.7343616485595703
Random__VS__Heuristic__GAME__104,Random,Heuristic,104,False,Heuristic,-1,8,1.3164691925048828
Random__VS__Heuristic__GAME__105,Random,Heuristic,105,True,Heuristic,1,9,1.4152476787567139
Random__VS__Heuristic__GAME__106,Random,Heuristic,106,False,Heuristic,-1,8,1.0230586528778076
Random__VS__Heuristic__GAME__107,Random,Heuristic,107,True,Heuristic,1,9,1.7818365097045898
Random__VS__Heuristic__GAME__108,Random,Heuristic,108,False,Heuristic,-1,8,2.0503902435302734
Random__VS__Heuristic__GAME__109,Random,Heuristic,109,True,Heuristic,1,9,1.933877944946289
Random__VS__Heuristic__GAME__110,Random,Heuristic,110,False,Heuristic,-1,8,1.1992645263671875
Random__VS__Heuristic__GAME__111,Random,Heuristic,111,True,Heuristic,1,7,1.0759913921356201
Random__VS__Heuristic__GAME__112,Random,Heuristic,112,False,Heuristic,-1,10,2.387784004211426
Random__VS__Heuristic__GAME__113,Random,Heuristic,113,True,Heuristic,1,11,2.886500358581543
Random__VS__Heuristic__GAME__114,Random,Heuristic,114,False,Heuristic,-1,8,1.1593050956726074
Random__VS__Heuristic__GAME__115,Random,Heuristic,115,True,Heuristic,1,5,0.4778566360473633
Random__VS__Heuristic__GAME__116,Random,Heuristic,116,False,Heuristic,-1,12,2.4461207389831543
Random__VS__Heuristic__GAME__117,Random,Heuristic,117,True,Heuristic,1,7,1.0201992988586426
Random__VS__Heuristic__GAME__118,Random,Heuristic,118,False,Heuristic,-1,10,2.2160592079162598
Random__VS__Heuristic__GAME__119,Random,Heuristic,119,True,Heuristic,1,5,0.49382615089416504
Random__VS__Heuristic__GAME__120,Random,Heuristic,120,False,Heuristic,-1,10,1.9018628597259521
Random__VS__Heuristic__GAME__121,Random,Heuristic,121,True,Heuristic,1,7,1.000213861465454
Random__VS__Heuristic__GAME__122,Random,Heuristic,122,False,Heuristic,-1,8,0.9895000457763672
Random__VS__Heuristic__GAME__123,Random,Heuristic,123,True,Heuristic,1,11,1.4340565204620361
Random__VS__Heuristic__GAME__124,Random,Heuristic,124,False,Heuristic,-1,6,0.5504732131958008
Random__VS__Heuristic__GAME__125,Random,Heuristic,125,True,Heuristic,1,9,1.2140765190124512
Random__VS__Heuristic__GAME__126,Random,Heuristic,126,False,Heuristic,-1,10,1.772085189819336
Random__VS__Heuristic__GAME__127,Random,Heuristic,127,True,Heuristic,1,5,0.4333374500274658
Random__VS__Heuristic__GAME__128,Random,Heuristic,128,False,Heuristic,-1,8,1.2732892036437988
Random__VS__Heuristic__GAME__129,Random,Heuristic,129,True,Heuristic,1,13,3.336278200149536
Random__VS__Heuristic__GAME__130,Random,Heuristic,130,False,Heuristic,-1,6,0.6115031242370605
Random__VS__Heuristic__GAME__131,Random,Heuristic,131,True,Heuristic,1,9,1.5266945362091064
Random__VS__Heuristic__GAME__132,Random,Heuristic,132,False,Heuristic,-1,8,0.9053285121917725
Random__VS__Heuristic__GAME__133,Random,Heuristic,133,True,Heuristic,1,15,5.364434480667114
Random__VS__Heuristic__GAME__134,Random,Heuristic,134,False,Heuristic,-1,6,0.6236987113952637
Random__VS__Heuristic__GAME__135,Random,Heuristic,135,True,Heuristic,1,7,1.0523953437805176
Random__VS__Heuristic__GAME__136,Random,Heuristic,136,False,Heuristic,-1,10,2.0228700637817383
Random__VS__Heuristic__GAME__137,Random,Heuristic,137,True,Heuristic,1,9,1.8359990119934082
Random__VS__Heuristic__GAME__138,Random,Heuristic,138,False,Heuristic,-1,10,1.5772686004638672
Random__VS__Heuristic__GAME__139,Random,Heuristic,139,True,Heuristic,1,7,1.0932581424713135
Random__VS__Heuristic__GAME__140,Random,Heuristic,140,False,Heuristic,-1,10,2.0088181495666504
Random__VS__Heuristic__GAME__141,Random,Heuristic,141,True,Heuristic,1,5,0.47427892684936523
Random__VS__Heuristic__GAME__142,Random,Heuristic,142,False,Heuristic,-1,12,2.954634189605713
Random__VS__Heuristic__GAME__143,Random,Heuristic,143,True,Heuristic,1,9,1.7643425464630127
Random__VS__Heuristic__GAME__144,Random,Heuristic,144,False,Heuristic,-1,6,0.6140584945678711
Random__VS__Heuristic__GAME__145,Random,Heuristic,145,True,Heuristic,1,7,0.8250000476837158
Random__VS__Heuristic__GAME__146,Random,Heuristic,146,False,Heuristic,-1,10,1.8750786781311035
Random__VS__Heuristic__GAME__147,Random,Heuristic,147,True,Heuristic,1,9,1.7689366340637207
Random__VS__Heuristic__GAME__148,Random,Heuristic,148,False,Random,1,9,1.1602675914764404
Random__VS__Heuristic__GAME__149,Random,Heuristic,149,True,Heuristic,1,13,2.9849772453308105
Random__VS__Heuristic__GAME__150,Random,Heuristic,150,False,Heuristic,-1,6,0.6783909797668457
Random__VS__Heuristic__GAME__151,Random,Heuristic,151,True,Heuristic,1,7,0.969231128692627
Random__VS__Heuristic__GAME__152,Random,Heuristic,152,False,Heuristic,-1,12,2.445500612258911
Random__VS__Heuristic__GAME__153,Random,Heuristic,153,True,Heuristic,1,7,0.847872257232666
Random__VS__Heuristic__GAME__154,Random,Heuristic,154,False,Heuristic,-1,10,2.469566583633423
Random__VS__Heuristic__GAME__155,Random,Heuristic,155,True,Heuristic,1,11,3.1234099864959717
Random__VS__Heuristic__GAME__156,Random,Heuristic,156,False,Heuristic,-1,6,0.746253490447998
Random__VS__Heuristic__GAME__157,Random,Heuristic,157,True,Heuristic,1,7,1.0707976818084717
Random__VS__Heuristic__GAME__158,Random,Heuristic,158,False,Heuristic,-1,8,1.0668537616729736
Random__VS__Heuristic__GAME__159,Random,Heuristic,159,True,Heuristic,1,9,1.4787266254425049
Random__VS__Heuristic__GAME__160,Random,Heuristic,160,False,Heuristic,-1,8,1.145002841949463
Random__VS__Heuristic__GAME__161,Random,Heuristic,161,True,Heuristic,1,5,0.4250001907348633
Random__VS__Heuristic__GAME__162,Random,Heuristic,162,False,Heuristic,-1,6,0.6638855934143066
Random__VS__Heuristic__GAME__163,Random,Heuristic,163,True,Heuristic,1,9,1.8726801872253418
Random__VS__Heuristic__GAME__164,Random,Heuristic,164,False,Heuristic,-1,6,0.47435998916625977
Random__VS__Heuristic__GAME__165,Random,Heuristic,165,True,Heuristic,1,9,1.8545403480529785
Random__VS__Heuristic__GAME__166,Random,Heuristic,166,False,Heuristic,-1,8,1.4478867053985596
Random__VS__Heuristic__GAME__167,Random,Heuristic,167,True,Heuristic,1,5,0.47399473190307617
Random__VS__Heuristic__GAME__168,Random,Heuristic,168,False,Heuristic,-1,10,2.0763096809387207
Random__VS__Heuristic__GAME__169,Random,Heuristic,169,True,Heuristic,1,5,0.4459989070892334
Random__VS__Heuristic__GAME__170,Random,Heuristic,170,False,Heuristic,-1,14,3.9472973346710205
Random__VS__Heuristic__GAME__171,Random,Heuristic,171,True,Heuristic,1,5,0.44863390922546387
Random__VS__Heuristic__GAME__172,Random,Heuristic,172,False,Heuristic,-1,6,0.4883444309234619
Random__VS__Heuristic__GAME__173,Random,Heuristic,173,True,Heuristic,1,7,1.0389151573181152
Random__VS__Heuristic__GAME__174,Random,Heuristic,174,False,Heuristic,-1,6,0.6900849342346191
Random__VS__Heuristic__GAME__175,Random,Heuristic,175,True,Heuristic,1,7,1.1814804077148438
Random__VS__Heuristic__GAME__176,Random,Heuristic,176,False,Heuristic,-1,10,1.7257347106933594
Random__VS__Heuristic__GAME__177,Random,Heuristic,177,True,Heuristic,1,7,1.5413823127746582
Random__VS__Heuristic__GAME__178,Random,Heuristic,178,False,Heuristic,-1,6,0.6770889759063721
Random__VS__Heuristic__GAME__179,Random,Heuristic,179,True,Heuristic,1,7,1.1732451915740967
Random__VS__Heuristic__GAME__180,Random,Heuristic,180,False,Heuristic,-1,6,0.707878589630127
Random__VS__Heuristic__GAME__181,Random,Heuristic,181,True,Heuristic,1,7,0.9688680171966553
Random__VS__Heuristic__GAME__182,Random,Heuristic,182,False,Heuristic,-1,10,1.9729552268981934
Random__VS__Heuristic__GAME__183,Random,Heuristic,183,True,Heuristic,1,9,1.8002049922943115
Random__VS__Heuristic__GAME__184,Random,Heuristic,184,False,Heuristic,-1,12,4.417398929595947
Random__VS__Heuristic__GAME__185,Random,Heuristic,185,True,Heuristic,1,9,2.0043294429779053
Random__VS__Heuristic__GAME__186,Random,Heuristic,186,False,Heuristic,-1,8,1.494361162185669
Random__VS__Heuristic__GAME__187,Random,Heuristic,187,True,Heuristic,1,7,1.0309476852416992
Random__VS__Heuristic__GAME__188,Random,Heuristic,188,False,Heuristic,-1,8,1.2885191440582275
Random__VS__Heuristic__GAME__189,Random,Heuristic,189,True,Heuristic,1,5,0.436814546585083
Random__VS__Heuristic__GAME__190,Random,Heuristic,190,False,Heuristic,-1,16,4.6478142738342285
Random__VS__Heuristic__GAME__191,Random,Heuristic,191,True,Heuristic,1,9,1.3085174560546875
Random__VS__Heuristic__GAME__192,Random,Heuristic,192,False,Heuristic,-1,4,0.305999755859375
Random__VS__Heuristic__GAME__193,Random,Heuristic,193,True,Heuristic,1,6,1.0344314575195312
Random__VS__Heuristic__GAME__194,Random,Heuristic,194,False,Heuristic,-1,6,0.7210009098052979
Random__VS__Heuristic__GAME__195,Random,Heuristic,195,True,Heuristic,1,11,2.0472328662872314
Random__VS__Heuristic__GAME__196,Random,Heuristic,196,False,Heuristic,-1,8,1.1337509155273438
Random__VS__Heuristic__GAME__197,Random,Heuristic,197,True,Heuristic,1,9,1.4954230785369873
Random__VS__Heuristic__GAME__198,Random,Heuristic,198,False,Heuristic,-1,10,1.3439936637878418
Random__VS__Heuristic__GAME__199,Random,Heuristic,199,True,Heuristic,1,7,1.0753254890441895
Random__VS__Heuristic__GAME__200,Random,Heuristic,200,False,Heuristic,-1,12,3.040980339050293
Random__VS__Heuristic__GAME__201,Random,Heuristic,201,True,Heuristic,1,7,1.1334583759307861
Random__VS__Heuristic__GAME__202,Random,Heuristic,202,False,Heuristic,-1,12,2.906137466430664
Random__VS__Heuristic__GAME__203,Random,Heuristic,203,True,Heuristic,1,23,10.49863076210022
Random__VS__Heuristic__GAME__204,Random,Heuristic,204,False,Heuristic,-1,8,0.9439280033111572
Random__VS__Heuristic__GAME__205,Random,Heuristic,205,True,Heuristic,1,14,3.7877132892608643
Random__VS__Heuristic__GAME__206,Random,Heuristic,206,False,Heuristic,-1,8,1.2482666969299316
Random__VS__Heuristic__GAME__207,Random,Heuristic,207,True,Heuristic,1,9,1.3461122512817383
Random__VS__Heuristic__GAME__208,Random,Heuristic,208,False,Heuristic,-1,8,1.4096126556396484
Random__VS__Heuristic__GAME__209,Random,Heuristic,209,True,Heuristic,1,5,0.47150301933288574
Random__VS__Heuristic__GAME__210,Random,Heuristic,210,False,Heuristic,-1,10,2.5215232372283936
Random__VS__Heuristic__GAME__211,Random,Heuristic,211,True,Heuristic,1,5,0.5435998439788818
Random__VS__Heuristic__GAME__212,Random,Heuristic,212,False,Heuristic,-1,8,1.2391088008880615
Random__VS__Heuristic__GAME__213,Random,Heuristic,213,True,Heuristic,1,7,0.8974239826202393
Random__VS__Heuristic__GAME__214,Random,Heuristic,214,False,Heuristic,-1,8,1.3168015480041504
Random__VS__Heuristic__GAME__215,Random,Heuristic,215,True,Heuristic,1,9,1.943821668624878
Random__VS__Heuristic__GAME__216,Random,Heuristic,216,False,Heuristic,-1,8,1.328606128692627
Random__VS__Heuristic__GAME__217,Random,Heuristic,217,True,Heuristic,1,9,1.3376595973968506
Random__VS__Heuristic__GAME__218,Random,Heuristic,218,False,Heuristic,-1,6,0.6812698841094971
Random__VS__Heuristic__GAME__219,Random,Heuristic,219,True,Heuristic,1,5,0.4670841693878174
Random__VS__Heuristic__GAME__220,Random,Heuristic,220,False,Heuristic,-1,18,6.455143213272095
Random__VS__Heuristic__GAME__221,Random,Heuristic,221,True,Heuristic,1,8,1.4245994091033936
Random__VS__Heuristic__GAME__222,Random,Heuristic,222,False,Heuristic,-1,10,2.735049247741699
Random__VS__Heuristic__GAME__223,Random,Heuristic,223,True,Heuristic,1,15,2.995145082473755
Random__VS__Heuristic__GAME__224,Random,Heuristic,224,False,Heuristic,-1,10,2.254354238510132
Random__VS__Heuristic__GAME__225,Random,Heuristic,225,True,Heuristic,1,9,1.7907531261444092
Random__VS__Heuristic__GAME__226,Random,Heuristic,226,False,Heuristic,-1,10,2.2390964031219482
Random__VS__Heuristic__GAME__227,Random,Heuristic,227,True,Heuristic,1,15,4.792056560516357
Random__VS__Heuristic__GAME__228,Random,Heuristic,228,False,Heuristic,-1,6,0.5474991798400879
Random__VS__Heuristic__GAME__229,Random,Heuristic,229,True,Heuristic,1,7,0.9759998321533203
Random__VS__Heuristic__GAME__230,Random,Heuristic,230,False,Heuristic,-1,5,0.4780001640319824
Random__VS__Heuristic__GAME__231,Random,Heuristic,231,True,Heuristic,1,13,2.474813938140869
Random__VS__Heuristic__GAME__232,Random,Heuristic,232,False,Heuristic,-1,6,0.6563682556152344
Random__VS__Heuristic__GAME__233,Random,Heuristic,233,True,Heuristic,1,7,0.8796567916870117
Random__VS__Heuristic__GAME__234,Random,Heuristic,234,False,Heuristic,-1,8,1.0476181507110596
Random__VS__Heuristic__GAME__235,Random,Heuristic,235,True,Heuristic,1,9,1.4125421047210693
Random__VS__Heuristic__GAME__236,Random,Heuristic,236,False,Heuristic,-1,14,3.812371015548706
Random__VS__Heuristic__GAME__237,Random,Heuristic,237,True,Heuristic,1,17,5.101183176040649
Random__VS__Heuristic__GAME__238,Random,Heuristic,238,False,Heuristic,-1,6,0.5885050296783447
Random__VS__Heuristic__GAME__239,Random,Heuristic,239,True,Heuristic,1,5,0.45099902153015137
Random__VS__Heuristic__GAME__240,Random,Heuristic,240,False,Heuristic,-1,6,0.6937172412872314
Random__VS__Heuristic__GAME__241,Random,Heuristic,241,True,Heuristic,1,11,3.316910982131958
Random__VS__Heuristic__GAME__242,Random,Heuristic,242,False,Heuristic,-1,8,0.9454991817474365
Random__VS__Heuristic__GAME__243,Random,Heuristic,243,True,Heuristic,1,7,1.0254976749420166
Random__VS__Heuristic__GAME__244,Random,Heuristic,244,False,Heuristic,-1,8,1.7300903797149658
Random__VS__Heuristic__GAME__245,Random,Heuristic,245,True,Heuristic,1,9,2.0437049865722656
Random__VS__Heuristic__GAME__246,Random,Heuristic,246,False,Heuristic,-1,8,1.3741021156311035
Random__VS__Heuristic__GAME__247,Random,Heuristic,247,True,Heuristic,1,11,1.9525494575500488
Random__VS__Heuristic__GAME__248,Random,Heuristic,248,False,Heuristic,-1,6,0.6084995269775391
Random__VS__Heuristic__GAME__249,Random,Heuristic,249,True,Heuristic,1,5,0.4523587226867676
Random__VS__AlphaBeta-new-d3__GAME__0,Random,AlphaBeta-new-d3,0,False,AlphaBeta-new-d3,-1,8,3.6082239151000977
Random__VS__AlphaBeta-new-d3__GAME__1,Random,AlphaBeta-new-d3,1,True,AlphaBeta-new-d3,1,25,15.147465705871582
Random__VS__AlphaBeta-new-d3__GAME__2,Random,AlphaBeta-new-d3,2,False,AlphaBeta-new-d3,-1,10,5.395682096481323
Random__VS__AlphaBeta-new-d3__GAME__3,Random,AlphaBeta-new-d3,3,True,AlphaBeta-new-d3,1,7,2.971604108810425
Random__VS__AlphaBeta-new-d3__GAME__4,Random,AlphaBeta-new-d3,4,False,AlphaBeta-new-d3,-1,22,14.242507219314575
Random__VS__AlphaBeta-new-d3__GAME__5,Random,AlphaBeta-new-d3,5,True,AlphaBeta-new-d3,1,9,4.793208837509155
Random__VS__AlphaBeta-new-d3__GAME__6,Random,AlphaBeta-new-d3,6,False,AlphaBeta-new-d3,-1,6,2.412388563156128
Random__VS__AlphaBeta-new-d3__GAME__7,Random,AlphaBeta-new-d3,7,True,draw,0,50,32.87390398979187
Random__VS__AlphaBeta-new-d3__GAME__8,Random,AlphaBeta-new-d3,8,False,AlphaBeta-new-d3,-1,22,13.705981969833374
Random__VS__AlphaBeta-new-d3__GAME__9,Random,AlphaBeta-new-d3,9,True,AlphaBeta-new-d3,1,7,3.6480906009674072
Random__VS__AlphaBeta-new-d3__GAME__10,Random,AlphaBeta-new-d3,10,False,Random,1,18,11.924238204956055
Random__VS__AlphaBeta-new-d3__GAME__11,Random,AlphaBeta-new-d3,11,True,AlphaBeta-new-d3,1,9,4.658436298370361
Random__VS__AlphaBeta-new-d3__GAME__12,Random,AlphaBeta-new-d3,12,False,Random,1,11,5.089929819107056
Random__VS__AlphaBeta-new-d3__GAME__13,Random,AlphaBeta-new-d3,13,True,AlphaBeta-new-d3,1,9,4.007355451583862
Random__VS__AlphaBeta-new-d3__GAME__14,Random,AlphaBeta-new-d3,14,False,AlphaBeta-new-d3,-1,12,5.954238176345825
Random__VS__AlphaBeta-new-d3__GAME__15,Random,AlphaBeta-new-d3,15,True,AlphaBeta-new-d3,1,7,2.79089093208313
Random__VS__AlphaBeta-new-d3__GAME__16,Random,AlphaBeta-new-d3,16,False,AlphaBeta-new-d3,-1,8,2.9980177879333496
Random__VS__AlphaBeta-new-d3__GAME__17,Random,AlphaBeta-new-d3,17,True,AlphaBeta-new-d3,1,17,8.722469329833984
Random__VS__AlphaBeta-new-d3__GAME__18,Random,AlphaBeta-new-d3,18,False,AlphaBeta-new-d3,-1,12,5.378737211227417
Random__VS__AlphaBeta-new-d3__GAME__19,Random,AlphaBeta-new-d3,19,True,AlphaBeta-new-d3,1,11,5.827301263809204
Random__VS__AlphaBeta-new-d3__GAME__20,Random,AlphaBeta-new-d3,20,False,AlphaBeta-new-d3,-1,16,6.809791326522827
Random__VS__AlphaBeta-new-d3__GAME__21,Random,AlphaBeta-new-d3,21,True,AlphaBeta-new-d3,1,5,1.5209965705871582
Random__VS__AlphaBeta-new-d3__GAME__22,Random,AlphaBeta-new-d3,22,False,AlphaBeta-new-d3,-1,12,6.311754465103149
Random__VS__AlphaBeta-new-d3__GAME__23,Random,AlphaBeta-new-d3,23,True,AlphaBeta-new-d3,1,9,4.245502471923828
Random__VS__AlphaBeta-new-d3__GAME__24,Random,AlphaBeta-new-d3,24,False,AlphaBeta-new-d3,-1,8,3.682018518447876
Random__VS__AlphaBeta-new-d3__GAME__25,Random,AlphaBeta-new-d3,25,True,AlphaBeta-new-d3,1,7,2.466001033782959
Random__VS__AlphaBeta-new-d3__GAME__26,Random,AlphaBeta-new-d3,26,False,AlphaBeta-new-d3,-1,6,2.540929079055786
Random__VS__AlphaBeta-new-d3__GAME__27,Random,AlphaBeta-new-d3,27,True,AlphaBeta-new-d3,1,9,3.3243355751037598
Random__VS__AlphaBeta-new-d3__GAME__28,Random,AlphaBeta-new-d3,28,False,AlphaBeta-new-d3,-1,30,20.610793113708496
Random__VS__AlphaBeta-new-d3__GAME__29,Random,AlphaBeta-new-d3,29,True,Random,-1,7,4.75172233581543
Random__VS__AlphaBeta-new-d3__GAME__30,Random,AlphaBeta-new-d3,30,False,AlphaBeta-new-d3,-1,6,1.4555721282958984
Random__VS__AlphaBeta-new-d3__GAME__31,Random,AlphaBeta-new-d3,31,True,AlphaBeta-new-d3,1,7,2.596442222595215
Random__VS__AlphaBeta-new-d3__GAME__32,Random,AlphaBeta-new-d3,32,False,AlphaBeta-new-d3,-1,24,12.46977710723877
Random__VS__AlphaBeta-new-d3__GAME__33,Random,AlphaBeta-new-d3,33,True,AlphaBeta-new-d3,1,5,1.6385233402252197
Random__VS__AlphaBeta-new-d3__GAME__34,Random,AlphaBeta-new-d3,34,False,AlphaBeta-new-d3,-1,14,7.586755752563477
Random__VS__AlphaBeta-new-d3__GAME__35,Random,AlphaBeta-new-d3,35,True,AlphaBeta-new-d3,1,7,3.6867880821228027
Random__VS__AlphaBeta-new-d3__GAME__36,Random,AlphaBeta-new-d3,36,False,AlphaBeta-new-d3,-1,14,7.115345239639282
Random__VS__AlphaBeta-new-d3__GAME__37,Random,AlphaBeta-new-d3,37,True,AlphaBeta-new-d3,1,5,2.4779133796691895
Random__VS__AlphaBeta-new-d3__GAME__38,Random,AlphaBeta-new-d3,38,False,AlphaBeta-new-d3,-1,14,7.412061929702759
Random__VS__AlphaBeta-new-d3__GAME__39,Random,AlphaBeta-new-d3,39,True,draw,0,50,34.10217237472534
Random__VS__AlphaBeta-new-d3__GAME__40,Random,AlphaBeta-new-d3,40,False,AlphaBeta-new-d3,-1,14,7.816816091537476
Random__VS__AlphaBeta-new-d3__GAME__41,Random,AlphaBeta-new-d3,41,True,AlphaBeta-new-d3,1,11,5.343552827835083
Random__VS__AlphaBeta-new-d3__GAME__42,Random,AlphaBeta-new-d3,42,False,AlphaBeta-new-d3,-1,14,8.617571830749512
Random__VS__AlphaBeta-new-d3__GAME__43,Random,AlphaBeta-new-d3,43,True,AlphaBeta-new-d3,1,9,3.5886592864990234
Random__VS__AlphaBeta-new-d3__GAME__44,Random,AlphaBeta-new-d3,44,False,AlphaBeta-new-d3,-1,30,21.317538022994995
Random__VS__AlphaBeta-new-d3__GAME__45,Random,AlphaBeta-new-d3,45,True,AlphaBeta-new-d3,1,39,27.388959884643555
Random__VS__AlphaBeta-new-d3__GAME__46,Random,AlphaBeta-new-d3,46,False,AlphaBeta-new-d3,-1,10,4.590360403060913
Random__VS__AlphaBeta-new-d3__GAME__47,Random,AlphaBeta-new-d3,47,True,AlphaBeta-new-d3,1,5,2.340576410293579
Random__VS__AlphaBeta-new-d3__GAME__48,Random,AlphaBeta-new-d3,48,False,AlphaBeta-new-d3,-1,16,9.19253134727478
Random__VS__AlphaBeta-new-d3__GAME__49,Random,AlphaBeta-new-d3,49,True,AlphaBeta-new-d3,1,9,5.720487833023071
Random__VS__AlphaBeta-new-d3__GAME__50,Random,AlphaBeta-new-d3,50,False,AlphaBeta-new-d3,-1,8,2.3864529132843018
Random__VS__AlphaBeta-new-d3__GAME__51,Random,AlphaBeta-new-d3,51,True,AlphaBeta-new-d3,1,9,3.6360552310943604
Random__VS__AlphaBeta-new-d3__GAME__52,Random,AlphaBeta-new-d3,52,False,AlphaBeta-new-d3,-1,8,3.5763723850250244
Random__VS__AlphaBeta-new-d3__GAME__53,Random,AlphaBeta-new-d3,53,True,AlphaBeta-new-d3,1,13,6.753967761993408
Random__VS__AlphaBeta-new-d3__GAME__54,Random,AlphaBeta-new-d3,54,False,AlphaBeta-new-d3,-1,12,6.129923582077026
Random__VS__AlphaBeta-new-d3__GAME__55,Random,AlphaBeta-new-d3,55,True,AlphaBeta-new-d3,1,13,6.943973779678345
Random__VS__AlphaBeta-new-d3__GAME__56,Random,AlphaBeta-new-d3,56,False,AlphaBeta-new-d3,-1,14,7.068400859832764
Random__VS__AlphaBeta-new-d3__GAME__57,Random,AlphaBeta-new-d3,57,True,AlphaBeta-new-d3,1,7,2.639817476272583
Random__VS__AlphaBeta-new-d3__GAME__58,Random,AlphaBeta-new-d3,58,False,AlphaBeta-new-d3,-1,20,13.18081283569336
Random__VS__AlphaBeta-new-d3__GAME__59,Random,AlphaBeta-new-d3,59,True,Random,-1,7,3.5039095878601074
Random__VS__AlphaBeta-new-d3__GAME__60,Random,AlphaBeta-new-d3,60,False,AlphaBeta-new-d3,-1,4,0.7053911685943604
Random__VS__AlphaBeta-new-d3__GAME__61,Random,AlphaBeta-new-d3,61,True,AlphaBeta-new-d3,1,9,5.082350730895996
Random__VS__AlphaBeta-new-d3__GAME__62,Random,AlphaBeta-new-d3,62,False,AlphaBeta-new-d3,-1,6,2.237144708633423
Random__VS__AlphaBeta-new-d3__GAME__63,Random,AlphaBeta-new-d3,63,True,AlphaBeta-new-d3,1,11,6.730550527572632
Random__VS__AlphaBeta-new-d3__GAME__64,Random,AlphaBeta-new-d3,64,False,AlphaBeta-new-d3,-1,18,11.698211669921875
Random__VS__AlphaBeta-new-d3__GAME__65,Random,AlphaBeta-new-d3,65,True,AlphaBeta-new-d3,1,5,2.031681537628174
Random__VS__AlphaBeta-new-d3__GAME__66,Random,AlphaBeta-new-d3,66,False,AlphaBeta-new-d3,-1,6,2.0316145420074463
Random__VS__AlphaBeta-new-d3__GAME__67,Random,AlphaBeta-new-d3,67,True,AlphaBeta-new-d3,1,15,9.083974599838257
Random__VS__AlphaBeta-new-d3__GAME__68,Random,AlphaBeta-new-d3,68,False,draw,0,50,31.51462960243225
Random__VS__AlphaBeta-new-d3__GAME__69,Random,AlphaBeta-new-d3,69,True,AlphaBeta-new-d3,1,11,5.405897617340088
Random__VS__AlphaBeta-new-d3__GAME__70,Random,AlphaBeta-new-d3,70,False,AlphaBeta-new-d3,-1,8,4.225990533828735
Random__VS__AlphaBeta-new-d3__GAME__71,Random,AlphaBeta-new-d3,71,True,AlphaBeta-new-d3,1,5,1.2255043983459473
Random__VS__AlphaBeta-new-d3__GAME__72,Random,AlphaBeta-new-d3,72,False,AlphaBeta-new-d3,-1,12,5.497195243835449
Random__VS__AlphaBeta-new-d3__GAME__73,Random,AlphaBeta-new-d3,73,True,AlphaBeta-new-d3,1,25,15.1686270236969
Random__VS__AlphaBeta-new-d3__GAME__74,Random,AlphaBeta-new-d3,74,False,AlphaBeta-new-d3,-1,10,3.9024829864501953
Random__VS__AlphaBeta-new-d3__GAME__75,Random,AlphaBeta-new-d3,75,True,AlphaBeta-new-d3,1,11,5.2022318840026855
Random__VS__AlphaBeta-new-d3__GAME__76,Random,AlphaBeta-new-d3,76,False,AlphaBeta-new-d3,-1,12,4.7058751583099365
Random__VS__AlphaBeta-new-d3__GAME__77,Random,AlphaBeta-new-d3,77,True,AlphaBeta-new-d3,1,7,2.62551212310791
Random__VS__AlphaBeta-new-d3__GAME__78,Random,AlphaBeta-new-d3,78,False,AlphaBeta-new-d3,-1,4,0.9969997406005859
Random__VS__AlphaBeta-new-d3__GAME__79,Random,AlphaBeta-new-d3,79,True,AlphaBeta-new-d3,1,7,2.6597402095794678
Random__VS__AlphaBeta-new-d3__GAME__80,Random,AlphaBeta-new-d3,80,False,AlphaBeta-new-d3,-1,10,4.800980567932129
Random__VS__AlphaBeta-new-d3__GAME__81,Random,AlphaBeta-new-d3,81,True,AlphaBeta-new-d3,1,43,29.060357809066772
Random__VS__AlphaBeta-new-d3__GAME__82,Random,AlphaBeta-new-d3,82,False,AlphaBeta-new-d3,-1,8,3.645595073699951
Random__VS__AlphaBeta-new-d3__GAME__83,Random,AlphaBeta-new-d3,83,True,AlphaBeta-new-d3,1,7,3.1979618072509766
Random__VS__AlphaBeta-new-d3__GAME__84,Random,AlphaBeta-new-d3,84,False,AlphaBeta-new-d3,-1,8,3.528634548187256
Random__VS__AlphaBeta-new-d3__GAME__85,Random,AlphaBeta-new-d3,85,True,AlphaBeta-new-d3,1,9,6.013640403747559
Random__VS__AlphaBeta-new-d3__GAME__86,Random,AlphaBeta-new-d3,86,False,AlphaBeta-new-d3,-1,8,3.3743796348571777
Random__VS__AlphaBeta-new-d3__GAME__87,Random,AlphaBeta-new-d3,87,True,AlphaBeta-new-d3,1,25,16.67377758026123
Random__VS__AlphaBeta-new-d3__GAME__88,Random,AlphaBeta-new-d3,88,False,AlphaBeta-new-d3,-1,10,4.497941493988037
Random__VS__AlphaBeta-new-d3__GAME__89,Random,AlphaBeta-new-d3,89,True,AlphaBeta-new-d3,1,17,12.13963770866394
Random__VS__AlphaBeta-new-d3__GAME__90,Random,AlphaBeta-new-d3,90,False,draw,0,50,39.07089614868164
Random__VS__AlphaBeta-new-d3__GAME__91,Random,AlphaBeta-new-d3,91,True,AlphaBeta-new-d3,1,7,3.484377145767212
Random__VS__AlphaBeta-new-d3__GAME__92,Random,AlphaBeta-new-d3,92,False,AlphaBeta-new-d3,-1,4,1.0005285739898682
Random__VS__AlphaBeta-new-d3__GAME__93,Random,AlphaBeta-new-d3,93,True,AlphaBeta-new-d3,1,11,6.61102294921875
Random__VS__AlphaBeta-new-d3__GAME__94,Random,AlphaBeta-new-d3,94,False,draw,0,50,34.629727602005005
Random__VS__AlphaBeta-new-d3__GAME__95,Random,AlphaBeta-new-d3,95,True,AlphaBeta-new-d3,1,14,7.719742774963379
Random__VS__AlphaBeta-new-d3__GAME__96,Random,AlphaBeta-new-d3,96,False,AlphaBeta-new-d3,-1,6,1.9892277717590332
Random__VS__AlphaBeta-new-d3__GAME__97,Random,AlphaBeta-new-d3,97,True,Random,-1,21,14.525834798812866
Random__VS__AlphaBeta-new-d3__GAME__98,Random,AlphaBeta-new-d3,98,False,AlphaBeta-new-d3,-1,20,12.886460065841675
Random__VS__AlphaBeta-new-d3__GAME__99,Random,AlphaBeta-new-d3,99,True,AlphaBeta-new-d3,1,11,5.229943037033081
Random__VS__AlphaBeta-new-d3__GAME__100,Random,AlphaBeta-new-d3,100,False,AlphaBeta-new-d3,-1,14,7.911039590835571
Random__VS__AlphaBeta-new-d3__GAME__101,Random,AlphaBeta-new-d3,101,True,Random,-1,27,17.297322273254395
Random__VS__AlphaBeta-new-d3__GAME__102,Random,AlphaBeta-new-d3,102,False,AlphaBeta-new-d3,-1,16,8.106634616851807
Random__VS__AlphaBeta-new-d3__GAME__103,Random,AlphaBeta-new-d3,103,True,AlphaBeta-new-d3,1,9,3.895552158355713
Random__VS__AlphaBeta-new-d3__GAME__104,Random,AlphaBeta-new-d3,104,False,AlphaBeta-new-d3,-1,10,4.834624528884888
Random__VS__AlphaBeta-new-d3__GAME__105,Random,AlphaBeta-new-d3,105,True,AlphaBeta-new-d3,1,7,3.7225069999694824
Random__VS__AlphaBeta-new-d3__GAME__106,Random,AlphaBeta-new-d3,106,False,Random,1,8,4.31757116317749
Random__VS__AlphaBeta-new-d3__GAME__107,Random,AlphaBeta-new-d3,107,True,AlphaBeta-new-d3,1,13,7.6669347286224365
Random__VS__AlphaBeta-new-d3__GAME__108,Random,AlphaBeta-new-d3,108,False,AlphaBeta-new-d3,-1,8,3.11189603805542
Random__VS__AlphaBeta-new-d3__GAME__109,Random,AlphaBeta-new-d3,109,True,AlphaBeta-new-d3,1,7,3.110996961593628
Random__VS__AlphaBeta-new-d3__GAME__110,Random,AlphaBeta-new-d3,110,False,AlphaBeta-new-d3,-1,38,26.039655923843384
Random__VS__AlphaBeta-new-d3__GAME__111,Random,AlphaBeta-new-d3,111,True,AlphaBeta-new-d3,1,9,5.136076927185059
Random__VS__AlphaBeta-new-d3__GAME__112,Random,AlphaBeta-new-d3,112,False,AlphaBeta-new-d3,-1,12,5.736336708068848
Random__VS__AlphaBeta-new-d3__GAME__113,Random,AlphaBeta-new-d3,113,True,AlphaBeta-new-d3,1,13,5.80387020111084
Random__VS__AlphaBeta-new-d3__GAME__114,Random,AlphaBeta-new-d3,114,False,AlphaBeta-new-d3,-1,12,6.784308195114136
Random__VS__AlphaBeta-new-d3__GAME__115,Random,AlphaBeta-new-d3,115,True,AlphaBeta-new-d3,1,17,8.340273380279541
Random__VS__AlphaBeta-new-d3__GAME__116,Random,AlphaBeta-new-d3,116,False,AlphaBeta-new-d3,-1,10,4.317437410354614
Random__VS__AlphaBeta-new-d3__GAME__117,Random,AlphaBeta-new-d3,117,True,AlphaBeta-new-d3,1,7,2.092055559158325
Random__VS__AlphaBeta-new-d3__GAME__118,Random,AlphaBeta-new-d3,118,False,AlphaBeta-new-d3,-1,8,2.582717180252075
Random__VS__AlphaBeta-new-d3__GAME__119,Random,AlphaBeta-new-d3,119,True,AlphaBeta-new-d3,1,5,2.1510977745056152
Random__VS__AlphaBeta-new-d3__GAME__120,Random,AlphaBeta-new-d3,120,False,AlphaBeta-new-d3,-1,22,14.430800199508667
Random__VS__AlphaBeta-new-d3__GAME__121,Random,AlphaBeta-new-d3,121,True,AlphaBeta-new-d3,1,7,2.790902614593506
Random__VS__AlphaBeta-new-d3__GAME__122,Random,AlphaBeta-new-d3,122,False,AlphaBeta-new-d3,-1,18,9.535969972610474
Random__VS__AlphaBeta-new-d3__GAME__123,Random,AlphaBeta-new-d3,123,True,AlphaBeta-new-d3,1,5,1.878157138824463
Random__VS__AlphaBeta-new-d3__GAME__124,Random,AlphaBeta-new-d3,124,False,Random,1,36,29.939087390899658
Random__VS__AlphaBeta-new-d3__GAME__125,Random,AlphaBeta-new-d3,125,True,AlphaBeta-new-d3,1,5,2.1027910709381104
Random__VS__AlphaBeta-new-d3__GAME__126,Random,AlphaBeta-new-d3,126,False,AlphaBeta-new-d3,-1,6,1.9671814441680908
Random__VS__AlphaBeta-new-d3__GAME__127,Random,AlphaBeta-new-d3,127,True,Random,-1,25,15.834867715835571
Random__VS__AlphaBeta-new-d3__GAME__128,Random,AlphaBeta-new-d3,128,False,AlphaBeta-new-d3,-1,12,5.403925895690918
Random__VS__AlphaBeta-new-d3__GAME__129,Random,AlphaBeta-new-d3,129,True,AlphaBeta-new-d3,1,11,5.935456275939941
Random__VS__AlphaBeta-new-d3__GAME__130,Random,AlphaBeta-new-d3,130,False,AlphaBeta-new-d3,-1,20,11.99166464805603
Random__VS__AlphaBeta-new-d3__GAME__131,Random,AlphaBeta-new-d3,131,True,AlphaBeta-new-d3,1,7,2.671055316925049
Random__VS__AlphaBeta-new-d3__GAME__132,Random,AlphaBeta-new-d3,132,False,AlphaBeta-new-d3,-1,6,1.9106056690216064
Random__VS__AlphaBeta-new-d3__GAME__133,Random,AlphaBeta-new-d3,133,True,AlphaBeta-new-d3,1,11,6.804128170013428
Random__VS__AlphaBeta-new-d3__GAME__134,Random,AlphaBeta-new-d3,134,False,AlphaBeta-new-d3,-1,10,3.9205281734466553
Random__VS__AlphaBeta-new-d3__GAME__135,Random,AlphaBeta-new-d3,135,True,AlphaBeta-new-d3,1,11,5.9950196743011475
Random__VS__AlphaBeta-new-d3__GAME__136,Random,AlphaBeta-new-d3,136,False,AlphaBeta-new-d3,-1,6,2.563507080078125
Random__VS__AlphaBeta-new-d3__GAME__137,Random,AlphaBeta-new-d3,137,True,AlphaBeta-new-d3,1,9,3.7106504440307617
Random__VS__AlphaBeta-new-d3__GAME__138,Random,AlphaBeta-new-d3,138,False,AlphaBeta-new-d3,-1,8,3.4102871417999268
Random__VS__AlphaBeta-new-d3__GAME__139,Random,AlphaBeta-new-d3,139,True,AlphaBeta-new-d3,1,7,3.071357250213623
Random__VS__AlphaBeta-new-d3__GAME__140,Random,AlphaBeta-new-d3,140,False,AlphaBeta-new-d3,-1,20,7.541444778442383
Random__VS__AlphaBeta-new-d3__GAME__141,Random,AlphaBeta-new-d3,141,True,AlphaBeta-new-d3,1,9,3.6917245388031006
Random__VS__AlphaBeta-new-d3__GAME__142,Random,AlphaBeta-new-d3,142,False,Random,1,44,28.049545526504517
Random__VS__AlphaBeta-new-d3__GAME__143,Random,AlphaBeta-new-d3,143,True,AlphaBeta-new-d3,1,11,6.364203214645386
Random__VS__AlphaBeta-new-d3__GAME__144,Random,AlphaBeta-new-d3,144,False,AlphaBeta-new-d3,-1,14,8.748818635940552
Random__VS__AlphaBeta-new-d3__GAME__145,Random,AlphaBeta-new-d3,145,True,AlphaBeta-new-d3,1,33,20.255971908569336
Random__VS__AlphaBeta-new-d3__GAME__146,Random,AlphaBeta-new-d3,146,False,draw,0,50,39.44295525550842
Random__VS__AlphaBeta-new-d3__GAME__147,Random,AlphaBeta-new-d3,147,True,AlphaBeta-new-d3,1,5,1.8377106189727783
Random__VS__AlphaBeta-new-d3__GAME__148,Random,AlphaBeta-new-d3,148,False,AlphaBeta-new-d3,-1,10,3.824117422103882
Random__VS__AlphaBeta-new-d3__GAME__149,Random,AlphaBeta-new-d3,149,True,Random,-1,9,6.234802961349487
Random__VS__AlphaBeta-new-d3__GAME__150,Random,AlphaBeta-new-d3,150,False,AlphaBeta-new-d3,-1,16,8.247533082962036
Random__VS__AlphaBeta-new-d3__GAME__151,Random,AlphaBeta-new-d3,151,True,AlphaBeta-new-d3,1,17,11.13722538948059
Random__VS__AlphaBeta-new-d3__GAME__152,Random,AlphaBeta-new-d3,152,False,AlphaBeta-new-d3,-1,12,6.452878475189209
Random__VS__AlphaBeta-new-d3__GAME__153,Random,AlphaBeta-new-d3,153,True,AlphaBeta-new-d3,1,13,9.644981145858765
Random__VS__AlphaBeta-new-d3__GAME__154,Random,AlphaBeta-new-d3,154,False,AlphaBeta-new-d3,-1,14,7.193155527114868
Random__VS__AlphaBeta-new-d3__GAME__155,Random,AlphaBeta-new-d3,155,True,Random,-1,17,11.66427206993103
Random__VS__AlphaBeta-new-d3__GAME__156,Random,AlphaBeta-new-d3,156,False,AlphaBeta-new-d3,-1,16,8.701598405838013
Random__VS__AlphaBeta-new-d3__GAME__157,Random,AlphaBeta-new-d3,157,True,AlphaBeta-new-d3,1,7,3.3747222423553467
Random__VS__AlphaBeta-new-d3__GAME__158,Random,AlphaBeta-new-d3,158,False,AlphaBeta-new-d3,-1,8,4.118023157119751
Random__VS__AlphaBeta-new-d3__GAME__159,Random,AlphaBeta-new-d3,159,True,AlphaBeta-new-d3,1,7,3.375666618347168
Random__VS__AlphaBeta-new-d3__GAME__160,Random,AlphaBeta-new-d3,160,False,AlphaBeta-new-d3,-1,10,5.4975426197052
Random__VS__AlphaBeta-new-d3__GAME__161,Random,AlphaBeta-new-d3,161,True,AlphaBeta-new-d3,1,7,3.303051471710205
Random__VS__AlphaBeta-new-d3__GAME__162,Random,AlphaBeta-new-d3,162,False,AlphaBeta-new-d3,-1,8,4.634927749633789
Random__VS__AlphaBeta-new-d3__GAME__163,Random,AlphaBeta-new-d3,163,True,AlphaBeta-new-d3,1,7,3.1734707355499268
Random__VS__AlphaBeta-new-d3__GAME__164,Random,AlphaBeta-new-d3,164,False,AlphaBeta-new-d3,-1,18,9.00680136680603
Random__VS__AlphaBeta-new-d3__GAME__165,Random,AlphaBeta-new-d3,165,True,AlphaBeta-new-d3,1,5,1.9320507049560547
Random__VS__AlphaBeta-new-d3__GAME__166,Random,AlphaBeta-new-d3,166,False,AlphaBeta-new-d3,-1,10,4.145202159881592
Random__VS__AlphaBeta-new-d3__GAME__167,Random,AlphaBeta-new-d3,167,True,AlphaBeta-new-d3,1,9,3.9299445152282715
Random__VS__AlphaBeta-new-d3__GAME__168,Random,AlphaBeta-new-d3,168,False,AlphaBeta-new-d3,-1,4,1.2184998989105225
Random__VS__AlphaBeta-new-d3__GAME__169,Random,AlphaBeta-new-d3,169,True,AlphaBeta-new-d3,1,23,14.386488199234009
Random__VS__AlphaBeta-new-d3__GAME__170,Random,AlphaBeta-new-d3,170,False,AlphaBeta-new-d3,-1,8,4.211264610290527
Random__VS__AlphaBeta-new-d3__GAME__171,Random,AlphaBeta-new-d3,171,True,AlphaBeta-new-d3,1,19,12.083814144134521
Random__VS__AlphaBeta-new-d3__GAME__172,Random,AlphaBeta-new-d3,172,False,AlphaBeta-new-d3,-1,8,3.4440510272979736
Random__VS__AlphaBeta-new-d3__GAME__173,Random,AlphaBeta-new-d3,173,True,AlphaBeta-new-d3,1,7,3.9498074054718018
Random__VS__AlphaBeta-new-d3__GAME__174,Random,AlphaBeta-new-d3,174,False,AlphaBeta-new-d3,-1,44,32.603501319885254
Random__VS__AlphaBeta-new-d3__GAME__175,Random,AlphaBeta-new-d3,175,True,AlphaBeta-new-d3,1,11,5.160409450531006
Random__VS__AlphaBeta-new-d3__GAME__176,Random,AlphaBeta-new-d3,176,False,AlphaBeta-new-d3,-1,10,4.575986623764038
Random__VS__AlphaBeta-new-d3__GAME__177,Random,AlphaBeta-new-d3,177,True,Random,-1,5,3.0681910514831543
Random__VS__AlphaBeta-new-d3__GAME__178,Random,AlphaBeta-new-d3,178,False,draw,0,50,35.43670392036438
Random__VS__AlphaBeta-new-d3__GAME__179,Random,AlphaBeta-new-d3,179,True,AlphaBeta-new-d3,1,15,8.719613075256348
Random__VS__AlphaBeta-new-d3__GAME__180,Random,AlphaBeta-new-d3,180,False,AlphaBeta-new-d3,-1,8,2.9124276638031006
Random__VS__AlphaBeta-new-d3__GAME__181,Random,AlphaBeta-new-d3,181,True,AlphaBeta-new-d3,1,29,20.87138342857361
Random__VS__AlphaBeta-new-d3__GAME__182,Random,AlphaBeta-new-d3,182,False,AlphaBeta-new-d3,-1,6,2.3080766201019287
Random__VS__AlphaBeta-new-d3__GAME__183,Random,AlphaBeta-new-d3,183,True,AlphaBeta-new-d3,1,5,1.2885241508483887
Random__VS__AlphaBeta-new-d3__GAME__184,Random,AlphaBeta-new-d3,184,False,AlphaBeta-new-d3,-1,6,2.100792407989502
Random__VS__AlphaBeta-new-d3__GAME__185,Random,AlphaBeta-new-d3,185,True,AlphaBeta-new-d3,1,27,16.881574153900146
Random__VS__AlphaBeta-new-d3__GAME__186,Random,AlphaBeta-new-d3,186,False,AlphaBeta-new-d3,-1,12,5.619360685348511
Random__VS__AlphaBeta-new-d3__GAME__187,Random,AlphaBeta-new-d3,187,True,AlphaBeta-new-d3,1,13,5.952635765075684
Random__VS__AlphaBeta-new-d3__GAME__188,Random,AlphaBeta-new-d3,188,False,AlphaBeta-new-d3,-1,10,4.9490344524383545
Random__VS__AlphaBeta-new-d3__GAME__189,Random,AlphaBeta-new-d3,189,True,AlphaBeta-new-d3,1,9,5.94743013381958
Random__VS__AlphaBeta-new-d3__GAME__190,Random,AlphaBeta-new-d3,190,False,AlphaBeta-new-d3,-1,6,2.668651819229126
Random__VS__AlphaBeta-new-d3__GAME__191,Random,AlphaBeta-new-d3,191,True,AlphaBeta-new-d3,1,11,7.1335742473602295
Random__VS__AlphaBeta-new-d3__GAME__192,Random,AlphaBeta-new-d3,192,False,AlphaBeta-new-d3,-1,6,2.4557876586914062
Random__VS__AlphaBeta-new-d3__GAME__193,Random,AlphaBeta-new-d3,193,True,AlphaBeta-new-d3,1,7,2.8164260387420654
Random__VS__AlphaBeta-new-d3__GAME__194,Random,AlphaBeta-new-d3,194,False,AlphaBeta-new-d3,-1,12,7.388381242752075
Random__VS__AlphaBeta-new-d3__GAME__195,Random,AlphaBeta-new-d3,195,True,AlphaBeta-new-d3,1,5,2.3697402477264404
Random__VS__AlphaBeta-new-d3__GAME__196,Random,AlphaBeta-new-d3,196,False,AlphaBeta-new-d3,-1,6,2.211357831954956
Random__VS__AlphaBeta-new-d3__GAME__197,Random,AlphaBeta-new-d3,197,True,AlphaBeta-new-d3,1,5,1.578493356704712
Random__VS__AlphaBeta-new-d3__GAME__198,Random,AlphaBeta-new-d3,198,False,AlphaBeta-new-d3,-1,14,8.154921770095825
Random__VS__AlphaBeta-new-d3__GAME__199,Random,AlphaBeta-new-d3,199,True,AlphaBeta-new-d3,1,11,6.719011306762695
Random__VS__AlphaBeta-new-d3__GAME__200,Random,AlphaBeta-new-d3,200,False,Random,1,11,6.547004222869873
Random__VS__AlphaBeta-new-d3__GAME__201,Random,AlphaBeta-new-d3,201,True,AlphaBeta-new-d3,1,5,2.024998664855957
Random__VS__AlphaBeta-new-d3__GAME__202,Random,AlphaBeta-new-d3,202,False,AlphaBeta-new-d3,-1,10,5.079126834869385
Random__VS__AlphaBeta-new-d3__GAME__203,Random,AlphaBeta-new-d3,203,True,AlphaBeta-new-d3,1,5,2.214231014251709
Random__VS__AlphaBeta-new-d3__GAME__204,Random,AlphaBeta-new-d3,204,False,draw,0,50,37.2959885597229
Random__VS__AlphaBeta-new-d3__GAME__205,Random,AlphaBeta-new-d3,205,True,AlphaBeta-new-d3,1,21,13.259469509124756
Random__VS__AlphaBeta-new-d3__GAME__206,Random,AlphaBeta-new-d3,206,False,Random,1,6,3.0421302318573
Random__VS__AlphaBeta-new-d3__GAME__207,Random,AlphaBeta-new-d3,207,True,AlphaBeta-new-d3,1,13,8.316690921783447
Random__VS__AlphaBeta-new-d3__GAME__208,Random,AlphaBeta-new-d3,208,False,AlphaBeta-new-d3,-1,6,2.6564383506774902
Random__VS__AlphaBeta-new-d3__GAME__209,Random,AlphaBeta-new-d3,209,True,AlphaBeta-new-d3,1,13,7.5034284591674805
Random__VS__AlphaBeta-new-d3__GAME__210,Random,AlphaBeta-new-d3,210,False,AlphaBeta-new-d3,-1,12,6.2339701652526855
Random__VS__AlphaBeta-new-d3__GAME__211,Random,AlphaBeta-new-d3,211,True,AlphaBeta-new-d3,1,7,4.2481606006622314
Random__VS__AlphaBeta-new-d3__GAME__212,Random,AlphaBeta-new-d3,212,False,AlphaBeta-new-d3,-1,20,12.62600564956665
Random__VS__AlphaBeta-new-d3__GAME__213,Random,AlphaBeta-new-d3,213,True,AlphaBeta-new-d3,1,11,6.267485618591309
Random__VS__AlphaBeta-new-d3__GAME__214,Random,AlphaBeta-new-d3,214,False,AlphaBeta-new-d3,-1,5,1.8909411430358887
Random__VS__AlphaBeta-new-d3__GAME__215,Random,AlphaBeta-new-d3,215,True,AlphaBeta-new-d3,1,19,13.207236766815186
Random__VS__AlphaBeta-new-d3__GAME__216,Random,AlphaBeta-new-d3,216,False,AlphaBeta-new-d3,-1,6,2.7418742179870605
Random__VS__AlphaBeta-new-d3__GAME__217,Random,AlphaBeta-new-d3,217,True,Random,-1,7,4.911172389984131
Random__VS__AlphaBeta-new-d3__GAME__218,Random,AlphaBeta-new-d3,218,False,AlphaBeta-new-d3,-1,12,5.677377939224243
Random__VS__AlphaBeta-new-d3__GAME__219,Random,AlphaBeta-new-d3,219,True,AlphaBeta-new-d3,1,7,3.2202095985412598
Random__VS__AlphaBeta-new-d3__GAME__220,Random,AlphaBeta-new-d3,220,False,AlphaBeta-new-d3,-1,20,13.003306865692139
Random__VS__AlphaBeta-new-d3__GAME__221,Random,AlphaBeta-new-d3,221,True,AlphaBeta-new-d3,1,5,2.4748380184173584
Random__VS__AlphaBeta-new-d3__GAME__222,Random,AlphaBeta-new-d3,222,False,AlphaBeta-new-d3,-1,14,7.805613994598389
Random__VS__AlphaBeta-new-d3__GAME__223,Random,AlphaBeta-new-d3,223,True,AlphaBeta-new-d3,1,5,2.713165283203125
Random__VS__AlphaBeta-new-d3__GAME__224,Random,AlphaBeta-new-d3,224,False,AlphaBeta-new-d3,-1,42,31.49003291130066
Random__VS__AlphaBeta-new-d3__GAME__225,Random,AlphaBeta-new-d3,225,True,AlphaBeta-new-d3,1,7,3.538377285003662
Random__VS__AlphaBeta-new-d3__GAME__226,Random,AlphaBeta-new-d3,226,False,Random,1,18,12.629820823669434
Random__VS__AlphaBeta-new-d3__GAME__227,Random,AlphaBeta-new-d3,227,True,AlphaBeta-new-d3,1,7,4.032721996307373
Random__VS__AlphaBeta-new-d3__GAME__228,Random,AlphaBeta-new-d3,228,False,AlphaBeta-new-d3,-1,6,2.2240090370178223
Random__VS__AlphaBeta-new-d3__GAME__229,Random,AlphaBeta-new-d3,229,True,AlphaBeta-new-d3,1,7,3.360219717025757
Random__VS__AlphaBeta-new-d3__GAME__230,Random,AlphaBeta-new-d3,230,False,AlphaBeta-new-d3,-1,50,37.989731311798096
Random__VS__AlphaBeta-new-d3__GAME__231,Random,AlphaBeta-new-d3,231,True,AlphaBeta-new-d3,1,15,9.864261865615845
Random__VS__AlphaBeta-new-d3__GAME__232,Random,AlphaBeta-new-d3,232,False,AlphaBeta-new-d3,-1,26,12.664371728897095
Random__VS__AlphaBeta-new-d3__GAME__233,Random,AlphaBeta-new-d3,233,True,AlphaBeta-new-d3,1,21,14.482677936553955
Random__VS__AlphaBeta-new-d3__GAME__234,Random,AlphaBeta-new-d3,234,False,AlphaBeta-new-d3,-1,6,2.121403932571411
Random__VS__AlphaBeta-new-d3__GAME__235,Random,AlphaBeta-new-d3,235,True,AlphaBeta-new-d3,1,11,6.128854036331177
Random__VS__AlphaBeta-new-d3__GAME__236,Random,AlphaBeta-new-d3,236,False,AlphaBeta-new-d3,-1,18,11.293829679489136
Random__VS__AlphaBeta-new-d3__GAME__237,Random,AlphaBeta-new-d3,237,True,Random,-1,5,2.8446030616760254
Random__VS__AlphaBeta-new-d3__GAME__238,Random,AlphaBeta-new-d3,238,False,AlphaBeta-new-d3,-1,34,24.034647941589355
Random__VS__AlphaBeta-new-d3__GAME__239,Random,AlphaBeta-new-d3,239,True,AlphaBeta-new-d3,1,17,11.277884006500244
Random__VS__AlphaBeta-new-d3__GAME__240,Random,AlphaBeta-new-d3,240,False,AlphaBeta-new-d3,-1,4,1.040358066558838
Random__VS__AlphaBeta-new-d3__GAME__241,Random,AlphaBeta-new-d3,241,True,AlphaBeta-new-d3,1,9,4.731606960296631
Random__VS__AlphaBeta-new-d3__GAME__242,Random,AlphaBeta-new-d3,242,False,AlphaBeta-new-d3,-1,10,5.342195749282837
Random__VS__AlphaBeta-new-d3__GAME__243,Random,AlphaBeta-new-d3,243,True,AlphaBeta-new-d3,1,39,30.027376651763916
Random__VS__AlphaBeta-new-d3__GAME__244,Random,AlphaBeta-new-d3,244,False,AlphaBeta-new-d3,-1,6,2.3771417140960693
Random__VS__AlphaBeta-new-d3__GAME__245,Random,AlphaBeta-new-d3,245,True,AlphaBeta-new-d3,1,17,10.916502714157104
Random__VS__AlphaBeta-new-d3__GAME__246,Random,AlphaBeta-new-d3,246,False,AlphaBeta-new-d3,-1,18,12.479167938232422
Random__VS__AlphaBeta-new-d3__GAME__247,Random,AlphaBeta-new-d3,247,True,AlphaBeta-new-d3,1,9,5.038763046264648
Random__VS__AlphaBeta-new-d3__GAME__248,Random,AlphaBeta-new-d3,248,False,AlphaBeta-new-d3,-1,6,2.2750415802001953
Random__VS__AlphaBeta-new-d3__GAME__249,Random,AlphaBeta-new-d3,249,True,AlphaBeta-new-d3,1,21,12.180171012878418
Random__VS__MCTS-old-100__GAME__0,Random,MCTS-old-100,0,False,MCTS-old-100,-1,22,16.405136346817017
Random__VS__MCTS-old-100__GAME__1,Random,MCTS-old-100,1,True,Random,-1,11,7.42908787727356
Random__VS__MCTS-old-100__GAME__2,Random,MCTS-old-100,2,False,MCTS-old-100,-1,10,5.832206726074219
Random__VS__MCTS-old-100__GAME__3,Random,MCTS-old-100,3,True,MCTS-old-100,1,9,5.80415153503418
Random__VS__MCTS-old-100__GAME__4,Random,MCTS-old-100,4,False,draw,0,50,46.61404776573181
Random__VS__MCTS-old-100__GAME__5,Random,MCTS-old-100,5,True,MCTS-old-100,1,23,18.31380844116211
Random__VS__MCTS-old-100__GAME__6,Random,MCTS-old-100,6,False,MCTS-old-100,-1,18,13.689533710479736
Random__VS__MCTS-old-100__GAME__7,Random,MCTS-old-100,7,True,MCTS-old-100,1,11,7.113897800445557
Random__VS__MCTS-old-100__GAME__8,Random,MCTS-old-100,8,False,MCTS-old-100,-1,28,26.080572605133057
Random__VS__MCTS-old-100__GAME__9,Random,MCTS-old-100,9,True,MCTS-old-100,1,5,2.8023228645324707
Random__VS__MCTS-old-100__GAME__10,Random,MCTS-old-100,10,False,MCTS-old-100,-1,16,10.103991746902466
Random__VS__MCTS-old-100__GAME__11,Random,MCTS-old-100,11,True,MCTS-old-100,1,25,18.574242115020752
Random__VS__MCTS-old-100__GAME__12,Random,MCTS-old-100,12,False,Random,1,38,31.764315605163574
Random__VS__MCTS-old-100__GAME__13,Random,MCTS-old-100,13,True,MCTS-old-100,1,27,23.12156105041504
Random__VS__MCTS-old-100__GAME__14,Random,MCTS-old-100,14,False,MCTS-old-100,-1,12,7.3522889614105225
Random__VS__MCTS-old-100__GAME__15,Random,MCTS-old-100,15,True,MCTS-old-100,1,7,3.8407042026519775
Random__VS__MCTS-old-100__GAME__16,Random,MCTS-old-100,16,False,MCTS-old-100,-1,12,6.286531925201416
Random__VS__MCTS-old-100__GAME__17,Random,MCTS-old-100,17,True,MCTS-old-100,1,7,3.7660913467407227
Random__VS__MCTS-old-100__GAME__18,Random,MCTS-old-100,18,False,MCTS-old-100,-1,6,2.5279088020324707
Random__VS__MCTS-old-100__GAME__19,Random,MCTS-old-100,19,True,MCTS-old-100,1,19,13.474605083465576
Random__VS__MCTS-old-100__GAME__20,Random,MCTS-old-100,20,False,MCTS-old-100,-1,6,2.6648612022399902
Random__VS__MCTS-old-100__GAME__21,Random,MCTS-old-100,21,True,MCTS-old-100,1,31,26.727665662765503
Random__VS__MCTS-old-100__GAME__22,Random,MCTS-old-100,22,False,MCTS-old-100,-1,26,21.393242359161377
Random__VS__MCTS-old-100__GAME__23,Random,MCTS-old-100,23,True,MCTS-old-100,1,7,4.069806098937988
Random__VS__MCTS-old-100__GAME__24,Random,MCTS-old-100,24,False,MCTS-old-100,-1,24,16.05673122406006
Random__VS__MCTS-old-100__GAME__25,Random,MCTS-old-100,25,True,draw,0,50,50.87618899345398
Random__VS__MCTS-old-100__GAME__26,Random,MCTS-old-100,26,False,MCTS-old-100,-1,30,22.353079795837402
Random__VS__MCTS-old-100__GAME__27,Random,MCTS-old-100,27,True,MCTS-old-100,1,15,10.743720054626465
Random__VS__MCTS-old-100__GAME__28,Random,MCTS-old-100,28,False,MCTS-old-100,-1,16,10.388637065887451
Random__VS__MCTS-old-100__GAME__29,Random,MCTS-old-100,29,True,MCTS-old-100,1,29,23.368470191955566
Random__VS__MCTS-old-100__GAME__30,Random,MCTS-old-100,30,False,MCTS-old-100,-1,10,6.267781972885132
Random__VS__MCTS-old-100__GAME__31,Random,MCTS-old-100,31,True,MCTS-old-100,1,7,4.080637216567993
Random__VS__MCTS-old-100__GAME__32,Random,MCTS-old-100,32,False,Random,1,8,4.577085733413696
Random__VS__MCTS-old-100__GAME__33,Random,MCTS-old-100,33,True,Random,-1,11,8.258805990219116
Random__VS__MCTS-old-100__GAME__34,Random,MCTS-old-100,34,False,MCTS-old-100,-1,14,8.200579166412354
Random__VS__MCTS-old-100__GAME__35,Random,MCTS-old-100,35,True,MCTS-old-100,1,25,19.868971824645996
Random__VS__MCTS-old-100__GAME__36,Random,MCTS-old-100,36,False,MCTS-old-100,-1,14,8.649768352508545
Random__VS__MCTS-old-100__GAME__37,Random,MCTS-old-100,37,True,MCTS-old-100,1,11,6.346025705337524
Random__VS__MCTS-old-100__GAME__38,Random,MCTS-old-100,38,False,MCTS-old-100,-1,12,7.748938322067261
Random__VS__MCTS-old-100__GAME__39,Random,MCTS-old-100,39,True,MCTS-old-100,1,9,6.122893810272217
Random__VS__MCTS-old-100__GAME__40,Random,MCTS-old-100,40,False,Random,1,20,15.598163366317749
Random__VS__MCTS-old-100__GAME__41,Random,MCTS-old-100,41,True,MCTS-old-100,1,15,11.469836235046387
Random__VS__MCTS-old-100__GAME__42,Random,MCTS-old-100,42,False,Random,1,4,2.5921409130096436
Random__VS__MCTS-old-100__GAME__43,Random,MCTS-old-100,43,True,MCTS-old-100,1,5,2.4426188468933105
Random__VS__MCTS-old-100__GAME__44,Random,MCTS-old-100,44,False,MCTS-old-100,-1,8,3.8327016830444336
Random__VS__MCTS-old-100__GAME__45,Random,MCTS-old-100,45,True,MCTS-old-100,1,7,4.441759824752808
Random__VS__MCTS-old-100__GAME__46,Random,MCTS-old-100,46,False,MCTS-old-100,-1,6,2.4787676334381104
Random__VS__MCTS-old-100__GAME__47,Random,MCTS-old-100,47,True,Random,-1,13,8.885323524475098
Random__VS__MCTS-old-100__GAME__48,Random,MCTS-old-100,48,False,MCTS-old-100,-1,10,4.857547998428345
Random__VS__MCTS-old-100__GAME__49,Random,MCTS-old-100,49,True,MCTS-old-100,1,9,6.058062314987183
Random__VS__MCTS-old-100__GAME__50,Random,MCTS-old-100,50,False,MCTS-old-100,-1,24,20.40815758705139
Random__VS__MCTS-old-100__GAME__51,Random,MCTS-old-100,51,True,MCTS-old-100,1,7,3.8814852237701416
Random__VS__MCTS-old-100__GAME__52,Random,MCTS-old-100,52,False,MCTS-old-100,-1,14,8.539556503295898
Random__VS__MCTS-old-100__GAME__53,Random,MCTS-old-100,53,True,MCTS-old-100,1,5,2.5811843872070312
Random__VS__MCTS-old-100__GAME__54,Random,MCTS-old-100,54,False,MCTS-old-100,-1,28,21.542113542556763
Random__VS__MCTS-old-100__GAME__55,Random,MCTS-old-100,55,True,MCTS-old-100,1,15,10.213850498199463
Random__VS__MCTS-old-100__GAME__56,Random,MCTS-old-100,56,False,draw,0,50,42.83484745025635
Random__VS__MCTS-old-100__GAME__57,Random,MCTS-old-100,57,True,MCTS-old-100,1,5,2.4838826656341553
Random__VS__MCTS-old-100__GAME__58,Random,MCTS-old-100,58,False,MCTS-old-100,-1,10,4.856077194213867
Random__VS__MCTS-old-100__GAME__59,Random,MCTS-old-100,59,True,MCTS-old-100,1,7,3.6929030418395996
Random__VS__MCTS-old-100__GAME__60,Random,MCTS-old-100,60,False,MCTS-old-100,-1,12,8.588177919387817
Random__VS__MCTS-old-100__GAME__61,Random,MCTS-old-100,61,True,MCTS-old-100,1,5,2.5472331047058105
Random__VS__MCTS-old-100__GAME__62,Random,MCTS-old-100,62,False,MCTS-old-100,-1,6,2.7080509662628174
Random__VS__MCTS-old-100__GAME__63,Random,MCTS-old-100,63,True,MCTS-old-100,1,9,5.503087759017944
Random__VS__MCTS-old-100__GAME__64,Random,MCTS-old-100,64,False,MCTS-old-100,-1,10,5.433406591415405
Random__VS__MCTS-old-100__GAME__65,Random,MCTS-old-100,65,True,MCTS-old-100,1,9,4.93878436088562
Random__VS__MCTS-old-100__GAME__66,Random,MCTS-old-100,66,False,MCTS-old-100,-1,6,2.6897830963134766
Random__VS__MCTS-old-100__GAME__67,Random,MCTS-old-100,67,True,MCTS-old-100,1,15,11.301118850708008
Random__VS__MCTS-old-100__GAME__68,Random,MCTS-old-100,68,False,MCTS-old-100,-1,18,12.303113460540771
Random__VS__MCTS-old-100__GAME__69,Random,MCTS-old-100,69,True,MCTS-old-100,1,41,35.981865882873535
Random__VS__MCTS-old-100__GAME__70,Random,MCTS-old-100,70,False,MCTS-old-100,-1,8,3.819584369659424
Random__VS__MCTS-old-100__GAME__71,Random,MCTS-old-100,71,True,MCTS-old-100,1,17,10.373039722442627
Random__VS__MCTS-old-100__GAME__72,Random,MCTS-old-100,72,False,draw,0,50,38.05913233757019
Random__VS__MCTS-old-100__GAME__73,Random,MCTS-old-100,73,True,MCTS-old-100,1,7,3.924222469329834
Random__VS__MCTS-old-100__GAME__74,Random,MCTS-old-100,74,False,MCTS-old-100,-1,26,21.819032430648804
Random__VS__MCTS-old-100__GAME__75,Random,MCTS-old-100,75,True,MCTS-old-100,1,9,5.901437282562256
Random__VS__MCTS-old-100__GAME__76,Random,MCTS-old-100,76,False,MCTS-old-100,-1,6,2.528550863265991
Random__VS__MCTS-old-100__GAME__77,Random,MCTS-old-100,77,True,MCTS-old-100,1,11,6.777872323989868
Random__VS__MCTS-old-100__GAME__78,Random,MCTS-old-100,78,False,draw,0,50,48.172107458114624
Random__VS__MCTS-old-100__GAME__79,Random,MCTS-old-100,79,True,MCTS-old-100,1,5,2.4841604232788086
Random__VS__MCTS-old-100__GAME__80,Random,MCTS-old-100,80,False,MCTS-old-100,-1,10,5.294334411621094
Random__VS__MCTS-old-100__GAME__81,Random,MCTS-old-100,81,True,MCTS-old-100,1,13,9.245290040969849
Random__VS__MCTS-old-100__GAME__82,Random,MCTS-old-100,82,False,MCTS-old-100,-1,10,6.4202210903167725
Random__VS__MCTS-old-100__GAME__83,Random,MCTS-old-100,83,True,MCTS-old-100,1,21,14.65783166885376
Random__VS__MCTS-old-100__GAME__84,Random,MCTS-old-100,84,False,Random,1,28,22.901647567749023
Random__VS__MCTS-old-100__GAME__85,Random,MCTS-old-100,85,True,MCTS-old-100,1,11,7.116800546646118
Random__VS__MCTS-old-100__GAME__86,Random,MCTS-old-100,86,False,MCTS-old-100,-1,22,17.70229935646057
Random__VS__MCTS-old-100__GAME__87,Random,MCTS-old-100,87,True,MCTS-old-100,1,5,3.1073598861694336
Random__VS__MCTS-old-100__GAME__88,Random,MCTS-old-100,88,False,MCTS-old-100,-1,40,36.91116523742676
Random__VS__MCTS-old-100__GAME__89,Random,MCTS-old-100,89,True,Random,-1,7,4.895186185836792
Random__VS__MCTS-old-100__GAME__90,Random,MCTS-old-100,90,False,Random,1,4,2.4315333366394043
Random__VS__MCTS-old-100__GAME__91,Random,MCTS-old-100,91,True,MCTS-old-100,1,5,2.904733657836914
Random__VS__MCTS-old-100__GAME__92,Random,MCTS-old-100,92,False,MCTS-old-100,-1,10,5.0986716747283936
Random__VS__MCTS-old-100__GAME__93,Random,MCTS-old-100,93,True,MCTS-old-100,1,15,10.276366233825684
Random__VS__MCTS-old-100__GAME__94,Random,MCTS-old-100,94,False,MCTS-old-100,-1,10,5.314777135848999
Random__VS__MCTS-old-100__GAME__95,Random,MCTS-old-100,95,True,MCTS-old-100,1,7,3.9975738525390625
Random__VS__MCTS-old-100__GAME__96,Random,MCTS-old-100,96,False,MCTS-old-100,-1,14,7.675470352172852
Random__VS__MCTS-old-100__GAME__97,Random,MCTS-old-100,97,True,MCTS-old-100,1,5,2.49997878074646
Random__VS__MCTS-old-100__GAME__98,Random,MCTS-old-100,98,False,Random,1,10,5.53614068031311
Random__VS__MCTS-old-100__GAME__99,Random,MCTS-old-100,99,True,MCTS-old-100,1,7,3.5841753482818604
Random__VS__MCTS-old-100__GAME__100,Random,MCTS-old-100,100,False,MCTS-old-100,-1,8,3.9566705226898193
Random__VS__MCTS-old-100__GAME__101,Random,MCTS-old-100,101,True,MCTS-old-100,1,11,7.735978364944458
Random__VS__MCTS-old-100__GAME__102,Random,MCTS-old-100,102,False,MCTS-old-100,-1,8,3.8353652954101562
Random__VS__MCTS-old-100__GAME__103,Random,MCTS-old-100,103,True,MCTS-old-100,1,23,19.46183705329895
Random__VS__MCTS-old-100__GAME__104,Random,MCTS-old-100,104,False,MCTS-old-100,-1,16,9.84410548210144
Random__VS__MCTS-old-100__GAME__105,Random,MCTS-old-100,105,True,MCTS-old-100,1,7,3.746270179748535
Random__VS__MCTS-old-100__GAME__106,Random,MCTS-old-100,106,False,MCTS-old-100,-1,10,5.065509796142578
Random__VS__MCTS-old-100__GAME__107,Random,MCTS-old-100,107,True,MCTS-old-100,1,7,4.080671787261963
Random__VS__MCTS-old-100__GAME__108,Random,MCTS-old-100,108,False,MCTS-old-100,-1,16,11.993904829025269
Random__VS__MCTS-old-100__GAME__109,Random,MCTS-old-100,109,True,MCTS-old-100,1,13,9.565296649932861
Random__VS__MCTS-old-100__GAME__110,Random,MCTS-old-100,110,False,MCTS-old-100,-1,22,16.598092079162598
Random__VS__MCTS-old-100__GAME__111,Random,MCTS-old-100,111,True,MCTS-old-100,1,19,12.601535320281982
Random__VS__MCTS-old-100__GAME__112,Random,MCTS-old-100,112,False,Random,1,4,2.489258050918579
Random__VS__MCTS-old-100__GAME__113,Random,MCTS-old-100,113,True,MCTS-old-100,1,7,3.8989996910095215
Random__VS__MCTS-old-100__GAME__114,Random,MCTS-old-100,114,False,MCTS-old-100,-1,4,1.3088350296020508
Random__VS__MCTS-old-100__GAME__115,Random,MCTS-old-100,115,True,MCTS-old-100,1,35,33.54956817626953
Random__VS__MCTS-old-100__GAME__116,Random,MCTS-old-100,116,False,MCTS-old-100,-1,14,9.764034032821655
Random__VS__MCTS-old-100__GAME__117,Random,MCTS-old-100,117,True,MCTS-old-100,1,7,4.04064416885376
Random__VS__MCTS-old-100__GAME__118,Random,MCTS-old-100,118,False,MCTS-old-100,-1,8,3.752427101135254
Random__VS__MCTS-old-100__GAME__119,Random,MCTS-old-100,119,True,MCTS-old-100,1,25,20.727794885635376
Random__VS__MCTS-old-100__GAME__120,Random,MCTS-old-100,120,False,MCTS-old-100,-1,8,4.3301615715026855
Random__VS__MCTS-old-100__GAME__121,Random,MCTS-old-100,121,True,MCTS-old-100,1,7,4.170465707778931
Random__VS__MCTS-old-100__GAME__122,Random,MCTS-old-100,122,False,Random,1,12,7.593339204788208
Random__VS__MCTS-old-100__GAME__123,Random,MCTS-old-100,123,True,MCTS-old-100,1,19,14.30308222770691
Random__VS__MCTS-old-100__GAME__124,Random,MCTS-old-100,124,False,MCTS-old-100,-1,8,3.6455013751983643
Random__VS__MCTS-old-100__GAME__125,Random,MCTS-old-100,125,True,MCTS-old-100,1,9,5.458580732345581
Random__VS__MCTS-old-100__GAME__126,Random,MCTS-old-100,126,False,MCTS-old-100,-1,20,15.206902265548706
Random__VS__MCTS-old-100__GAME__127,Random,MCTS-old-100,127,True,MCTS-old-100,1,5,3.0577549934387207
Random__VS__MCTS-old-100__GAME__128,Random,MCTS-old-100,128,False,MCTS-old-100,-1,50,41.529802560806274
Random__VS__MCTS-old-100__GAME__129,Random,MCTS-old-100,129,True,MCTS-old-100,1,43,42.085322856903076
Random__VS__MCTS-old-100__GAME__130,Random,MCTS-old-100,130,False,MCTS-old-100,-1,6,2.538914203643799
Random__VS__MCTS-old-100__GAME__131,Random,MCTS-old-100,131,True,MCTS-old-100,1,17,13.16594123840332
Random__VS__MCTS-old-100__GAME__132,Random,MCTS-old-100,132,False,MCTS-old-100,-1,8,3.9712612628936768
Random__VS__MCTS-old-100__GAME__133,Random,MCTS-old-100,133,True,MCTS-old-100,1,13,8.544600248336792
Random__VS__MCTS-old-100__GAME__134,Random,MCTS-old-100,134,False,MCTS-old-100,-1,8,4.202662944793701
Random__VS__MCTS-old-100__GAME__135,Random,MCTS-old-100,135,True,MCTS-old-100,1,5,2.535381317138672
Random__VS__MCTS-old-100__GAME__136,Random,MCTS-old-100,136,False,MCTS-old-100,-1,10,5.023687362670898
Random__VS__MCTS-old-100__GAME__137,Random,MCTS-old-100,137,True,MCTS-old-100,1,9,5.127100706100464
Random__VS__MCTS-old-100__GAME__138,Random,MCTS-old-100,138,False,MCTS-old-100,-1,8,3.819122314453125
Random__VS__MCTS-old-100__GAME__139,Random,MCTS-old-100,139,True,MCTS-old-100,1,21,16.424302101135254
Random__VS__MCTS-old-100__GAME__140,Random,MCTS-old-100,140,False,MCTS-old-100,-1,8,3.769062042236328
Random__VS__MCTS-old-100__GAME__141,Random,MCTS-old-100,141,True,MCTS-old-100,1,7,4.438759803771973
Random__VS__MCTS-old-100__GAME__142,Random,MCTS-old-100,142,False,MCTS-old-100,-1,26,23.71176505088806
Random__VS__MCTS-old-100__GAME__143,Random,MCTS-old-100,143,True,MCTS-old-100,1,13,9.41297698020935
Random__VS__MCTS-old-100__GAME__144,Random,MCTS-old-100,144,False,MCTS-old-100,-1,6,2.8326973915100098
Random__VS__MCTS-old-100__GAME__145,Random,MCTS-old-100,145,True,MCTS-old-100,1,9,5.443444490432739
Random__VS__MCTS-old-100__GAME__146,Random,MCTS-old-100,146,False,Random,1,8,4.841554880142212
Random__VS__MCTS-old-100__GAME__147,Random,MCTS-old-100,147,True,MCTS-old-100,1,7,4.102813959121704
Random__VS__MCTS-old-100__GAME__148,Random,MCTS-old-100,148,False,MCTS-old-100,-1,38,34.62323546409607
Random__VS__MCTS-old-100__GAME__149,Random,MCTS-old-100,149,True,MCTS-old-100,1,5,3.1862990856170654
Random__VS__MCTS-old-100__GAME__150,Random,MCTS-old-100,150,False,MCTS-old-100,-1,6,2.8468594551086426
Random__VS__MCTS-old-100__GAME__151,Random,MCTS-old-100,151,True,MCTS-old-100,1,5,2.702313184738159
Random__VS__MCTS-old-100__GAME__152,Random,MCTS-old-100,152,False,MCTS-old-100,-1,10,5.748678684234619
Random__VS__MCTS-old-100__GAME__153,Random,MCTS-old-100,153,True,MCTS-old-100,1,13,10.139662504196167
Random__VS__MCTS-old-100__GAME__154,Random,MCTS-old-100,154,False,MCTS-old-100,-1,16,11.373789310455322
Random__VS__MCTS-old-100__GAME__155,Random,MCTS-old-100,155,True,MCTS-old-100,1,9,5.9860570430755615
Random__VS__MCTS-old-100__GAME__156,Random,MCTS-old-100,156,False,MCTS-old-100,-1,10,6.383669853210449
Random__VS__MCTS-old-100__GAME__157,Random,MCTS-old-100,157,True,MCTS-old-100,1,29,28.093451499938965
Random__VS__MCTS-old-100__GAME__158,Random,MCTS-old-100,158,False,MCTS-old-100,-1,8,3.7716434001922607
Random__VS__MCTS-old-100__GAME__159,Random,MCTS-old-100,159,True,MCTS-old-100,1,5,2.4454617500305176
Random__VS__MCTS-old-100__GAME__160,Random,MCTS-old-100,160,False,Random,1,8,5.147723197937012
Random__VS__MCTS-old-100__GAME__161,Random,MCTS-old-100,161,True,MCTS-old-100,1,7,4.608081340789795
Random__VS__MCTS-old-100__GAME__162,Random,MCTS-old-100,162,False,MCTS-old-100,-1,22,19.26736068725586
Random__VS__MCTS-old-100__GAME__163,Random,MCTS-old-100,163,True,MCTS-old-100,1,11,7.006695747375488
Random__VS__MCTS-old-100__GAME__164,Random,MCTS-old-100,164,False,MCTS-old-100,-1,16,11.331596612930298
Random__VS__MCTS-old-100__GAME__165,Random,MCTS-old-100,165,True,MCTS-old-100,1,9,6.767235279083252
Random__VS__MCTS-old-100__GAME__166,Random,MCTS-old-100,166,False,MCTS-old-100,-1,10,6.026746988296509
Random__VS__MCTS-old-100__GAME__167,Random,MCTS-old-100,167,True,MCTS-old-100,1,9,5.711974859237671
Random__VS__MCTS-old-100__GAME__168,Random,MCTS-old-100,168,False,MCTS-old-100,-1,8,4.290276288986206
Random__VS__MCTS-old-100__GAME__169,Random,MCTS-old-100,169,True,MCTS-old-100,1,9,6.544356346130371
Random__VS__MCTS-old-100__GAME__170,Random,MCTS-old-100,170,False,MCTS-old-100,-1,14,8.011963605880737
Random__VS__MCTS-old-100__GAME__171,Random,MCTS-old-100,171,True,MCTS-old-100,1,7,4.292755842208862
Random__VS__MCTS-old-100__GAME__172,Random,MCTS-old-100,172,False,MCTS-old-100,-1,8,3.5692410469055176
Random__VS__MCTS-old-100__GAME__173,Random,MCTS-old-100,173,True,MCTS-old-100,1,5,2.7512238025665283
Random__VS__MCTS-old-100__GAME__174,Random,MCTS-old-100,174,False,MCTS-old-100,-1,14,8.366757869720459
Random__VS__MCTS-old-100__GAME__175,Random,MCTS-old-100,175,True,MCTS-old-100,1,5,2.481031894683838
Random__VS__MCTS-old-100__GAME__176,Random,MCTS-old-100,176,False,MCTS-old-100,-1,10,4.740417242050171
Random__VS__MCTS-old-100__GAME__177,Random,MCTS-old-100,177,True,MCTS-old-100,1,7,4.136023044586182
Random__VS__MCTS-old-100__GAME__178,Random,MCTS-old-100,178,False,MCTS-old-100,-1,18,12.352256059646606
Random__VS__MCTS-old-100__GAME__179,Random,MCTS-old-100,179,True,Random,-1,9,6.250831365585327
Random__VS__MCTS-old-100__GAME__180,Random,MCTS-old-100,180,False,MCTS-old-100,-1,8,4.103724718093872
Random__VS__MCTS-old-100__GAME__181,Random,MCTS-old-100,181,True,draw,0,50,48.48215413093567
Random__VS__MCTS-old-100__GAME__182,Random,MCTS-old-100,182,False,MCTS-old-100,-1,14,7.517996072769165
Random__VS__MCTS-old-100__GAME__183,Random,MCTS-old-100,183,True,MCTS-old-100,1,11,7.971583127975464
Random__VS__MCTS-old-100__GAME__184,Random,MCTS-old-100,184,False,MCTS-old-100,-1,10,5.885885715484619
Random__VS__MCTS-old-100__GAME__185,Random,MCTS-old-100,185,True,MCTS-old-100,1,7,4.588848829269409
Random__VS__MCTS-old-100__GAME__186,Random,MCTS-old-100,186,False,MCTS-old-100,-1,18,12.299115180969238
Random__VS__MCTS-old-100__GAME__187,Random,MCTS-old-100,187,True,MCTS-old-100,1,7,4.609970808029175
Random__VS__MCTS-old-100__GAME__188,Random,MCTS-old-100,188,False,MCTS-old-100,-1,8,3.7613775730133057
Random__VS__MCTS-old-100__GAME__189,Random,MCTS-old-100,189,True,MCTS-old-100,1,25,22.315978288650513
Random__VS__MCTS-old-100__GAME__190,Random,MCTS-old-100,190,False,MCTS-old-100,-1,16,12.405886888504028
Random__VS__MCTS-old-100__GAME__191,Random,MCTS-old-100,191,True,MCTS-old-100,1,5,2.7365312576293945
Random__VS__MCTS-old-100__GAME__192,Random,MCTS-old-100,192,False,Random,1,20,14.187074899673462
Random__VS__MCTS-old-100__GAME__193,Random,MCTS-old-100,193,True,MCTS-old-100,1,9,5.117663383483887
Random__VS__MCTS-old-100__GAME__194,Random,MCTS-old-100,194,False,MCTS-old-100,-1,40,39.17231011390686
Random__VS__MCTS-old-100__GAME__195,Random,MCTS-old-100,195,True,MCTS-old-100,1,7,4.455259084701538
Random__VS__MCTS-old-100__GAME__196,Random,MCTS-old-100,196,False,MCTS-old-100,-1,14,8.264507055282593
Random__VS__MCTS-old-100__GAME__197,Random,MCTS-old-100,197,True,MCTS-old-100,1,11,6.3247294425964355
Random__VS__MCTS-old-100__GAME__198,Random,MCTS-old-100,198,False,MCTS-old-100,-1,20,14.772196531295776
Random__VS__MCTS-old-100__GAME__199,Random,MCTS-old-100,199,True,MCTS-old-100,1,7,4.6831018924713135
Random__VS__MCTS-old-100__GAME__200,Random,MCTS-old-100,200,False,Random,1,32,26.853874921798706
Random__VS__MCTS-old-100__GAME__201,Random,MCTS-old-100,201,True,MCTS-old-100,1,15,11.704580545425415
Random__VS__MCTS-old-100__GAME__202,Random,MCTS-old-100,202,False,Random,1,8,4.5950562953948975
Random__VS__MCTS-old-100__GAME__203,Random,MCTS-old-100,203,True,MCTS-old-100,1,9,6.179643630981445
Random__VS__MCTS-old-100__GAME__204,Random,MCTS-old-100,204,False,Random,1,4,2.7342445850372314
Random__VS__MCTS-old-100__GAME__205,Random,MCTS-old-100,205,True,MCTS-old-100,1,7,4.247868776321411
Random__VS__MCTS-old-100__GAME__206,Random,MCTS-old-100,206,False,MCTS-old-100,-1,4,1.3968555927276611
Random__VS__MCTS-old-100__GAME__207,Random,MCTS-old-100,207,True,MCTS-old-100,1,41,37.274476289749146
Random__VS__MCTS-old-100__GAME__208,Random,MCTS-old-100,208,False,Random,1,6,3.980118751525879
Random__VS__MCTS-old-100__GAME__209,Random,MCTS-old-100,209,True,MCTS-old-100,1,23,18.793709993362427
Random__VS__MCTS-old-100__GAME__210,Random,MCTS-old-100,210,False,MCTS-old-100,-1,28,19.935226917266846
Random__VS__MCTS-old-100__GAME__211,Random,MCTS-old-100,211,True,MCTS-old-100,1,7,3.6081702709198
Random__VS__MCTS-old-100__GAME__212,Random,MCTS-old-100,212,False,MCTS-old-100,-1,10,6.199028968811035
Random__VS__MCTS-old-100__GAME__213,Random,MCTS-old-100,213,True,MCTS-old-100,1,23,17.755313873291016
Random__VS__MCTS-old-100__GAME__214,Random,MCTS-old-100,214,False,MCTS-old-100,-1,16,8.848423957824707
Random__VS__MCTS-old-100__GAME__215,Random,MCTS-old-100,215,True,MCTS-old-100,1,19,14.39957571029663
Random__VS__MCTS-old-100__GAME__216,Random,MCTS-old-100,216,False,MCTS-old-100,-1,6,2.9867331981658936
Random__VS__MCTS-old-100__GAME__217,Random,MCTS-old-100,217,True,MCTS-old-100,1,7,3.5876152515411377
Random__VS__MCTS-old-100__GAME__218,Random,MCTS-old-100,218,False,MCTS-old-100,-1,6,2.4747390747070312
Random__VS__MCTS-old-100__GAME__219,Random,MCTS-old-100,219,True,MCTS-old-100,1,29,26.91378927230835
Random__VS__MCTS-old-100__GAME__220,Random,MCTS-old-100,220,False,Random,1,8,4.728399276733398
Random__VS__MCTS-old-100__GAME__221,Random,MCTS-old-100,221,True,MCTS-old-100,1,7,3.6517577171325684
Random__VS__MCTS-old-100__GAME__222,Random,MCTS-old-100,222,False,MCTS-old-100,-1,10,5.578365325927734
Random__VS__MCTS-old-100__GAME__223,Random,MCTS-old-100,223,True,MCTS-old-100,1,13,9.711792230606079
Random__VS__MCTS-old-100__GAME__224,Random,MCTS-old-100,224,False,MCTS-old-100,-1,6,2.4383726119995117
Random__VS__MCTS-old-100__GAME__225,Random,MCTS-old-100,225,True,Random,-1,9,5.965803146362305
Random__VS__MCTS-old-100__GAME__226,Random,MCTS-old-100,226,False,MCTS-old-100,-1,32,24.15821409225464
Random__VS__MCTS-old-100__GAME__227,Random,MCTS-old-100,227,True,MCTS-old-100,1,5,2.654995918273926
Random__VS__MCTS-old-100__GAME__228,Random,MCTS-old-100,228,False,MCTS-old-100,-1,8,4.385835409164429
Random__VS__MCTS-old-100__GAME__229,Random,MCTS-old-100,229,True,MCTS-old-100,1,9,5.213850498199463
Random__VS__MCTS-old-100__GAME__230,Random,MCTS-old-100,230,False,MCTS-old-100,-1,10,6.261568546295166
Random__VS__MCTS-old-100__GAME__231,Random,MCTS-old-100,231,True,MCTS-old-100,1,27,21.628540992736816
Random__VS__MCTS-old-100__GAME__232,Random,MCTS-old-100,232,False,MCTS-old-100,-1,22,12.812098503112793
Random__VS__MCTS-old-100__GAME__233,Random,MCTS-old-100,233,True,MCTS-old-100,1,5,2.9567041397094727
Random__VS__MCTS-old-100__GAME__234,Random,MCTS-old-100,234,False,MCTS-old-100,-1,18,11.762178421020508
Random__VS__MCTS-old-100__GAME__235,Random,MCTS-old-100,235,True,MCTS-old-100,1,9,5.3976054191589355
Random__VS__MCTS-old-100__GAME__236,Random,MCTS-old-100,236,False,MCTS-old-100,-1,42,34.378562211990356
Random__VS__MCTS-old-100__GAME__237,Random,MCTS-old-100,237,True,MCTS-old-100,1,9,4.996326446533203
Random__VS__MCTS-old-100__GAME__238,Random,MCTS-old-100,238,False,MCTS-old-100,-1,6,2.3157453536987305
Random__VS__MCTS-old-100__GAME__239,Random,MCTS-old-100,239,True,MCTS-old-100,1,39,35.89780950546265
Random__VS__MCTS-old-100__GAME__240,Random,MCTS-old-100,240,False,MCTS-old-100,-1,18,13.197919368743896
Random__VS__MCTS-old-100__GAME__241,Random,MCTS-old-100,241,True,MCTS-old-100,1,37,37.31611704826355
Random__VS__MCTS-old-100__GAME__242,Random,MCTS-old-100,242,False,MCTS-old-100,-1,28,26.751750469207764
Random__VS__MCTS-old-100__GAME__243,Random,MCTS-old-100,243,True,MCTS-old-100,1,11,8.386497497558594
Random__VS__MCTS-old-100__GAME__244,Random,MCTS-old-100,244,False,MCTS-old-100,-1,32,26.953776359558105
Random__VS__MCTS-old-100__GAME__245,Random,MCTS-old-100,245,True,MCTS-old-100,1,21,12.095760107040405
Random__VS__MCTS-old-100__GAME__246,Random,MCTS-old-100,246,False,Random,1,8,4.720403432846069
Random__VS__MCTS-old-100__GAME__247,Random,MCTS-old-100,247,True,MCTS-old-100,1,13,8.330885410308838
Random__VS__MCTS-old-100__GAME__248,Random,MCTS-old-100,248,False,MCTS-old-100,-1,18,15.023435354232788
Random__VS__MCTS-old-100__GAME__249,Random,MCTS-old-100,249,True,MCTS-old-100,1,7,3.683290719985962
Random__VS__MCTS-new-100__GAME__0,Random,MCTS-new-100,0,False,MCTS-new-100,-1,10,6.981782674789429
Random__VS__MCTS-new-100__GAME__1,Random,MCTS-new-100,1,True,MCTS-new-100,1,33,26.949947118759155
Random__VS__MCTS-new-100__GAME__2,Random,MCTS-new-100,2,False,MCTS-new-100,-1,26,21.753249406814575
Random__VS__MCTS-new-100__GAME__3,Random,MCTS-new-100,3,True,MCTS-new-100,1,9,7.80338716506958
Random__VS__MCTS-new-100__GAME__4,Random,MCTS-new-100,4,False,MCTS-new-100,-1,18,12.0390784740448
Random__VS__MCTS-new-100__GAME__5,Random,MCTS-new-100,5,True,MCTS-new-100,1,9,7.224692106246948
Random__VS__MCTS-new-100__GAME__6,Random,MCTS-new-100,6,False,MCTS-new-100,-1,26,26.122400522232056
Random__VS__MCTS-new-100__GAME__7,Random,MCTS-new-100,7,True,MCTS-new-100,1,7,4.353247404098511
Random__VS__MCTS-new-100__GAME__8,Random,MCTS-new-100,8,False,MCTS-new-100,-1,8,3.9503533840179443
Random__VS__MCTS-new-100__GAME__9,Random,MCTS-new-100,9,True,MCTS-new-100,1,15,14.154208421707153
Random__VS__MCTS-new-100__GAME__10,Random,MCTS-new-100,10,False,MCTS-new-100,-1,34,39.638513803482056
Random__VS__MCTS-new-100__GAME__11,Random,MCTS-new-100,11,True,Random,-1,11,10.885209798812866
Random__VS__MCTS-new-100__GAME__12,Random,MCTS-new-100,12,False,MCTS-new-100,-1,14,10.28272795677185
Random__VS__MCTS-new-100__GAME__13,Random,MCTS-new-100,13,True,MCTS-new-100,1,7,5.874843120574951
Random__VS__MCTS-new-100__GAME__14,Random,MCTS-new-100,14,False,MCTS-new-100,-1,6,2.788496255874634
Random__VS__MCTS-new-100__GAME__15,Random,MCTS-new-100,15,True,MCTS-new-100,1,13,13.313448905944824
Random__VS__MCTS-new-100__GAME__16,Random,MCTS-new-100,16,False,MCTS-new-100,-1,6,2.4391000270843506
Random__VS__MCTS-new-100__GAME__17,Random,MCTS-new-100,17,True,Random,-1,7,6.022352695465088
Random__VS__MCTS-new-100__GAME__18,Random,MCTS-new-100,18,False,MCTS-new-100,-1,10,5.16271710395813
Random__VS__MCTS-new-100__GAME__19,Random,MCTS-new-100,19,True,MCTS-new-100,1,5,2.5477283000946045
Random__VS__MCTS-new-100__GAME__20,Random,MCTS-new-100,20,False,MCTS-new-100,-1,20,14.062210321426392
Random__VS__MCTS-new-100__GAME__21,Random,MCTS-new-100,21,True,MCTS-new-100,1,7,3.8803164958953857
Random__VS__MCTS-new-100__GAME__22,Random,MCTS-new-100,22,False,MCTS-new-100,-1,8,3.9037818908691406
Random__VS__MCTS-new-100__GAME__23,Random,MCTS-new-100,23,True,draw,0,50,58.99508333206177
Random__VS__MCTS-new-100__GAME__24,Random,MCTS-new-100,24,False,MCTS-new-100,-1,6,2.887493371963501
Random__VS__MCTS-new-100__GAME__25,Random,MCTS-new-100,25,True,MCTS-new-100,1,7,5.086655139923096
Random__VS__MCTS-new-100__GAME__26,Random,MCTS-new-100,26,False,MCTS-new-100,-1,6,2.9175097942352295
Random__VS__MCTS-new-100__GAME__27,Random,MCTS-new-100,27,True,MCTS-new-100,1,29,26.683963775634766
Random__VS__MCTS-new-100__GAME__28,Random,MCTS-new-100,28,False,MCTS-new-100,-1,4,1.2519118785858154
Random__VS__MCTS-new-100__GAME__29,Random,MCTS-new-100,29,True,MCTS-new-100,1,5,3.3025503158569336
Random__VS__MCTS-new-100__GAME__30,Random,MCTS-new-100,30,False,MCTS-new-100,-1,30,26.078310251235962
Random__VS__MCTS-new-100__GAME__31,Random,MCTS-new-100,31,True,MCTS-new-100,1,5,2.7782177925109863
Random__VS__MCTS-new-100__GAME__32,Random,MCTS-new-100,32,False,Random,1,6,4.838310718536377
Random__VS__MCTS-new-100__GAME__33,Random,MCTS-new-100,33,True,MCTS-new-100,1,11,7.0462868213653564
Random__VS__MCTS-new-100__GAME__34,Random,MCTS-new-100,34,False,MCTS-new-100,-1,8,4.2389914989471436
Random__VS__MCTS-new-100__GAME__35,Random,MCTS-new-100,35,True,MCTS-new-100,1,9,6.41604208946228
Random__VS__MCTS-new-100__GAME__36,Random,MCTS-new-100,36,False,MCTS-new-100,-1,6,2.7739806175231934
Random__VS__MCTS-new-100__GAME__37,Random,MCTS-new-100,37,True,MCTS-new-100,1,15,11.93781566619873
Random__VS__MCTS-new-100__GAME__38,Random,MCTS-new-100,38,False,MCTS-new-100,-1,32,36.539663553237915
Random__VS__MCTS-new-100__GAME__39,Random,MCTS-new-100,39,True,Random,-1,9,7.231616258621216
Random__VS__MCTS-new-100__GAME__40,Random,MCTS-new-100,40,False,MCTS-new-100,-1,8,4.121165990829468
Random__VS__MCTS-new-100__GAME__41,Random,MCTS-new-100,41,True,MCTS-new-100,1,19,15.513798713684082
Random__VS__MCTS-new-100__GAME__42,Random,MCTS-new-100,42,False,MCTS-new-100,-1,6,2.877859354019165
Random__VS__MCTS-new-100__GAME__43,Random,MCTS-new-100,43,True,MCTS-new-100,1,19,16.853549003601074
Random__VS__MCTS-new-100__GAME__44,Random,MCTS-new-100,44,False,MCTS-new-100,-1,10,7.228909730911255
Random__VS__MCTS-new-100__GAME__45,Random,MCTS-new-100,45,True,MCTS-new-100,1,7,3.9238288402557373
Random__VS__MCTS-new-100__GAME__46,Random,MCTS-new-100,46,False,MCTS-new-100,-1,28,25.68413496017456
Random__VS__MCTS-new-100__GAME__47,Random,MCTS-new-100,47,True,MCTS-new-100,1,5,3.1513755321502686
Random__VS__MCTS-new-100__GAME__48,Random,MCTS-new-100,48,False,MCTS-new-100,-1,10,6.40818190574646
Random__VS__MCTS-new-100__GAME__49,Random,MCTS-new-100,49,True,MCTS-new-100,1,11,6.7563254833221436
Random__VS__MCTS-new-100__GAME__50,Random,MCTS-new-100,50,False,MCTS-new-100,-1,8,4.338989019393921
Random__VS__MCTS-new-100__GAME__51,Random,MCTS-new-100,51,True,MCTS-new-100,1,13,8.385207176208496
Random__VS__MCTS-new-100__GAME__52,Random,MCTS-new-100,52,False,MCTS-new-100,-1,6,2.731441020965576
Random__VS__MCTS-new-100__GAME__53,Random,MCTS-new-100,53,True,draw,0,50,50.424336194992065
Random__VS__MCTS-new-100__GAME__54,Random,MCTS-new-100,54,False,draw,0,50,55.47379779815674
Random__VS__MCTS-new-100__GAME__55,Random,MCTS-new-100,55,True,MCTS-new-100,1,7,4.8503053188323975
Random__VS__MCTS-new-100__GAME__56,Random,MCTS-new-100,56,False,MCTS-new-100,-1,10,5.353852033615112
Random__VS__MCTS-new-100__GAME__57,Random,MCTS-new-100,57,True,MCTS-new-100,1,5,3.0781407356262207
Random__VS__MCTS-new-100__GAME__58,Random,MCTS-new-100,58,False,MCTS-new-100,-1,10,5.970705032348633
Random__VS__MCTS-new-100__GAME__59,Random,MCTS-new-100,59,True,MCTS-new-100,1,7,4.184851169586182
Random__VS__MCTS-new-100__GAME__60,Random,MCTS-new-100,60,False,MCTS-new-100,-1,16,10.717297077178955
Random__VS__MCTS-new-100__GAME__61,Random,MCTS-new-100,61,True,MCTS-new-100,1,27,23.202159881591797
Random__VS__MCTS-new-100__GAME__62,Random,MCTS-new-100,62,False,MCTS-new-100,-1,30,32.907267332077026
Random__VS__MCTS-new-100__GAME__63,Random,MCTS-new-100,63,True,MCTS-new-100,1,13,9.892270565032959
Random__VS__MCTS-new-100__GAME__64,Random,MCTS-new-100,64,False,MCTS-new-100,-1,14,8.64259147644043
Random__VS__MCTS-new-100__GAME__65,Random,MCTS-new-100,65,True,MCTS-new-100,1,15,9.777223587036133
Random__VS__MCTS-new-100__GAME__66,Random,MCTS-new-100,66,False,MCTS-new-100,-1,10,4.68406867980957
Random__VS__MCTS-new-100__GAME__67,Random,MCTS-new-100,67,True,MCTS-new-100,1,21,18.570923328399658
Random__VS__MCTS-new-100__GAME__68,Random,MCTS-new-100,68,False,MCTS-new-100,-1,6,2.740940570831299
Random__VS__MCTS-new-100__GAME__69,Random,MCTS-new-100,69,True,MCTS-new-100,1,15,9.25017237663269
Random__VS__MCTS-new-100__GAME__70,Random,MCTS-new-100,70,False,Random,1,28,21.29457688331604
Random__VS__MCTS-new-100__GAME__71,Random,MCTS-new-100,71,True,MCTS-new-100,1,21,17.4187171459198
Random__VS__MCTS-new-100__GAME__72,Random,MCTS-new-100,72,False,MCTS-new-100,-1,10,5.5530548095703125
Random__VS__MCTS-new-100__GAME__73,Random,MCTS-new-100,73,True,MCTS-new-100,1,7,4.605291128158569
Random__VS__MCTS-new-100__GAME__74,Random,MCTS-new-100,74,False,MCTS-new-100,-1,20,16.934580087661743
Random__VS__MCTS-new-100__GAME__75,Random,MCTS-new-100,75,True,MCTS-new-100,1,5,3.3259267807006836
Random__VS__MCTS-new-100__GAME__76,Random,MCTS-new-100,76,False,MCTS-new-100,-1,16,11.498910903930664
Random__VS__MCTS-new-100__GAME__77,Random,MCTS-new-100,77,True,MCTS-new-100,1,5,3.016389846801758
Random__VS__MCTS-new-100__GAME__78,Random,MCTS-new-100,78,False,MCTS-new-100,-1,6,2.9497852325439453
Random__VS__MCTS-new-100__GAME__79,Random,MCTS-new-100,79,True,MCTS-new-100,1,21,21.39141035079956
Random__VS__MCTS-new-100__GAME__80,Random,MCTS-new-100,80,False,draw,0,50,52.33503007888794
Random__VS__MCTS-new-100__GAME__81,Random,MCTS-new-100,81,True,MCTS-new-100,1,19,13.501104831695557
Random__VS__MCTS-new-100__GAME__82,Random,MCTS-new-100,82,False,MCTS-new-100,-1,6,2.8537869453430176
Random__VS__MCTS-new-100__GAME__83,Random,MCTS-new-100,83,True,Random,-1,7,4.728263854980469
Random__VS__MCTS-new-100__GAME__84,Random,MCTS-new-100,84,False,MCTS-new-100,-1,10,6.2642388343811035
Random__VS__MCTS-new-100__GAME__85,Random,MCTS-new-100,85,True,MCTS-new-100,1,9,7.1348793506622314
Random__VS__MCTS-new-100__GAME__86,Random,MCTS-new-100,86,False,MCTS-new-100,-1,8,3.97529673576355
Random__VS__MCTS-new-100__GAME__87,Random,MCTS-new-100,87,True,MCTS-new-100,1,7,4.763405084609985
Random__VS__MCTS-new-100__GAME__88,Random,MCTS-new-100,88,False,MCTS-new-100,-1,16,13.122761487960815
Random__VS__MCTS-new-100__GAME__89,Random,MCTS-new-100,89,True,MCTS-new-100,1,31,30.376936435699463
Random__VS__MCTS-new-100__GAME__90,Random,MCTS-new-100,90,False,MCTS-new-100,-1,12,8.408612966537476
Random__VS__MCTS-new-100__GAME__91,Random,MCTS-new-100,91,True,Random,-1,7,5.110516786575317
Random__VS__MCTS-new-100__GAME__92,Random,MCTS-new-100,92,False,MCTS-new-100,-1,8,4.141460180282593
Random__VS__MCTS-new-100__GAME__93,Random,MCTS-new-100,93,True,MCTS-new-100,1,9,5.011463165283203
Random__VS__MCTS-new-100__GAME__94,Random,MCTS-new-100,94,False,MCTS-new-100,-1,6,2.6215577125549316
Random__VS__MCTS-new-100__GAME__95,Random,MCTS-new-100,95,True,MCTS-new-100,1,5,2.9314541816711426
Random__VS__MCTS-new-100__GAME__96,Random,MCTS-new-100,96,False,MCTS-new-100,-1,30,33.39010310173035
Random__VS__MCTS-new-100__GAME__97,Random,MCTS-new-100,97,True,MCTS-new-100,1,7,3.9346165657043457
Random__VS__MCTS-new-100__GAME__98,Random,MCTS-new-100,98,False,MCTS-new-100,-1,38,35.32415986061096
Random__VS__MCTS-new-100__GAME__99,Random,MCTS-new-100,99,True,MCTS-new-100,1,7,4.607578992843628
Random__VS__MCTS-new-100__GAME__100,Random,MCTS-new-100,100,False,MCTS-new-100,-1,4,1.6777422428131104
Random__VS__MCTS-new-100__GAME__101,Random,MCTS-new-100,101,True,MCTS-new-100,1,5,2.683344602584839
Random__VS__MCTS-new-100__GAME__102,Random,MCTS-new-100,102,False,MCTS-new-100,-1,8,4.306034326553345
Random__VS__MCTS-new-100__GAME__103,Random,MCTS-new-100,103,True,Random,-1,7,6.868909120559692
Random__VS__MCTS-new-100__GAME__104,Random,MCTS-new-100,104,False,MCTS-new-100,-1,14,13.078509330749512
Random__VS__MCTS-new-100__GAME__105,Random,MCTS-new-100,105,True,MCTS-new-100,1,9,5.189032316207886
Random__VS__MCTS-new-100__GAME__106,Random,MCTS-new-100,106,False,MCTS-new-100,-1,12,8.409332752227783
Random__VS__MCTS-new-100__GAME__107,Random,MCTS-new-100,107,True,Random,-1,47,54.54826784133911
Random__VS__MCTS-new-100__GAME__108,Random,MCTS-new-100,108,False,MCTS-new-100,-1,12,8.52638864517212
Random__VS__MCTS-new-100__GAME__109,Random,MCTS-new-100,109,True,MCTS-new-100,1,13,11.858000040054321
Random__VS__MCTS-new-100__GAME__110,Random,MCTS-new-100,110,False,MCTS-new-100,-1,18,13.112732887268066
Random__VS__MCTS-new-100__GAME__111,Random,MCTS-new-100,111,True,MCTS-new-100,1,9,6.379476308822632
Random__VS__MCTS-new-100__GAME__112,Random,MCTS-new-100,112,False,MCTS-new-100,-1,12,7.5212812423706055
Random__VS__MCTS-new-100__GAME__113,Random,MCTS-new-100,113,True,MCTS-new-100,1,7,5.432612180709839
Random__VS__MCTS-new-100__GAME__114,Random,MCTS-new-100,114,False,draw,0,50,55.49375247955322
Random__VS__MCTS-new-100__GAME__115,Random,MCTS-new-100,115,True,MCTS-new-100,1,9,6.233488321304321
Random__VS__MCTS-new-100__GAME__116,Random,MCTS-new-100,116,False,MCTS-new-100,-1,20,13.953011274337769
Random__VS__MCTS-new-100__GAME__117,Random,MCTS-new-100,117,True,MCTS-new-100,1,5,2.964897632598877
Random__VS__MCTS-new-100__GAME__118,Random,MCTS-new-100,118,False,MCTS-new-100,-1,14,9.53060531616211
Random__VS__MCTS-new-100__GAME__119,Random,MCTS-new-100,119,True,MCTS-new-100,1,11,8.35922908782959
Random__VS__MCTS-new-100__GAME__120,Random,MCTS-new-100,120,False,MCTS-new-100,-1,8,4.496910810470581
Random__VS__MCTS-new-100__GAME__121,Random,MCTS-new-100,121,True,MCTS-new-100,1,33,29.477208375930786
Random__VS__MCTS-new-100__GAME__122,Random,MCTS-new-100,122,False,MCTS-new-100,-1,8,4.573015928268433
Random__VS__MCTS-new-100__GAME__123,Random,MCTS-new-100,123,True,MCTS-new-100,1,7,5.715359210968018
Random__VS__MCTS-new-100__GAME__124,Random,MCTS-new-100,124,False,MCTS-new-100,-1,8,5.192186594009399
Random__VS__MCTS-new-100__GAME__125,Random,MCTS-new-100,125,True,MCTS-new-100,1,9,5.149274110794067
Random__VS__MCTS-new-100__GAME__126,Random,MCTS-new-100,126,False,MCTS-new-100,-1,34,25.21530842781067
Random__VS__MCTS-new-100__GAME__127,Random,MCTS-new-100,127,True,MCTS-new-100,1,13,9.42062258720398
Random__VS__MCTS-new-100__GAME__128,Random,MCTS-new-100,128,False,MCTS-new-100,-1,10,7.298866271972656
Random__VS__MCTS-new-100__GAME__129,Random,MCTS-new-100,129,True,MCTS-new-100,1,39,38.32751154899597
Random__VS__MCTS-new-100__GAME__130,Random,MCTS-new-100,130,False,MCTS-new-100,-1,22,21.10286569595337
Random__VS__MCTS-new-100__GAME__131,Random,MCTS-new-100,131,True,MCTS-new-100,1,7,3.544238567352295
Random__VS__MCTS-new-100__GAME__132,Random,MCTS-new-100,132,False,MCTS-new-100,-1,24,21.39197611808777
Random__VS__MCTS-new-100__GAME__133,Random,MCTS-new-100,133,True,MCTS-new-100,1,9,5.446632146835327
Random__VS__MCTS-new-100__GAME__134,Random,MCTS-new-100,134,False,MCTS-new-100,-1,13,10.350294351577759
Random__VS__MCTS-new-100__GAME__135,Random,MCTS-new-100,135,True,MCTS-new-100,1,5,2.922253131866455
Random__VS__MCTS-new-100__GAME__136,Random,MCTS-new-100,136,False,MCTS-new-100,-1,10,5.89179801940918
Random__VS__MCTS-new-100__GAME__137,Random,MCTS-new-100,137,True,MCTS-new-100,1,9,6.950083017349243
Random__VS__MCTS-new-100__GAME__138,Random,MCTS-new-100,138,False,MCTS-new-100,-1,8,4.340035676956177
Random__VS__MCTS-new-100__GAME__139,Random,MCTS-new-100,139,True,MCTS-new-100,1,7,4.1671812534332275
Random__VS__MCTS-new-100__GAME__140,Random,MCTS-new-100,140,False,MCTS-new-100,-1,14,10.358475685119629
Random__VS__MCTS-new-100__GAME__141,Random,MCTS-new-100,141,True,MCTS-new-100,1,13,9.964694499969482
Random__VS__MCTS-new-100__GAME__142,Random,MCTS-new-100,142,False,MCTS-new-100,-1,40,46.11558675765991
Random__VS__MCTS-new-100__GAME__143,Random,MCTS-new-100,143,True,MCTS-new-100,1,7,5.266232013702393
Random__VS__MCTS-new-100__GAME__144,Random,MCTS-new-100,144,False,MCTS-new-100,-1,20,26.46772027015686
Random__VS__MCTS-new-100__GAME__145,Random,MCTS-new-100,145,True,MCTS-new-100,1,9,8.906318664550781
Random__VS__MCTS-new-100__GAME__146,Random,MCTS-new-100,146,False,MCTS-new-100,-1,14,14.393608331680298
Random__VS__MCTS-new-100__GAME__147,Random,MCTS-new-100,147,True,MCTS-new-100,1,15,21.673879623413086
Random__VS__MCTS-new-100__GAME__148,Random,MCTS-new-100,148,False,MCTS-new-100,-1,8,7.739524602890015
Random__VS__MCTS-new-100__GAME__149,Random,MCTS-new-100,149,True,MCTS-new-100,1,17,17.273194074630737
Random__VS__MCTS-new-100__GAME__150,Random,MCTS-new-100,150,False,MCTS-new-100,-1,10,9.906758069992065
Random__VS__MCTS-new-100__GAME__151,Random,MCTS-new-100,151,True,Random,-1,9,10.489758014678955
Random__VS__MCTS-new-100__GAME__152,Random,MCTS-new-100,152,False,MCTS-new-100,-1,6,4.894993782043457
Random__VS__MCTS-new-100__GAME__153,Random,MCTS-new-100,153,True,MCTS-new-100,1,11,37.11060047149658
Random__VS__MCTS-new-100__GAME__154,Random,MCTS-new-100,154,False,MCTS-new-100,-1,20,62.47174406051636
Random__VS__MCTS-new-100__GAME__155,Random,MCTS-new-100,155,True,draw,0,50,199.38522243499756
Random__VS__MCTS-new-100__GAME__156,Random,MCTS-new-100,156,False,MCTS-new-100,-1,28,57.90161728858948
Random__VS__MCTS-new-100__GAME__157,Random,MCTS-new-100,157,True,draw,0,50,119.73889112472534
Random__VS__MCTS-new-100__GAME__158,Random,MCTS-new-100,158,False,MCTS-new-100,-1,34,53.79429292678833
Random__VS__MCTS-new-100__GAME__159,Random,MCTS-new-100,159,True,draw,0,50,111.4876320362091
Random__VS__MCTS-new-100__GAME__160,Random,MCTS-new-100,160,False,MCTS-new-100,-1,8,9.517812490463257
Random__VS__MCTS-new-100__GAME__161,Random,MCTS-new-100,161,True,MCTS-new-100,1,5,6.201329469680786
Random__VS__MCTS-new-100__GAME__162,Random,MCTS-new-100,162,False,MCTS-new-100,-1,8,10.290247678756714
Random__VS__MCTS-new-100__GAME__163,Random,MCTS-new-100,163,True,MCTS-new-100,1,5,6.4173057079315186
Random__VS__MCTS-new-100__GAME__164,Random,MCTS-new-100,164,False,MCTS-new-100,-1,24,38.914568185806274
Random__VS__MCTS-new-100__GAME__165,Random,MCTS-new-100,165,True,MCTS-new-100,1,11,16.817736864089966
Random__VS__MCTS-new-100__GAME__166,Random,MCTS-new-100,166,False,draw,0,50,112.25584387779236
Random__VS__MCTS-new-100__GAME__167,Random,MCTS-new-100,167,True,MCTS-new-100,1,31,67.19296073913574
Random__VS__MCTS-new-100__GAME__168,Random,MCTS-new-100,168,False,MCTS-new-100,-1,10,28.304330110549927
Random__VS__MCTS-new-100__GAME__169,Random,MCTS-new-100,169,True,MCTS-new-100,1,15,50.65284061431885
Random__VS__MCTS-new-100__GAME__170,Random,MCTS-new-100,170,False,MCTS-new-100,-1,8,21.51116108894348
Random__VS__MCTS-new-100__GAME__171,Random,MCTS-new-100,171,True,MCTS-new-100,1,31,120.89080762863159
Random__VS__MCTS-new-100__GAME__172,Random,MCTS-new-100,172,False,MCTS-new-100,-1,14,44.13810420036316
Random__VS__MCTS-new-100__GAME__173,Random,MCTS-new-100,173,True,MCTS-new-100,1,21,80.16686749458313
Random__VS__MCTS-new-100__GAME__174,Random,MCTS-new-100,174,False,MCTS-new-100,-1,44,175.73943734169006
Random__VS__MCTS-new-100__GAME__175,Random,MCTS-new-100,175,True,MCTS-new-100,1,7,22.010151624679565
Random__VS__MCTS-new-100__GAME__176,Random,MCTS-new-100,176,False,MCTS-new-100,-1,8,21.26982283592224
Random__VS__MCTS-new-100__GAME__177,Random,MCTS-new-100,177,True,MCTS-new-100,1,7,22.95353078842163
Random__VS__MCTS-new-100__GAME__178,Random,MCTS-new-100,178,False,MCTS-new-100,-1,8,22.844456911087036
Random__VS__MCTS-new-100__GAME__179,Random,MCTS-new-100,179,True,MCTS-new-100,1,5,14.18401288986206
Random__VS__MCTS-new-100__GAME__180,Random,MCTS-new-100,180,False,draw,0,50,192.5126302242279
Random__VS__MCTS-new-100__GAME__181,Random,MCTS-new-100,181,True,MCTS-new-100,1,31,119.1257393360138
Random__VS__MCTS-new-100__GAME__182,Random,MCTS-new-100,182,False,MCTS-new-100,-1,14,46.61055064201355
Random__VS__MCTS-new-100__GAME__183,Random,MCTS-new-100,183,True,MCTS-new-100,1,7,22.36004900932312
Random__VS__MCTS-new-100__GAME__184,Random,MCTS-new-100,184,False,MCTS-new-100,-1,22,79.59667730331421
Random__VS__MCTS-new-100__GAME__185,Random,MCTS-new-100,185,True,MCTS-new-100,1,9,30.07900834083557
Random__VS__MCTS-new-100__GAME__186,Random,MCTS-new-100,186,False,MCTS-new-100,-1,6,15.331126928329468
Random__VS__MCTS-new-100__GAME__187,Random,MCTS-new-100,187,True,MCTS-new-100,1,27,100.49728298187256
Random__VS__MCTS-new-100__GAME__188,Random,MCTS-new-100,188,False,Random,1,6,20.56197476387024
Random__VS__MCTS-new-100__GAME__189,Random,MCTS-new-100,189,True,MCTS-new-100,1,15,53.04924154281616
Random__VS__MCTS-new-100__GAME__190,Random,MCTS-new-100,190,False,MCTS-new-100,-1,16,53.33026075363159
Random__VS__MCTS-new-100__GAME__191,Random,MCTS-new-100,191,True,MCTS-new-100,1,21,74.6478271484375
Random__VS__MCTS-new-100__GAME__192,Random,MCTS-new-100,192,False,MCTS-new-100,-1,14,43.748045206069946
Random__VS__MCTS-new-100__GAME__193,Random,MCTS-new-100,193,True,MCTS-new-100,1,17,61.280046224594116
Random__VS__MCTS-new-100__GAME__194,Random,MCTS-new-100,194,False,MCTS-new-100,-1,30,106.43349361419678
Random__VS__MCTS-new-100__GAME__195,Random,MCTS-new-100,195,True,MCTS-new-100,1,21,68.77555298805237
Random__VS__MCTS-new-100__GAME__196,Random,MCTS-new-100,196,False,MCTS-new-100,-1,8,21.213188409805298
Random__VS__MCTS-new-100__GAME__197,Random,MCTS-new-100,197,True,MCTS-new-100,1,23,90.59264779090881
Random__VS__MCTS-new-100__GAME__198,Random,MCTS-new-100,198,False,MCTS-new-100,-1,8,18.564869165420532
Random__VS__MCTS-new-100__GAME__199,Random,MCTS-new-100,199,True,MCTS-new-100,1,7,8.23865032196045
Random__VS__MCTS-new-100__GAME__200,Random,MCTS-new-100,200,False,MCTS-new-100,-1,8,9.530596017837524
Random__VS__MCTS-new-100__GAME__201,Random,MCTS-new-100,201,True,MCTS-new-100,1,11,15.553730249404907
Random__VS__MCTS-new-100__GAME__202,Random,MCTS-new-100,202,False,MCTS-new-100,-1,8,10.53248906135559
Random__VS__MCTS-new-100__GAME__203,Random,MCTS-new-100,203,True,MCTS-new-100,1,21,40.9130072593689
Random__VS__MCTS-new-100__GAME__204,Random,MCTS-new-100,204,False,MCTS-new-100,-1,12,17.381136894226074
Random__VS__MCTS-new-100__GAME__205,Random,MCTS-new-100,205,True,MCTS-new-100,1,19,38.396207332611084
Random__VS__MCTS-new-100__GAME__206,Random,MCTS-new-100,206,False,MCTS-new-100,-1,10,15.0014328956604
Random__VS__MCTS-new-100__GAME__207,Random,MCTS-new-100,207,True,MCTS-new-100,1,9,13.665326356887817
Random__VS__MCTS-new-100__GAME__208,Random,MCTS-new-100,208,False,MCTS-new-100,-1,26,57.8369824886322
Random__VS__MCTS-new-100__GAME__209,Random,MCTS-new-100,209,True,MCTS-new-100,1,7,10.293896675109863
Random__VS__MCTS-new-100__GAME__210,Random,MCTS-new-100,210,False,MCTS-new-100,-1,26,44.92396426200867
Random__VS__MCTS-new-100__GAME__211,Random,MCTS-new-100,211,True,MCTS-new-100,1,11,11.017911672592163
Random__VS__MCTS-new-100__GAME__212,Random,MCTS-new-100,212,False,MCTS-new-100,-1,8,9.963757991790771
Random__VS__MCTS-new-100__GAME__213,Random,MCTS-new-100,213,True,Random,-1,15,23.090514183044434
Random__VS__MCTS-new-100__GAME__214,Random,MCTS-new-100,214,False,MCTS-new-100,-1,10,11.348883152008057
Random__VS__MCTS-new-100__GAME__215,Random,MCTS-new-100,215,True,MCTS-new-100,1,8,12.03324580192566
Random__VS__MCTS-new-100__GAME__216,Random,MCTS-new-100,216,False,MCTS-new-100,-1,26,46.815627574920654
Random__VS__MCTS-new-100__GAME__217,Random,MCTS-new-100,217,True,MCTS-new-100,1,29,66.36222457885742
Random__VS__MCTS-new-100__GAME__218,Random,MCTS-new-100,218,False,Random,1,44,104.61687707901001
Random__VS__MCTS-new-100__GAME__219,Random,MCTS-new-100,219,True,draw,0,50,119.23816633224487
Random__VS__MCTS-new-100__GAME__220,Random,MCTS-new-100,220,False,MCTS-new-100,-1,26,105.64134478569031
Random__VS__MCTS-new-100__GAME__221,Random,MCTS-new-100,221,True,MCTS-new-100,1,13,41.1880464553833
Random__VS__MCTS-new-100__GAME__222,Random,MCTS-new-100,222,False,draw,0,50,165.46552300453186
Random__VS__MCTS-new-100__GAME__223,Random,MCTS-new-100,223,True,MCTS-new-100,1,7,9.911195039749146
Random__VS__MCTS-new-100__GAME__224,Random,MCTS-new-100,224,False,MCTS-new-100,-1,24,48.415160179138184
Random__VS__MCTS-new-100__GAME__225,Random,MCTS-new-100,225,True,draw,0,50,113.2169361114502
Random__VS__MCTS-new-100__GAME__226,Random,MCTS-new-100,226,False,MCTS-new-100,-1,42,96.22575306892395
Random__VS__MCTS-new-100__GAME__227,Random,MCTS-new-100,227,True,MCTS-new-100,1,7,11.021317481994629
Random__VS__MCTS-new-100__GAME__228,Random,MCTS-new-100,228,False,MCTS-new-100,-1,16,27.535908222198486
Random__VS__MCTS-new-100__GAME__229,Random,MCTS-new-100,229,True,MCTS-new-100,1,9,14.793458223342896
Random__VS__MCTS-new-100__GAME__230,Random,MCTS-new-100,230,False,MCTS-new-100,-1,8,9.958725690841675
Random__VS__MCTS-new-100__GAME__231,Random,MCTS-new-100,231,True,MCTS-new-100,1,15,27.602936506271362
Random__VS__MCTS-new-100__GAME__232,Random,MCTS-new-100,232,False,MCTS-new-100,-1,8,13.12868881225586
Random__VS__MCTS-new-100__GAME__233,Random,MCTS-new-100,233,True,MCTS-new-100,1,11,16.94754672050476
Random__VS__MCTS-new-100__GAME__234,Random,MCTS-new-100,234,False,MCTS-new-100,-1,8,10.054432153701782
Random__VS__MCTS-new-100__GAME__235,Random,MCTS-new-100,235,True,MCTS-new-100,1,45,103.15561747550964
Random__VS__MCTS-new-100__GAME__236,Random,MCTS-new-100,236,False,MCTS-new-100,-1,12,14.438902854919434
Random__VS__MCTS-new-100__GAME__237,Random,MCTS-new-100,237,True,MCTS-new-100,1,6,9.118906736373901
Random__VS__MCTS-new-100__GAME__238,Random,MCTS-new-100,238,False,MCTS-new-100,-1,12,13.303102016448975
Random__VS__MCTS-new-100__GAME__239,Random,MCTS-new-100,239,True,MCTS-new-100,1,9,23.289095401763916
Random__VS__MCTS-new-100__GAME__240,Random,MCTS-new-100,240,False,MCTS-new-100,-1,22,56.64559888839722
Random__VS__MCTS-new-100__GAME__241,Random,MCTS-new-100,241,True,MCTS-new-100,1,11,18.842502117156982
Random__VS__MCTS-new-100__GAME__242,Random,MCTS-new-100,242,False,MCTS-new-100,-1,8,9.648474931716919
Random__VS__MCTS-new-100__GAME__243,Random,MCTS-new-100,243,True,MCTS-new-100,1,7,9.650362253189087
Random__VS__MCTS-new-100__GAME__244,Random,MCTS-new-100,244,False,MCTS-new-100,-1,24,39.01221561431885
Random__VS__MCTS-new-100__GAME__245,Random,MCTS-new-100,245,True,MCTS-new-100,1,13,20.255840301513672
Random__VS__MCTS-new-100__GAME__246,Random,MCTS-new-100,246,False,MCTS-new-100,-1,14,22.692999601364136
Random__VS__MCTS-new-100__GAME__247,Random,MCTS-new-100,247,True,MCTS-new-100,1,13,20.777270555496216
Random__VS__MCTS-new-100__GAME__248,Random,MCTS-new-100,248,False,MCTS-new-100,-1,12,16.899331092834473
Random__VS__MCTS-new-100__GAME__249,Random,MCTS-new-100,249,True,MCTS-new-100,1,25,54.65704917907715
Heuristic__VS__AlphaBeta-new-d3__GAME__0,Heuristic,AlphaBeta-new-d3,0,False,Heuristic,1,7,16.156038999557495
Heuristic__VS__AlphaBeta-new-d3__GAME__1,Heuristic,AlphaBeta-new-d3,1,True,Heuristic,-1,10,27.689209699630737
Heuristic__VS__AlphaBeta-new-d3__GAME__2,Heuristic,AlphaBeta-new-d3,2,False,Heuristic,1,5,8.086597681045532
Heuristic__VS__AlphaBeta-new-d3__GAME__3,Heuristic,AlphaBeta-new-d3,3,True,Heuristic,-1,8,14.464585781097412
Heuristic__VS__AlphaBeta-new-d3__GAME__4,Heuristic,AlphaBeta-new-d3,4,False,Heuristic,1,9,20.195062160491943
Heuristic__VS__AlphaBeta-new-d3__GAME__5,Heuristic,AlphaBeta-new-d3,5,True,Heuristic,-1,10,22.3839373588562
Heuristic__VS__AlphaBeta-new-d3__GAME__6,Heuristic,AlphaBeta-new-d3,6,False,Heuristic,1,6,10.660288095474243
Heuristic__VS__AlphaBeta-new-d3__GAME__7,Heuristic,AlphaBeta-new-d3,7,True,Heuristic,-1,7,16.540002584457397
Heuristic__VS__AlphaBeta-new-d3__GAME__8,Heuristic,AlphaBeta-new-d3,8,False,Heuristic,1,4,6.583550214767456
Heuristic__VS__AlphaBeta-new-d3__GAME__9,Heuristic,AlphaBeta-new-d3,9,True,Heuristic,-1,9,25.66127610206604
Heuristic__VS__AlphaBeta-new-d3__GAME__10,Heuristic,AlphaBeta-new-d3,10,False,Heuristic,1,5,7.976556062698364
Heuristic__VS__AlphaBeta-new-d3__GAME__11,Heuristic,AlphaBeta-new-d3,11,True,Heuristic,-1,7,20.57510733604431
Heuristic__VS__AlphaBeta-new-d3__GAME__12,Heuristic,AlphaBeta-new-d3,12,False,Heuristic,1,5,8.647534132003784
Heuristic__VS__AlphaBeta-new-d3__GAME__13,Heuristic,AlphaBeta-new-d3,13,True,Heuristic,-1,10,19.564321756362915
Heuristic__VS__AlphaBeta-new-d3__GAME__14,Heuristic,AlphaBeta-new-d3,14,False,Heuristic,1,4,6.970696210861206
Heuristic__VS__AlphaBeta-new-d3__GAME__15,Heuristic,AlphaBeta-new-d3,15,True,Heuristic,-1,6,11.95238471031189
Heuristic__VS__AlphaBeta-new-d3__GAME__16,Heuristic,AlphaBeta-new-d3,16,False,Heuristic,1,8,16.828789234161377
Heuristic__VS__AlphaBeta-new-d3__GAME__17,Heuristic,AlphaBeta-new-d3,17,True,Heuristic,-1,10,25.459245204925537
Heuristic__VS__AlphaBeta-new-d3__GAME__18,Heuristic,AlphaBeta-new-d3,18,False,Heuristic,1,4,7.4730470180511475
Heuristic__VS__AlphaBeta-new-d3__GAME__19,Heuristic,AlphaBeta-new-d3,19,True,Heuristic,-1,8,18.38463830947876
Heuristic__VS__AlphaBeta-new-d3__GAME__20,Heuristic,AlphaBeta-new-d3,20,False,Heuristic,1,7,10.772421598434448
Heuristic__VS__AlphaBeta-new-d3__GAME__21,Heuristic,AlphaBeta-new-d3,21,True,Heuristic,-1,12,23.64496111869812
Heuristic__VS__AlphaBeta-new-d3__GAME__22,Heuristic,AlphaBeta-new-d3,22,False,Heuristic,1,7,48.59890556335449
Heuristic__VS__AlphaBeta-new-d3__GAME__23,Heuristic,AlphaBeta-new-d3,23,True,Heuristic,-1,6,28.176891088485718
Heuristic__VS__AlphaBeta-new-d3__GAME__24,Heuristic,AlphaBeta-new-d3,24,False,Heuristic,1,6,35.60434079170227
Heuristic__VS__AlphaBeta-new-d3__GAME__25,Heuristic,AlphaBeta-new-d3,25,True,Heuristic,-1,5,43.27468967437744
Heuristic__VS__AlphaBeta-new-d3__GAME__26,Heuristic,AlphaBeta-new-d3,26,False,Heuristic,1,5,37.33792328834534
Heuristic__VS__AlphaBeta-new-d3__GAME__27,Heuristic,AlphaBeta-new-d3,27,True,Heuristic,-1,6,21.197768211364746
Heuristic__VS__AlphaBeta-new-d3__GAME__28,Heuristic,AlphaBeta-new-d3,28,False,Heuristic,1,9,9.254676342010498
Heuristic__VS__AlphaBeta-new-d3__GAME__29,Heuristic,AlphaBeta-new-d3,29,True,Heuristic,-1,6,7.848633289337158
Heuristic__VS__AlphaBeta-new-d3__GAME__30,Heuristic,AlphaBeta-new-d3,30,False,Heuristic,1,9,11.859267234802246
Heuristic__VS__AlphaBeta-new-d3__GAME__31,Heuristic,AlphaBeta-new-d3,31,True,Heuristic,-1,6,7.413706541061401
Heuristic__VS__AlphaBeta-new-d3__GAME__32,Heuristic,AlphaBeta-new-d3,32,False,Heuristic,1,6,7.1235737800598145
Heuristic__VS__AlphaBeta-new-d3__GAME__33,Heuristic,AlphaBeta-new-d3,33,True,AlphaBeta-new-d3,1,15,20.172332286834717
Heuristic__VS__AlphaBeta-new-d3__GAME__34,Heuristic,AlphaBeta-new-d3,34,False,Heuristic,1,7,6.64408278465271
Heuristic__VS__AlphaBeta-new-d3__GAME__35,Heuristic,AlphaBeta-new-d3,35,True,Heuristic,-1,10,16.666229009628296
Heuristic__VS__AlphaBeta-new-d3__GAME__36,Heuristic,AlphaBeta-new-d3,36,False,Heuristic,1,9,11.534069299697876
Heuristic__VS__AlphaBeta-new-d3__GAME__37,Heuristic,AlphaBeta-new-d3,37,True,Heuristic,-1,8,11.000075340270996
Heuristic__VS__AlphaBeta-new-d3__GAME__38,Heuristic,AlphaBeta-new-d3,38,False,Heuristic,1,5,3.987025260925293
Heuristic__VS__AlphaBeta-new-d3__GAME__39,Heuristic,AlphaBeta-new-d3,39,True,Heuristic,-1,8,9.954737663269043
Heuristic__VS__AlphaBeta-new-d3__GAME__40,Heuristic,AlphaBeta-new-d3,40,False,Heuristic,1,4,4.1081976890563965
Heuristic__VS__AlphaBeta-new-d3__GAME__41,Heuristic,AlphaBeta-new-d3,41,True,Heuristic,-1,6,5.061217308044434
Heuristic__VS__AlphaBeta-new-d3__GAME__42,Heuristic,AlphaBeta-new-d3,42,False,Heuristic,1,9,8.421292066574097
Heuristic__VS__AlphaBeta-new-d3__GAME__43,Heuristic,AlphaBeta-new-d3,43,True,Heuristic,-1,8,10.108880996704102
Heuristic__VS__AlphaBeta-new-d3__GAME__44,Heuristic,AlphaBeta-new-d3,44,False,Heuristic,1,11,13.385700225830078
Heuristic__VS__AlphaBeta-new-d3__GAME__45,Heuristic,AlphaBeta-new-d3,45,True,Heuristic,-1,7,8.378578424453735
Heuristic__VS__AlphaBeta-new-d3__GAME__46,Heuristic,AlphaBeta-new-d3,46,False,Heuristic,1,6,5.446604251861572
Heuristic__VS__AlphaBeta-new-d3__GAME__47,Heuristic,AlphaBeta-new-d3,47,True,AlphaBeta-new-d3,1,13,18.960322856903076
Heuristic__VS__AlphaBeta-new-d3__GAME__48,Heuristic,AlphaBeta-new-d3,48,False,Heuristic,1,4,3.3975069522857666
Heuristic__VS__AlphaBeta-new-d3__GAME__49,Heuristic,AlphaBeta-new-d3,49,True,Heuristic,-1,8,8.45413327217102
Heuristic__VS__AlphaBeta-new-d3__GAME__50,Heuristic,AlphaBeta-new-d3,50,False,Heuristic,1,7,8.71655797958374
Heuristic__VS__AlphaBeta-new-d3__GAME__51,Heuristic,AlphaBeta-new-d3,51,True,Heuristic,-1,5,5.934790849685669
Heuristic__VS__AlphaBeta-new-d3__GAME__52,Heuristic,AlphaBeta-new-d3,52,False,Heuristic,1,11,13.0188148021698
Heuristic__VS__AlphaBeta-new-d3__GAME__53,Heuristic,AlphaBeta-new-d3,53,True,Heuristic,-1,12,20.094032526016235
Heuristic__VS__AlphaBeta-new-d3__GAME__54,Heuristic,AlphaBeta-new-d3,54,False,Heuristic,1,7,6.631096601486206
Heuristic__VS__AlphaBeta-new-d3__GAME__55,Heuristic,AlphaBeta-new-d3,55,True,Heuristic,-1,8,9.663641929626465
Heuristic__VS__AlphaBeta-new-d3__GAME__56,Heuristic,AlphaBeta-new-d3,56,False,Heuristic,1,4,2.999297857284546
Heuristic__VS__AlphaBeta-new-d3__GAME__57,Heuristic,AlphaBeta-new-d3,57,True,Heuristic,-1,7,10.655253171920776
Heuristic__VS__AlphaBeta-new-d3__GAME__58,Heuristic,AlphaBeta-new-d3,58,False,Heuristic,1,5,4.3313024044036865
Heuristic__VS__AlphaBeta-new-d3__GAME__59,Heuristic,AlphaBeta-new-d3,59,True,Heuristic,-1,8,5.333344221115112
Heuristic__VS__AlphaBeta-new-d3__GAME__60,Heuristic,AlphaBeta-new-d3,60,False,AlphaBeta-new-d3,-1,10,7.8841822147369385
Heuristic__VS__AlphaBeta-new-d3__GAME__61,Heuristic,AlphaBeta-new-d3,61,True,AlphaBeta-new-d3,1,9,7.580991506576538
Heuristic__VS__AlphaBeta-new-d3__GAME__62,Heuristic,AlphaBeta-new-d3,62,False,Heuristic,1,7,4.957128524780273
Heuristic__VS__AlphaBeta-new-d3__GAME__63,Heuristic,AlphaBeta-new-d3,63,True,Heuristic,-1,10,10.642136812210083
Heuristic__VS__AlphaBeta-new-d3__GAME__64,Heuristic,AlphaBeta-new-d3,64,False,Heuristic,1,11,10.841547012329102
Heuristic__VS__AlphaBeta-new-d3__GAME__65,Heuristic,AlphaBeta-new-d3,65,True,Heuristic,-1,5,5.758296966552734
Heuristic__VS__AlphaBeta-new-d3__GAME__66,Heuristic,AlphaBeta-new-d3,66,False,Heuristic,1,7,5.491225719451904
Heuristic__VS__AlphaBeta-new-d3__GAME__67,Heuristic,AlphaBeta-new-d3,67,True,Heuristic,-1,8,6.8847455978393555
Heuristic__VS__AlphaBeta-new-d3__GAME__68,Heuristic,AlphaBeta-new-d3,68,False,AlphaBeta-new-d3,-1,18,18.77387547492981
Heuristic__VS__AlphaBeta-new-d3__GAME__69,Heuristic,AlphaBeta-new-d3,69,True,Heuristic,-1,4,2.1743714809417725
Heuristic__VS__AlphaBeta-new-d3__GAME__70,Heuristic,AlphaBeta-new-d3,70,False,Heuristic,1,15,17.645307302474976
Heuristic__VS__AlphaBeta-new-d3__GAME__71,Heuristic,AlphaBeta-new-d3,71,True,Heuristic,-1,10,7.49077296257019
Heuristic__VS__AlphaBeta-new-d3__GAME__72,Heuristic,AlphaBeta-new-d3,72,False,Heuristic,1,4,2.5043904781341553
Heuristic__VS__AlphaBeta-new-d3__GAME__73,Heuristic,AlphaBeta-new-d3,73,True,AlphaBeta-new-d3,1,9,7.014278173446655
Heuristic__VS__AlphaBeta-new-d3__GAME__74,Heuristic,AlphaBeta-new-d3,74,False,Heuristic,1,5,3.255253314971924
Heuristic__VS__AlphaBeta-new-d3__GAME__75,Heuristic,AlphaBeta-new-d3,75,True,Heuristic,-1,4,2.974266290664673
Heuristic__VS__AlphaBeta-new-d3__GAME__76,Heuristic,AlphaBeta-new-d3,76,False,Heuristic,1,9,7.238937139511108
Heuristic__VS__AlphaBeta-new-d3__GAME__77,Heuristic,AlphaBeta-new-d3,77,True,Heuristic,-1,6,3.904890537261963
Heuristic__VS__AlphaBeta-new-d3__GAME__78,Heuristic,AlphaBeta-new-d3,78,False,Heuristic,1,7,5.1401543617248535
Heuristic__VS__AlphaBeta-new-d3__GAME__79,Heuristic,AlphaBeta-new-d3,79,True,Heuristic,-1,8,4.8746018409729
Heuristic__VS__AlphaBeta-new-d3__GAME__80,Heuristic,AlphaBeta-new-d3,80,False,Heuristic,1,11,10.882766962051392
Heuristic__VS__AlphaBeta-new-d3__GAME__81,Heuristic,AlphaBeta-new-d3,81,True,Heuristic,-1,8,6.2612223625183105
Heuristic__VS__AlphaBeta-new-d3__GAME__82,Heuristic,AlphaBeta-new-d3,82,False,Heuristic,1,7,4.331456899642944
Heuristic__VS__AlphaBeta-new-d3__GAME__83,Heuristic,AlphaBeta-new-d3,83,True,Heuristic,-1,8,5.794957399368286
Heuristic__VS__AlphaBeta-new-d3__GAME__84,Heuristic,AlphaBeta-new-d3,84,False,Heuristic,1,4,2.2098283767700195
Heuristic__VS__AlphaBeta-new-d3__GAME__85,Heuristic,AlphaBeta-new-d3,85,True,Heuristic,-1,10,7.571898698806763
Heuristic__VS__AlphaBeta-new-d3__GAME__86,Heuristic,AlphaBeta-new-d3,86,False,Heuristic,1,9,6.616417169570923
Heuristic__VS__AlphaBeta-new-d3__GAME__87,Heuristic,AlphaBeta-new-d3,87,True,Heuristic,-1,6,4.007795333862305
Heuristic__VS__AlphaBeta-new-d3__GAME__88,Heuristic,AlphaBeta-new-d3,88,False,Heuristic,1,7,3.6465752124786377
Heuristic__VS__AlphaBeta-new-d3__GAME__89,Heuristic,AlphaBeta-new-d3,89,True,Heuristic,-1,6,3.823974370956421
Heuristic__VS__AlphaBeta-new-d3__GAME__90,Heuristic,AlphaBeta-new-d3,90,False,Heuristic,1,7,4.7686545848846436
Heuristic__VS__AlphaBeta-new-d3__GAME__91,Heuristic,AlphaBeta-new-d3,91,True,Heuristic,-1,5,4.103855609893799
Heuristic__VS__AlphaBeta-new-d3__GAME__92,Heuristic,AlphaBeta-new-d3,92,False,Heuristic,1,7,5.438408613204956
Heuristic__VS__AlphaBeta-new-d3__GAME__93,Heuristic,AlphaBeta-new-d3,93,True,Heuristic,-1,8,6.22415828704834
Heuristic__VS__AlphaBeta-new-d3__GAME__94,Heuristic,AlphaBeta-new-d3,94,False,Heuristic,1,7,4.678392648696899
Heuristic__VS__AlphaBeta-new-d3__GAME__95,Heuristic,AlphaBeta-new-d3,95,True,AlphaBeta-new-d3,1,11,9.442702054977417
Heuristic__VS__AlphaBeta-new-d3__GAME__96,Heuristic,AlphaBeta-new-d3,96,False,Heuristic,1,4,1.9452364444732666
Heuristic__VS__AlphaBeta-new-d3__GAME__97,Heuristic,AlphaBeta-new-d3,97,True,Heuristic,-1,10,9.23966097831726
Heuristic__VS__AlphaBeta-new-d3__GAME__98,Heuristic,AlphaBeta-new-d3,98,False,Heuristic,1,17,15.885945558547974
Heuristic__VS__AlphaBeta-new-d3__GAME__99,Heuristic,AlphaBeta-new-d3,99,True,Heuristic,-1,14,13.631714820861816
Heuristic__VS__AlphaBeta-new-d3__GAME__100,Heuristic,AlphaBeta-new-d3,100,False,Heuristic,1,7,4.590972661972046
Heuristic__VS__AlphaBeta-new-d3__GAME__101,Heuristic,AlphaBeta-new-d3,101,True,AlphaBeta-new-d3,1,13,11.837528228759766
Heuristic__VS__AlphaBeta-new-d3__GAME__102,Heuristic,AlphaBeta-new-d3,102,False,Heuristic,1,9,7.363826751708984
Heuristic__VS__AlphaBeta-new-d3__GAME__103,Heuristic,AlphaBeta-new-d3,103,True,Heuristic,-1,5,4.087146520614624
Heuristic__VS__AlphaBeta-new-d3__GAME__104,Heuristic,AlphaBeta-new-d3,104,False,Heuristic,1,11,8.365058422088623
Heuristic__VS__AlphaBeta-new-d3__GAME__105,Heuristic,AlphaBeta-new-d3,105,True,Heuristic,-1,8,7.043814659118652
Heuristic__VS__AlphaBeta-new-d3__GAME__106,Heuristic,AlphaBeta-new-d3,106,False,Heuristic,1,6,4.473956346511841
Heuristic__VS__AlphaBeta-new-d3__GAME__107,Heuristic,AlphaBeta-new-d3,107,True,Heuristic,-1,6,2.8918793201446533
Heuristic__VS__AlphaBeta-new-d3__GAME__108,Heuristic,AlphaBeta-new-d3,108,False,Heuristic,1,6,4.784790515899658
Heuristic__VS__AlphaBeta-new-d3__GAME__109,Heuristic,AlphaBeta-new-d3,109,True,Heuristic,-1,12,10.362369298934937
Heuristic__VS__AlphaBeta-new-d3__GAME__110,Heuristic,AlphaBeta-new-d3,110,False,Heuristic,1,7,3.6719462871551514
Heuristic__VS__AlphaBeta-new-d3__GAME__111,Heuristic,AlphaBeta-new-d3,111,True,Heuristic,-1,5,4.692359209060669
Heuristic__VS__AlphaBeta-new-d3__GAME__112,Heuristic,AlphaBeta-new-d3,112,False,Heuristic,1,5,2.2024266719818115
Heuristic__VS__AlphaBeta-new-d3__GAME__113,Heuristic,AlphaBeta-new-d3,113,True,Heuristic,-1,24,30.205535888671875
Heuristic__VS__AlphaBeta-new-d3__GAME__114,Heuristic,AlphaBeta-new-d3,114,False,Heuristic,1,7,4.502556562423706
Heuristic__VS__AlphaBeta-new-d3__GAME__115,Heuristic,AlphaBeta-new-d3,115,True,Heuristic,-1,6,3.962791681289673
Heuristic__VS__AlphaBeta-new-d3__GAME__116,Heuristic,AlphaBeta-new-d3,116,False,Heuristic,1,7,4.962993860244751
Heuristic__VS__AlphaBeta-new-d3__GAME__117,Heuristic,AlphaBeta-new-d3,117,True,Heuristic,-1,5,3.197345018386841
Heuristic__VS__AlphaBeta-new-d3__GAME__118,Heuristic,AlphaBeta-new-d3,118,False,Heuristic,1,5,2.2502968311309814
Heuristic__VS__AlphaBeta-new-d3__GAME__119,Heuristic,AlphaBeta-new-d3,119,True,Heuristic,-1,6,3.663771629333496
Heuristic__VS__AlphaBeta-new-d3__GAME__120,Heuristic,AlphaBeta-new-d3,120,False,Heuristic,1,7,4.132871866226196
Heuristic__VS__AlphaBeta-new-d3__GAME__121,Heuristic,AlphaBeta-new-d3,121,True,Heuristic,-1,6,3.6297667026519775
Heuristic__VS__AlphaBeta-new-d3__GAME__122,Heuristic,AlphaBeta-new-d3,122,False,Heuristic,1,4,2.4736032485961914
Heuristic__VS__AlphaBeta-new-d3__GAME__123,Heuristic,AlphaBeta-new-d3,123,True,Heuristic,-1,13,13.140998125076294
Heuristic__VS__AlphaBeta-new-d3__GAME__124,Heuristic,AlphaBeta-new-d3,124,False,Heuristic,1,5,2.349071979522705
Heuristic__VS__AlphaBeta-new-d3__GAME__125,Heuristic,AlphaBeta-new-d3,125,True,Heuristic,-1,6,3.029277801513672
Heuristic__VS__AlphaBeta-new-d3__GAME__126,Heuristic,AlphaBeta-new-d3,126,False,Heuristic,1,7,5.3266472816467285
Heuristic__VS__AlphaBeta-new-d3__GAME__127,Heuristic,AlphaBeta-new-d3,127,True,Heuristic,-1,6,3.0040385723114014
Heuristic__VS__AlphaBeta-new-d3__GAME__128,Heuristic,AlphaBeta-new-d3,128,False,Heuristic,1,9,7.022463321685791
Heuristic__VS__AlphaBeta-new-d3__GAME__129,Heuristic,AlphaBeta-new-d3,129,True,Heuristic,-1,5,4.170386552810669
Heuristic__VS__AlphaBeta-new-d3__GAME__130,Heuristic,AlphaBeta-new-d3,130,False,Heuristic,1,9,5.8383965492248535
Heuristic__VS__AlphaBeta-new-d3__GAME__131,Heuristic,AlphaBeta-new-d3,131,True,Heuristic,-1,8,4.788125514984131
Heuristic__VS__AlphaBeta-new-d3__GAME__132,Heuristic,AlphaBeta-new-d3,132,False,Heuristic,1,5,3.2103381156921387
Heuristic__VS__AlphaBeta-new-d3__GAME__133,Heuristic,AlphaBeta-new-d3,133,True,Heuristic,-1,16,16.297624826431274
Heuristic__VS__AlphaBeta-new-d3__GAME__134,Heuristic,AlphaBeta-new-d3,134,False,Heuristic,1,5,2.6577858924865723
Heuristic__VS__AlphaBeta-new-d3__GAME__135,Heuristic,AlphaBeta-new-d3,135,True,Heuristic,-1,12,9.26594591140747
Heuristic__VS__AlphaBeta-new-d3__GAME__136,Heuristic,AlphaBeta-new-d3,136,False,Heuristic,1,7,3.9323995113372803
Heuristic__VS__AlphaBeta-new-d3__GAME__137,Heuristic,AlphaBeta-new-d3,137,True,Heuristic,-1,11,8.663331031799316
Heuristic__VS__AlphaBeta-new-d3__GAME__138,Heuristic,AlphaBeta-new-d3,138,False,Heuristic,1,8,5.407924175262451
Heuristic__VS__AlphaBeta-new-d3__GAME__139,Heuristic,AlphaBeta-new-d3,139,True,Heuristic,-1,8,5.758794546127319
Heuristic__VS__AlphaBeta-new-d3__GAME__140,Heuristic,AlphaBeta-new-d3,140,False,Heuristic,1,8,5.667971134185791
Heuristic__VS__AlphaBeta-new-d3__GAME__141,Heuristic,AlphaBeta-new-d3,141,True,Heuristic,-1,12,9.70389175415039
Heuristic__VS__AlphaBeta-new-d3__GAME__142,Heuristic,AlphaBeta-new-d3,142,False,Heuristic,1,15,16.87297487258911
Heuristic__VS__AlphaBeta-new-d3__GAME__143,Heuristic,AlphaBeta-new-d3,143,True,Heuristic,-1,6,5.446537971496582
Heuristic__VS__AlphaBeta-new-d3__GAME__144,Heuristic,AlphaBeta-new-d3,144,False,Heuristic,1,7,4.092317581176758
Heuristic__VS__AlphaBeta-new-d3__GAME__145,Heuristic,AlphaBeta-new-d3,145,True,Heuristic,-1,12,7.336713075637817
Heuristic__VS__AlphaBeta-new-d3__GAME__146,Heuristic,AlphaBeta-new-d3,146,False,Heuristic,1,6,3.8394815921783447
Heuristic__VS__AlphaBeta-new-d3__GAME__147,Heuristic,AlphaBeta-new-d3,147,True,Heuristic,-1,10,7.7949299812316895
Heuristic__VS__AlphaBeta-new-d3__GAME__148,Heuristic,AlphaBeta-new-d3,148,False,Heuristic,1,11,10.1548011302948
Heuristic__VS__AlphaBeta-new-d3__GAME__149,Heuristic,AlphaBeta-new-d3,149,True,Heuristic,-1,6,4.964586019515991
Heuristic__VS__AlphaBeta-new-d3__GAME__150,Heuristic,AlphaBeta-new-d3,150,False,Heuristic,1,5,3.189317226409912
Heuristic__VS__AlphaBeta-new-d3__GAME__151,Heuristic,AlphaBeta-new-d3,151,True,Heuristic,-1,10,9.134760856628418
Heuristic__VS__AlphaBeta-new-d3__GAME__152,Heuristic,AlphaBeta-new-d3,152,False,Heuristic,1,5,3.5126028060913086
Heuristic__VS__AlphaBeta-new-d3__GAME__153,Heuristic,AlphaBeta-new-d3,153,True,Heuristic,-1,5,3.9071874618530273
Heuristic__VS__AlphaBeta-new-d3__GAME__154,Heuristic,AlphaBeta-new-d3,154,False,Heuristic,1,7,5.354111433029175
Heuristic__VS__AlphaBeta-new-d3__GAME__155,Heuristic,AlphaBeta-new-d3,155,True,AlphaBeta-new-d3,1,13,14.516306638717651
Heuristic__VS__AlphaBeta-new-d3__GAME__156,Heuristic,AlphaBeta-new-d3,156,False,Heuristic,1,7,5.024130344390869
Heuristic__VS__AlphaBeta-new-d3__GAME__157,Heuristic,AlphaBeta-new-d3,157,True,Heuristic,-1,16,16.41904592514038
Heuristic__VS__AlphaBeta-new-d3__GAME__158,Heuristic,AlphaBeta-new-d3,158,False,Heuristic,1,5,2.14353346824646
Heuristic__VS__AlphaBeta-new-d3__GAME__159,Heuristic,AlphaBeta-new-d3,159,True,Heuristic,-1,4,2.126971483230591
Heuristic__VS__AlphaBeta-new-d3__GAME__160,Heuristic,AlphaBeta-new-d3,160,False,Heuristic,1,11,8.41918396949768
Heuristic__VS__AlphaBeta-new-d3__GAME__161,Heuristic,AlphaBeta-new-d3,161,True,Heuristic,-1,7,4.755830526351929
Heuristic__VS__AlphaBeta-new-d3__GAME__162,Heuristic,AlphaBeta-new-d3,162,False,Heuristic,1,7,4.904388904571533
Heuristic__VS__AlphaBeta-new-d3__GAME__163,Heuristic,AlphaBeta-new-d3,163,True,Heuristic,-1,10,6.952023029327393
Heuristic__VS__AlphaBeta-new-d3__GAME__164,Heuristic,AlphaBeta-new-d3,164,False,AlphaBeta-new-d3,-1,10,7.685464859008789
Heuristic__VS__AlphaBeta-new-d3__GAME__165,Heuristic,AlphaBeta-new-d3,165,True,Heuristic,-1,8,6.516903638839722
Heuristic__VS__AlphaBeta-new-d3__GAME__166,Heuristic,AlphaBeta-new-d3,166,False,Heuristic,1,10,8.851277828216553
Heuristic__VS__AlphaBeta-new-d3__GAME__167,Heuristic,AlphaBeta-new-d3,167,True,Heuristic,-1,8,6.2066709995269775
Heuristic__VS__AlphaBeta-new-d3__GAME__168,Heuristic,AlphaBeta-new-d3,168,False,Heuristic,1,5,2.2370822429656982
Heuristic__VS__AlphaBeta-new-d3__GAME__169,Heuristic,AlphaBeta-new-d3,169,True,Heuristic,-1,12,9.635210990905762
Heuristic__VS__AlphaBeta-new-d3__GAME__170,Heuristic,AlphaBeta-new-d3,170,False,Heuristic,1,6,3.150442600250244
Heuristic__VS__AlphaBeta-new-d3__GAME__171,Heuristic,AlphaBeta-new-d3,171,True,Heuristic,-1,7,5.964556455612183
Heuristic__VS__AlphaBeta-new-d3__GAME__172,Heuristic,AlphaBeta-new-d3,172,False,Heuristic,1,7,4.631621360778809
Heuristic__VS__AlphaBeta-new-d3__GAME__173,Heuristic,AlphaBeta-new-d3,173,True,Heuristic,-1,6,2.8147969245910645
Heuristic__VS__AlphaBeta-new-d3__GAME__174,Heuristic,AlphaBeta-new-d3,174,False,Heuristic,1,10,8.34567379951477
Heuristic__VS__AlphaBeta-new-d3__GAME__175,Heuristic,AlphaBeta-new-d3,175,True,Heuristic,-1,5,3.2867419719696045
Heuristic__VS__AlphaBeta-new-d3__GAME__176,Heuristic,AlphaBeta-new-d3,176,False,Heuristic,1,7,4.195410966873169
Heuristic__VS__AlphaBeta-new-d3__GAME__177,Heuristic,AlphaBeta-new-d3,177,True,Heuristic,-1,6,4.07702374458313
Heuristic__VS__AlphaBeta-new-d3__GAME__178,Heuristic,AlphaBeta-new-d3,178,False,Heuristic,1,9,7.246560573577881
Heuristic__VS__AlphaBeta-new-d3__GAME__179,Heuristic,AlphaBeta-new-d3,179,True,Heuristic,-1,6,4.6762425899505615
Heuristic__VS__AlphaBeta-new-d3__GAME__180,Heuristic,AlphaBeta-new-d3,180,False,Heuristic,1,9,5.974984884262085
Heuristic__VS__AlphaBeta-new-d3__GAME__181,Heuristic,AlphaBeta-new-d3,181,True,Heuristic,-1,8,6.0148773193359375
Heuristic__VS__AlphaBeta-new-d3__GAME__182,Heuristic,AlphaBeta-new-d3,182,False,Heuristic,1,11,8.869177103042603
Heuristic__VS__AlphaBeta-new-d3__GAME__183,Heuristic,AlphaBeta-new-d3,183,True,Heuristic,-1,6,3.507815361022949
Heuristic__VS__AlphaBeta-new-d3__GAME__184,Heuristic,AlphaBeta-new-d3,184,False,Heuristic,1,5,2.00685453414917
Heuristic__VS__AlphaBeta-new-d3__GAME__185,Heuristic,AlphaBeta-new-d3,185,True,Heuristic,-1,5,3.4765195846557617
Heuristic__VS__AlphaBeta-new-d3__GAME__186,Heuristic,AlphaBeta-new-d3,186,False,Heuristic,1,7,4.496112823486328
Heuristic__VS__AlphaBeta-new-d3__GAME__187,Heuristic,AlphaBeta-new-d3,187,True,Heuristic,-1,6,3.9202306270599365
Heuristic__VS__AlphaBeta-new-d3__GAME__188,Heuristic,AlphaBeta-new-d3,188,False,Heuristic,1,5,2.3613765239715576
Heuristic__VS__AlphaBeta-new-d3__GAME__189,Heuristic,AlphaBeta-new-d3,189,True,Heuristic,-1,5,3.657775640487671
Heuristic__VS__AlphaBeta-new-d3__GAME__190,Heuristic,AlphaBeta-new-d3,190,False,Heuristic,1,6,5.309782981872559
Heuristic__VS__AlphaBeta-new-d3__GAME__191,Heuristic,AlphaBeta-new-d3,191,True,Heuristic,-1,8,6.171795845031738
Heuristic__VS__AlphaBeta-new-d3__GAME__192,Heuristic,AlphaBeta-new-d3,192,False,Heuristic,1,9,5.738125562667847
Heuristic__VS__AlphaBeta-new-d3__GAME__193,Heuristic,AlphaBeta-new-d3,193,True,Heuristic,-1,8,6.66321587562561
Heuristic__VS__AlphaBeta-new-d3__GAME__194,Heuristic,AlphaBeta-new-d3,194,False,Heuristic,1,7,4.337656497955322
Heuristic__VS__AlphaBeta-new-d3__GAME__195,Heuristic,AlphaBeta-new-d3,195,True,Heuristic,-1,5,3.8993003368377686
Heuristic__VS__AlphaBeta-new-d3__GAME__196,Heuristic,AlphaBeta-new-d3,196,False,Heuristic,1,5,2.2328238487243652
Heuristic__VS__AlphaBeta-new-d3__GAME__197,Heuristic,AlphaBeta-new-d3,197,True,Heuristic,-1,6,3.81535005569458
Heuristic__VS__AlphaBeta-new-d3__GAME__198,Heuristic,AlphaBeta-new-d3,198,False,Heuristic,1,7,3.8746135234832764
Heuristic__VS__AlphaBeta-new-d3__GAME__199,Heuristic,AlphaBeta-new-d3,199,True,Heuristic,-1,6,4.42581033706665
Heuristic__VS__AlphaBeta-new-d3__GAME__200,Heuristic,AlphaBeta-new-d3,200,False,Heuristic,1,11,9.380000352859497
Heuristic__VS__AlphaBeta-new-d3__GAME__201,Heuristic,AlphaBeta-new-d3,201,True,Heuristic,-1,5,3.981931686401367
Heuristic__VS__AlphaBeta-new-d3__GAME__202,Heuristic,AlphaBeta-new-d3,202,False,Heuristic,1,9,7.6239752769470215
Heuristic__VS__AlphaBeta-new-d3__GAME__203,Heuristic,AlphaBeta-new-d3,203,True,Heuristic,-1,5,3.8987205028533936
Heuristic__VS__AlphaBeta-new-d3__GAME__204,Heuristic,AlphaBeta-new-d3,204,False,Heuristic,1,5,2.585926055908203
Heuristic__VS__AlphaBeta-new-d3__GAME__205,Heuristic,AlphaBeta-new-d3,205,True,AlphaBeta-new-d3,1,9,6.362473964691162
Heuristic__VS__AlphaBeta-new-d3__GAME__206,Heuristic,AlphaBeta-new-d3,206,False,Heuristic,1,6,4.774408340454102
Heuristic__VS__AlphaBeta-new-d3__GAME__207,Heuristic,AlphaBeta-new-d3,207,True,Heuristic,-1,14,15.810077667236328
Heuristic__VS__AlphaBeta-new-d3__GAME__208,Heuristic,AlphaBeta-new-d3,208,False,Heuristic,1,7,4.40595817565918
Heuristic__VS__AlphaBeta-new-d3__GAME__209,Heuristic,AlphaBeta-new-d3,209,True,Heuristic,-1,8,6.211105585098267
Heuristic__VS__AlphaBeta-new-d3__GAME__210,Heuristic,AlphaBeta-new-d3,210,False,Heuristic,1,7,4.570732593536377
Heuristic__VS__AlphaBeta-new-d3__GAME__211,Heuristic,AlphaBeta-new-d3,211,True,Heuristic,-1,8,6.313400506973267
Heuristic__VS__AlphaBeta-new-d3__GAME__212,Heuristic,AlphaBeta-new-d3,212,False,Heuristic,1,6,3.941222667694092
Heuristic__VS__AlphaBeta-new-d3__GAME__213,Heuristic,AlphaBeta-new-d3,213,True,Heuristic,-1,16,15.08279538154602
Heuristic__VS__AlphaBeta-new-d3__GAME__214,Heuristic,AlphaBeta-new-d3,214,False,Heuristic,1,7,4.435032606124878
Heuristic__VS__AlphaBeta-new-d3__GAME__215,Heuristic,AlphaBeta-new-d3,215,True,Heuristic,-1,5,4.338590621948242
Heuristic__VS__AlphaBeta-new-d3__GAME__216,Heuristic,AlphaBeta-new-d3,216,False,AlphaBeta-new-d3,-1,10,9.01040506362915
Heuristic__VS__AlphaBeta-new-d3__GAME__217,Heuristic,AlphaBeta-new-d3,217,True,Heuristic,-1,8,4.786150693893433
Heuristic__VS__AlphaBeta-new-d3__GAME__218,Heuristic,AlphaBeta-new-d3,218,False,Heuristic,1,7,3.4766268730163574
Heuristic__VS__AlphaBeta-new-d3__GAME__219,Heuristic,AlphaBeta-new-d3,219,True,Heuristic,-1,16,15.745808601379395
Heuristic__VS__AlphaBeta-new-d3__GAME__220,Heuristic,AlphaBeta-new-d3,220,False,Heuristic,1,15,15.308612585067749
Heuristic__VS__AlphaBeta-new-d3__GAME__221,Heuristic,AlphaBeta-new-d3,221,True,Heuristic,-1,10,8.305306434631348
Heuristic__VS__AlphaBeta-new-d3__GAME__222,Heuristic,AlphaBeta-new-d3,222,False,Heuristic,1,7,4.134940147399902
Heuristic__VS__AlphaBeta-new-d3__GAME__223,Heuristic,AlphaBeta-new-d3,223,True,Heuristic,-1,5,2.798264741897583
Heuristic__VS__AlphaBeta-new-d3__GAME__224,Heuristic,AlphaBeta-new-d3,224,False,Heuristic,1,11,7.785898923873901
Heuristic__VS__AlphaBeta-new-d3__GAME__225,Heuristic,AlphaBeta-new-d3,225,True,Heuristic,-1,8,5.298782825469971
Heuristic__VS__AlphaBeta-new-d3__GAME__226,Heuristic,AlphaBeta-new-d3,226,False,Heuristic,1,7,3.7368171215057373
Heuristic__VS__AlphaBeta-new-d3__GAME__227,Heuristic,AlphaBeta-new-d3,227,True,Heuristic,-1,7,5.540013313293457
Heuristic__VS__AlphaBeta-new-d3__GAME__228,Heuristic,AlphaBeta-new-d3,228,False,Heuristic,1,5,3.0485730171203613
Heuristic__VS__AlphaBeta-new-d3__GAME__229,Heuristic,AlphaBeta-new-d3,229,True,Heuristic,-1,6,4.233681917190552
Heuristic__VS__AlphaBeta-new-d3__GAME__230,Heuristic,AlphaBeta-new-d3,230,False,Heuristic,1,9,5.535552263259888
Heuristic__VS__AlphaBeta-new-d3__GAME__231,Heuristic,AlphaBeta-new-d3,231,True,Heuristic,-1,5,3.805577039718628
Heuristic__VS__AlphaBeta-new-d3__GAME__232,Heuristic,AlphaBeta-new-d3,232,False,AlphaBeta-new-d3,-1,8,4.211422681808472
Heuristic__VS__AlphaBeta-new-d3__GAME__233,Heuristic,AlphaBeta-new-d3,233,True,Heuristic,-1,6,5.4748451709747314
Heuristic__VS__AlphaBeta-new-d3__GAME__234,Heuristic,AlphaBeta-new-d3,234,False,Heuristic,1,8,7.386137962341309
Heuristic__VS__AlphaBeta-new-d3__GAME__235,Heuristic,AlphaBeta-new-d3,235,True,Heuristic,-1,10,7.579278469085693
Heuristic__VS__AlphaBeta-new-d3__GAME__236,Heuristic,AlphaBeta-new-d3,236,False,Heuristic,1,9,5.36466646194458
Heuristic__VS__AlphaBeta-new-d3__GAME__237,Heuristic,AlphaBeta-new-d3,237,True,Heuristic,-1,10,7.985272645950317
Heuristic__VS__AlphaBeta-new-d3__GAME__238,Heuristic,AlphaBeta-new-d3,238,False,Heuristic,1,9,7.070215463638306
Heuristic__VS__AlphaBeta-new-d3__GAME__239,Heuristic,AlphaBeta-new-d3,239,True,Heuristic,-1,6,4.650207042694092
Heuristic__VS__AlphaBeta-new-d3__GAME__240,Heuristic,AlphaBeta-new-d3,240,False,Heuristic,1,7,5.392333030700684
Heuristic__VS__AlphaBeta-new-d3__GAME__241,Heuristic,AlphaBeta-new-d3,241,True,Heuristic,-1,5,2.982259511947632
Heuristic__VS__AlphaBeta-new-d3__GAME__242,Heuristic,AlphaBeta-new-d3,242,False,Heuristic,1,5,2.250462532043457
Heuristic__VS__AlphaBeta-new-d3__GAME__243,Heuristic,AlphaBeta-new-d3,243,True,Heuristic,-1,6,3.9344887733459473
Heuristic__VS__AlphaBeta-new-d3__GAME__244,Heuristic,AlphaBeta-new-d3,244,False,Heuristic,1,6,3.1784675121307373
Heuristic__VS__AlphaBeta-new-d3__GAME__245,Heuristic,AlphaBeta-new-d3,245,True,Heuristic,-1,6,4.571090221405029
Heuristic__VS__AlphaBeta-new-d3__GAME__246,Heuristic,AlphaBeta-new-d3,246,False,Heuristic,1,9,6.180305480957031
Heuristic__VS__AlphaBeta-new-d3__GAME__247,Heuristic,AlphaBeta-new-d3,247,True,Heuristic,-1,6,4.269315481185913
Heuristic__VS__AlphaBeta-new-d3__GAME__248,Heuristic,AlphaBeta-new-d3,248,False,Heuristic,1,9,5.8727312088012695
Heuristic__VS__AlphaBeta-new-d3__GAME__249,Heuristic,AlphaBeta-new-d3,249,True,Heuristic,-1,5,3.408769130706787
Heuristic__VS__MCTS-old-100__GAME__0,Heuristic,MCTS-old-100,0,False,Heuristic,1,4,3.083324670791626
Heuristic__VS__MCTS-old-100__GAME__1,Heuristic,MCTS-old-100,1,True,Heuristic,-1,8,6.325148105621338
Heuristic__VS__MCTS-old-100__GAME__2,Heuristic,MCTS-old-100,2,False,Heuristic,1,6,4.538356065750122
Heuristic__VS__MCTS-old-100__GAME__3,Heuristic,MCTS-old-100,3,True,Heuristic,-1,19,28.453291416168213
Heuristic__VS__MCTS-old-100__GAME__4,Heuristic,MCTS-old-100,4,False,Heuristic,1,9,7.564602613449097
Heuristic__VS__MCTS-old-100__GAME__5,Heuristic,MCTS-old-100,5,True,Heuristic,-1,5,4.5337815284729
Heuristic__VS__MCTS-old-100__GAME__6,Heuristic,MCTS-old-100,6,False,Heuristic,1,8,7.21303129196167
Heuristic__VS__MCTS-old-100__GAME__7,Heuristic,MCTS-old-100,7,True,Heuristic,-1,26,43.97983956336975
Heuristic__VS__MCTS-old-100__GAME__8,Heuristic,MCTS-old-100,8,False,draw,0,50,113.6577160358429
Heuristic__VS__MCTS-old-100__GAME__9,Heuristic,MCTS-old-100,9,True,Heuristic,-1,26,44.852357387542725
Heuristic__VS__MCTS-old-100__GAME__10,Heuristic,MCTS-old-100,10,False,Heuristic,1,6,5.506551027297974
Heuristic__VS__MCTS-old-100__GAME__11,Heuristic,MCTS-old-100,11,True,Heuristic,-1,23,36.88515257835388
Heuristic__VS__MCTS-old-100__GAME__12,Heuristic,MCTS-old-100,12,False,Heuristic,1,10,9.37193775177002
Heuristic__VS__MCTS-old-100__GAME__13,Heuristic,MCTS-old-100,13,True,Heuristic,-1,10,10.077289342880249
Heuristic__VS__MCTS-old-100__GAME__14,Heuristic,MCTS-old-100,14,False,Heuristic,1,6,4.475138187408447
Heuristic__VS__MCTS-old-100__GAME__15,Heuristic,MCTS-old-100,15,True,Heuristic,-1,20,24.59103512763977
Heuristic__VS__MCTS-old-100__GAME__16,Heuristic,MCTS-old-100,16,False,Heuristic,1,6,4.670623779296875
Heuristic__VS__MCTS-old-100__GAME__17,Heuristic,MCTS-old-100,17,True,Heuristic,-1,5,4.275585651397705
Heuristic__VS__MCTS-old-100__GAME__18,Heuristic,MCTS-old-100,18,False,Heuristic,1,6,4.430922269821167
Heuristic__VS__MCTS-old-100__GAME__19,Heuristic,MCTS-old-100,19,True,Heuristic,-1,5,4.15349817276001
Heuristic__VS__MCTS-old-100__GAME__20,Heuristic,MCTS-old-100,20,False,Heuristic,1,11,8.471226692199707
Heuristic__VS__MCTS-old-100__GAME__21,Heuristic,MCTS-old-100,21,True,Heuristic,-1,5,4.41179347038269
Heuristic__VS__MCTS-old-100__GAME__22,Heuristic,MCTS-old-100,22,False,Heuristic,1,10,10.499698162078857
Heuristic__VS__MCTS-old-100__GAME__23,Heuristic,MCTS-old-100,23,True,Heuristic,-1,8,6.352673530578613
Heuristic__VS__MCTS-old-100__GAME__24,Heuristic,MCTS-old-100,24,False,Heuristic,1,19,27.767613649368286
Heuristic__VS__MCTS-old-100__GAME__25,Heuristic,MCTS-old-100,25,True,Heuristic,-1,8,7.860630989074707
Heuristic__VS__MCTS-old-100__GAME__26,Heuristic,MCTS-old-100,26,False,Heuristic,1,29,45.285107135772705
Heuristic__VS__MCTS-old-100__GAME__27,Heuristic,MCTS-old-100,27,True,Heuristic,-1,10,9.051516771316528
Heuristic__VS__MCTS-old-100__GAME__28,Heuristic,MCTS-old-100,28,False,Heuristic,1,11,9.247650623321533
Heuristic__VS__MCTS-old-100__GAME__29,Heuristic,MCTS-old-100,29,True,Heuristic,-1,7,7.189318895339966
Heuristic__VS__MCTS-old-100__GAME__30,Heuristic,MCTS-old-100,30,False,Heuristic,1,7,5.314940452575684
Heuristic__VS__MCTS-old-100__GAME__31,Heuristic,MCTS-old-100,31,True,Heuristic,-1,8,6.822009801864624
Heuristic__VS__MCTS-old-100__GAME__32,Heuristic,MCTS-old-100,32,False,Heuristic,1,6,4.764275550842285
Heuristic__VS__MCTS-old-100__GAME__33,Heuristic,MCTS-old-100,33,True,Heuristic,-1,16,17.067676305770874
Heuristic__VS__MCTS-old-100__GAME__34,Heuristic,MCTS-old-100,34,False,Heuristic,1,11,11.103673934936523
Heuristic__VS__MCTS-old-100__GAME__35,Heuristic,MCTS-old-100,35,True,Heuristic,-1,12,13.136021614074707
Heuristic__VS__MCTS-old-100__GAME__36,Heuristic,MCTS-old-100,36,False,Heuristic,1,4,2.757723331451416
Heuristic__VS__MCTS-old-100__GAME__37,Heuristic,MCTS-old-100,37,True,Heuristic,-1,6,4.586500644683838
Heuristic__VS__MCTS-old-100__GAME__38,Heuristic,MCTS-old-100,38,False,Heuristic,1,6,4.2735936641693115
Heuristic__VS__MCTS-old-100__GAME__39,Heuristic,MCTS-old-100,39,True,Heuristic,-1,9,8.292283773422241
Heuristic__VS__MCTS-old-100__GAME__40,Heuristic,MCTS-old-100,40,False,Heuristic,1,7,4.898308753967285
Heuristic__VS__MCTS-old-100__GAME__41,Heuristic,MCTS-old-100,41,True,MCTS-old-100,1,11,11.01641058921814
Heuristic__VS__MCTS-old-100__GAME__42,Heuristic,MCTS-old-100,42,False,Heuristic,1,16,20.564453125
Heuristic__VS__MCTS-old-100__GAME__43,Heuristic,MCTS-old-100,43,True,Heuristic,-1,5,4.201772451400757
Heuristic__VS__MCTS-old-100__GAME__44,Heuristic,MCTS-old-100,44,False,Heuristic,1,13,12.162428617477417
Heuristic__VS__MCTS-old-100__GAME__45,Heuristic,MCTS-old-100,45,True,Heuristic,-1,7,5.5258495807647705
Heuristic__VS__MCTS-old-100__GAME__46,Heuristic,MCTS-old-100,46,False,Heuristic,1,17,19.196441650390625
Heuristic__VS__MCTS-old-100__GAME__47,Heuristic,MCTS-old-100,47,True,MCTS-old-100,1,15,14.532548666000366
Heuristic__VS__MCTS-old-100__GAME__48,Heuristic,MCTS-old-100,48,False,Heuristic,1,10,9.857990503311157
Heuristic__VS__MCTS-old-100__GAME__49,Heuristic,MCTS-old-100,49,True,Heuristic,-1,5,4.352013826370239
Heuristic__VS__MCTS-old-100__GAME__50,Heuristic,MCTS-old-100,50,False,Heuristic,1,21,24.68473768234253
Heuristic__VS__MCTS-old-100__GAME__51,Heuristic,MCTS-old-100,51,True,Heuristic,-1,5,4.205167055130005
Heuristic__VS__MCTS-old-100__GAME__52,Heuristic,MCTS-old-100,52,False,Heuristic,1,7,5.3072028160095215
Heuristic__VS__MCTS-old-100__GAME__53,Heuristic,MCTS-old-100,53,True,Heuristic,-1,38,51.52666616439819
Heuristic__VS__MCTS-old-100__GAME__54,Heuristic,MCTS-old-100,54,False,MCTS-old-100,-1,10,8.892269849777222
Heuristic__VS__MCTS-old-100__GAME__55,Heuristic,MCTS-old-100,55,True,Heuristic,-1,14,16.185826778411865
Heuristic__VS__MCTS-old-100__GAME__56,Heuristic,MCTS-old-100,56,False,Heuristic,1,6,4.663225889205933
Heuristic__VS__MCTS-old-100__GAME__57,Heuristic,MCTS-old-100,57,True,Heuristic,-1,18,21.87192940711975
Heuristic__VS__MCTS-old-100__GAME__58,Heuristic,MCTS-old-100,58,False,Heuristic,1,12,11.330002546310425
Heuristic__VS__MCTS-old-100__GAME__59,Heuristic,MCTS-old-100,59,True,Heuristic,-1,13,15.729434251785278
Heuristic__VS__MCTS-old-100__GAME__60,Heuristic,MCTS-old-100,60,False,Heuristic,1,9,7.9618916511535645
Heuristic__VS__MCTS-old-100__GAME__61,Heuristic,MCTS-old-100,61,True,Heuristic,-1,15,19.491822004318237
Heuristic__VS__MCTS-old-100__GAME__62,Heuristic,MCTS-old-100,62,False,Heuristic,1,7,4.846537351608276
Heuristic__VS__MCTS-old-100__GAME__63,Heuristic,MCTS-old-100,63,True,draw,0,50,70.23802042007446
Heuristic__VS__MCTS-old-100__GAME__64,Heuristic,MCTS-old-100,64,False,Heuristic,1,13,13.941123008728027
Heuristic__VS__MCTS-old-100__GAME__65,Heuristic,MCTS-old-100,65,True,Heuristic,-1,9,8.207001686096191
Heuristic__VS__MCTS-old-100__GAME__66,Heuristic,MCTS-old-100,66,False,Heuristic,1,9,6.3996970653533936
Heuristic__VS__MCTS-old-100__GAME__67,Heuristic,MCTS-old-100,67,True,Heuristic,-1,16,17.930603981018066
Heuristic__VS__MCTS-old-100__GAME__68,Heuristic,MCTS-old-100,68,False,Heuristic,1,6,4.284022331237793
Heuristic__VS__MCTS-old-100__GAME__69,Heuristic,MCTS-old-100,69,True,Heuristic,-1,11,10.633310079574585
Heuristic__VS__MCTS-old-100__GAME__70,Heuristic,MCTS-old-100,70,False,Heuristic,1,22,27.485676765441895
Heuristic__VS__MCTS-old-100__GAME__71,Heuristic,MCTS-old-100,71,True,Heuristic,-1,11,9.803906202316284
Heuristic__VS__MCTS-old-100__GAME__72,Heuristic,MCTS-old-100,72,False,Heuristic,1,6,4.875558137893677
Heuristic__VS__MCTS-old-100__GAME__73,Heuristic,MCTS-old-100,73,True,Heuristic,-1,12,12.478198528289795
Heuristic__VS__MCTS-old-100__GAME__74,Heuristic,MCTS-old-100,74,False,Heuristic,1,11,9.877698183059692
Heuristic__VS__MCTS-old-100__GAME__75,Heuristic,MCTS-old-100,75,True,Heuristic,-1,11,11.294525384902954
Heuristic__VS__MCTS-old-100__GAME__76,Heuristic,MCTS-old-100,76,False,MCTS-old-100,-1,12,11.871033191680908
Heuristic__VS__MCTS-old-100__GAME__77,Heuristic,MCTS-old-100,77,True,Heuristic,-1,8,6.878938913345337
Heuristic__VS__MCTS-old-100__GAME__78,Heuristic,MCTS-old-100,78,False,Heuristic,1,7,5.479900598526001
Heuristic__VS__MCTS-old-100__GAME__79,Heuristic,MCTS-old-100,79,True,MCTS-old-100,1,15,15.898559093475342
Heuristic__VS__MCTS-old-100__GAME__80,Heuristic,MCTS-old-100,80,False,Heuristic,1,19,21.030043840408325
Heuristic__VS__MCTS-old-100__GAME__81,Heuristic,MCTS-old-100,81,True,Heuristic,-1,12,12.095096111297607
Heuristic__VS__MCTS-old-100__GAME__82,Heuristic,MCTS-old-100,82,False,MCTS-old-100,-1,10,9.467546224594116
Heuristic__VS__MCTS-old-100__GAME__83,Heuristic,MCTS-old-100,83,True,Heuristic,-1,20,33.022937297821045
Heuristic__VS__MCTS-old-100__GAME__84,Heuristic,MCTS-old-100,84,False,Heuristic,1,13,12.425567388534546
Heuristic__VS__MCTS-old-100__GAME__85,Heuristic,MCTS-old-100,85,True,Heuristic,-1,16,18.518319845199585
Heuristic__VS__MCTS-old-100__GAME__86,Heuristic,MCTS-old-100,86,False,Heuristic,1,6,4.343688726425171
Heuristic__VS__MCTS-old-100__GAME__87,Heuristic,MCTS-old-100,87,True,MCTS-old-100,1,9,7.644848346710205
Heuristic__VS__MCTS-old-100__GAME__88,Heuristic,MCTS-old-100,88,False,Heuristic,1,6,4.314664602279663
Heuristic__VS__MCTS-old-100__GAME__89,Heuristic,MCTS-old-100,89,True,MCTS-old-100,1,29,45.116615533828735
Heuristic__VS__MCTS-old-100__GAME__90,Heuristic,MCTS-old-100,90,False,MCTS-old-100,-1,12,13.48231315612793
Heuristic__VS__MCTS-old-100__GAME__91,Heuristic,MCTS-old-100,91,True,Heuristic,-1,7,6.141516447067261
Heuristic__VS__MCTS-old-100__GAME__92,Heuristic,MCTS-old-100,92,False,Heuristic,1,23,30.663960695266724
Heuristic__VS__MCTS-old-100__GAME__93,Heuristic,MCTS-old-100,93,True,Heuristic,-1,8,7.22390604019165
Heuristic__VS__MCTS-old-100__GAME__94,Heuristic,MCTS-old-100,94,False,Heuristic,1,12,15.395286083221436
Heuristic__VS__MCTS-old-100__GAME__95,Heuristic,MCTS-old-100,95,True,MCTS-old-100,1,11,12.726380586624146
Heuristic__VS__MCTS-old-100__GAME__96,Heuristic,MCTS-old-100,96,False,Heuristic,1,11,10.933286190032959
Heuristic__VS__MCTS-old-100__GAME__97,Heuristic,MCTS-old-100,97,True,Heuristic,-1,8,6.325454950332642
Heuristic__VS__MCTS-old-100__GAME__98,Heuristic,MCTS-old-100,98,False,Heuristic,1,6,4.442587375640869
Heuristic__VS__MCTS-old-100__GAME__99,Heuristic,MCTS-old-100,99,True,Heuristic,-1,12,12.410423994064331
Heuristic__VS__MCTS-old-100__GAME__100,Heuristic,MCTS-old-100,100,False,Heuristic,1,6,4.6313560009002686
Heuristic__VS__MCTS-old-100__GAME__101,Heuristic,MCTS-old-100,101,True,Heuristic,-1,18,19.496763944625854
Heuristic__VS__MCTS-old-100__GAME__102,Heuristic,MCTS-old-100,102,False,Heuristic,1,15,16.35717797279358
Heuristic__VS__MCTS-old-100__GAME__103,Heuristic,MCTS-old-100,103,True,Heuristic,-1,26,38.564460039138794
Heuristic__VS__MCTS-old-100__GAME__104,Heuristic,MCTS-old-100,104,False,Heuristic,1,6,4.989006280899048
Heuristic__VS__MCTS-old-100__GAME__105,Heuristic,MCTS-old-100,105,True,Heuristic,-1,10,9.147021770477295
Heuristic__VS__MCTS-old-100__GAME__106,Heuristic,MCTS-old-100,106,False,Heuristic,1,6,4.378915548324585
Heuristic__VS__MCTS-old-100__GAME__107,Heuristic,MCTS-old-100,107,True,Heuristic,-1,11,10.258418321609497
Heuristic__VS__MCTS-old-100__GAME__108,Heuristic,MCTS-old-100,108,False,Heuristic,1,11,9.525311946868896
Heuristic__VS__MCTS-old-100__GAME__109,Heuristic,MCTS-old-100,109,True,Heuristic,-1,16,20.04420828819275
Heuristic__VS__MCTS-old-100__GAME__110,Heuristic,MCTS-old-100,110,False,Heuristic,1,4,3.1177611351013184
Heuristic__VS__MCTS-old-100__GAME__111,Heuristic,MCTS-old-100,111,True,MCTS-old-100,1,31,48.83405828475952
Heuristic__VS__MCTS-old-100__GAME__112,Heuristic,MCTS-old-100,112,False,Heuristic,1,8,7.013296604156494
Heuristic__VS__MCTS-old-100__GAME__113,Heuristic,MCTS-old-100,113,True,Heuristic,-1,10,9.75417184829712
Heuristic__VS__MCTS-old-100__GAME__114,Heuristic,MCTS-old-100,114,False,Heuristic,1,6,4.617375612258911
Heuristic__VS__MCTS-old-100__GAME__115,Heuristic,MCTS-old-100,115,True,Heuristic,-1,7,5.686429738998413
Heuristic__VS__MCTS-old-100__GAME__116,Heuristic,MCTS-old-100,116,False,Heuristic,1,9,7.426400661468506
Heuristic__VS__MCTS-old-100__GAME__117,Heuristic,MCTS-old-100,117,True,Heuristic,-1,6,4.7233664989471436
Heuristic__VS__MCTS-old-100__GAME__118,Heuristic,MCTS-old-100,118,False,Heuristic,1,13,12.690650463104248
Heuristic__VS__MCTS-old-100__GAME__119,Heuristic,MCTS-old-100,119,True,Heuristic,-1,19,26.644683361053467
Heuristic__VS__MCTS-old-100__GAME__120,Heuristic,MCTS-old-100,120,False,Heuristic,1,6,4.418510913848877
Heuristic__VS__MCTS-old-100__GAME__121,Heuristic,MCTS-old-100,121,True,Heuristic,-1,7,6.1338300704956055
Heuristic__VS__MCTS-old-100__GAME__122,Heuristic,MCTS-old-100,122,False,Heuristic,1,13,13.392512798309326
Heuristic__VS__MCTS-old-100__GAME__123,Heuristic,MCTS-old-100,123,True,Heuristic,-1,19,23.226582527160645
Heuristic__VS__MCTS-old-100__GAME__124,Heuristic,MCTS-old-100,124,False,Heuristic,1,11,10.686487674713135
Heuristic__VS__MCTS-old-100__GAME__125,Heuristic,MCTS-old-100,125,True,Heuristic,-1,11,11.511126518249512
Heuristic__VS__MCTS-old-100__GAME__126,Heuristic,MCTS-old-100,126,False,Heuristic,1,15,19.956121683120728
Heuristic__VS__MCTS-old-100__GAME__127,Heuristic,MCTS-old-100,127,True,Heuristic,-1,10,9.454655408859253
Heuristic__VS__MCTS-old-100__GAME__128,Heuristic,MCTS-old-100,128,False,Heuristic,1,6,4.896546840667725
Heuristic__VS__MCTS-old-100__GAME__129,Heuristic,MCTS-old-100,129,True,Heuristic,-1,8,6.7627623081207275
Heuristic__VS__MCTS-old-100__GAME__130,Heuristic,MCTS-old-100,130,False,Heuristic,1,7,5.218296527862549
Heuristic__VS__MCTS-old-100__GAME__131,Heuristic,MCTS-old-100,131,True,Heuristic,-1,14,15.256576299667358
Heuristic__VS__MCTS-old-100__GAME__132,Heuristic,MCTS-old-100,132,False,Heuristic,1,9,6.948805809020996
Heuristic__VS__MCTS-old-100__GAME__133,Heuristic,MCTS-old-100,133,True,Heuristic,-1,10,8.970887422561646
Heuristic__VS__MCTS-old-100__GAME__134,Heuristic,MCTS-old-100,134,False,Heuristic,1,11,10.09143877029419
Heuristic__VS__MCTS-old-100__GAME__135,Heuristic,MCTS-old-100,135,True,Heuristic,-1,8,6.833908557891846
Heuristic__VS__MCTS-old-100__GAME__136,Heuristic,MCTS-old-100,136,False,Heuristic,1,31,63.85709762573242
Heuristic__VS__MCTS-old-100__GAME__137,Heuristic,MCTS-old-100,137,True,draw,0,50,100.3945517539978
Heuristic__VS__MCTS-old-100__GAME__138,Heuristic,MCTS-old-100,138,False,Heuristic,1,6,4.563376426696777
Heuristic__VS__MCTS-old-100__GAME__139,Heuristic,MCTS-old-100,139,True,Heuristic,-1,7,5.902818441390991
Heuristic__VS__MCTS-old-100__GAME__140,Heuristic,MCTS-old-100,140,False,Heuristic,1,13,12.443043947219849
Heuristic__VS__MCTS-old-100__GAME__141,Heuristic,MCTS-old-100,141,True,Heuristic,-1,12,11.70648455619812
Heuristic__VS__MCTS-old-100__GAME__142,Heuristic,MCTS-old-100,142,False,Heuristic,1,6,4.9712677001953125
Heuristic__VS__MCTS-old-100__GAME__143,Heuristic,MCTS-old-100,143,True,Heuristic,-1,9,8.313599348068237
Heuristic__VS__MCTS-old-100__GAME__144,Heuristic,MCTS-old-100,144,False,Heuristic,1,22,30.92139482498169
Heuristic__VS__MCTS-old-100__GAME__145,Heuristic,MCTS-old-100,145,True,Heuristic,-1,9,7.0367536544799805
Heuristic__VS__MCTS-old-100__GAME__146,Heuristic,MCTS-old-100,146,False,Heuristic,1,4,2.708049774169922
Heuristic__VS__MCTS-old-100__GAME__147,Heuristic,MCTS-old-100,147,True,Heuristic,-1,5,4.083709001541138
Heuristic__VS__MCTS-old-100__GAME__148,Heuristic,MCTS-old-100,148,False,Heuristic,1,34,50.79682922363281
Heuristic__VS__MCTS-old-100__GAME__149,Heuristic,MCTS-old-100,149,True,Heuristic,-1,6,4.688052415847778
Heuristic__VS__MCTS-old-100__GAME__150,Heuristic,MCTS-old-100,150,False,Heuristic,1,8,6.651640892028809
Heuristic__VS__MCTS-old-100__GAME__151,Heuristic,MCTS-old-100,151,True,MCTS-old-100,1,11,10.674374341964722
Heuristic__VS__MCTS-old-100__GAME__152,Heuristic,MCTS-old-100,152,False,Heuristic,1,14,15.216185569763184
Heuristic__VS__MCTS-old-100__GAME__153,Heuristic,MCTS-old-100,153,True,Heuristic,-1,8,6.850649118423462
Heuristic__VS__MCTS-old-100__GAME__154,Heuristic,MCTS-old-100,154,False,Heuristic,1,10,10.366454601287842
Heuristic__VS__MCTS-old-100__GAME__155,Heuristic,MCTS-old-100,155,True,Heuristic,-1,5,4.491446256637573
Heuristic__VS__MCTS-old-100__GAME__156,Heuristic,MCTS-old-100,156,False,MCTS-old-100,-1,12,12.491835355758667
Heuristic__VS__MCTS-old-100__GAME__157,Heuristic,MCTS-old-100,157,True,Heuristic,-1,10,9.193264245986938
Heuristic__VS__MCTS-old-100__GAME__158,Heuristic,MCTS-old-100,158,False,Heuristic,1,9,7.752994775772095
Heuristic__VS__MCTS-old-100__GAME__159,Heuristic,MCTS-old-100,159,True,Heuristic,-1,10,9.540822267532349
Heuristic__VS__MCTS-old-100__GAME__160,Heuristic,MCTS-old-100,160,False,Heuristic,1,15,14.445288896560669
Heuristic__VS__MCTS-old-100__GAME__161,Heuristic,MCTS-old-100,161,True,Heuristic,-1,5,4.306374788284302
Heuristic__VS__MCTS-old-100__GAME__162,Heuristic,MCTS-old-100,162,False,Heuristic,1,12,11.483912229537964
Heuristic__VS__MCTS-old-100__GAME__163,Heuristic,MCTS-old-100,163,True,Heuristic,-1,10,10.298938035964966
Heuristic__VS__MCTS-old-100__GAME__164,Heuristic,MCTS-old-100,164,False,Heuristic,1,6,4.712992191314697
Heuristic__VS__MCTS-old-100__GAME__165,Heuristic,MCTS-old-100,165,True,Heuristic,-1,6,4.827293634414673
Heuristic__VS__MCTS-old-100__GAME__166,Heuristic,MCTS-old-100,166,False,MCTS-old-100,-1,20,31.035147428512573
Heuristic__VS__MCTS-old-100__GAME__167,Heuristic,MCTS-old-100,167,True,Heuristic,-1,6,5.108255386352539
Heuristic__VS__MCTS-old-100__GAME__168,Heuristic,MCTS-old-100,168,False,MCTS-old-100,-1,16,15.83237338066101
Heuristic__VS__MCTS-old-100__GAME__169,Heuristic,MCTS-old-100,169,True,Heuristic,-1,5,3.721208095550537
Heuristic__VS__MCTS-old-100__GAME__170,Heuristic,MCTS-old-100,170,False,Heuristic,1,8,7.097053289413452
Heuristic__VS__MCTS-old-100__GAME__171,Heuristic,MCTS-old-100,171,True,Heuristic,-1,14,17.080952405929565
Heuristic__VS__MCTS-old-100__GAME__172,Heuristic,MCTS-old-100,172,False,MCTS-old-100,-1,8,6.122558116912842
Heuristic__VS__MCTS-old-100__GAME__173,Heuristic,MCTS-old-100,173,True,Heuristic,-1,5,4.551729440689087
Heuristic__VS__MCTS-old-100__GAME__174,Heuristic,MCTS-old-100,174,False,Heuristic,1,6,4.936678647994995
Heuristic__VS__MCTS-old-100__GAME__175,Heuristic,MCTS-old-100,175,True,Heuristic,-1,12,11.249230146408081
Heuristic__VS__MCTS-old-100__GAME__176,Heuristic,MCTS-old-100,176,False,MCTS-old-100,-1,8,6.064751863479614
Heuristic__VS__MCTS-old-100__GAME__177,Heuristic,MCTS-old-100,177,True,Heuristic,-1,10,9.058231353759766
Heuristic__VS__MCTS-old-100__GAME__178,Heuristic,MCTS-old-100,178,False,MCTS-old-100,-1,8,5.9738664627075195
Heuristic__VS__MCTS-old-100__GAME__179,Heuristic,MCTS-old-100,179,True,Heuristic,-1,16,19.53259015083313
Heuristic__VS__MCTS-old-100__GAME__180,Heuristic,MCTS-old-100,180,False,Heuristic,1,6,5.362107515335083
Heuristic__VS__MCTS-old-100__GAME__181,Heuristic,MCTS-old-100,181,True,MCTS-old-100,1,7,5.565876722335815
Heuristic__VS__MCTS-old-100__GAME__182,Heuristic,MCTS-old-100,182,False,Heuristic,1,6,4.634379148483276
Heuristic__VS__MCTS-old-100__GAME__183,Heuristic,MCTS-old-100,183,True,Heuristic,-1,10,10.39426326751709
Heuristic__VS__MCTS-old-100__GAME__184,Heuristic,MCTS-old-100,184,False,Heuristic,1,7,5.23145055770874
Heuristic__VS__MCTS-old-100__GAME__185,Heuristic,MCTS-old-100,185,True,Heuristic,-1,5,4.327609300613403
Heuristic__VS__MCTS-old-100__GAME__186,Heuristic,MCTS-old-100,186,False,draw,0,50,121.59455585479736
Heuristic__VS__MCTS-old-100__GAME__187,Heuristic,MCTS-old-100,187,True,Heuristic,-1,22,33.50350069999695
Heuristic__VS__MCTS-old-100__GAME__188,Heuristic,MCTS-old-100,188,False,Heuristic,1,6,4.559420824050903
Heuristic__VS__MCTS-old-100__GAME__189,Heuristic,MCTS-old-100,189,True,Heuristic,-1,13,15.067914962768555
Heuristic__VS__MCTS-old-100__GAME__190,Heuristic,MCTS-old-100,190,False,Heuristic,1,8,7.884397506713867
Heuristic__VS__MCTS-old-100__GAME__191,Heuristic,MCTS-old-100,191,True,MCTS-old-100,1,9,9.057864904403687
Heuristic__VS__MCTS-old-100__GAME__192,Heuristic,MCTS-old-100,192,False,Heuristic,1,13,14.934718370437622
Heuristic__VS__MCTS-old-100__GAME__193,Heuristic,MCTS-old-100,193,True,Heuristic,-1,12,11.542462348937988
Heuristic__VS__MCTS-old-100__GAME__194,Heuristic,MCTS-old-100,194,False,MCTS-old-100,-1,14,14.710872173309326
Heuristic__VS__MCTS-old-100__GAME__195,Heuristic,MCTS-old-100,195,True,MCTS-old-100,1,19,22.60277771949768
Heuristic__VS__MCTS-old-100__GAME__196,Heuristic,MCTS-old-100,196,False,Heuristic,1,6,5.2572455406188965
Heuristic__VS__MCTS-old-100__GAME__197,Heuristic,MCTS-old-100,197,True,MCTS-old-100,1,11,9.853086471557617
Heuristic__VS__MCTS-old-100__GAME__198,Heuristic,MCTS-old-100,198,False,Heuristic,1,9,7.822660207748413
Heuristic__VS__MCTS-old-100__GAME__199,Heuristic,MCTS-old-100,199,True,Heuristic,-1,7,5.598085641860962
Heuristic__VS__MCTS-old-100__GAME__200,Heuristic,MCTS-old-100,200,False,Heuristic,1,6,4.964849233627319
Heuristic__VS__MCTS-old-100__GAME__201,Heuristic,MCTS-old-100,201,True,MCTS-old-100,1,7,6.24277663230896
Heuristic__VS__MCTS-old-100__GAME__202,Heuristic,MCTS-old-100,202,False,Heuristic,1,5,3.1807758808135986
Heuristic__VS__MCTS-old-100__GAME__203,Heuristic,MCTS-old-100,203,True,Heuristic,-1,5,4.35660982131958
Heuristic__VS__MCTS-old-100__GAME__204,Heuristic,MCTS-old-100,204,False,Heuristic,1,8,6.708246946334839
Heuristic__VS__MCTS-old-100__GAME__205,Heuristic,MCTS-old-100,205,True,Heuristic,-1,9,7.7818920612335205
Heuristic__VS__MCTS-old-100__GAME__206,Heuristic,MCTS-old-100,206,False,Heuristic,1,6,4.283843278884888
Heuristic__VS__MCTS-old-100__GAME__207,Heuristic,MCTS-old-100,207,True,MCTS-old-100,1,9,6.509218454360962
Heuristic__VS__MCTS-old-100__GAME__208,Heuristic,MCTS-old-100,208,False,Heuristic,1,16,17.972584009170532
Heuristic__VS__MCTS-old-100__GAME__209,Heuristic,MCTS-old-100,209,True,Heuristic,-1,24,40.7028706073761
Heuristic__VS__MCTS-old-100__GAME__210,Heuristic,MCTS-old-100,210,False,Heuristic,1,7,5.305049657821655
Heuristic__VS__MCTS-old-100__GAME__211,Heuristic,MCTS-old-100,211,True,Heuristic,-1,14,17.04120445251465
Heuristic__VS__MCTS-old-100__GAME__212,Heuristic,MCTS-old-100,212,False,Heuristic,1,7,5.201333522796631
Heuristic__VS__MCTS-old-100__GAME__213,Heuristic,MCTS-old-100,213,True,Heuristic,-1,6,4.2598161697387695
Heuristic__VS__MCTS-old-100__GAME__214,Heuristic,MCTS-old-100,214,False,Heuristic,1,6,4.702671766281128
Heuristic__VS__MCTS-old-100__GAME__215,Heuristic,MCTS-old-100,215,True,Heuristic,-1,8,6.9279210567474365
Heuristic__VS__MCTS-old-100__GAME__216,Heuristic,MCTS-old-100,216,False,Heuristic,1,8,7.036588430404663
Heuristic__VS__MCTS-old-100__GAME__217,Heuristic,MCTS-old-100,217,True,Heuristic,-1,8,7.1817262172698975
Heuristic__VS__MCTS-old-100__GAME__218,Heuristic,MCTS-old-100,218,False,Heuristic,1,13,12.99643588066101
Heuristic__VS__MCTS-old-100__GAME__219,Heuristic,MCTS-old-100,219,True,Heuristic,-1,12,11.043640851974487
Heuristic__VS__MCTS-old-100__GAME__220,Heuristic,MCTS-old-100,220,False,Heuristic,1,7,5.00656795501709
Heuristic__VS__MCTS-old-100__GAME__221,Heuristic,MCTS-old-100,221,True,Heuristic,-1,20,21.10970687866211
Heuristic__VS__MCTS-old-100__GAME__222,Heuristic,MCTS-old-100,222,False,MCTS-old-100,-1,10,8.08060908317566
Heuristic__VS__MCTS-old-100__GAME__223,Heuristic,MCTS-old-100,223,True,Heuristic,-1,12,11.81882643699646
Heuristic__VS__MCTS-old-100__GAME__224,Heuristic,MCTS-old-100,224,False,Heuristic,1,8,6.439688444137573
Heuristic__VS__MCTS-old-100__GAME__225,Heuristic,MCTS-old-100,225,True,Heuristic,-1,13,16.340433597564697
Heuristic__VS__MCTS-old-100__GAME__226,Heuristic,MCTS-old-100,226,False,Heuristic,1,13,12.11243748664856
Heuristic__VS__MCTS-old-100__GAME__227,Heuristic,MCTS-old-100,227,True,Heuristic,-1,9,7.554626703262329
Heuristic__VS__MCTS-old-100__GAME__228,Heuristic,MCTS-old-100,228,False,draw,0,50,101.18573379516602
Heuristic__VS__MCTS-old-100__GAME__229,Heuristic,MCTS-old-100,229,True,Heuristic,-1,9,10.179978847503662
Heuristic__VS__MCTS-old-100__GAME__230,Heuristic,MCTS-old-100,230,False,Heuristic,1,7,7.672833442687988
Heuristic__VS__MCTS-old-100__GAME__231,Heuristic,MCTS-old-100,231,True,Heuristic,-1,10,16.543282747268677
Heuristic__VS__MCTS-old-100__GAME__232,Heuristic,MCTS-old-100,232,False,Heuristic,1,6,7.025187730789185
Heuristic__VS__MCTS-old-100__GAME__233,Heuristic,MCTS-old-100,233,True,Heuristic,-1,11,12.997954368591309
Heuristic__VS__MCTS-old-100__GAME__234,Heuristic,MCTS-old-100,234,False,Heuristic,1,8,9.518759489059448
Heuristic__VS__MCTS-old-100__GAME__235,Heuristic,MCTS-old-100,235,True,MCTS-old-100,1,15,31.697730779647827
Heuristic__VS__MCTS-old-100__GAME__236,Heuristic,MCTS-old-100,236,False,Heuristic,1,8,9.022413969039917
Heuristic__VS__MCTS-old-100__GAME__237,Heuristic,MCTS-old-100,237,True,Heuristic,-1,10,12.781832456588745
Heuristic__VS__MCTS-old-100__GAME__238,Heuristic,MCTS-old-100,238,False,Heuristic,1,12,16.886610984802246
Heuristic__VS__MCTS-old-100__GAME__239,Heuristic,MCTS-old-100,239,True,Heuristic,-1,10,35.8960325717926
Heuristic__VS__MCTS-old-100__GAME__240,Heuristic,MCTS-old-100,240,False,Heuristic,1,11,40.73647999763489
Heuristic__VS__MCTS-old-100__GAME__241,Heuristic,MCTS-old-100,241,True,Heuristic,-1,13,59.927881479263306
Heuristic__VS__MCTS-old-100__GAME__242,Heuristic,MCTS-old-100,242,False,Heuristic,1,5,13.699925422668457
Heuristic__VS__MCTS-old-100__GAME__243,Heuristic,MCTS-old-100,243,True,Heuristic,-1,5,20.741715908050537
Heuristic__VS__MCTS-old-100__GAME__244,Heuristic,MCTS-old-100,244,False,Heuristic,1,23,74.95580863952637
Heuristic__VS__MCTS-old-100__GAME__245,Heuristic,MCTS-old-100,245,True,Heuristic,-1,29,81.56617951393127
Heuristic__VS__MCTS-old-100__GAME__246,Heuristic,MCTS-old-100,246,False,Heuristic,1,13,23.700535774230957
Heuristic__VS__MCTS-old-100__GAME__247,Heuristic,MCTS-old-100,247,True,Heuristic,-1,13,25.35681939125061
Heuristic__VS__MCTS-old-100__GAME__248,Heuristic,MCTS-old-100,248,False,Heuristic,1,6,9.4955735206604
Heuristic__VS__MCTS-old-100__GAME__249,Heuristic,MCTS-old-100,249,True,Heuristic,-1,8,15.903534173965454
Heuristic__VS__MCTS-new-100__GAME__0,Heuristic,MCTS-new-100,0,False,Heuristic,1,6,9.946537733078003
Heuristic__VS__MCTS-new-100__GAME__1,Heuristic,MCTS-new-100,1,True,MCTS-new-100,1,11,22.077828407287598
Heuristic__VS__MCTS-new-100__GAME__2,Heuristic,MCTS-new-100,2,False,Heuristic,1,10,17.890117406845093
Heuristic__VS__MCTS-new-100__GAME__3,Heuristic,MCTS-new-100,3,True,Heuristic,-1,13,38.42833423614502
Heuristic__VS__MCTS-new-100__GAME__4,Heuristic,MCTS-new-100,4,False,Heuristic,1,17,44.367372035980225
Heuristic__VS__MCTS-new-100__GAME__5,Heuristic,MCTS-new-100,5,True,Heuristic,-1,16,38.27466821670532
Heuristic__VS__MCTS-new-100__GAME__6,Heuristic,MCTS-new-100,6,False,Heuristic,1,14,33.208882093429565
Heuristic__VS__MCTS-new-100__GAME__7,Heuristic,MCTS-new-100,7,True,Heuristic,-1,10,19.090254545211792
Heuristic__VS__MCTS-new-100__GAME__8,Heuristic,MCTS-new-100,8,False,Heuristic,1,9,16.34146499633789
Heuristic__VS__MCTS-new-100__GAME__9,Heuristic,MCTS-new-100,9,True,Heuristic,-1,12,25.769347190856934
Heuristic__VS__MCTS-new-100__GAME__10,Heuristic,MCTS-new-100,10,False,Heuristic,1,8,15.651405572891235
Heuristic__VS__MCTS-new-100__GAME__11,Heuristic,MCTS-new-100,11,True,MCTS-new-100,1,13,29.872814893722534
Heuristic__VS__MCTS-new-100__GAME__12,Heuristic,MCTS-new-100,12,False,MCTS-new-100,-1,16,41.77423143386841
Heuristic__VS__MCTS-new-100__GAME__13,Heuristic,MCTS-new-100,13,True,Heuristic,-1,5,10.686237812042236
Heuristic__VS__MCTS-new-100__GAME__14,Heuristic,MCTS-new-100,14,False,Heuristic,1,12,30.185091257095337
Heuristic__VS__MCTS-new-100__GAME__15,Heuristic,MCTS-new-100,15,True,Heuristic,-1,7,12.323092222213745
Heuristic__VS__MCTS-new-100__GAME__16,Heuristic,MCTS-new-100,16,False,Heuristic,1,9,16.763363361358643
Heuristic__VS__MCTS-new-100__GAME__17,Heuristic,MCTS-new-100,17,True,MCTS-new-100,1,33,114.34004259109497
Heuristic__VS__MCTS-new-100__GAME__18,Heuristic,MCTS-new-100,18,False,Heuristic,1,6,9.442973613739014
Heuristic__VS__MCTS-new-100__GAME__19,Heuristic,MCTS-new-100,19,True,Heuristic,-1,5,8.111957550048828
Heuristic__VS__MCTS-new-100__GAME__20,Heuristic,MCTS-new-100,20,False,Heuristic,1,25,68.31393456459045
Heuristic__VS__MCTS-new-100__GAME__21,Heuristic,MCTS-new-100,21,True,Heuristic,-1,8,14.375778198242188
Heuristic__VS__MCTS-new-100__GAME__22,Heuristic,MCTS-new-100,22,False,Heuristic,1,17,35.832398414611816
Heuristic__VS__MCTS-new-100__GAME__23,Heuristic,MCTS-new-100,23,True,Heuristic,-1,8,13.616997480392456
Heuristic__VS__MCTS-new-100__GAME__24,Heuristic,MCTS-new-100,24,False,Heuristic,1,4,5.1851208209991455
Heuristic__VS__MCTS-new-100__GAME__25,Heuristic,MCTS-new-100,25,True,Heuristic,-1,8,14.104662895202637
Heuristic__VS__MCTS-new-100__GAME__26,Heuristic,MCTS-new-100,26,False,Heuristic,1,9,14.18398666381836
Heuristic__VS__MCTS-new-100__GAME__27,Heuristic,MCTS-new-100,27,True,Heuristic,-1,10,17.961423873901367
Heuristic__VS__MCTS-new-100__GAME__28,Heuristic,MCTS-new-100,28,False,Heuristic,1,9,13.857271432876587
Heuristic__VS__MCTS-new-100__GAME__29,Heuristic,MCTS-new-100,29,True,Heuristic,-1,6,10.663202285766602
Heuristic__VS__MCTS-new-100__GAME__30,Heuristic,MCTS-new-100,30,False,Heuristic,1,10,19.64736533164978
Heuristic__VS__MCTS-new-100__GAME__31,Heuristic,MCTS-new-100,31,True,Heuristic,-1,13,31.013349294662476
Heuristic__VS__MCTS-new-100__GAME__32,Heuristic,MCTS-new-100,32,False,Heuristic,1,11,26.356968641281128
Heuristic__VS__MCTS-new-100__GAME__33,Heuristic,MCTS-new-100,33,True,Heuristic,-1,16,44.64916372299194
Heuristic__VS__MCTS-new-100__GAME__34,Heuristic,MCTS-new-100,34,False,Heuristic,1,13,27.4934663772583
Heuristic__VS__MCTS-new-100__GAME__35,Heuristic,MCTS-new-100,35,True,Heuristic,-1,12,23.092068672180176
Heuristic__VS__MCTS-new-100__GAME__36,Heuristic,MCTS-new-100,36,False,Heuristic,1,7,11.503927946090698
Heuristic__VS__MCTS-new-100__GAME__37,Heuristic,MCTS-new-100,37,True,Heuristic,-1,10,19.56082057952881
Heuristic__VS__MCTS-new-100__GAME__38,Heuristic,MCTS-new-100,38,False,Heuristic,1,9,13.25574254989624
Heuristic__VS__MCTS-new-100__GAME__39,Heuristic,MCTS-new-100,39,True,Heuristic,-1,12,38.49609732627869
Heuristic__VS__MCTS-new-100__GAME__40,Heuristic,MCTS-new-100,40,False,Heuristic,1,10,40.98348331451416
Heuristic__VS__MCTS-new-100__GAME__41,Heuristic,MCTS-new-100,41,True,Heuristic,-1,16,44.668636322021484
Heuristic__VS__MCTS-new-100__GAME__42,Heuristic,MCTS-new-100,42,False,Heuristic,1,48,187.06658244132996
Heuristic__VS__MCTS-new-100__GAME__43,Heuristic,MCTS-new-100,43,True,MCTS-new-100,1,9,18.63850426673889
Heuristic__VS__MCTS-new-100__GAME__44,Heuristic,MCTS-new-100,44,False,MCTS-new-100,-1,10,21.000782012939453
Heuristic__VS__MCTS-new-100__GAME__45,Heuristic,MCTS-new-100,45,True,Heuristic,-1,5,12.228882074356079
Heuristic__VS__MCTS-new-100__GAME__46,Heuristic,MCTS-new-100,46,False,Heuristic,1,4,14.647025108337402
Heuristic__VS__MCTS-new-100__GAME__47,Heuristic,MCTS-new-100,47,True,Heuristic,-1,8,15.453757047653198
Heuristic__VS__MCTS-new-100__GAME__48,Heuristic,MCTS-new-100,48,False,MCTS-new-100,-1,8,15.666739225387573
Heuristic__VS__MCTS-new-100__GAME__49,Heuristic,MCTS-new-100,49,True,Heuristic,-1,15,36.00268483161926
Heuristic__VS__MCTS-new-100__GAME__50,Heuristic,MCTS-new-100,50,False,Heuristic,1,9,16.288957118988037
Heuristic__VS__MCTS-new-100__GAME__51,Heuristic,MCTS-new-100,51,True,Heuristic,-1,10,20.916314840316772
Heuristic__VS__MCTS-new-100__GAME__52,Heuristic,MCTS-new-100,52,False,Heuristic,1,7,13.197021722793579
Heuristic__VS__MCTS-new-100__GAME__53,Heuristic,MCTS-new-100,53,True,Heuristic,-1,7,13.769260168075562
Heuristic__VS__MCTS-new-100__GAME__54,Heuristic,MCTS-new-100,54,False,Heuristic,1,31,66.12619233131409
Heuristic__VS__MCTS-new-100__GAME__55,Heuristic,MCTS-new-100,55,True,Heuristic,-1,6,5.6436920166015625
Heuristic__VS__MCTS-new-100__GAME__56,Heuristic,MCTS-new-100,56,False,Heuristic,1,7,6.256606101989746
Heuristic__VS__MCTS-new-100__GAME__57,Heuristic,MCTS-new-100,57,True,Heuristic,-1,11,18.748518705368042
Heuristic__VS__MCTS-new-100__GAME__58,Heuristic,MCTS-new-100,58,False,Heuristic,1,8,10.456393241882324
Heuristic__VS__MCTS-new-100__GAME__59,Heuristic,MCTS-new-100,59,True,Heuristic,-1,10,15.225766658782959
Heuristic__VS__MCTS-new-100__GAME__60,Heuristic,MCTS-new-100,60,False,Heuristic,1,6,10.51372218132019
Heuristic__VS__MCTS-new-100__GAME__61,Heuristic,MCTS-new-100,61,True,Heuristic,-1,8,10.188608646392822
Heuristic__VS__MCTS-new-100__GAME__62,Heuristic,MCTS-new-100,62,False,MCTS-new-100,-1,8,8.369653701782227
Heuristic__VS__MCTS-new-100__GAME__63,Heuristic,MCTS-new-100,63,True,Heuristic,-1,14,20.709941387176514
Heuristic__VS__MCTS-new-100__GAME__64,Heuristic,MCTS-new-100,64,False,Heuristic,1,23,78.45102143287659
Heuristic__VS__MCTS-new-100__GAME__65,Heuristic,MCTS-new-100,65,True,Heuristic,-1,16,33.189183950424194
Heuristic__VS__MCTS-new-100__GAME__66,Heuristic,MCTS-new-100,66,False,Heuristic,1,14,40.26225423812866
Heuristic__VS__MCTS-new-100__GAME__67,Heuristic,MCTS-new-100,67,True,Heuristic,-1,10,22.151628494262695
Heuristic__VS__MCTS-new-100__GAME__68,Heuristic,MCTS-new-100,68,False,Heuristic,1,12,30.950308084487915
Heuristic__VS__MCTS-new-100__GAME__69,Heuristic,MCTS-new-100,69,True,draw,0,50,187.64995336532593
Heuristic__VS__MCTS-new-100__GAME__70,Heuristic,MCTS-new-100,70,False,Heuristic,1,8,12.019451141357422
Heuristic__VS__MCTS-new-100__GAME__71,Heuristic,MCTS-new-100,71,True,Heuristic,-1,13,30.813971281051636
Heuristic__VS__MCTS-new-100__GAME__72,Heuristic,MCTS-new-100,72,False,Heuristic,1,11,24.53861117362976
Heuristic__VS__MCTS-new-100__GAME__73,Heuristic,MCTS-new-100,73,True,Heuristic,-1,5,10.827405452728271
Heuristic__VS__MCTS-new-100__GAME__74,Heuristic,MCTS-new-100,74,False,Heuristic,1,14,34.05683159828186
Heuristic__VS__MCTS-new-100__GAME__75,Heuristic,MCTS-new-100,75,True,Heuristic,-1,6,13.697402715682983
Heuristic__VS__MCTS-new-100__GAME__76,Heuristic,MCTS-new-100,76,False,Heuristic,1,9,18.16904926300049
Heuristic__VS__MCTS-new-100__GAME__77,Heuristic,MCTS-new-100,77,True,MCTS-new-100,1,17,46.15073847770691
Heuristic__VS__MCTS-new-100__GAME__78,Heuristic,MCTS-new-100,78,False,Heuristic,1,14,35.021233797073364
Heuristic__VS__MCTS-new-100__GAME__79,Heuristic,MCTS-new-100,79,True,Heuristic,-1,12,53.674686670303345
Heuristic__VS__MCTS-new-100__GAME__80,Heuristic,MCTS-new-100,80,False,Heuristic,1,25,93.12836050987244
Heuristic__VS__MCTS-new-100__GAME__81,Heuristic,MCTS-new-100,81,True,Heuristic,-1,10,25.371906757354736
Heuristic__VS__MCTS-new-100__GAME__82,Heuristic,MCTS-new-100,82,False,Heuristic,1,7,11.083702802658081
Heuristic__VS__MCTS-new-100__GAME__83,Heuristic,MCTS-new-100,83,True,Heuristic,-1,18,49.52200174331665
Heuristic__VS__MCTS-new-100__GAME__84,Heuristic,MCTS-new-100,84,False,Heuristic,1,7,11.933990478515625
Heuristic__VS__MCTS-new-100__GAME__85,Heuristic,MCTS-new-100,85,True,Heuristic,-1,11,26.579347610473633
Heuristic__VS__MCTS-new-100__GAME__86,Heuristic,MCTS-new-100,86,False,Heuristic,1,6,13.313841819763184
Heuristic__VS__MCTS-new-100__GAME__87,Heuristic,MCTS-new-100,87,True,Heuristic,-1,10,23.411412239074707
Heuristic__VS__MCTS-new-100__GAME__88,Heuristic,MCTS-new-100,88,False,MCTS-new-100,-1,14,25.597054481506348
Heuristic__VS__MCTS-new-100__GAME__89,Heuristic,MCTS-new-100,89,True,Heuristic,-1,6,5.90773868560791
Heuristic__VS__MCTS-new-100__GAME__90,Heuristic,MCTS-new-100,90,False,Heuristic,1,7,5.808755159378052
Heuristic__VS__MCTS-new-100__GAME__91,Heuristic,MCTS-new-100,91,True,Heuristic,-1,15,19.032219886779785
Heuristic__VS__MCTS-new-100__GAME__92,Heuristic,MCTS-new-100,92,False,Heuristic,1,7,6.622469902038574
Heuristic__VS__MCTS-new-100__GAME__93,Heuristic,MCTS-new-100,93,True,Heuristic,-1,8,8.752384662628174
Heuristic__VS__MCTS-new-100__GAME__94,Heuristic,MCTS-new-100,94,False,Heuristic,1,13,14.465319395065308
Heuristic__VS__MCTS-new-100__GAME__95,Heuristic,MCTS-new-100,95,True,Heuristic,-1,5,4.1835854053497314
Heuristic__VS__MCTS-new-100__GAME__96,Heuristic,MCTS-new-100,96,False,draw,0,50,62.4537079334259
Heuristic__VS__MCTS-new-100__GAME__97,Heuristic,MCTS-new-100,97,True,Heuristic,-1,5,4.905168771743774
Heuristic__VS__MCTS-new-100__GAME__98,Heuristic,MCTS-new-100,98,False,Heuristic,1,21,27.92191243171692
Heuristic__VS__MCTS-new-100__GAME__99,Heuristic,MCTS-new-100,99,True,Heuristic,-1,12,12.987486124038696
Heuristic__VS__MCTS-new-100__GAME__100,Heuristic,MCTS-new-100,100,False,Heuristic,1,7,5.2176244258880615
Heuristic__VS__MCTS-new-100__GAME__101,Heuristic,MCTS-new-100,101,True,Heuristic,-1,5,4.788488388061523
Heuristic__VS__MCTS-new-100__GAME__102,Heuristic,MCTS-new-100,102,False,Heuristic,1,17,25.195825338363647
Heuristic__VS__MCTS-new-100__GAME__103,Heuristic,MCTS-new-100,103,True,MCTS-new-100,1,9,9.588527917861938
Heuristic__VS__MCTS-new-100__GAME__104,Heuristic,MCTS-new-100,104,False,Heuristic,1,7,5.944021701812744
Heuristic__VS__MCTS-new-100__GAME__105,Heuristic,MCTS-new-100,105,True,Heuristic,-1,13,17.639408111572266
Heuristic__VS__MCTS-new-100__GAME__106,Heuristic,MCTS-new-100,106,False,MCTS-new-100,-1,8,7.211761236190796
Heuristic__VS__MCTS-new-100__GAME__107,Heuristic,MCTS-new-100,107,True,MCTS-new-100,1,11,12.319770097732544
Heuristic__VS__MCTS-new-100__GAME__108,Heuristic,MCTS-new-100,108,False,Heuristic,1,5,3.161127805709839
Heuristic__VS__MCTS-new-100__GAME__109,Heuristic,MCTS-new-100,109,True,Heuristic,-1,22,32.42446184158325
Heuristic__VS__MCTS-new-100__GAME__110,Heuristic,MCTS-new-100,110,False,Heuristic,1,11,11.929452896118164
Heuristic__VS__MCTS-new-100__GAME__111,Heuristic,MCTS-new-100,111,True,Heuristic,-1,13,16.12908434867859
Heuristic__VS__MCTS-new-100__GAME__112,Heuristic,MCTS-new-100,112,False,Heuristic,1,15,17.16503643989563
Heuristic__VS__MCTS-new-100__GAME__113,Heuristic,MCTS-new-100,113,True,Heuristic,-1,10,9.93610405921936
Heuristic__VS__MCTS-new-100__GAME__114,Heuristic,MCTS-new-100,114,False,MCTS-new-100,-1,8,8.545289516448975
Heuristic__VS__MCTS-new-100__GAME__115,Heuristic,MCTS-new-100,115,True,Heuristic,-1,19,22.607118129730225
Heuristic__VS__MCTS-new-100__GAME__116,Heuristic,MCTS-new-100,116,False,Heuristic,1,7,6.027590990066528
Heuristic__VS__MCTS-new-100__GAME__117,Heuristic,MCTS-new-100,117,True,Heuristic,-1,9,9.860884428024292
Heuristic__VS__MCTS-new-100__GAME__118,Heuristic,MCTS-new-100,118,False,Heuristic,1,13,15.91356086730957
Heuristic__VS__MCTS-new-100__GAME__119,Heuristic,MCTS-new-100,119,True,Heuristic,-1,12,12.066072702407837
Heuristic__VS__MCTS-new-100__GAME__120,Heuristic,MCTS-new-100,120,False,Heuristic,1,27,49.79756188392639
Heuristic__VS__MCTS-new-100__GAME__121,Heuristic,MCTS-new-100,121,True,Heuristic,-1,5,4.573775053024292
Heuristic__VS__MCTS-new-100__GAME__122,Heuristic,MCTS-new-100,122,False,Heuristic,1,6,4.661139011383057
Heuristic__VS__MCTS-new-100__GAME__123,Heuristic,MCTS-new-100,123,True,Heuristic,-1,11,13.290778160095215
Heuristic__VS__MCTS-new-100__GAME__124,Heuristic,MCTS-new-100,124,False,Heuristic,1,11,10.312083005905151
Heuristic__VS__MCTS-new-100__GAME__125,Heuristic,MCTS-new-100,125,True,Heuristic,-1,18,24.04957628250122
Heuristic__VS__MCTS-new-100__GAME__126,Heuristic,MCTS-new-100,126,False,Heuristic,1,15,20.953006267547607
Heuristic__VS__MCTS-new-100__GAME__127,Heuristic,MCTS-new-100,127,True,MCTS-new-100,1,13,15.446775436401367
Heuristic__VS__MCTS-new-100__GAME__128,Heuristic,MCTS-new-100,128,False,Heuristic,1,11,11.89985990524292
Heuristic__VS__MCTS-new-100__GAME__129,Heuristic,MCTS-new-100,129,True,Heuristic,-1,11,11.23185420036316
Heuristic__VS__MCTS-new-100__GAME__130,Heuristic,MCTS-new-100,130,False,Heuristic,1,8,7.61037802696228
Heuristic__VS__MCTS-new-100__GAME__131,Heuristic,MCTS-new-100,131,True,Heuristic,-1,12,13.067908525466919
Heuristic__VS__MCTS-new-100__GAME__132,Heuristic,MCTS-new-100,132,False,MCTS-new-100,-1,10,10.222196578979492
Heuristic__VS__MCTS-new-100__GAME__133,Heuristic,MCTS-new-100,133,True,MCTS-new-100,1,9,9.236248254776001
Heuristic__VS__MCTS-new-100__GAME__134,Heuristic,MCTS-new-100,134,False,Heuristic,1,7,7.533911466598511
Heuristic__VS__MCTS-new-100__GAME__135,Heuristic,MCTS-new-100,135,True,Heuristic,-1,14,17.238849639892578
Heuristic__VS__MCTS-new-100__GAME__136,Heuristic,MCTS-new-100,136,False,Heuristic,1,12,12.005410194396973
Heuristic__VS__MCTS-new-100__GAME__137,Heuristic,MCTS-new-100,137,True,Heuristic,-1,10,12.090473413467407
Heuristic__VS__MCTS-new-100__GAME__138,Heuristic,MCTS-new-100,138,False,Heuristic,1,6,7.17232608795166
Heuristic__VS__MCTS-new-100__GAME__139,Heuristic,MCTS-new-100,139,True,Heuristic,-1,11,11.732903480529785
Heuristic__VS__MCTS-new-100__GAME__140,Heuristic,MCTS-new-100,140,False,Heuristic,1,11,13.05728793144226
Heuristic__VS__MCTS-new-100__GAME__141,Heuristic,MCTS-new-100,141,True,Heuristic,-1,23,33.75611352920532
Heuristic__VS__MCTS-new-100__GAME__142,Heuristic,MCTS-new-100,142,False,Heuristic,1,6,5.366511583328247
Heuristic__VS__MCTS-new-100__GAME__143,Heuristic,MCTS-new-100,143,True,Heuristic,-1,7,6.338028430938721
Heuristic__VS__MCTS-new-100__GAME__144,Heuristic,MCTS-new-100,144,False,Heuristic,1,4,3.1016552448272705
Heuristic__VS__MCTS-new-100__GAME__145,Heuristic,MCTS-new-100,145,True,Heuristic,-1,14,15.768787145614624
Heuristic__VS__MCTS-new-100__GAME__146,Heuristic,MCTS-new-100,146,False,Heuristic,1,17,21.025689840316772
Heuristic__VS__MCTS-new-100__GAME__147,Heuristic,MCTS-new-100,147,True,Heuristic,-1,30,49.84098291397095
Heuristic__VS__MCTS-new-100__GAME__148,Heuristic,MCTS-new-100,148,False,Heuristic,1,13,17.333627939224243
Heuristic__VS__MCTS-new-100__GAME__149,Heuristic,MCTS-new-100,149,True,MCTS-new-100,1,9,10.301437616348267
Heuristic__VS__MCTS-new-100__GAME__150,Heuristic,MCTS-new-100,150,False,Heuristic,1,11,11.193197250366211
Heuristic__VS__MCTS-new-100__GAME__151,Heuristic,MCTS-new-100,151,True,MCTS-new-100,1,7,6.896314382553101
Heuristic__VS__MCTS-new-100__GAME__152,Heuristic,MCTS-new-100,152,False,Heuristic,1,4,3.115665912628174
Heuristic__VS__MCTS-new-100__GAME__153,Heuristic,MCTS-new-100,153,True,Heuristic,-1,13,15.339100360870361
Heuristic__VS__MCTS-new-100__GAME__154,Heuristic,MCTS-new-100,154,False,Heuristic,1,7,6.194134473800659
Heuristic__VS__MCTS-new-100__GAME__155,Heuristic,MCTS-new-100,155,True,Heuristic,-1,9,8.35584568977356
Heuristic__VS__MCTS-new-100__GAME__156,Heuristic,MCTS-new-100,156,False,Heuristic,1,29,49.51310873031616
Heuristic__VS__MCTS-new-100__GAME__157,Heuristic,MCTS-new-100,157,True,Heuristic,-1,16,19.629193782806396
Heuristic__VS__MCTS-new-100__GAME__158,Heuristic,MCTS-new-100,158,False,Heuristic,1,4,3.2802703380584717
Heuristic__VS__MCTS-new-100__GAME__159,Heuristic,MCTS-new-100,159,True,Heuristic,-1,8,6.661102533340454
Heuristic__VS__MCTS-new-100__GAME__160,Heuristic,MCTS-new-100,160,False,Heuristic,1,9,8.921813488006592
Heuristic__VS__MCTS-new-100__GAME__161,Heuristic,MCTS-new-100,161,True,Heuristic,-1,5,5.38578462600708
Heuristic__VS__MCTS-new-100__GAME__162,Heuristic,MCTS-new-100,162,False,Heuristic,1,4,2.6335995197296143
Heuristic__VS__MCTS-new-100__GAME__163,Heuristic,MCTS-new-100,163,True,Heuristic,-1,17,19.60781717300415
Heuristic__VS__MCTS-new-100__GAME__164,Heuristic,MCTS-new-100,164,False,Heuristic,1,12,15.932522058486938
Heuristic__VS__MCTS-new-100__GAME__165,Heuristic,MCTS-new-100,165,True,Heuristic,-1,6,4.810643672943115
Heuristic__VS__MCTS-new-100__GAME__166,Heuristic,MCTS-new-100,166,False,Heuristic,1,13,15.660286903381348
Heuristic__VS__MCTS-new-100__GAME__167,Heuristic,MCTS-new-100,167,True,Heuristic,-1,12,13.245187282562256
Heuristic__VS__MCTS-new-100__GAME__168,Heuristic,MCTS-new-100,168,False,Heuristic,1,6,5.199631929397583
Heuristic__VS__MCTS-new-100__GAME__169,Heuristic,MCTS-new-100,169,True,Heuristic,-1,11,10.846820592880249
Heuristic__VS__MCTS-new-100__GAME__170,Heuristic,MCTS-new-100,170,False,Heuristic,1,6,5.485905647277832
Heuristic__VS__MCTS-new-100__GAME__171,Heuristic,MCTS-new-100,171,True,Heuristic,-1,12,13.89749264717102
Heuristic__VS__MCTS-new-100__GAME__172,Heuristic,MCTS-new-100,172,False,MCTS-new-100,-1,16,22.155156135559082
Heuristic__VS__MCTS-new-100__GAME__173,Heuristic,MCTS-new-100,173,True,Heuristic,-1,20,40.62319588661194
Heuristic__VS__MCTS-new-100__GAME__174,Heuristic,MCTS-new-100,174,False,MCTS-new-100,-1,10,8.529912948608398
Heuristic__VS__MCTS-new-100__GAME__175,Heuristic,MCTS-new-100,175,True,Heuristic,-1,8,7.400610685348511
Heuristic__VS__MCTS-new-100__GAME__176,Heuristic,MCTS-new-100,176,False,Heuristic,1,11,9.964699029922485
Heuristic__VS__MCTS-new-100__GAME__177,Heuristic,MCTS-new-100,177,True,Heuristic,-1,18,28.507652044296265
Heuristic__VS__MCTS-new-100__GAME__178,Heuristic,MCTS-new-100,178,False,Heuristic,1,17,18.076124668121338
Heuristic__VS__MCTS-new-100__GAME__179,Heuristic,MCTS-new-100,179,True,Heuristic,-1,20,26.947890043258667
Heuristic__VS__MCTS-new-100__GAME__180,Heuristic,MCTS-new-100,180,False,Heuristic,1,17,24.745887994766235
Heuristic__VS__MCTS-new-100__GAME__181,Heuristic,MCTS-new-100,181,True,Heuristic,-1,9,8.745897054672241
Heuristic__VS__MCTS-new-100__GAME__182,Heuristic,MCTS-new-100,182,False,Heuristic,1,9,7.905847787857056
Heuristic__VS__MCTS-new-100__GAME__183,Heuristic,MCTS-new-100,183,True,Heuristic,-1,10,11.03352165222168
Heuristic__VS__MCTS-new-100__GAME__184,Heuristic,MCTS-new-100,184,False,Heuristic,1,5,2.755342721939087
Heuristic__VS__MCTS-new-100__GAME__185,Heuristic,MCTS-new-100,185,True,Heuristic,-1,17,19.542795658111572
Heuristic__VS__MCTS-new-100__GAME__186,Heuristic,MCTS-new-100,186,False,Heuristic,1,10,11.453417778015137
Heuristic__VS__MCTS-new-100__GAME__187,Heuristic,MCTS-new-100,187,True,draw,0,50,103.5512809753418
Heuristic__VS__MCTS-new-100__GAME__188,Heuristic,MCTS-new-100,188,False,Heuristic,1,15,17.250243663787842
Heuristic__VS__MCTS-new-100__GAME__189,Heuristic,MCTS-new-100,189,True,MCTS-new-100,1,21,34.90657353401184
Heuristic__VS__MCTS-new-100__GAME__190,Heuristic,MCTS-new-100,190,False,Heuristic,1,15,14.361305713653564
Heuristic__VS__MCTS-new-100__GAME__191,Heuristic,MCTS-new-100,191,True,Heuristic,-1,8,7.107035160064697
Heuristic__VS__MCTS-new-100__GAME__192,Heuristic,MCTS-new-100,192,False,MCTS-new-100,-1,12,13.450582504272461
Heuristic__VS__MCTS-new-100__GAME__193,Heuristic,MCTS-new-100,193,True,Heuristic,-1,10,9.940232038497925
Heuristic__VS__MCTS-new-100__GAME__194,Heuristic,MCTS-new-100,194,False,Heuristic,1,9,8.478204250335693
Heuristic__VS__MCTS-new-100__GAME__195,Heuristic,MCTS-new-100,195,True,MCTS-new-100,1,13,15.694852113723755
Heuristic__VS__MCTS-new-100__GAME__196,Heuristic,MCTS-new-100,196,False,Heuristic,1,9,7.375117063522339
Heuristic__VS__MCTS-new-100__GAME__197,Heuristic,MCTS-new-100,197,True,MCTS-new-100,1,9,9.53145456314087
Heuristic__VS__MCTS-new-100__GAME__198,Heuristic,MCTS-new-100,198,False,Heuristic,1,25,39.310503005981445
Heuristic__VS__MCTS-new-100__GAME__199,Heuristic,MCTS-new-100,199,True,Heuristic,-1,11,11.583826065063477
Heuristic__VS__MCTS-new-100__GAME__200,Heuristic,MCTS-new-100,200,False,Heuristic,1,15,16.495887994766235
Heuristic__VS__MCTS-new-100__GAME__201,Heuristic,MCTS-new-100,201,True,Heuristic,-1,9,10.15511417388916
Heuristic__VS__MCTS-new-100__GAME__202,Heuristic,MCTS-new-100,202,False,Heuristic,1,4,2.9231772422790527
Heuristic__VS__MCTS-new-100__GAME__203,Heuristic,MCTS-new-100,203,True,Heuristic,-1,6,4.995916128158569
Heuristic__VS__MCTS-new-100__GAME__204,Heuristic,MCTS-new-100,204,False,Heuristic,1,8,6.2882513999938965
Heuristic__VS__MCTS-new-100__GAME__205,Heuristic,MCTS-new-100,205,True,Heuristic,-1,8,9.26578950881958
Heuristic__VS__MCTS-new-100__GAME__206,Heuristic,MCTS-new-100,206,False,Heuristic,1,6,4.80925989151001
Heuristic__VS__MCTS-new-100__GAME__207,Heuristic,MCTS-new-100,207,True,Heuristic,-1,12,13.394070625305176
Heuristic__VS__MCTS-new-100__GAME__208,Heuristic,MCTS-new-100,208,False,Heuristic,1,6,6.2556304931640625
Heuristic__VS__MCTS-new-100__GAME__209,Heuristic,MCTS-new-100,209,True,MCTS-new-100,1,23,39.30707383155823
Heuristic__VS__MCTS-new-100__GAME__210,Heuristic,MCTS-new-100,210,False,Heuristic,1,13,14.171207427978516
Heuristic__VS__MCTS-new-100__GAME__211,Heuristic,MCTS-new-100,211,True,Heuristic,-1,5,4.267827749252319
Heuristic__VS__MCTS-new-100__GAME__212,Heuristic,MCTS-new-100,212,False,MCTS-new-100,-1,10,8.665179014205933
Heuristic__VS__MCTS-new-100__GAME__213,Heuristic,MCTS-new-100,213,True,Heuristic,-1,5,4.305997848510742
Heuristic__VS__MCTS-new-100__GAME__214,Heuristic,MCTS-new-100,214,False,Heuristic,1,27,42.26093888282776
Heuristic__VS__MCTS-new-100__GAME__215,Heuristic,MCTS-new-100,215,True,Heuristic,-1,8,7.229578733444214
Heuristic__VS__MCTS-new-100__GAME__216,Heuristic,MCTS-new-100,216,False,Heuristic,1,7,5.712881326675415
Heuristic__VS__MCTS-new-100__GAME__217,Heuristic,MCTS-new-100,217,True,Heuristic,-1,24,38.41082501411438
Heuristic__VS__MCTS-new-100__GAME__218,Heuristic,MCTS-new-100,218,False,Heuristic,1,11,14.335909366607666
Heuristic__VS__MCTS-new-100__GAME__219,Heuristic,MCTS-new-100,219,True,Heuristic,-1,16,20.554560661315918
Heuristic__VS__MCTS-new-100__GAME__220,Heuristic,MCTS-new-100,220,False,Heuristic,1,6,4.696078062057495
Heuristic__VS__MCTS-new-100__GAME__221,Heuristic,MCTS-new-100,221,True,Heuristic,-1,8,7.571699142456055
Heuristic__VS__MCTS-new-100__GAME__222,Heuristic,MCTS-new-100,222,False,Heuristic,1,5,3.5695858001708984
Heuristic__VS__MCTS-new-100__GAME__223,Heuristic,MCTS-new-100,223,True,Heuristic,-1,38,74.81042528152466
Heuristic__VS__MCTS-new-100__GAME__224,Heuristic,MCTS-new-100,224,False,Heuristic,1,4,3.8294577598571777
Heuristic__VS__MCTS-new-100__GAME__225,Heuristic,MCTS-new-100,225,True,Heuristic,-1,6,5.6656858921051025
Heuristic__VS__MCTS-new-100__GAME__226,Heuristic,MCTS-new-100,226,False,Heuristic,1,9,8.584869623184204
Heuristic__VS__MCTS-new-100__GAME__227,Heuristic,MCTS-new-100,227,True,Heuristic,-1,6,4.954840421676636
Heuristic__VS__MCTS-new-100__GAME__228,Heuristic,MCTS-new-100,228,False,Heuristic,1,8,6.953345060348511
Heuristic__VS__MCTS-new-100__GAME__229,Heuristic,MCTS-new-100,229,True,Heuristic,-1,12,14.186552286148071
Heuristic__VS__MCTS-new-100__GAME__230,Heuristic,MCTS-new-100,230,False,Heuristic,1,6,4.79646372795105
Heuristic__VS__MCTS-new-100__GAME__231,Heuristic,MCTS-new-100,231,True,Heuristic,-1,9,8.826400518417358
Heuristic__VS__MCTS-new-100__GAME__232,Heuristic,MCTS-new-100,232,False,Heuristic,1,5,3.4501659870147705
Heuristic__VS__MCTS-new-100__GAME__233,Heuristic,MCTS-new-100,233,True,Heuristic,-1,5,4.435161113739014
Heuristic__VS__MCTS-new-100__GAME__234,Heuristic,MCTS-new-100,234,False,Heuristic,1,6,4.978233098983765
Heuristic__VS__MCTS-new-100__GAME__235,Heuristic,MCTS-new-100,235,True,MCTS-new-100,1,31,45.54795742034912
Heuristic__VS__MCTS-new-100__GAME__236,Heuristic,MCTS-new-100,236,False,Heuristic,1,6,4.792408466339111
Heuristic__VS__MCTS-new-100__GAME__237,Heuristic,MCTS-new-100,237,True,Heuristic,-1,8,6.6291344165802
Heuristic__VS__MCTS-new-100__GAME__238,Heuristic,MCTS-new-100,238,False,Heuristic,1,5,3.349412679672241
Heuristic__VS__MCTS-new-100__GAME__239,Heuristic,MCTS-new-100,239,True,Heuristic,-1,5,4.738996505737305
Heuristic__VS__MCTS-new-100__GAME__240,Heuristic,MCTS-new-100,240,False,Heuristic,1,6,5.2613513469696045
Heuristic__VS__MCTS-new-100__GAME__241,Heuristic,MCTS-new-100,241,True,Heuristic,-1,5,5.888522148132324
Heuristic__VS__MCTS-new-100__GAME__242,Heuristic,MCTS-new-100,242,False,Heuristic,1,8,7.209663152694702
Heuristic__VS__MCTS-new-100__GAME__243,Heuristic,MCTS-new-100,243,True,Heuristic,-1,5,4.152319669723511
Heuristic__VS__MCTS-new-100__GAME__244,Heuristic,MCTS-new-100,244,False,Heuristic,1,17,22.575233221054077
Heuristic__VS__MCTS-new-100__GAME__245,Heuristic,MCTS-new-100,245,True,Heuristic,-1,5,5.409444570541382
Heuristic__VS__MCTS-new-100__GAME__246,Heuristic,MCTS-new-100,246,False,Heuristic,1,4,3.020073652267456
Heuristic__VS__MCTS-new-100__GAME__247,Heuristic,MCTS-new-100,247,True,Heuristic,-1,20,29.301594257354736
Heuristic__VS__MCTS-new-100__GAME__248,Heuristic,MCTS-new-100,248,False,MCTS-new-100,-1,18,24.714224338531494
Heuristic__VS__MCTS-new-100__GAME__249,Heuristic,MCTS-new-100,249,True,Heuristic,-1,11,12.266844034194946
AlphaBeta-new-d3__VS__MCTS-old-100__GAME__0,AlphaBeta-new-d3,MCTS-old-100,0,False,AlphaBeta-new-d3,1,11,22.375449419021606
AlphaBeta-new-d3__VS__MCTS-old-100__GAME__1,AlphaBeta-new-d3,MCTS-old-100,1,True,MCTS-old-100,1,9,10.824893951416016
AlphaBeta-new-d3__VS__MCTS-old-100__GAME__2,AlphaBeta-new-d3,MCTS-old-100,2,False,MCTS-old-100,-1,8,8.645814180374146
AlphaBeta-new-d3__VS__MCTS-old-100__GAME__3,AlphaBeta-new-d3,MCTS-old-100,3,True,AlphaBeta-new-d3,-1,9,12.186643838882446
AlphaBeta-new-d3__VS__MCTS-old-100__GAME__4,AlphaBeta-new-d3,MCTS-old-100,4,False,AlphaBeta-new-d3,1,9,18.18712091445923
AlphaBeta-new-d3__VS__MCTS-old-100__GAME__5,AlphaBeta-new-d3,MCTS-old-100,5,True,MCTS-old-100,1,11,12.255313396453857
AlphaBeta-new-d3__VS__MCTS-old-100__GAME__6,AlphaBeta-new-d3,MCTS-old-100,6,False,MCTS-old-100,-1,12,14.815490007400513
AlphaBeta-new-d3__VS__MCTS-old-100__GAME__7,AlphaBeta-new-d3,MCTS-old-100,7,True,MCTS-old-100,1,13,18.547942638397217
AlphaBeta-new-d3__VS__MCTS-old-100__GAME__8,AlphaBeta-new-d3,MCTS-old-100,8,False,draw,0,50,69.3053572177887
AlphaBeta-new-d3__VS__MCTS-old-100__GAME__9,AlphaBeta-new-d3,MCTS-old-100,9,True,AlphaBeta-new-d3,-1,5,5.728022813796997
AlphaBeta-new-d3__VS__MCTS-old-100__GAME__10,AlphaBeta-new-d3,MCTS-old-100,10,False,MCTS-old-100,-1,14,20.026726007461548
AlphaBeta-new-d3__VS__MCTS-old-100__GAME__11,AlphaBeta-new-d3,MCTS-old-100,11,True,AlphaBeta-new-d3,-1,26,42.85135793685913
AlphaBeta-new-d3__VS__MCTS-old-100__GAME__12,AlphaBeta-new-d3,MCTS-old-100,12,False,AlphaBeta-new-d3,1,8,10.224775075912476
AlphaBeta-new-d3__VS__MCTS-old-100__GAME__13,AlphaBeta-new-d3,MCTS-old-100,13,True,AlphaBeta-new-d3,-1,5,6.102399826049805
AlphaBeta-new-d3__VS__MCTS-old-100__GAME__14,AlphaBeta-new-d3,MCTS-old-100,14,False,AlphaBeta-new-d3,1,6,7.586660861968994
AlphaBeta-new-d3__VS__MCTS-old-100__GAME__15,AlphaBeta-new-d3,MCTS-old-100,15,True,MCTS-old-100,1,23,32.598740339279175
AlphaBeta-new-d3__VS__MCTS-old-100__GAME__16,AlphaBeta-new-d3,MCTS-old-100,16,False,MCTS-old-100,-1,6,5.597187757492065
AlphaBeta-new-d3__VS__MCTS-old-100__GAME__17,AlphaBeta-new-d3,MCTS-old-100,17,True,draw,0,50,71.36273169517517
AlphaBeta-new-d3__VS__MCTS-old-100__GAME__18,AlphaBeta-new-d3,MCTS-old-100,18,False,MCTS-old-100,-1,8,9.44753122329712
AlphaBeta-new-d3__VS__MCTS-old-100__GAME__19,AlphaBeta-new-d3,MCTS-old-100,19,True,MCTS-old-100,1,15,19.418784618377686
AlphaBeta-new-d3__VS__MCTS-old-100__GAME__20,AlphaBeta-new-d3,MCTS-old-100,20,False,MCTS-old-100,-1,12,15.943568468093872
AlphaBeta-new-d3__VS__MCTS-old-100__GAME__21,AlphaBeta-new-d3,MCTS-old-100,21,True,AlphaBeta-new-d3,-1,5,5.82695198059082
AlphaBeta-new-d3__VS__MCTS-old-100__GAME__22,AlphaBeta-new-d3,MCTS-old-100,22,False,MCTS-old-100,-1,12,15.535443782806396
AlphaBeta-new-d3__VS__MCTS-old-100__GAME__23,AlphaBeta-new-d3,MCTS-old-100,23,True,MCTS-old-100,1,5,5.268330812454224
AlphaBeta-new-d3__VS__MCTS-old-100__GAME__24,AlphaBeta-new-d3,MCTS-old-100,24,False,MCTS-old-100,-1,14,19.18836212158203
AlphaBeta-new-d3__VS__MCTS-old-100__GAME__25,AlphaBeta-new-d3,MCTS-old-100,25,True,MCTS-old-100,1,6,6.730140686035156
AlphaBeta-new-d3__VS__MCTS-old-100__GAME__26,AlphaBeta-new-d3,MCTS-old-100,26,False,AlphaBeta-new-d3,1,9,10.787312030792236
AlphaBeta-new-d3__VS__MCTS-old-100__GAME__27,AlphaBeta-new-d3,MCTS-old-100,27,True,MCTS-old-100,1,11,13.535043478012085
AlphaBeta-new-d3__VS__MCTS-old-100__GAME__28,AlphaBeta-new-d3,MCTS-old-100,28,False,AlphaBeta-new-d3,1,9,10.917968511581421
AlphaBeta-new-d3__VS__MCTS-old-100__GAME__29,AlphaBeta-new-d3,MCTS-old-100,29,True,AlphaBeta-new-d3,-1,19,23.085177421569824
AlphaBeta-new-d3__VS__MCTS-old-100__GAME__30,AlphaBeta-new-d3,MCTS-old-100,30,False,AlphaBeta-new-d3,1,10,11.801514387130737
AlphaBeta-new-d3__VS__MCTS-old-100__GAME__31,AlphaBeta-new-d3,MCTS-old-100,31,True,MCTS-old-100,1,15,21.20955753326416
AlphaBeta-new-d3__VS__MCTS-old-100__GAME__32,AlphaBeta-new-d3,MCTS-old-100,32,False,MCTS-old-100,-1,10,11.408354043960571
AlphaBeta-new-d3__VS__MCTS-old-100__GAME__33,AlphaBeta-new-d3,MCTS-old-100,33,True,MCTS-old-100,1,9,11.053534984588623
AlphaBeta-new-d3__VS__MCTS-old-100__GAME__34,AlphaBeta-new-d3,MCTS-old-100,34,False,MCTS-old-100,-1,16,21.925583124160767
AlphaBeta-new-d3__VS__MCTS-old-100__GAME__35,AlphaBeta-new-d3,MCTS-old-100,35,True,MCTS-old-100,1,11,11.844661951065063
AlphaBeta-new-d3__VS__MCTS-old-100__GAME__36,AlphaBeta-new-d3,MCTS-old-100,36,False,MCTS-old-100,-1,8,8.963370323181152
AlphaBeta-new-d3__VS__MCTS-old-100__GAME__37,AlphaBeta-new-d3,MCTS-old-100,37,True,MCTS-old-100,1,27,47.76006555557251
AlphaBeta-new-d3__VS__MCTS-old-100__GAME__38,AlphaBeta-new-d3,MCTS-old-100,38,False,MCTS-old-100,-1,10,11.132387161254883
AlphaBeta-new-d3__VS__MCTS-old-100__GAME__39,AlphaBeta-new-d3,MCTS-old-100,39,True,draw,0,50,72.7553460597992
AlphaBeta-new-d3__VS__MCTS-old-100__GAME__40,AlphaBeta-new-d3,MCTS-old-100,40,False,MCTS-old-100,-1,6,5.8585710525512695
AlphaBeta-new-d3__VS__MCTS-old-100__GAME__41,AlphaBeta-new-d3,MCTS-old-100,41,True,MCTS-old-100,1,17,24.621120929718018
AlphaBeta-new-d3__VS__MCTS-old-100__GAME__42,AlphaBeta-new-d3,MCTS-old-100,42,False,MCTS-old-100,-1,6,6.932263612747192
AlphaBeta-new-d3__VS__MCTS-old-100__GAME__43,AlphaBeta-new-d3,MCTS-old-100,43,True,MCTS-old-100,1,17,23.6033194065094
AlphaBeta-new-d3__VS__MCTS-old-100__GAME__44,AlphaBeta-new-d3,MCTS-old-100,44,False,AlphaBeta-new-d3,1,17,43.13298773765564
AlphaBeta-new-d3__VS__MCTS-old-100__GAME__45,AlphaBeta-new-d3,MCTS-old-100,45,True,MCTS-old-100,1,7,7.267876148223877
AlphaBeta-new-d3__VS__MCTS-old-100__GAME__46,AlphaBeta-new-d3,MCTS-old-100,46,False,MCTS-old-100,-1,7,7.152705669403076
AlphaBeta-new-d3__VS__MCTS-old-100__GAME__47,AlphaBeta-new-d3,MCTS-old-100,47,True,MCTS-old-100,1,5,4.970317602157593
AlphaBeta-new-d3__VS__MCTS-old-100__GAME__48,AlphaBeta-new-d3,MCTS-old-100,48,False,MCTS-old-100,-1,12,15.14583969116211
AlphaBeta-new-d3__VS__MCTS-old-100__GAME__49,AlphaBeta-new-d3,MCTS-old-100,49,True,AlphaBeta-new-d3,-1,13,15.725062608718872
AlphaBeta-new-d3__VS__MCTS-old-100__GAME__50,AlphaBeta-new-d3,MCTS-old-100,50,False,MCTS-old-100,-1,4,2.604492664337158
AlphaBeta-new-d3__VS__MCTS-old-100__GAME__51,AlphaBeta-new-d3,MCTS-old-100,51,True,MCTS-old-100,1,7,8.456134557723999
AlphaBeta-new-d3__VS__MCTS-old-100__GAME__52,AlphaBeta-new-d3,MCTS-old-100,52,False,MCTS-old-100,-1,10,10.646479845046997
AlphaBeta-new-d3__VS__MCTS-old-100__GAME__53,AlphaBeta-new-d3,MCTS-old-100,53,True,MCTS-old-100,1,5,5.055216312408447
AlphaBeta-new-d3__VS__MCTS-old-100__GAME__54,AlphaBeta-new-d3,MCTS-old-100,54,False,MCTS-old-100,-1,12,14.814387321472168
AlphaBeta-new-d3__VS__MCTS-old-100__GAME__55,AlphaBeta-new-d3,MCTS-old-100,55,True,MCTS-old-100,1,7,6.918412685394287
AlphaBeta-new-d3__VS__MCTS-old-100__GAME__56,AlphaBeta-new-d3,MCTS-old-100,56,False,MCTS-old-100,-1,8,7.3297812938690186
AlphaBeta-new-d3__VS__MCTS-old-100__GAME__57,AlphaBeta-new-d3,MCTS-old-100,57,True,MCTS-old-100,1,11,15.724117517471313
AlphaBeta-new-d3__VS__MCTS-old-100__GAME__58,AlphaBeta-new-d3,MCTS-old-100,58,False,draw,0,50,74.84321975708008
AlphaBeta-new-d3__VS__MCTS-old-100__GAME__59,AlphaBeta-new-d3,MCTS-old-100,59,True,MCTS-old-100,1,8,9.804519653320312
AlphaBeta-new-d3__VS__MCTS-old-100__GAME__60,AlphaBeta-new-d3,MCTS-old-100,60,False,AlphaBeta-new-d3,1,19,28.182862281799316
AlphaBeta-new-d3__VS__MCTS-old-100__GAME__61,AlphaBeta-new-d3,MCTS-old-100,61,True,MCTS-old-100,1,5,4.001894474029541
AlphaBeta-new-d3__VS__MCTS-old-100__GAME__62,AlphaBeta-new-d3,MCTS-old-100,62,False,MCTS-old-100,-1,26,34.86152505874634
AlphaBeta-new-d3__VS__MCTS-old-100__GAME__63,AlphaBeta-new-d3,MCTS-old-100,63,True,MCTS-old-100,1,6,6.894230127334595
AlphaBeta-new-d3__VS__MCTS-old-100__GAME__64,AlphaBeta-new-d3,MCTS-old-100,64,False,MCTS-old-100,-1,48,65.1670069694519
AlphaBeta-new-d3__VS__MCTS-old-100__GAME__65,AlphaBeta-new-d3,MCTS-old-100,65,True,MCTS-old-100,1,27,35.12334728240967
AlphaBeta-new-d3__VS__MCTS-old-100__GAME__66,AlphaBeta-new-d3,MCTS-old-100,66,False,MCTS-old-100,-1,6,6.76965856552124
AlphaBeta-new-d3__VS__MCTS-old-100__GAME__67,AlphaBeta-new-d3,MCTS-old-100,67,True,MCTS-old-100,1,7,8.910898685455322
AlphaBeta-new-d3__VS__MCTS-old-100__GAME__68,AlphaBeta-new-d3,MCTS-old-100,68,False,MCTS-old-100,-1,8,8.636890411376953
AlphaBeta-new-d3__VS__MCTS-old-100__GAME__69,AlphaBeta-new-d3,MCTS-old-100,69,True,MCTS-old-100,1,5,4.659444332122803
AlphaBeta-new-d3__VS__MCTS-old-100__GAME__70,AlphaBeta-new-d3,MCTS-old-100,70,False,MCTS-old-100,-1,6,5.085147380828857
AlphaBeta-new-d3__VS__MCTS-old-100__GAME__71,AlphaBeta-new-d3,MCTS-old-100,71,True,AlphaBeta-new-d3,-1,25,34.36283898353577
AlphaBeta-new-d3__VS__MCTS-old-100__GAME__72,AlphaBeta-new-d3,MCTS-old-100,72,False,AlphaBeta-new-d3,1,26,40.79852485656738
AlphaBeta-new-d3__VS__MCTS-old-100__GAME__73,AlphaBeta-new-d3,MCTS-old-100,73,True,MCTS-old-100,1,7,8.100472688674927
AlphaBeta-new-d3__VS__MCTS-old-100__GAME__74,AlphaBeta-new-d3,MCTS-old-100,74,False,MCTS-old-100,-1,12,14.071363925933838
AlphaBeta-new-d3__VS__MCTS-old-100__GAME__75,AlphaBeta-new-d3,MCTS-old-100,75,True,MCTS-old-100,1,19,28.0491886138916
AlphaBeta-new-d3__VS__MCTS-old-100__GAME__76,AlphaBeta-new-d3,MCTS-old-100,76,False,MCTS-old-100,-1,24,38.59323525428772
AlphaBeta-new-d3__VS__MCTS-old-100__GAME__77,AlphaBeta-new-d3,MCTS-old-100,77,True,MCTS-old-100,1,17,23.16890025138855
AlphaBeta-new-d3__VS__MCTS-old-100__GAME__78,AlphaBeta-new-d3,MCTS-old-100,78,False,MCTS-old-100,-1,8,8.266813039779663
AlphaBeta-new-d3__VS__MCTS-old-100__GAME__79,AlphaBeta-new-d3,MCTS-old-100,79,True,MCTS-old-100,1,9,9.512831449508667
AlphaBeta-new-d3__VS__MCTS-old-100__GAME__80,AlphaBeta-new-d3,MCTS-old-100,80,False,MCTS-old-100,-1,11,14.26207160949707
AlphaBeta-new-d3__VS__MCTS-old-100__GAME__81,AlphaBeta-new-d3,MCTS-old-100,81,True,MCTS-old-100,1,7,8.297374963760376
AlphaBeta-new-d3__VS__MCTS-old-100__GAME__82,AlphaBeta-new-d3,MCTS-old-100,82,False,MCTS-old-100,-1,14,20.924681901931763
AlphaBeta-new-d3__VS__MCTS-old-100__GAME__83,AlphaBeta-new-d3,MCTS-old-100,83,True,AlphaBeta-new-d3,-1,19,29.171990394592285
AlphaBeta-new-d3__VS__MCTS-old-100__GAME__84,AlphaBeta-new-d3,MCTS-old-100,84,False,MCTS-old-100,-1,6,5.34749698638916
AlphaBeta-new-d3__VS__MCTS-old-100__GAME__85,AlphaBeta-new-d3,MCTS-old-100,85,True,MCTS-old-100,1,9,10.721086740493774
AlphaBeta-new-d3__VS__MCTS-old-100__GAME__86,AlphaBeta-new-d3,MCTS-old-100,86,False,MCTS-old-100,-1,14,18.262460231781006
AlphaBeta-new-d3__VS__MCTS-old-100__GAME__87,AlphaBeta-new-d3,MCTS-old-100,87,True,MCTS-old-100,1,5,5.225415945053101
AlphaBeta-new-d3__VS__MCTS-old-100__GAME__88,AlphaBeta-new-d3,MCTS-old-100,88,False,MCTS-old-100,-1,10,11.756133556365967
AlphaBeta-new-d3__VS__MCTS-old-100__GAME__89,AlphaBeta-new-d3,MCTS-old-100,89,True,AlphaBeta-new-d3,-1,11,13.40108323097229
AlphaBeta-new-d3__VS__MCTS-old-100__GAME__90,AlphaBeta-new-d3,MCTS-old-100,90,False,MCTS-old-100,-1,8,9.999195337295532
AlphaBeta-new-d3__VS__MCTS-old-100__GAME__91,AlphaBeta-new-d3,MCTS-old-100,91,True,AlphaBeta-new-d3,-1,17,22.816477298736572
AlphaBeta-new-d3__VS__MCTS-old-100__GAME__92,AlphaBeta-new-d3,MCTS-old-100,92,False,MCTS-old-100,-1,6,6.413489103317261
AlphaBeta-new-d3__VS__MCTS-old-100__GAME__93,AlphaBeta-new-d3,MCTS-old-100,93,True,AlphaBeta-new-d3,-1,23,34.1690878868103
AlphaBeta-new-d3__VS__MCTS-old-100__GAME__94,AlphaBeta-new-d3,MCTS-old-100,94,False,MCTS-old-100,-1,6,6.445087909698486
AlphaBeta-new-d3__VS__MCTS-old-100__GAME__95,AlphaBeta-new-d3,MCTS-old-100,95,True,MCTS-old-100,1,9,9.188489437103271
AlphaBeta-new-d3__VS__MCTS-old-100__GAME__96,AlphaBeta-new-d3,MCTS-old-100,96,False,MCTS-old-100,-1,6,5.822955846786499
AlphaBeta-new-d3__VS__MCTS-old-100__GAME__97,AlphaBeta-new-d3,MCTS-old-100,97,True,AlphaBeta-new-d3,-1,5,5.494433164596558
AlphaBeta-new-d3__VS__MCTS-old-100__GAME__98,AlphaBeta-new-d3,MCTS-old-100,98,False,MCTS-old-100,-1,12,14.045358419418335
AlphaBeta-new-d3__VS__MCTS-old-100__GAME__99,AlphaBeta-new-d3,MCTS-old-100,99,True,MCTS-old-100,1,35,53.14685678482056
AlphaBeta-new-d3__VS__MCTS-old-100__GAME__100,AlphaBeta-new-d3,MCTS-old-100,100,False,MCTS-old-100,-1,6,5.591717004776001
AlphaBeta-new-d3__VS__MCTS-old-100__GAME__101,AlphaBeta-new-d3,MCTS-old-100,101,True,AlphaBeta-new-d3,-1,14,18.578337907791138
AlphaBeta-new-d3__VS__MCTS-old-100__GAME__102,AlphaBeta-new-d3,MCTS-old-100,102,False,AlphaBeta-new-d3,1,6,6.581920146942139
AlphaBeta-new-d3__VS__MCTS-old-100__GAME__103,AlphaBeta-new-d3,MCTS-old-100,103,True,MCTS-old-100,1,19,27.491441011428833
AlphaBeta-new-d3__VS__MCTS-old-100__GAME__104,AlphaBeta-new-d3,MCTS-old-100,104,False,MCTS-old-100,-1,6,5.4746620655059814
AlphaBeta-new-d3__VS__MCTS-old-100__GAME__105,AlphaBeta-new-d3,MCTS-old-100,105,True,MCTS-old-100,1,7,8.175179958343506
AlphaBeta-new-d3__VS__MCTS-old-100__GAME__106,AlphaBeta-new-d3,MCTS-old-100,106,False,MCTS-old-100,-1,14,20.239946603775024
AlphaBeta-new-d3__VS__MCTS-old-100__GAME__107,AlphaBeta-new-d3,MCTS-old-100,107,True,draw,0,50,70.73267483711243
AlphaBeta-new-d3__VS__MCTS-old-100__GAME__108,AlphaBeta-new-d3,MCTS-old-100,108,False,MCTS-old-100,-1,16,19.827015161514282
AlphaBeta-new-d3__VS__MCTS-old-100__GAME__109,AlphaBeta-new-d3,MCTS-old-100,109,True,MCTS-old-100,1,7,7.157029628753662
AlphaBeta-new-d3__VS__MCTS-old-100__GAME__110,AlphaBeta-new-d3,MCTS-old-100,110,False,MCTS-old-100,-1,12,12.794082403182983
AlphaBeta-new-d3__VS__MCTS-old-100__GAME__111,AlphaBeta-new-d3,MCTS-old-100,111,True,MCTS-old-100,1,15,20.3065984249115
AlphaBeta-new-d3__VS__MCTS-old-100__GAME__112,AlphaBeta-new-d3,MCTS-old-100,112,False,MCTS-old-100,-1,14,17.09481716156006
AlphaBeta-new-d3__VS__MCTS-old-100__GAME__113,AlphaBeta-new-d3,MCTS-old-100,113,True,AlphaBeta-new-d3,-1,5,6.198191404342651
AlphaBeta-new-d3__VS__MCTS-old-100__GAME__114,AlphaBeta-new-d3,MCTS-old-100,114,False,MCTS-old-100,-1,14,16.98503351211548
AlphaBeta-new-d3__VS__MCTS-old-100__GAME__115,AlphaBeta-new-d3,MCTS-old-100,115,True,MCTS-old-100,1,15,21.865577459335327
AlphaBeta-new-d3__VS__MCTS-old-100__GAME__116,AlphaBeta-new-d3,MCTS-old-100,116,False,AlphaBeta-new-d3,1,13,16.33892250061035
AlphaBeta-new-d3__VS__MCTS-old-100__GAME__117,AlphaBeta-new-d3,MCTS-old-100,117,True,MCTS-old-100,1,7,8.773981094360352
AlphaBeta-new-d3__VS__MCTS-old-100__GAME__118,AlphaBeta-new-d3,MCTS-old-100,118,False,MCTS-old-100,-1,14,17.051308155059814
AlphaBeta-new-d3__VS__MCTS-old-100__GAME__119,AlphaBeta-new-d3,MCTS-old-100,119,True,draw,0,50,70.42448997497559
AlphaBeta-new-d3__VS__MCTS-old-100__GAME__120,AlphaBeta-new-d3,MCTS-old-100,120,False,MCTS-old-100,-1,8,9.169914484024048
AlphaBeta-new-d3__VS__MCTS-old-100__GAME__121,AlphaBeta-new-d3,MCTS-old-100,121,True,MCTS-old-100,1,7,7.326447010040283
AlphaBeta-new-d3__VS__MCTS-old-100__GAME__122,AlphaBeta-new-d3,MCTS-old-100,122,False,AlphaBeta-new-d3,1,6,6.780357837677002
AlphaBeta-new-d3__VS__MCTS-old-100__GAME__123,AlphaBeta-new-d3,MCTS-old-100,123,True,AlphaBeta-new-d3,-1,10,12.398600101470947
AlphaBeta-new-d3__VS__MCTS-old-100__GAME__124,AlphaBeta-new-d3,MCTS-old-100,124,False,MCTS-old-100,-1,20,29.13229489326477
AlphaBeta-new-d3__VS__MCTS-old-100__GAME__125,AlphaBeta-new-d3,MCTS-old-100,125,True,MCTS-old-100,1,13,15.437166690826416
AlphaBeta-new-d3__VS__MCTS-old-100__GAME__126,AlphaBeta-new-d3,MCTS-old-100,126,False,AlphaBeta-new-d3,1,23,34.13727927207947
AlphaBeta-new-d3__VS__MCTS-old-100__GAME__127,AlphaBeta-new-d3,MCTS-old-100,127,True,MCTS-old-100,1,7,6.5843095779418945
AlphaBeta-new-d3__VS__MCTS-old-100__GAME__128,AlphaBeta-new-d3,MCTS-old-100,128,False,MCTS-old-100,-1,12,13.744266748428345
AlphaBeta-new-d3__VS__MCTS-old-100__GAME__129,AlphaBeta-new-d3,MCTS-old-100,129,True,MCTS-old-100,1,15,21.837483167648315
AlphaBeta-new-d3__VS__MCTS-old-100__GAME__130,AlphaBeta-new-d3,MCTS-old-100,130,False,AlphaBeta-new-d3,1,13,18.280254364013672
AlphaBeta-new-d3__VS__MCTS-old-100__GAME__131,AlphaBeta-new-d3,MCTS-old-100,131,True,MCTS-old-100,1,6,7.371962547302246
AlphaBeta-new-d3__VS__MCTS-old-100__GAME__132,AlphaBeta-new-d3,MCTS-old-100,132,False,MCTS-old-100,-1,6,4.962759017944336
AlphaBeta-new-d3__VS__MCTS-old-100__GAME__133,AlphaBeta-new-d3,MCTS-old-100,133,True,AlphaBeta-new-d3,-1,8,9.583039283752441
AlphaBeta-new-d3__VS__MCTS-old-100__GAME__134,AlphaBeta-new-d3,MCTS-old-100,134,False,MCTS-old-100,-1,6,6.447002649307251
AlphaBeta-new-d3__VS__MCTS-old-100__GAME__135,AlphaBeta-new-d3,MCTS-old-100,135,True,MCTS-old-100,1,21,34.02953314781189
AlphaBeta-new-d3__VS__MCTS-old-100__GAME__136,AlphaBeta-new-d3,MCTS-old-100,136,False,MCTS-old-100,-1,6,5.940394401550293
AlphaBeta-new-d3__VS__MCTS-old-100__GAME__137,AlphaBeta-new-d3,MCTS-old-100,137,True,MCTS-old-100,1,9,11.692760705947876
AlphaBeta-new-d3__VS__MCTS-old-100__GAME__138,AlphaBeta-new-d3,MCTS-old-100,138,False,draw,0,50,85.61040711402893
AlphaBeta-new-d3__VS__MCTS-old-100__GAME__139,AlphaBeta-new-d3,MCTS-old-100,139,True,MCTS-old-100,1,7,8.587743043899536
AlphaBeta-new-d3__VS__MCTS-old-100__GAME__140,AlphaBeta-new-d3,MCTS-old-100,140,False,MCTS-old-100,-1,12,16.06685733795166
AlphaBeta-new-d3__VS__MCTS-old-100__GAME__141,AlphaBeta-new-d3,MCTS-old-100,141,True,MCTS-old-100,1,11,12.202274560928345
AlphaBeta-new-d3__VS__MCTS-old-100__GAME__142,AlphaBeta-new-d3,MCTS-old-100,142,False,MCTS-old-100,-1,10,12.39553165435791
AlphaBeta-new-d3__VS__MCTS-old-100__GAME__143,AlphaBeta-new-d3,MCTS-old-100,143,True,AlphaBeta-new-d3,-1,33,48.25863456726074
AlphaBeta-new-d3__VS__MCTS-old-100__GAME__144,AlphaBeta-new-d3,MCTS-old-100,144,False,draw,0,50,84.49962568283081
AlphaBeta-new-d3__VS__MCTS-old-100__GAME__145,AlphaBeta-new-d3,MCTS-old-100,145,True,MCTS-old-100,1,5,4.286132335662842
AlphaBeta-new-d3__VS__MCTS-old-100__GAME__146,AlphaBeta-new-d3,MCTS-old-100,146,False,MCTS-old-100,-1,8,9.66477346420288
AlphaBeta-new-d3__VS__MCTS-old-100__GAME__147,AlphaBeta-new-d3,MCTS-old-100,147,True,MCTS-old-100,1,7,6.724400520324707
AlphaBeta-new-d3__VS__MCTS-old-100__GAME__148,AlphaBeta-new-d3,MCTS-old-100,148,False,MCTS-old-100,-1,6,5.366944789886475
AlphaBeta-new-d3__VS__MCTS-old-100__GAME__149,AlphaBeta-new-d3,MCTS-old-100,149,True,MCTS-old-100,1,13,15.838891506195068
AlphaBeta-new-d3__VS__MCTS-old-100__GAME__150,AlphaBeta-new-d3,MCTS-old-100,150,False,MCTS-old-100,-1,16,21.716893434524536
AlphaBeta-new-d3__VS__MCTS-old-100__GAME__151,AlphaBeta-new-d3,MCTS-old-100,151,True,MCTS-old-100,1,7,7.833192348480225
AlphaBeta-new-d3__VS__MCTS-old-100__GAME__152,AlphaBeta-new-d3,MCTS-old-100,152,False,MCTS-old-100,-1,10,9.916243314743042
AlphaBeta-new-d3__VS__MCTS-old-100__GAME__153,AlphaBeta-new-d3,MCTS-old-100,153,True,AlphaBeta-new-d3,-1,6,6.30265212059021
AlphaBeta-new-d3__VS__MCTS-old-100__GAME__154,AlphaBeta-new-d3,MCTS-old-100,154,False,AlphaBeta-new-d3,1,16,20.131301879882812
AlphaBeta-new-d3__VS__MCTS-old-100__GAME__155,AlphaBeta-new-d3,MCTS-old-100,155,True,MCTS-old-100,1,13,14.726316452026367
AlphaBeta-new-d3__VS__MCTS-old-100__GAME__156,AlphaBeta-new-d3,MCTS-old-100,156,False,MCTS-old-100,-1,8,8.467214822769165
AlphaBeta-new-d3__VS__MCTS-old-100__GAME__157,AlphaBeta-new-d3,MCTS-old-100,157,True,MCTS-old-100,1,7,7.694497585296631
AlphaBeta-new-d3__VS__MCTS-old-100__GAME__158,AlphaBeta-new-d3,MCTS-old-100,158,False,AlphaBeta-new-d3,1,5,4.889069318771362
AlphaBeta-new-d3__VS__MCTS-old-100__GAME__159,AlphaBeta-new-d3,MCTS-old-100,159,True,MCTS-old-100,1,17,22.690645933151245
AlphaBeta-new-d3__VS__MCTS-old-100__GAME__160,AlphaBeta-new-d3,MCTS-old-100,160,False,AlphaBeta-new-d3,1,22,35.102810859680176
AlphaBeta-new-d3__VS__MCTS-old-100__GAME__161,AlphaBeta-new-d3,MCTS-old-100,161,True,MCTS-old-100,1,11,12.650932312011719
AlphaBeta-new-d3__VS__MCTS-old-100__GAME__162,AlphaBeta-new-d3,MCTS-old-100,162,False,MCTS-old-100,-1,6,6.758898019790649
AlphaBeta-new-d3__VS__MCTS-old-100__GAME__163,AlphaBeta-new-d3,MCTS-old-100,163,True,MCTS-old-100,1,13,15.05113673210144
AlphaBeta-new-d3__VS__MCTS-old-100__GAME__164,AlphaBeta-new-d3,MCTS-old-100,164,False,MCTS-old-100,-1,10,12.05500340461731
AlphaBeta-new-d3__VS__MCTS-old-100__GAME__165,AlphaBeta-new-d3,MCTS-old-100,165,True,MCTS-old-100,1,11,14.406867980957031
AlphaBeta-new-d3__VS__MCTS-old-100__GAME__166,AlphaBeta-new-d3,MCTS-old-100,166,False,MCTS-old-100,-1,6,5.9602580070495605
AlphaBeta-new-d3__VS__MCTS-old-100__GAME__167,AlphaBeta-new-d3,MCTS-old-100,167,True,MCTS-old-100,1,23,35.89455223083496
AlphaBeta-new-d3__VS__MCTS-old-100__GAME__168,AlphaBeta-new-d3,MCTS-old-100,168,False,MCTS-old-100,-1,6,5.377058029174805
AlphaBeta-new-d3__VS__MCTS-old-100__GAME__169,AlphaBeta-new-d3,MCTS-old-100,169,True,MCTS-old-100,1,11,15.163812398910522
AlphaBeta-new-d3__VS__MCTS-old-100__GAME__170,AlphaBeta-new-d3,MCTS-old-100,170,False,MCTS-old-100,-1,9,10.449921131134033
AlphaBeta-new-d3__VS__MCTS-old-100__GAME__171,AlphaBeta-new-d3,MCTS-old-100,171,True,AlphaBeta-new-d3,-1,9,12.193484783172607
AlphaBeta-new-d3__VS__MCTS-old-100__GAME__172,AlphaBeta-new-d3,MCTS-old-100,172,False,MCTS-old-100,-1,8,8.252490043640137
AlphaBeta-new-d3__VS__MCTS-old-100__GAME__173,AlphaBeta-new-d3,MCTS-old-100,173,True,MCTS-old-100,1,21,29.561927318572998
AlphaBeta-new-d3__VS__MCTS-old-100__GAME__174,AlphaBeta-new-d3,MCTS-old-100,174,False,MCTS-old-100,-1,8,8.457840919494629
AlphaBeta-new-d3__VS__MCTS-old-100__GAME__175,AlphaBeta-new-d3,MCTS-old-100,175,True,draw,0,50,73.25544381141663
AlphaBeta-new-d3__VS__MCTS-old-100__GAME__176,AlphaBeta-new-d3,MCTS-old-100,176,False,MCTS-old-100,-1,8,8.438243389129639
AlphaBeta-new-d3__VS__MCTS-old-100__GAME__177,AlphaBeta-new-d3,MCTS-old-100,177,True,AlphaBeta-new-d3,-1,7,7.820418834686279
AlphaBeta-new-d3__VS__MCTS-old-100__GAME__178,AlphaBeta-new-d3,MCTS-old-100,178,False,AlphaBeta-new-d3,1,7,7.109519004821777
AlphaBeta-new-d3__VS__MCTS-old-100__GAME__179,AlphaBeta-new-d3,MCTS-old-100,179,True,AlphaBeta-new-d3,-1,6,5.519692420959473
AlphaBeta-new-d3__VS__MCTS-old-100__GAME__180,AlphaBeta-new-d3,MCTS-old-100,180,False,MCTS-old-100,-1,12,14.541096687316895
AlphaBeta-new-d3__VS__MCTS-old-100__GAME__181,AlphaBeta-new-d3,MCTS-old-100,181,True,MCTS-old-100,1,9,7.999960660934448
AlphaBeta-new-d3__VS__MCTS-old-100__GAME__182,AlphaBeta-new-d3,MCTS-old-100,182,False,MCTS-old-100,-1,8,7.429236650466919
AlphaBeta-new-d3__VS__MCTS-old-100__GAME__183,AlphaBeta-new-d3,MCTS-old-100,183,True,MCTS-old-100,1,29,45.56633281707764
AlphaBeta-new-d3__VS__MCTS-old-100__GAME__184,AlphaBeta-new-d3,MCTS-old-100,184,False,AlphaBeta-new-d3,1,10,13.924591064453125
AlphaBeta-new-d3__VS__MCTS-old-100__GAME__185,AlphaBeta-new-d3,MCTS-old-100,185,True,MCTS-old-100,1,5,5.025956153869629
AlphaBeta-new-d3__VS__MCTS-old-100__GAME__186,AlphaBeta-new-d3,MCTS-old-100,186,False,MCTS-old-100,-1,8,8.579393863677979
AlphaBeta-new-d3__VS__MCTS-old-100__GAME__187,AlphaBeta-new-d3,MCTS-old-100,187,True,MCTS-old-100,1,6,6.929553747177124
AlphaBeta-new-d3__VS__MCTS-old-100__GAME__188,AlphaBeta-new-d3,MCTS-old-100,188,False,AlphaBeta-new-d3,1,7,7.222101926803589
AlphaBeta-new-d3__VS__MCTS-old-100__GAME__189,AlphaBeta-new-d3,MCTS-old-100,189,True,AlphaBeta-new-d3,-1,10,13.248593807220459
AlphaBeta-new-d3__VS__MCTS-old-100__GAME__190,AlphaBeta-new-d3,MCTS-old-100,190,False,MCTS-old-100,-1,14,17.712932109832764
AlphaBeta-new-d3__VS__MCTS-old-100__GAME__191,AlphaBeta-new-d3,MCTS-old-100,191,True,MCTS-old-100,1,7,7.450821161270142
AlphaBeta-new-d3__VS__MCTS-old-100__GAME__192,AlphaBeta-new-d3,MCTS-old-100,192,False,MCTS-old-100,-1,10,13.196810245513916
AlphaBeta-new-d3__VS__MCTS-old-100__GAME__193,AlphaBeta-new-d3,MCTS-old-100,193,True,MCTS-old-100,1,7,7.611567974090576
AlphaBeta-new-d3__VS__MCTS-old-100__GAME__194,AlphaBeta-new-d3,MCTS-old-100,194,False,MCTS-old-100,-1,14,18.393247842788696
AlphaBeta-new-d3__VS__MCTS-old-100__GAME__195,AlphaBeta-new-d3,MCTS-old-100,195,True,MCTS-old-100,1,7,6.312484979629517
AlphaBeta-new-d3__VS__MCTS-old-100__GAME__196,AlphaBeta-new-d3,MCTS-old-100,196,False,MCTS-old-100,-1,14,17.045186758041382
AlphaBeta-new-d3__VS__MCTS-old-100__GAME__197,AlphaBeta-new-d3,MCTS-old-100,197,True,MCTS-old-100,1,29,37.01171803474426
AlphaBeta-new-d3__VS__MCTS-old-100__GAME__198,AlphaBeta-new-d3,MCTS-old-100,198,False,MCTS-old-100,-1,19,25.789801836013794
AlphaBeta-new-d3__VS__MCTS-old-100__GAME__199,AlphaBeta-new-d3,MCTS-old-100,199,True,MCTS-old-100,1,7,7.339817047119141
AlphaBeta-new-d3__VS__MCTS-old-100__GAME__200,AlphaBeta-new-d3,MCTS-old-100,200,False,MCTS-old-100,-1,9,10.938730001449585
AlphaBeta-new-d3__VS__MCTS-old-100__GAME__201,AlphaBeta-new-d3,MCTS-old-100,201,True,MCTS-old-100,1,31,44.386512994766235
AlphaBeta-new-d3__VS__MCTS-old-100__GAME__202,AlphaBeta-new-d3,MCTS-old-100,202,False,MCTS-old-100,-1,18,28.97314715385437
AlphaBeta-new-d3__VS__MCTS-old-100__GAME__203,AlphaBeta-new-d3,MCTS-old-100,203,True,MCTS-old-100,1,21,33.15751361846924
AlphaBeta-new-d3__VS__MCTS-old-100__GAME__204,AlphaBeta-new-d3,MCTS-old-100,204,False,MCTS-old-100,-1,6,7.521970272064209
AlphaBeta-new-d3__VS__MCTS-old-100__GAME__205,AlphaBeta-new-d3,MCTS-old-100,205,True,MCTS-old-100,1,9,14.092335224151611
AlphaBeta-new-d3__VS__MCTS-old-100__GAME__206,AlphaBeta-new-d3,MCTS-old-100,206,False,AlphaBeta-new-d3,1,6,11.145802974700928
AlphaBeta-new-d3__VS__MCTS-old-100__GAME__207,AlphaBeta-new-d3,MCTS-old-100,207,True,MCTS-old-100,1,5,10.378276586532593
AlphaBeta-new-d3__VS__MCTS-old-100__GAME__208,AlphaBeta-new-d3,MCTS-old-100,208,False,MCTS-old-100,-1,14,32.94724941253662
AlphaBeta-new-d3__VS__MCTS-old-100__GAME__209,AlphaBeta-new-d3,MCTS-old-100,209,True,MCTS-old-100,1,7,21.510011196136475
AlphaBeta-new-d3__VS__MCTS-old-100__GAME__210,AlphaBeta-new-d3,MCTS-old-100,210,False,MCTS-old-100,-1,10,96.15380620956421
AlphaBeta-new-d3__VS__MCTS-old-100__GAME__211,AlphaBeta-new-d3,MCTS-old-100,211,True,MCTS-old-100,1,5,12.05270504951477
AlphaBeta-new-d3__VS__MCTS-old-100__GAME__212,AlphaBeta-new-d3,MCTS-old-100,212,False,MCTS-old-100,-1,16,69.83248162269592
AlphaBeta-new-d3__VS__MCTS-old-100__GAME__213,AlphaBeta-new-d3,MCTS-old-100,213,True,AlphaBeta-new-d3,-1,32,55.38892722129822
AlphaBeta-new-d3__VS__MCTS-old-100__GAME__214,AlphaBeta-new-d3,MCTS-old-100,214,False,MCTS-old-100,-1,14,18.45026397705078
AlphaBeta-new-d3__VS__MCTS-old-100__GAME__215,AlphaBeta-new-d3,MCTS-old-100,215,True,MCTS-old-100,1,7,7.872607707977295
AlphaBeta-new-d3__VS__MCTS-old-100__GAME__216,AlphaBeta-new-d3,MCTS-old-100,216,False,AlphaBeta-new-d3,1,9,8.107234716415405
AlphaBeta-new-d3__VS__MCTS-old-100__GAME__217,AlphaBeta-new-d3,MCTS-old-100,217,True,MCTS-old-100,1,9,9.186153411865234
AlphaBeta-new-d3__VS__MCTS-old-100__GAME__218,AlphaBeta-new-d3,MCTS-old-100,218,False,MCTS-old-100,-1,8,9.740952730178833
AlphaBeta-new-d3__VS__MCTS-old-100__GAME__219,AlphaBeta-new-d3,MCTS-old-100,219,True,MCTS-old-100,1,13,15.900145292282104
AlphaBeta-new-d3__VS__MCTS-old-100__GAME__220,AlphaBeta-new-d3,MCTS-old-100,220,False,MCTS-old-100,-1,14,17.475788831710815
AlphaBeta-new-d3__VS__MCTS-old-100__GAME__221,AlphaBeta-new-d3,MCTS-old-100,221,True,MCTS-old-100,1,11,12.563008546829224
AlphaBeta-new-d3__VS__MCTS-old-100__GAME__222,AlphaBeta-new-d3,MCTS-old-100,222,False,MCTS-old-100,-1,13,18.343056678771973
AlphaBeta-new-d3__VS__MCTS-old-100__GAME__223,AlphaBeta-new-d3,MCTS-old-100,223,True,MCTS-old-100,1,7,7.509810447692871
AlphaBeta-new-d3__VS__MCTS-old-100__GAME__224,AlphaBeta-new-d3,MCTS-old-100,224,False,AlphaBeta-new-d3,1,17,21.058433055877686
AlphaBeta-new-d3__VS__MCTS-old-100__GAME__225,AlphaBeta-new-d3,MCTS-old-100,225,True,MCTS-old-100,1,17,24.362630128860474
AlphaBeta-new-d3__VS__MCTS-old-100__GAME__226,AlphaBeta-new-d3,MCTS-old-100,226,False,MCTS-old-100,-1,16,21.40960144996643
AlphaBeta-new-d3__VS__MCTS-old-100__GAME__227,AlphaBeta-new-d3,MCTS-old-100,227,True,MCTS-old-100,1,11,13.016662359237671
AlphaBeta-new-d3__VS__MCTS-old-100__GAME__228,AlphaBeta-new-d3,MCTS-old-100,228,False,MCTS-old-100,-1,8,7.93656325340271
AlphaBeta-new-d3__VS__MCTS-old-100__GAME__229,AlphaBeta-new-d3,MCTS-old-100,229,True,MCTS-old-100,1,5,4.824221134185791
AlphaBeta-new-d3__VS__MCTS-old-100__GAME__230,AlphaBeta-new-d3,MCTS-old-100,230,False,MCTS-old-100,-1,6,5.599989652633667
AlphaBeta-new-d3__VS__MCTS-old-100__GAME__231,AlphaBeta-new-d3,MCTS-old-100,231,True,MCTS-old-100,1,29,46.25472331047058
AlphaBeta-new-d3__VS__MCTS-old-100__GAME__232,AlphaBeta-new-d3,MCTS-old-100,232,False,MCTS-old-100,-1,20,22.73201560974121
AlphaBeta-new-d3__VS__MCTS-old-100__GAME__233,AlphaBeta-new-d3,MCTS-old-100,233,True,MCTS-old-100,1,33,43.8680202960968
AlphaBeta-new-d3__VS__MCTS-old-100__GAME__234,AlphaBeta-new-d3,MCTS-old-100,234,False,MCTS-old-100,-1,8,9.660557746887207
AlphaBeta-new-d3__VS__MCTS-old-100__GAME__235,AlphaBeta-new-d3,MCTS-old-100,235,True,AlphaBeta-new-d3,-1,6,5.905885696411133
AlphaBeta-new-d3__VS__MCTS-old-100__GAME__236,AlphaBeta-new-d3,MCTS-old-100,236,False,MCTS-old-100,-1,6,5.49766993522644
AlphaBeta-new-d3__VS__MCTS-old-100__GAME__237,AlphaBeta-new-d3,MCTS-old-100,237,True,MCTS-old-100,1,9,7.9966065883636475
AlphaBeta-new-d3__VS__MCTS-old-100__GAME__238,AlphaBeta-new-d3,MCTS-old-100,238,False,MCTS-old-100,-1,6,4.9061009883880615
AlphaBeta-new-d3__VS__MCTS-old-100__GAME__239,AlphaBeta-new-d3,MCTS-old-100,239,True,MCTS-old-100,1,11,13.507286310195923
AlphaBeta-new-d3__VS__MCTS-old-100__GAME__240,AlphaBeta-new-d3,MCTS-old-100,240,False,MCTS-old-100,-1,6,5.9676833152771
AlphaBeta-new-d3__VS__MCTS-old-100__GAME__241,AlphaBeta-new-d3,MCTS-old-100,241,True,MCTS-old-100,1,9,10.306242942810059
AlphaBeta-new-d3__VS__MCTS-old-100__GAME__242,AlphaBeta-new-d3,MCTS-old-100,242,False,MCTS-old-100,-1,20,30.018161058425903
AlphaBeta-new-d3__VS__MCTS-old-100__GAME__243,AlphaBeta-new-d3,MCTS-old-100,243,True,AlphaBeta-new-d3,-1,30,41.21592950820923
AlphaBeta-new-d3__VS__MCTS-old-100__GAME__244,AlphaBeta-new-d3,MCTS-old-100,244,False,MCTS-old-100,-1,8,8.373746395111084
AlphaBeta-new-d3__VS__MCTS-old-100__GAME__245,AlphaBeta-new-d3,MCTS-old-100,245,True,AlphaBeta-new-d3,-1,10,11.910698413848877
AlphaBeta-new-d3__VS__MCTS-old-100__GAME__246,AlphaBeta-new-d3,MCTS-old-100,246,False,MCTS-old-100,-1,10,10.14503812789917
AlphaBeta-new-d3__VS__MCTS-old-100__GAME__247,AlphaBeta-new-d3,MCTS-old-100,247,True,MCTS-old-100,1,9,8.57673716545105
AlphaBeta-new-d3__VS__MCTS-old-100__GAME__248,AlphaBeta-new-d3,MCTS-old-100,248,False,AlphaBeta-new-d3,1,37,62.82668614387512
AlphaBeta-new-d3__VS__MCTS-old-100__GAME__249,AlphaBeta-new-d3,MCTS-old-100,249,True,MCTS-old-100,1,11,12.811816692352295
AlphaBeta-new-d3__VS__MCTS-new-100__GAME__0,AlphaBeta-new-d3,MCTS-new-100,0,False,MCTS-new-100,-1,5,5.890329599380493
AlphaBeta-new-d3__VS__MCTS-new-100__GAME__1,AlphaBeta-new-d3,MCTS-new-100,1,True,MCTS-new-100,1,5,5.135730028152466
AlphaBeta-new-d3__VS__MCTS-new-100__GAME__2,AlphaBeta-new-d3,MCTS-new-100,2,False,MCTS-new-100,-1,8,8.286059379577637
AlphaBeta-new-d3__VS__MCTS-new-100__GAME__3,AlphaBeta-new-d3,MCTS-new-100,3,True,MCTS-new-100,1,21,31.765863180160522
AlphaBeta-new-d3__VS__MCTS-new-100__GAME__4,AlphaBeta-new-d3,MCTS-new-100,4,False,MCTS-new-100,-1,18,22.199214935302734
AlphaBeta-new-d3__VS__MCTS-new-100__GAME__5,AlphaBeta-new-d3,MCTS-new-100,5,True,AlphaBeta-new-d3,-1,10,11.197048664093018
AlphaBeta-new-d3__VS__MCTS-new-100__GAME__6,AlphaBeta-new-d3,MCTS-new-100,6,False,MCTS-new-100,-1,10,10.747931003570557
AlphaBeta-new-d3__VS__MCTS-new-100__GAME__7,AlphaBeta-new-d3,MCTS-new-100,7,True,MCTS-new-100,1,20,27.260310411453247
AlphaBeta-new-d3__VS__MCTS-new-100__GAME__8,AlphaBeta-new-d3,MCTS-new-100,8,False,MCTS-new-100,-1,18,23.065122365951538
AlphaBeta-new-d3__VS__MCTS-new-100__GAME__9,AlphaBeta-new-d3,MCTS-new-100,9,True,MCTS-new-100,1,27,34.317861557006836
AlphaBeta-new-d3__VS__MCTS-new-100__GAME__10,AlphaBeta-new-d3,MCTS-new-100,10,False,MCTS-new-100,-1,14,15.61632490158081
AlphaBeta-new-d3__VS__MCTS-new-100__GAME__11,AlphaBeta-new-d3,MCTS-new-100,11,True,MCTS-new-100,1,9,10.825674533843994
AlphaBeta-new-d3__VS__MCTS-new-100__GAME__12,AlphaBeta-new-d3,MCTS-new-100,12,False,MCTS-new-100,-1,6,6.323513031005859
AlphaBeta-new-d3__VS__MCTS-new-100__GAME__13,AlphaBeta-new-d3,MCTS-new-100,13,True,AlphaBeta-new-d3,-1,15,21.512975454330444
AlphaBeta-new-d3__VS__MCTS-new-100__GAME__14,AlphaBeta-new-d3,MCTS-new-100,14,False,MCTS-new-100,-1,6,5.980244398117065
AlphaBeta-new-d3__VS__MCTS-new-100__GAME__15,AlphaBeta-new-d3,MCTS-new-100,15,True,MCTS-new-100,1,7,7.6054675579071045
AlphaBeta-new-d3__VS__MCTS-new-100__GAME__16,AlphaBeta-new-d3,MCTS-new-100,16,False,MCTS-new-100,-1,6,6.0286290645599365
AlphaBeta-new-d3__VS__MCTS-new-100__GAME__17,AlphaBeta-new-d3,MCTS-new-100,17,True,MCTS-new-100,1,13,13.820339441299438
AlphaBeta-new-d3__VS__MCTS-new-100__GAME__18,AlphaBeta-new-d3,MCTS-new-100,18,False,MCTS-new-100,-1,12,16.380732774734497
AlphaBeta-new-d3__VS__MCTS-new-100__GAME__19,AlphaBeta-new-d3,MCTS-new-100,19,True,MCTS-new-100,1,9,9.492462158203125
AlphaBeta-new-d3__VS__MCTS-new-100__GAME__20,AlphaBeta-new-d3,MCTS-new-100,20,False,MCTS-new-100,-1,4,3.1977450847625732
AlphaBeta-new-d3__VS__MCTS-new-100__GAME__21,AlphaBeta-new-d3,MCTS-new-100,21,True,MCTS-new-100,1,5,4.563890695571899
AlphaBeta-new-d3__VS__MCTS-new-100__GAME__22,AlphaBeta-new-d3,MCTS-new-100,22,False,MCTS-new-100,-1,7,7.862781286239624
AlphaBeta-new-d3__VS__MCTS-new-100__GAME__23,AlphaBeta-new-d3,MCTS-new-100,23,True,MCTS-new-100,1,6,7.150792837142944
AlphaBeta-new-d3__VS__MCTS-new-100__GAME__24,AlphaBeta-new-d3,MCTS-new-100,24,False,MCTS-new-100,-1,6,5.243661642074585
AlphaBeta-new-d3__VS__MCTS-new-100__GAME__25,AlphaBeta-new-d3,MCTS-new-100,25,True,MCTS-new-100,1,9,9.633024454116821
AlphaBeta-new-d3__VS__MCTS-new-100__GAME__26,AlphaBeta-new-d3,MCTS-new-100,26,False,AlphaBeta-new-d3,1,6,6.444894075393677
AlphaBeta-new-d3__VS__MCTS-new-100__GAME__27,AlphaBeta-new-d3,MCTS-new-100,27,True,MCTS-new-100,1,7,7.26143217086792
AlphaBeta-new-d3__VS__MCTS-new-100__GAME__28,AlphaBeta-new-d3,MCTS-new-100,28,False,AlphaBeta-new-d3,1,15,19.80382513999939
AlphaBeta-new-d3__VS__MCTS-new-100__GAME__29,AlphaBeta-new-d3,MCTS-new-100,29,True,AlphaBeta-new-d3,-1,24,35.775548696517944
AlphaBeta-new-d3__VS__MCTS-new-100__GAME__30,AlphaBeta-new-d3,MCTS-new-100,30,False,MCTS-new-100,-1,16,18.663759469985962
AlphaBeta-new-d3__VS__MCTS-new-100__GAME__31,AlphaBeta-new-d3,MCTS-new-100,31,True,MCTS-new-100,1,7,8.675579309463501
AlphaBeta-new-d3__VS__MCTS-new-100__GAME__32,AlphaBeta-new-d3,MCTS-new-100,32,False,AlphaBeta-new-d3,1,5,5.5679943561553955
AlphaBeta-new-d3__VS__MCTS-new-100__GAME__33,AlphaBeta-new-d3,MCTS-new-100,33,True,AlphaBeta-new-d3,-1,6,7.337454795837402
AlphaBeta-new-d3__VS__MCTS-new-100__GAME__34,AlphaBeta-new-d3,MCTS-new-100,34,False,MCTS-new-100,-1,6,6.886996507644653
AlphaBeta-new-d3__VS__MCTS-new-100__GAME__35,AlphaBeta-new-d3,MCTS-new-100,35,True,AlphaBeta-new-d3,-1,9,11.164891958236694
AlphaBeta-new-d3__VS__MCTS-new-100__GAME__36,AlphaBeta-new-d3,MCTS-new-100,36,False,MCTS-new-100,-1,12,18.624574184417725
AlphaBeta-new-d3__VS__MCTS-new-100__GAME__37,AlphaBeta-new-d3,MCTS-new-100,37,True,MCTS-new-100,1,5,5.588696002960205
AlphaBeta-new-d3__VS__MCTS-new-100__GAME__38,AlphaBeta-new-d3,MCTS-new-100,38,False,AlphaBeta-new-d3,1,9,12.22986364364624
AlphaBeta-new-d3__VS__MCTS-new-100__GAME__39,AlphaBeta-new-d3,MCTS-new-100,39,True,MCTS-new-100,1,7,7.5151166915893555
AlphaBeta-new-d3__VS__MCTS-new-100__GAME__40,AlphaBeta-new-d3,MCTS-new-100,40,False,AlphaBeta-new-d3,1,10,14.758571147918701
AlphaBeta-new-d3__VS__MCTS-new-100__GAME__41,AlphaBeta-new-d3,MCTS-new-100,41,True,MCTS-new-100,1,27,50.55053496360779
AlphaBeta-new-d3__VS__MCTS-new-100__GAME__42,AlphaBeta-new-d3,MCTS-new-100,42,False,draw,0,50,88.72273397445679
AlphaBeta-new-d3__VS__MCTS-new-100__GAME__43,AlphaBeta-new-d3,MCTS-new-100,43,True,MCTS-new-100,1,7,7.966796636581421
AlphaBeta-new-d3__VS__MCTS-new-100__GAME__44,AlphaBeta-new-d3,MCTS-new-100,44,False,MCTS-new-100,-1,8,9.125212669372559
AlphaBeta-new-d3__VS__MCTS-new-100__GAME__45,AlphaBeta-new-d3,MCTS-new-100,45,True,MCTS-new-100,1,5,6.089576482772827
AlphaBeta-new-d3__VS__MCTS-new-100__GAME__46,AlphaBeta-new-d3,MCTS-new-100,46,False,MCTS-new-100,-1,20,38.07191705703735
AlphaBeta-new-d3__VS__MCTS-new-100__GAME__47,AlphaBeta-new-d3,MCTS-new-100,47,True,MCTS-new-100,1,9,11.289083003997803
AlphaBeta-new-d3__VS__MCTS-new-100__GAME__48,AlphaBeta-new-d3,MCTS-new-100,48,False,MCTS-new-100,-1,8,9.379023790359497
AlphaBeta-new-d3__VS__MCTS-new-100__GAME__49,AlphaBeta-new-d3,MCTS-new-100,49,True,MCTS-new-100,1,7,8.070860624313354
AlphaBeta-new-d3__VS__MCTS-new-100__GAME__50,AlphaBeta-new-d3,MCTS-new-100,50,False,MCTS-new-100,-1,8,8.302729368209839
AlphaBeta-new-d3__VS__MCTS-new-100__GAME__51,AlphaBeta-new-d3,MCTS-new-100,51,True,MCTS-new-100,1,23,37.62820076942444
AlphaBeta-new-d3__VS__MCTS-new-100__GAME__52,AlphaBeta-new-d3,MCTS-new-100,52,False,AlphaBeta-new-d3,1,6,7.189148426055908
AlphaBeta-new-d3__VS__MCTS-new-100__GAME__53,AlphaBeta-new-d3,MCTS-new-100,53,True,MCTS-new-100,1,14,21.78305411338806
AlphaBeta-new-d3__VS__MCTS-new-100__GAME__54,AlphaBeta-new-d3,MCTS-new-100,54,False,AlphaBeta-new-d3,1,31,54.17712044715881
AlphaBeta-new-d3__VS__MCTS-new-100__GAME__55,AlphaBeta-new-d3,MCTS-new-100,55,True,MCTS-new-100,1,7,7.6086015701293945
AlphaBeta-new-d3__VS__MCTS-new-100__GAME__56,AlphaBeta-new-d3,MCTS-new-100,56,False,MCTS-new-100,-1,28,40.925193309783936
AlphaBeta-new-d3__VS__MCTS-new-100__GAME__57,AlphaBeta-new-d3,MCTS-new-100,57,True,MCTS-new-100,1,33,53.99483346939087
AlphaBeta-new-d3__VS__MCTS-new-100__GAME__58,AlphaBeta-new-d3,MCTS-new-100,58,False,AlphaBeta-new-d3,1,10,13.318544149398804
AlphaBeta-new-d3__VS__MCTS-new-100__GAME__59,AlphaBeta-new-d3,MCTS-new-100,59,True,AlphaBeta-new-d3,-1,21,29.28645610809326
AlphaBeta-new-d3__VS__MCTS-new-100__GAME__60,AlphaBeta-new-d3,MCTS-new-100,60,False,AlphaBeta-new-d3,1,13,19.225422859191895
AlphaBeta-new-d3__VS__MCTS-new-100__GAME__61,AlphaBeta-new-d3,MCTS-new-100,61,True,MCTS-new-100,1,11,12.684265851974487
AlphaBeta-new-d3__VS__MCTS-new-100__GAME__62,AlphaBeta-new-d3,MCTS-new-100,62,False,MCTS-new-100,-1,10,13.616577625274658
AlphaBeta-new-d3__VS__MCTS-new-100__GAME__63,AlphaBeta-new-d3,MCTS-new-100,63,True,MCTS-new-100,1,5,4.960795640945435
AlphaBeta-new-d3__VS__MCTS-new-100__GAME__64,AlphaBeta-new-d3,MCTS-new-100,64,False,AlphaBeta-new-d3,1,10,11.25998592376709
AlphaBeta-new-d3__VS__MCTS-new-100__GAME__65,AlphaBeta-new-d3,MCTS-new-100,65,True,MCTS-new-100,1,19,28.235135078430176
AlphaBeta-new-d3__VS__MCTS-new-100__GAME__66,AlphaBeta-new-d3,MCTS-new-100,66,False,MCTS-new-100,-1,10,12.00695276260376
AlphaBeta-new-d3__VS__MCTS-new-100__GAME__67,AlphaBeta-new-d3,MCTS-new-100,67,True,MCTS-new-100,1,5,4.741801738739014
AlphaBeta-new-d3__VS__MCTS-new-100__GAME__68,AlphaBeta-new-d3,MCTS-new-100,68,False,MCTS-new-100,-1,8,8.8430917263031
AlphaBeta-new-d3__VS__MCTS-new-100__GAME__69,AlphaBeta-new-d3,MCTS-new-100,69,True,MCTS-new-100,1,5,5.166039705276489
AlphaBeta-new-d3__VS__MCTS-new-100__GAME__70,AlphaBeta-new-d3,MCTS-new-100,70,False,AlphaBeta-new-d3,1,7,7.661798477172852
AlphaBeta-new-d3__VS__MCTS-new-100__GAME__71,AlphaBeta-new-d3,MCTS-new-100,71,True,MCTS-new-100,1,9,11.98417329788208
AlphaBeta-new-d3__VS__MCTS-new-100__GAME__72,AlphaBeta-new-d3,MCTS-new-100,72,False,draw,0,50,73.14245557785034
AlphaBeta-new-d3__VS__MCTS-new-100__GAME__73,AlphaBeta-new-d3,MCTS-new-100,73,True,MCTS-new-100,1,9,9.918350458145142
AlphaBeta-new-d3__VS__MCTS-new-100__GAME__74,AlphaBeta-new-d3,MCTS-new-100,74,False,MCTS-new-100,-1,22,34.42138361930847
AlphaBeta-new-d3__VS__MCTS-new-100__GAME__75,AlphaBeta-new-d3,MCTS-new-100,75,True,MCTS-new-100,1,11,14.452313423156738
AlphaBeta-new-d3__VS__MCTS-new-100__GAME__76,AlphaBeta-new-d3,MCTS-new-100,76,False,MCTS-new-100,-1,20,34.245577335357666
AlphaBeta-new-d3__VS__MCTS-new-100__GAME__77,AlphaBeta-new-d3,MCTS-new-100,77,True,MCTS-new-100,1,7,8.208221197128296
AlphaBeta-new-d3__VS__MCTS-new-100__GAME__78,AlphaBeta-new-d3,MCTS-new-100,78,False,MCTS-new-100,-1,14,19.428525924682617
AlphaBeta-new-d3__VS__MCTS-new-100__GAME__79,AlphaBeta-new-d3,MCTS-new-100,79,True,MCTS-new-100,1,25,40.03134799003601
AlphaBeta-new-d3__VS__MCTS-new-100__GAME__80,AlphaBeta-new-d3,MCTS-new-100,80,False,AlphaBeta-new-d3,1,8,8.986963033676147
AlphaBeta-new-d3__VS__MCTS-new-100__GAME__81,AlphaBeta-new-d3,MCTS-new-100,81,True,AlphaBeta-new-d3,-1,8,10.465900421142578
AlphaBeta-new-d3__VS__MCTS-new-100__GAME__82,AlphaBeta-new-d3,MCTS-new-100,82,False,MCTS-new-100,-1,10,11.60016417503357
AlphaBeta-new-d3__VS__MCTS-new-100__GAME__83,AlphaBeta-new-d3,MCTS-new-100,83,True,MCTS-new-100,1,9,11.876365661621094
AlphaBeta-new-d3__VS__MCTS-new-100__GAME__84,AlphaBeta-new-d3,MCTS-new-100,84,False,MCTS-new-100,-1,6,6.070167779922485
AlphaBeta-new-d3__VS__MCTS-new-100__GAME__85,AlphaBeta-new-d3,MCTS-new-100,85,True,MCTS-new-100,1,5,5.241342544555664
AlphaBeta-new-d3__VS__MCTS-new-100__GAME__86,AlphaBeta-new-d3,MCTS-new-100,86,False,MCTS-new-100,-1,6,6.137464761734009
AlphaBeta-new-d3__VS__MCTS-new-100__GAME__87,AlphaBeta-new-d3,MCTS-new-100,87,True,MCTS-new-100,1,11,15.365293502807617
AlphaBeta-new-d3__VS__MCTS-new-100__GAME__88,AlphaBeta-new-d3,MCTS-new-100,88,False,draw,0,50,73.59924054145813
AlphaBeta-new-d3__VS__MCTS-new-100__GAME__89,AlphaBeta-new-d3,MCTS-new-100,89,True,AlphaBeta-new-d3,-1,9,10.39447569847107
AlphaBeta-new-d3__VS__MCTS-new-100__GAME__90,AlphaBeta-new-d3,MCTS-new-100,90,False,MCTS-new-100,-1,6,5.706004858016968
AlphaBeta-new-d3__VS__MCTS-new-100__GAME__91,AlphaBeta-new-d3,MCTS-new-100,91,True,MCTS-new-100,1,7,7.122201919555664
AlphaBeta-new-d3__VS__MCTS-new-100__GAME__92,AlphaBeta-new-d3,MCTS-new-100,92,False,draw,0,50,108.91344094276428
AlphaBeta-new-d3__VS__MCTS-new-100__GAME__93,AlphaBeta-new-d3,MCTS-new-100,93,True,AlphaBeta-new-d3,-1,6,7.030962228775024
AlphaBeta-new-d3__VS__MCTS-new-100__GAME__94,AlphaBeta-new-d3,MCTS-new-100,94,False,MCTS-new-100,-1,14,19.63929295539856
AlphaBeta-new-d3__VS__MCTS-new-100__GAME__95,AlphaBeta-new-d3,MCTS-new-100,95,True,MCTS-new-100,1,7,7.492926836013794
AlphaBeta-new-d3__VS__MCTS-new-100__GAME__96,AlphaBeta-new-d3,MCTS-new-100,96,False,MCTS-new-100,-1,6,5.902898788452148
AlphaBeta-new-d3__VS__MCTS-new-100__GAME__97,AlphaBeta-new-d3,MCTS-new-100,97,True,MCTS-new-100,1,7,8.512847185134888
AlphaBeta-new-d3__VS__MCTS-new-100__GAME__98,AlphaBeta-new-d3,MCTS-new-100,98,False,MCTS-new-100,-1,24,41.754308223724365
AlphaBeta-new-d3__VS__MCTS-new-100__GAME__99,AlphaBeta-new-d3,MCTS-new-100,99,True,MCTS-new-100,1,23,40.13120245933533
AlphaBeta-new-d3__VS__MCTS-new-100__GAME__100,AlphaBeta-new-d3,MCTS-new-100,100,False,MCTS-new-100,-1,10,11.125882625579834
AlphaBeta-new-d3__VS__MCTS-new-100__GAME__101,AlphaBeta-new-d3,MCTS-new-100,101,True,MCTS-new-100,1,9,10.672345161437988
AlphaBeta-new-d3__VS__MCTS-new-100__GAME__102,AlphaBeta-new-d3,MCTS-new-100,102,False,MCTS-new-100,-1,6,6.131505966186523
AlphaBeta-new-d3__VS__MCTS-new-100__GAME__103,AlphaBeta-new-d3,MCTS-new-100,103,True,MCTS-new-100,1,7,8.80452275276184
AlphaBeta-new-d3__VS__MCTS-new-100__GAME__104,AlphaBeta-new-d3,MCTS-new-100,104,False,MCTS-new-100,-1,6,6.0979039669036865
AlphaBeta-new-d3__VS__MCTS-new-100__GAME__105,AlphaBeta-new-d3,MCTS-new-100,105,True,MCTS-new-100,1,5,5.120431661605835
AlphaBeta-new-d3__VS__MCTS-new-100__GAME__106,AlphaBeta-new-d3,MCTS-new-100,106,False,MCTS-new-100,-1,10,11.294023513793945
AlphaBeta-new-d3__VS__MCTS-new-100__GAME__107,AlphaBeta-new-d3,MCTS-new-100,107,True,MCTS-new-100,1,9,10.0780668258667
AlphaBeta-new-d3__VS__MCTS-new-100__GAME__108,AlphaBeta-new-d3,MCTS-new-100,108,False,MCTS-new-100,-1,12,17.55650019645691
AlphaBeta-new-d3__VS__MCTS-new-100__GAME__109,AlphaBeta-new-d3,MCTS-new-100,109,True,MCTS-new-100,1,9,9.952997922897339
AlphaBeta-new-d3__VS__MCTS-new-100__GAME__110,AlphaBeta-new-d3,MCTS-new-100,110,False,MCTS-new-100,-1,22,36.42537474632263
AlphaBeta-new-d3__VS__MCTS-new-100__GAME__111,AlphaBeta-new-d3,MCTS-new-100,111,True,draw,0,50,94.81440877914429
AlphaBeta-new-d3__VS__MCTS-new-100__GAME__112,AlphaBeta-new-d3,MCTS-new-100,112,False,MCTS-new-100,-1,16,25.65563130378723
AlphaBeta-new-d3__VS__MCTS-new-100__GAME__113,AlphaBeta-new-d3,MCTS-new-100,113,True,MCTS-new-100,1,11,13.99427342414856
AlphaBeta-new-d3__VS__MCTS-new-100__GAME__114,AlphaBeta-new-d3,MCTS-new-100,114,False,MCTS-new-100,-1,10,11.510274887084961
AlphaBeta-new-d3__VS__MCTS-new-100__GAME__115,AlphaBeta-new-d3,MCTS-new-100,115,True,MCTS-new-100,1,10,12.792891025543213
AlphaBeta-new-d3__VS__MCTS-new-100__GAME__116,AlphaBeta-new-d3,MCTS-new-100,116,False,MCTS-new-100,-1,8,8.716612815856934
AlphaBeta-new-d3__VS__MCTS-new-100__GAME__117,AlphaBeta-new-d3,MCTS-new-100,117,True,MCTS-new-100,1,7,7.985127687454224
AlphaBeta-new-d3__VS__MCTS-new-100__GAME__118,AlphaBeta-new-d3,MCTS-new-100,118,False,draw,0,50,79.36392569541931
AlphaBeta-new-d3__VS__MCTS-new-100__GAME__119,AlphaBeta-new-d3,MCTS-new-100,119,True,MCTS-new-100,1,9,10.138456106185913
AlphaBeta-new-d3__VS__MCTS-new-100__GAME__120,AlphaBeta-new-d3,MCTS-new-100,120,False,AlphaBeta-new-d3,1,6,7.579813480377197
AlphaBeta-new-d3__VS__MCTS-new-100__GAME__121,AlphaBeta-new-d3,MCTS-new-100,121,True,MCTS-new-100,1,13,19.13511085510254
AlphaBeta-new-d3__VS__MCTS-new-100__GAME__122,AlphaBeta-new-d3,MCTS-new-100,122,False,MCTS-new-100,-1,8,8.68024492263794
AlphaBeta-new-d3__VS__MCTS-new-100__GAME__123,AlphaBeta-new-d3,MCTS-new-100,123,True,MCTS-new-100,1,6,7.652802467346191
AlphaBeta-new-d3__VS__MCTS-new-100__GAME__124,AlphaBeta-new-d3,MCTS-new-100,124,False,AlphaBeta-new-d3,1,7,7.903806924819946
AlphaBeta-new-d3__VS__MCTS-new-100__GAME__125,AlphaBeta-new-d3,MCTS-new-100,125,True,draw,0,50,75.16627979278564
AlphaBeta-new-d3__VS__MCTS-new-100__GAME__126,AlphaBeta-new-d3,MCTS-new-100,126,False,MCTS-new-100,-1,10,11.41865348815918
AlphaBeta-new-d3__VS__MCTS-new-100__GAME__127,AlphaBeta-new-d3,MCTS-new-100,127,True,MCTS-new-100,1,7,7.741701602935791
AlphaBeta-new-d3__VS__MCTS-new-100__GAME__128,AlphaBeta-new-d3,MCTS-new-100,128,False,MCTS-new-100,-1,10,13.119450330734253
AlphaBeta-new-d3__VS__MCTS-new-100__GAME__129,AlphaBeta-new-d3,MCTS-new-100,129,True,MCTS-new-100,1,9,10.62229323387146
AlphaBeta-new-d3__VS__MCTS-new-100__GAME__130,AlphaBeta-new-d3,MCTS-new-100,130,False,MCTS-new-100,-1,8,7.8324174880981445
AlphaBeta-new-d3__VS__MCTS-new-100__GAME__131,AlphaBeta-new-d3,MCTS-new-100,131,True,MCTS-new-100,1,9,11.914076805114746
AlphaBeta-new-d3__VS__MCTS-new-100__GAME__132,AlphaBeta-new-d3,MCTS-new-100,132,False,AlphaBeta-new-d3,1,6,7.8885581493377686
AlphaBeta-new-d3__VS__MCTS-new-100__GAME__133,AlphaBeta-new-d3,MCTS-new-100,133,True,MCTS-new-100,1,9,10.539433717727661
AlphaBeta-new-d3__VS__MCTS-new-100__GAME__134,AlphaBeta-new-d3,MCTS-new-100,134,False,MCTS-new-100,-1,6,5.73089337348938
AlphaBeta-new-d3__VS__MCTS-new-100__GAME__135,AlphaBeta-new-d3,MCTS-new-100,135,True,AlphaBeta-new-d3,-1,16,22.23751926422119
AlphaBeta-new-d3__VS__MCTS-new-100__GAME__136,AlphaBeta-new-d3,MCTS-new-100,136,False,MCTS-new-100,-1,6,6.569413423538208
AlphaBeta-new-d3__VS__MCTS-new-100__GAME__137,AlphaBeta-new-d3,MCTS-new-100,137,True,AlphaBeta-new-d3,-1,6,7.26793360710144
AlphaBeta-new-d3__VS__MCTS-new-100__GAME__138,AlphaBeta-new-d3,MCTS-new-100,138,False,MCTS-new-100,-1,6,6.891879320144653
AlphaBeta-new-d3__VS__MCTS-new-100__GAME__139,AlphaBeta-new-d3,MCTS-new-100,139,True,AlphaBeta-new-d3,-1,11,13.580357313156128
AlphaBeta-new-d3__VS__MCTS-new-100__GAME__140,AlphaBeta-new-d3,MCTS-new-100,140,False,MCTS-new-100,-1,6,6.635749816894531
AlphaBeta-new-d3__VS__MCTS-new-100__GAME__141,AlphaBeta-new-d3,MCTS-new-100,141,True,AlphaBeta-new-d3,-1,16,27.67581844329834
AlphaBeta-new-d3__VS__MCTS-new-100__GAME__142,AlphaBeta-new-d3,MCTS-new-100,142,False,MCTS-new-100,-1,8,9.62624740600586
AlphaBeta-new-d3__VS__MCTS-new-100__GAME__143,AlphaBeta-new-d3,MCTS-new-100,143,True,MCTS-new-100,1,15,22.276538372039795
AlphaBeta-new-d3__VS__MCTS-new-100__GAME__144,AlphaBeta-new-d3,MCTS-new-100,144,False,MCTS-new-100,-1,12,14.728866577148438
AlphaBeta-new-d3__VS__MCTS-new-100__GAME__145,AlphaBeta-new-d3,MCTS-new-100,145,True,MCTS-new-100,1,9,10.503990888595581
AlphaBeta-new-d3__VS__MCTS-new-100__GAME__146,AlphaBeta-new-d3,MCTS-new-100,146,False,MCTS-new-100,-1,6,6.736295223236084
AlphaBeta-new-d3__VS__MCTS-new-100__GAME__147,AlphaBeta-new-d3,MCTS-new-100,147,True,MCTS-new-100,1,7,8.183635711669922
AlphaBeta-new-d3__VS__MCTS-new-100__GAME__148,AlphaBeta-new-d3,MCTS-new-100,148,False,AlphaBeta-new-d3,1,8,9.350046873092651
AlphaBeta-new-d3__VS__MCTS-new-100__GAME__149,AlphaBeta-new-d3,MCTS-new-100,149,True,MCTS-new-100,1,7,8.272294521331787
AlphaBeta-new-d3__VS__MCTS-new-100__GAME__150,AlphaBeta-new-d3,MCTS-new-100,150,False,MCTS-new-100,-1,6,6.493654489517212
AlphaBeta-new-d3__VS__MCTS-new-100__GAME__151,AlphaBeta-new-d3,MCTS-new-100,151,True,MCTS-new-100,1,11,13.786075353622437
AlphaBeta-new-d3__VS__MCTS-new-100__GAME__152,AlphaBeta-new-d3,MCTS-new-100,152,False,AlphaBeta-new-d3,1,6,6.092227935791016
AlphaBeta-new-d3__VS__MCTS-new-100__GAME__153,AlphaBeta-new-d3,MCTS-new-100,153,True,MCTS-new-100,1,9,12.705076694488525
AlphaBeta-new-d3__VS__MCTS-new-100__GAME__154,AlphaBeta-new-d3,MCTS-new-100,154,False,MCTS-new-100,-1,6,5.689437389373779
AlphaBeta-new-d3__VS__MCTS-new-100__GAME__155,AlphaBeta-new-d3,MCTS-new-100,155,True,MCTS-new-100,1,6,7.159137487411499
AlphaBeta-new-d3__VS__MCTS-new-100__GAME__156,AlphaBeta-new-d3,MCTS-new-100,156,False,AlphaBeta-new-d3,1,29,45.87980055809021
AlphaBeta-new-d3__VS__MCTS-new-100__GAME__157,AlphaBeta-new-d3,MCTS-new-100,157,True,MCTS-new-100,1,15,24.257038116455078
AlphaBeta-new-d3__VS__MCTS-new-100__GAME__158,AlphaBeta-new-d3,MCTS-new-100,158,False,MCTS-new-100,-1,6,6.127732038497925
AlphaBeta-new-d3__VS__MCTS-new-100__GAME__159,AlphaBeta-new-d3,MCTS-new-100,159,True,AlphaBeta-new-d3,-1,15,19.433416843414307
AlphaBeta-new-d3__VS__MCTS-new-100__GAME__160,AlphaBeta-new-d3,MCTS-new-100,160,False,MCTS-new-100,-1,12,15.59248948097229
AlphaBeta-new-d3__VS__MCTS-new-100__GAME__161,AlphaBeta-new-d3,MCTS-new-100,161,True,MCTS-new-100,1,15,21.507630825042725
AlphaBeta-new-d3__VS__MCTS-new-100__GAME__162,AlphaBeta-new-d3,MCTS-new-100,162,False,AlphaBeta-new-d3,1,6,6.691972017288208
AlphaBeta-new-d3__VS__MCTS-new-100__GAME__163,AlphaBeta-new-d3,MCTS-new-100,163,True,MCTS-new-100,1,7,6.654464960098267
AlphaBeta-new-d3__VS__MCTS-new-100__GAME__164,AlphaBeta-new-d3,MCTS-new-100,164,False,MCTS-new-100,-1,12,16.027743339538574
AlphaBeta-new-d3__VS__MCTS-new-100__GAME__165,AlphaBeta-new-d3,MCTS-new-100,165,True,AlphaBeta-new-d3,-1,4,4.283539056777954
AlphaBeta-new-d3__VS__MCTS-new-100__GAME__166,AlphaBeta-new-d3,MCTS-new-100,166,False,MCTS-new-100,-1,8,9.667621374130249
AlphaBeta-new-d3__VS__MCTS-new-100__GAME__167,AlphaBeta-new-d3,MCTS-new-100,167,True,MCTS-new-100,1,11,13.768070220947266
AlphaBeta-new-d3__VS__MCTS-new-100__GAME__168,AlphaBeta-new-d3,MCTS-new-100,168,False,MCTS-new-100,-1,14,19.22651743888855
AlphaBeta-new-d3__VS__MCTS-new-100__GAME__169,AlphaBeta-new-d3,MCTS-new-100,169,True,MCTS-new-100,1,15,19.58856177330017
AlphaBeta-new-d3__VS__MCTS-new-100__GAME__170,AlphaBeta-new-d3,MCTS-new-100,170,False,AlphaBeta-new-d3,1,6,6.2092530727386475
AlphaBeta-new-d3__VS__MCTS-new-100__GAME__171,AlphaBeta-new-d3,MCTS-new-100,171,True,MCTS-new-100,1,9,11.66388463973999
AlphaBeta-new-d3__VS__MCTS-new-100__GAME__172,AlphaBeta-new-d3,MCTS-new-100,172,False,AlphaBeta-new-d3,1,11,15.669421911239624
AlphaBeta-new-d3__VS__MCTS-new-100__GAME__173,AlphaBeta-new-d3,MCTS-new-100,173,True,AlphaBeta-new-d3,-1,19,28.134188890457153
AlphaBeta-new-d3__VS__MCTS-new-100__GAME__174,AlphaBeta-new-d3,MCTS-new-100,174,False,MCTS-new-100,-1,12,13.991902828216553
AlphaBeta-new-d3__VS__MCTS-new-100__GAME__175,AlphaBeta-new-d3,MCTS-new-100,175,True,MCTS-new-100,1,7,7.999398946762085
AlphaBeta-new-d3__VS__MCTS-new-100__GAME__176,AlphaBeta-new-d3,MCTS-new-100,176,False,MCTS-new-100,-1,6,6.652554273605347
AlphaBeta-new-d3__VS__MCTS-new-100__GAME__177,AlphaBeta-new-d3,MCTS-new-100,177,True,MCTS-new-100,1,9,9.245737552642822
AlphaBeta-new-d3__VS__MCTS-new-100__GAME__178,AlphaBeta-new-d3,MCTS-new-100,178,False,MCTS-new-100,-1,6,7.06519341468811
AlphaBeta-new-d3__VS__MCTS-new-100__GAME__179,AlphaBeta-new-d3,MCTS-new-100,179,True,MCTS-new-100,1,17,26.143540382385254
AlphaBeta-new-d3__VS__MCTS-new-100__GAME__180,AlphaBeta-new-d3,MCTS-new-100,180,False,MCTS-new-100,-1,8,9.629252195358276
AlphaBeta-new-d3__VS__MCTS-new-100__GAME__181,AlphaBeta-new-d3,MCTS-new-100,181,True,MCTS-new-100,1,9,11.83312702178955
AlphaBeta-new-d3__VS__MCTS-new-100__GAME__182,AlphaBeta-new-d3,MCTS-new-100,182,False,MCTS-new-100,-1,6,6.761929988861084
AlphaBeta-new-d3__VS__MCTS-new-100__GAME__183,AlphaBeta-new-d3,MCTS-new-100,183,True,MCTS-new-100,1,7,8.60941767692566
AlphaBeta-new-d3__VS__MCTS-new-100__GAME__184,AlphaBeta-new-d3,MCTS-new-100,184,False,MCTS-new-100,-1,6,6.272258758544922
AlphaBeta-new-d3__VS__MCTS-new-100__GAME__185,AlphaBeta-new-d3,MCTS-new-100,185,True,MCTS-new-100,1,19,27.41109013557434
AlphaBeta-new-d3__VS__MCTS-new-100__GAME__186,AlphaBeta-new-d3,MCTS-new-100,186,False,MCTS-new-100,-1,6,5.928401231765747
AlphaBeta-new-d3__VS__MCTS-new-100__GAME__187,AlphaBeta-new-d3,MCTS-new-100,187,True,MCTS-new-100,1,6,9.463206768035889
AlphaBeta-new-d3__VS__MCTS-new-100__GAME__188,AlphaBeta-new-d3,MCTS-new-100,188,False,MCTS-new-100,-1,12,14.285202503204346
AlphaBeta-new-d3__VS__MCTS-new-100__GAME__189,AlphaBeta-new-d3,MCTS-new-100,189,True,MCTS-new-100,1,7,8.073676347732544
AlphaBeta-new-d3__VS__MCTS-new-100__GAME__190,AlphaBeta-new-d3,MCTS-new-100,190,False,AlphaBeta-new-d3,1,6,6.7430479526519775
AlphaBeta-new-d3__VS__MCTS-new-100__GAME__191,AlphaBeta-new-d3,MCTS-new-100,191,True,MCTS-new-100,1,7,8.625860214233398
AlphaBeta-new-d3__VS__MCTS-new-100__GAME__192,AlphaBeta-new-d3,MCTS-new-100,192,False,MCTS-new-100,-1,12,16.241490602493286
AlphaBeta-new-d3__VS__MCTS-new-100__GAME__193,AlphaBeta-new-d3,MCTS-new-100,193,True,MCTS-new-100,1,9,10.647581100463867
AlphaBeta-new-d3__VS__MCTS-new-100__GAME__194,AlphaBeta-new-d3,MCTS-new-100,194,False,AlphaBeta-new-d3,1,16,28.351746082305908
AlphaBeta-new-d3__VS__MCTS-new-100__GAME__195,AlphaBeta-new-d3,MCTS-new-100,195,True,AlphaBeta-new-d3,-1,7,8.714584589004517
AlphaBeta-new-d3__VS__MCTS-new-100__GAME__196,AlphaBeta-new-d3,MCTS-new-100,196,False,MCTS-new-100,-1,22,32.08280682563782
AlphaBeta-new-d3__VS__MCTS-new-100__GAME__197,AlphaBeta-new-d3,MCTS-new-100,197,True,MCTS-new-100,1,7,9.432453632354736
AlphaBeta-new-d3__VS__MCTS-new-100__GAME__198,AlphaBeta-new-d3,MCTS-new-100,198,False,MCTS-new-100,-1,10,12.908907175064087
AlphaBeta-new-d3__VS__MCTS-new-100__GAME__199,AlphaBeta-new-d3,MCTS-new-100,199,True,MCTS-new-100,1,27,49.24304246902466
AlphaBeta-new-d3__VS__MCTS-new-100__GAME__200,AlphaBeta-new-d3,MCTS-new-100,200,False,AlphaBeta-new-d3,1,6,6.352792739868164
AlphaBeta-new-d3__VS__MCTS-new-100__GAME__201,AlphaBeta-new-d3,MCTS-new-100,201,True,MCTS-new-100,1,7,8.202117443084717
AlphaBeta-new-d3__VS__MCTS-new-100__GAME__202,AlphaBeta-new-d3,MCTS-new-100,202,False,MCTS-new-100,-1,18,23.61847424507141
AlphaBeta-new-d3__VS__MCTS-new-100__GAME__203,AlphaBeta-new-d3,MCTS-new-100,203,True,AlphaBeta-new-d3,-1,7,10.233305931091309
AlphaBeta-new-d3__VS__MCTS-new-100__GAME__204,AlphaBeta-new-d3,MCTS-new-100,204,False,MCTS-new-100,-1,6,6.84697413444519
AlphaBeta-new-d3__VS__MCTS-new-100__GAME__205,AlphaBeta-new-d3,MCTS-new-100,205,True,MCTS-new-100,1,13,15.821986436843872
AlphaBeta-new-d3__VS__MCTS-new-100__GAME__206,AlphaBeta-new-d3,MCTS-new-100,206,False,AlphaBeta-new-d3,1,9,11.894118070602417
AlphaBeta-new-d3__VS__MCTS-new-100__GAME__207,AlphaBeta-new-d3,MCTS-new-100,207,True,MCTS-new-100,1,7,8.35575246810913
AlphaBeta-new-d3__VS__MCTS-new-100__GAME__208,AlphaBeta-new-d3,MCTS-new-100,208,False,MCTS-new-100,-1,4,3.753671646118164
AlphaBeta-new-d3__VS__MCTS-new-100__GAME__209,AlphaBeta-new-d3,MCTS-new-100,209,True,MCTS-new-100,1,7,8.559792280197144
AlphaBeta-new-d3__VS__MCTS-new-100__GAME__210,AlphaBeta-new-d3,MCTS-new-100,210,False,MCTS-new-100,-1,8,10.307683944702148
AlphaBeta-new-d3__VS__MCTS-new-100__GAME__211,AlphaBeta-new-d3,MCTS-new-100,211,True,MCTS-new-100,1,9,11.681018829345703
AlphaBeta-new-d3__VS__MCTS-new-100__GAME__212,AlphaBeta-new-d3,MCTS-new-100,212,False,AlphaBeta-new-d3,1,6,6.3368306159973145
AlphaBeta-new-d3__VS__MCTS-new-100__GAME__213,AlphaBeta-new-d3,MCTS-new-100,213,True,draw,0,50,88.4348464012146
AlphaBeta-new-d3__VS__MCTS-new-100__GAME__214,AlphaBeta-new-d3,MCTS-new-100,214,False,MCTS-new-100,-1,6,5.705394744873047
AlphaBeta-new-d3__VS__MCTS-new-100__GAME__215,AlphaBeta-new-d3,MCTS-new-100,215,True,MCTS-new-100,1,9,10.601861715316772
AlphaBeta-new-d3__VS__MCTS-new-100__GAME__216,AlphaBeta-new-d3,MCTS-new-100,216,False,AlphaBeta-new-d3,1,17,28.38197159767151
AlphaBeta-new-d3__VS__MCTS-new-100__GAME__217,AlphaBeta-new-d3,MCTS-new-100,217,True,MCTS-new-100,1,7,7.610119342803955
AlphaBeta-new-d3__VS__MCTS-new-100__GAME__218,AlphaBeta-new-d3,MCTS-new-100,218,False,MCTS-new-100,-1,20,32.20380783081055
AlphaBeta-new-d3__VS__MCTS-new-100__GAME__219,AlphaBeta-new-d3,MCTS-new-100,219,True,MCTS-new-100,1,6,7.809946298599243
AlphaBeta-new-d3__VS__MCTS-new-100__GAME__220,AlphaBeta-new-d3,MCTS-new-100,220,False,MCTS-new-100,-1,22,35.310436725616455
AlphaBeta-new-d3__VS__MCTS-new-100__GAME__221,AlphaBeta-new-d3,MCTS-new-100,221,True,draw,0,50,85.13593173027039
AlphaBeta-new-d3__VS__MCTS-new-100__GAME__222,AlphaBeta-new-d3,MCTS-new-100,222,False,MCTS-new-100,-1,6,5.533442735671997
AlphaBeta-new-d3__VS__MCTS-new-100__GAME__223,AlphaBeta-new-d3,MCTS-new-100,223,True,MCTS-new-100,1,5,5.2364418506622314
AlphaBeta-new-d3__VS__MCTS-new-100__GAME__224,AlphaBeta-new-d3,MCTS-new-100,224,False,AlphaBeta-new-d3,1,9,11.18575119972229
AlphaBeta-new-d3__VS__MCTS-new-100__GAME__225,AlphaBeta-new-d3,MCTS-new-100,225,True,MCTS-new-100,1,13,17.30514907836914
AlphaBeta-new-d3__VS__MCTS-new-100__GAME__226,AlphaBeta-new-d3,MCTS-new-100,226,False,MCTS-new-100,-1,6,6.049250364303589
AlphaBeta-new-d3__VS__MCTS-new-100__GAME__227,AlphaBeta-new-d3,MCTS-new-100,227,True,AlphaBeta-new-d3,-1,10,13.35067105293274
AlphaBeta-new-d3__VS__MCTS-new-100__GAME__228,AlphaBeta-new-d3,MCTS-new-100,228,False,AlphaBeta-new-d3,1,6,6.442802667617798
AlphaBeta-new-d3__VS__MCTS-new-100__GAME__229,AlphaBeta-new-d3,MCTS-new-100,229,True,MCTS-new-100,1,35,51.98494625091553
AlphaBeta-new-d3__VS__MCTS-new-100__GAME__230,AlphaBeta-new-d3,MCTS-new-100,230,False,MCTS-new-100,-1,8,8.558505058288574
AlphaBeta-new-d3__VS__MCTS-new-100__GAME__231,AlphaBeta-new-d3,MCTS-new-100,231,True,AlphaBeta-new-d3,-1,14,21.40096139907837
AlphaBeta-new-d3__VS__MCTS-new-100__GAME__232,AlphaBeta-new-d3,MCTS-new-100,232,False,MCTS-new-100,-1,7,8.574005603790283
AlphaBeta-new-d3__VS__MCTS-new-100__GAME__233,AlphaBeta-new-d3,MCTS-new-100,233,True,MCTS-new-100,1,17,24.441420078277588
AlphaBeta-new-d3__VS__MCTS-new-100__GAME__234,AlphaBeta-new-d3,MCTS-new-100,234,False,MCTS-new-100,-1,6,6.5334625244140625
AlphaBeta-new-d3__VS__MCTS-new-100__GAME__235,AlphaBeta-new-d3,MCTS-new-100,235,True,MCTS-new-100,1,9,10.98084807395935
AlphaBeta-new-d3__VS__MCTS-new-100__GAME__236,AlphaBeta-new-d3,MCTS-new-100,236,False,MCTS-new-100,-1,6,6.045837163925171
AlphaBeta-new-d3__VS__MCTS-new-100__GAME__237,AlphaBeta-new-d3,MCTS-new-100,237,True,MCTS-new-100,1,7,8.559881925582886
AlphaBeta-new-d3__VS__MCTS-new-100__GAME__238,AlphaBeta-new-d3,MCTS-new-100,238,False,MCTS-new-100,-1,6,6.127680063247681
AlphaBeta-new-d3__VS__MCTS-new-100__GAME__239,AlphaBeta-new-d3,MCTS-new-100,239,True,MCTS-new-100,1,9,11.56850814819336
AlphaBeta-new-d3__VS__MCTS-new-100__GAME__240,AlphaBeta-new-d3,MCTS-new-100,240,False,AlphaBeta-new-d3,1,39,71.0570056438446
AlphaBeta-new-d3__VS__MCTS-new-100__GAME__241,AlphaBeta-new-d3,MCTS-new-100,241,True,MCTS-new-100,1,21,34.35388541221619
AlphaBeta-new-d3__VS__MCTS-new-100__GAME__242,AlphaBeta-new-d3,MCTS-new-100,242,False,AlphaBeta-new-d3,1,5,5.190167427062988
AlphaBeta-new-d3__VS__MCTS-new-100__GAME__243,AlphaBeta-new-d3,MCTS-new-100,243,True,AlphaBeta-new-d3,-1,7,8.286405324935913
AlphaBeta-new-d3__VS__MCTS-new-100__GAME__244,AlphaBeta-new-d3,MCTS-new-100,244,False,MCTS-new-100,-1,6,5.988811731338501
AlphaBeta-new-d3__VS__MCTS-new-100__GAME__245,AlphaBeta-new-d3,MCTS-new-100,245,True,MCTS-new-100,1,13,18.58812117576599
AlphaBeta-new-d3__VS__MCTS-new-100__GAME__246,AlphaBeta-new-d3,MCTS-new-100,246,False,AlphaBeta-new-d3,1,8,10.403057336807251
AlphaBeta-new-d3__VS__MCTS-new-100__GAME__247,AlphaBeta-new-d3,MCTS-new-100,247,True,MCTS-new-100,1,9,11.045283079147339
AlphaBeta-new-d3__VS__MCTS-new-100__GAME__248,AlphaBeta-new-d3,MCTS-new-100,248,False,MCTS-new-100,-1,16,22.850313901901245
AlphaBeta-new-d3__VS__MCTS-new-100__GAME__249,AlphaBeta-new-d3,MCTS-new-100,249,True,MCTS-new-100,1,9,11.483906269073486
MCTS-old-100__VS__MCTS-new-100__GAME__0,MCTS-old-100,MCTS-new-100,0,False,MCTS-new-100,-1,11,15.554407358169556
MCTS-old-100__VS__MCTS-new-100__GAME__1,MCTS-old-100,MCTS-new-100,1,True,MCTS-new-100,1,6,9.268423795700073
MCTS-old-100__VS__MCTS-new-100__GAME__2,MCTS-old-100,MCTS-new-100,2,False,MCTS-new-100,-1,4,4.043639898300171
MCTS-old-100__VS__MCTS-new-100__GAME__3,MCTS-old-100,MCTS-new-100,3,True,MCTS-old-100,-1,6,6.896515846252441
MCTS-old-100__VS__MCTS-new-100__GAME__4,MCTS-old-100,MCTS-new-100,4,False,MCTS-new-100,-1,22,34.48153114318848
MCTS-old-100__VS__MCTS-new-100__GAME__5,MCTS-old-100,MCTS-new-100,5,True,MCTS-new-100,1,25,46.5016655921936
MCTS-old-100__VS__MCTS-new-100__GAME__6,MCTS-old-100,MCTS-new-100,6,False,MCTS-new-100,-1,10,12.872984886169434
MCTS-old-100__VS__MCTS-new-100__GAME__7,MCTS-old-100,MCTS-new-100,7,True,MCTS-old-100,-1,8,11.474699020385742
MCTS-old-100__VS__MCTS-new-100__GAME__8,MCTS-old-100,MCTS-new-100,8,False,MCTS-old-100,1,9,11.632564306259155
MCTS-old-100__VS__MCTS-new-100__GAME__9,MCTS-old-100,MCTS-new-100,9,True,MCTS-old-100,-1,14,20.180797815322876
MCTS-old-100__VS__MCTS-new-100__GAME__10,MCTS-old-100,MCTS-new-100,10,False,MCTS-new-100,-1,20,31.63053798675537
MCTS-old-100__VS__MCTS-new-100__GAME__11,MCTS-old-100,MCTS-new-100,11,True,MCTS-new-100,1,10,14.423758506774902
MCTS-old-100__VS__MCTS-new-100__GAME__12,MCTS-old-100,MCTS-new-100,12,False,draw,0,50,95.17418575286865
MCTS-old-100__VS__MCTS-new-100__GAME__13,MCTS-old-100,MCTS-new-100,13,True,MCTS-new-100,1,11,15.911573886871338
MCTS-old-100__VS__MCTS-new-100__GAME__14,MCTS-old-100,MCTS-new-100,14,False,MCTS-old-100,1,7,8.560336351394653
MCTS-old-100__VS__MCTS-new-100__GAME__15,MCTS-old-100,MCTS-new-100,15,True,MCTS-new-100,1,35,57.84728384017944
MCTS-old-100__VS__MCTS-new-100__GAME__16,MCTS-old-100,MCTS-new-100,16,False,MCTS-new-100,-1,38,86.11485290527344
MCTS-old-100__VS__MCTS-new-100__GAME__17,MCTS-old-100,MCTS-new-100,17,True,MCTS-new-100,1,41,85.31000518798828
MCTS-old-100__VS__MCTS-new-100__GAME__18,MCTS-old-100,MCTS-new-100,18,False,MCTS-new-100,-1,10,15.150020122528076
MCTS-old-100__VS__MCTS-new-100__GAME__19,MCTS-old-100,MCTS-new-100,19,True,MCTS-new-100,1,42,75.67666721343994
MCTS-old-100__VS__MCTS-new-100__GAME__20,MCTS-old-100,MCTS-new-100,20,False,MCTS-new-100,-1,42,69.83588409423828
MCTS-old-100__VS__MCTS-new-100__GAME__21,MCTS-old-100,MCTS-new-100,21,True,MCTS-new-100,1,6,9.002495527267456
MCTS-old-100__VS__MCTS-new-100__GAME__22,MCTS-old-100,MCTS-new-100,22,False,MCTS-new-100,-1,13,17.065651416778564
MCTS-old-100__VS__MCTS-new-100__GAME__23,MCTS-old-100,MCTS-new-100,23,True,draw,0,50,86.63348484039307
MCTS-old-100__VS__MCTS-new-100__GAME__24,MCTS-old-100,MCTS-new-100,24,False,MCTS-old-100,1,15,20.894011735916138
MCTS-old-100__VS__MCTS-new-100__GAME__25,MCTS-old-100,MCTS-new-100,25,True,draw,0,50,76.87787294387817
MCTS-old-100__VS__MCTS-new-100__GAME__26,MCTS-old-100,MCTS-new-100,26,False,MCTS-new-100,-1,45,81.34526348114014
MCTS-old-100__VS__MCTS-new-100__GAME__27,MCTS-old-100,MCTS-new-100,27,True,MCTS-new-100,1,11,13.436694145202637
MCTS-old-100__VS__MCTS-new-100__GAME__28,MCTS-old-100,MCTS-new-100,28,False,draw,0,50,79.68097352981567
MCTS-old-100__VS__MCTS-new-100__GAME__29,MCTS-old-100,MCTS-new-100,29,True,MCTS-old-100,-1,6,6.888098239898682
MCTS-old-100__VS__MCTS-new-100__GAME__30,MCTS-old-100,MCTS-new-100,30,False,MCTS-new-100,-1,26,48.95523285865784
MCTS-old-100__VS__MCTS-new-100__GAME__31,MCTS-old-100,MCTS-new-100,31,True,MCTS-old-100,-1,32,58.612796783447266
MCTS-old-100__VS__MCTS-new-100__GAME__32,MCTS-old-100,MCTS-new-100,32,False,draw,0,50,83.85183715820312
MCTS-old-100__VS__MCTS-new-100__GAME__33,MCTS-old-100,MCTS-new-100,33,True,MCTS-old-100,-1,22,40.29033088684082
MCTS-old-100__VS__MCTS-new-100__GAME__34,MCTS-old-100,MCTS-new-100,34,False,MCTS-new-100,-1,10,12.645732879638672
MCTS-old-100__VS__MCTS-new-100__GAME__35,MCTS-old-100,MCTS-new-100,35,True,MCTS-new-100,1,9,11.801883459091187
MCTS-old-100__VS__MCTS-new-100__GAME__36,MCTS-old-100,MCTS-new-100,36,False,MCTS-old-100,1,7,8.285428285598755
MCTS-old-100__VS__MCTS-new-100__GAME__37,MCTS-old-100,MCTS-new-100,37,True,MCTS-new-100,1,6,8.041741132736206
MCTS-old-100__VS__MCTS-new-100__GAME__38,MCTS-old-100,MCTS-new-100,38,False,MCTS-old-100,1,37,69.2709105014801
MCTS-old-100__VS__MCTS-new-100__GAME__39,MCTS-old-100,MCTS-new-100,39,True,MCTS-old-100,-1,28,57.710915327072144
MCTS-old-100__VS__MCTS-new-100__GAME__40,MCTS-old-100,MCTS-new-100,40,False,draw,0,50,96.85136437416077
MCTS-old-100__VS__MCTS-new-100__GAME__41,MCTS-old-100,MCTS-new-100,41,True,MCTS-new-100,1,6,7.643843650817871
MCTS-old-100__VS__MCTS-new-100__GAME__42,MCTS-old-100,MCTS-new-100,42,False,MCTS-new-100,-1,8,9.787482261657715
MCTS-old-100__VS__MCTS-new-100__GAME__43,MCTS-old-100,MCTS-new-100,43,True,MCTS-old-100,-1,7,9.152583837509155
MCTS-old-100__VS__MCTS-new-100__GAME__44,MCTS-old-100,MCTS-new-100,44,False,MCTS-old-100,1,6,7.9593775272369385
MCTS-old-100__VS__MCTS-new-100__GAME__45,MCTS-old-100,MCTS-new-100,45,True,MCTS-new-100,1,9,13.166015863418579
MCTS-old-100__VS__MCTS-new-100__GAME__46,MCTS-old-100,MCTS-new-100,46,False,draw,0,50,111.77240014076233
MCTS-old-100__VS__MCTS-new-100__GAME__47,MCTS-old-100,MCTS-new-100,47,True,MCTS-old-100,-1,16,22.171061277389526
MCTS-old-100__VS__MCTS-new-100__GAME__48,MCTS-old-100,MCTS-new-100,48,False,draw,0,50,102.8360071182251
MCTS-old-100__VS__MCTS-new-100__GAME__49,MCTS-old-100,MCTS-new-100,49,True,draw,0,50,192.16549682617188
MCTS-old-100__VS__MCTS-new-100__GAME__50,MCTS-old-100,MCTS-new-100,50,False,draw,0,50,317.7632346153259
MCTS-old-100__VS__MCTS-new-100__GAME__51,MCTS-old-100,MCTS-new-100,51,True,MCTS-old-100,-1,15,103.46221232414246
MCTS-old-100__VS__MCTS-new-100__GAME__52,MCTS-old-100,MCTS-new-100,52,False,MCTS-old-100,1,9,56.585723876953125
MCTS-old-100__VS__MCTS-new-100__GAME__53,MCTS-old-100,MCTS-new-100,53,True,MCTS-old-100,-1,10,61.4429030418396
MCTS-old-100__VS__MCTS-new-100__GAME__54,MCTS-old-100,MCTS-new-100,54,False,MCTS-new-100,-1,14,75.64907145500183
MCTS-old-100__VS__MCTS-new-100__GAME__55,MCTS-old-100,MCTS-new-100,55,True,MCTS-old-100,-1,7,45.55099940299988
MCTS-old-100__VS__MCTS-new-100__GAME__56,MCTS-old-100,MCTS-new-100,56,False,draw,0,50,328.6026635169983
MCTS-old-100__VS__MCTS-new-100__GAME__57,MCTS-old-100,MCTS-new-100,57,True,MCTS-new-100,1,12,82.15104246139526
MCTS-old-100__VS__MCTS-new-100__GAME__58,MCTS-old-100,MCTS-new-100,58,False,MCTS-old-100,1,25,180.7835762500763
MCTS-old-100__VS__MCTS-new-100__GAME__59,MCTS-old-100,MCTS-new-100,59,True,MCTS-new-100,1,7,44.00014519691467
MCTS-old-100__VS__MCTS-new-100__GAME__60,MCTS-old-100,MCTS-new-100,60,False,MCTS-old-100,1,8,58.28905200958252
MCTS-old-100__VS__MCTS-new-100__GAME__61,MCTS-old-100,MCTS-new-100,61,True,MCTS-old-100,-1,17,152.69314336776733
MCTS-old-100__VS__MCTS-new-100__GAME__62,MCTS-old-100,MCTS-new-100,62,False,draw,0,50,367.1996400356293
MCTS-old-100__VS__MCTS-new-100__GAME__63,MCTS-old-100,MCTS-new-100,63,True,MCTS-new-100,1,9,57.380852699279785
MCTS-old-100__VS__MCTS-new-100__GAME__64,MCTS-old-100,MCTS-new-100,64,False,MCTS-old-100,1,11,73.56622171401978
MCTS-old-100__VS__MCTS-new-100__GAME__65,MCTS-old-100,MCTS-new-100,65,True,MCTS-new-100,1,9,57.66298961639404
MCTS-old-100__VS__MCTS-new-100__GAME__66,MCTS-old-100,MCTS-new-100,66,False,MCTS-old-100,1,15,101.44158411026001
MCTS-old-100__VS__MCTS-new-100__GAME__67,MCTS-old-100,MCTS-new-100,67,True,MCTS-old-100,-1,12,80.8618323802948
MCTS-old-100__VS__MCTS-new-100__GAME__68,MCTS-old-100,MCTS-new-100,68,False,MCTS-old-100,1,6,42.6710422039032
MCTS-old-100__VS__MCTS-new-100__GAME__69,MCTS-old-100,MCTS-new-100,69,True,MCTS-old-100,-1,12,78.9438111782074
MCTS-old-100__VS__MCTS-new-100__GAME__70,MCTS-old-100,MCTS-new-100,70,False,MCTS-old-100,1,16,108.06761693954468
MCTS-old-100__VS__MCTS-new-100__GAME__71,MCTS-old-100,MCTS-new-100,71,True,MCTS-old-100,-1,11,76.43220472335815
MCTS-old-100__VS__MCTS-new-100__GAME__72,MCTS-old-100,MCTS-new-100,72,False,MCTS-old-100,1,16,75.05095148086548
MCTS-old-100__VS__MCTS-new-100__GAME__73,MCTS-old-100,MCTS-new-100,73,True,MCTS-old-100,-1,22,73.33458828926086
MCTS-old-100__VS__MCTS-new-100__GAME__74,MCTS-old-100,MCTS-new-100,74,False,MCTS-old-100,1,9,23.488287210464478
MCTS-old-100__VS__MCTS-new-100__GAME__75,MCTS-old-100,MCTS-new-100,75,True,MCTS-new-100,1,37,141.95579314231873
MCTS-old-100__VS__MCTS-new-100__GAME__76,MCTS-old-100,MCTS-new-100,76,False,MCTS-new-100,-1,22,75.18870377540588
MCTS-old-100__VS__MCTS-new-100__GAME__77,MCTS-old-100,MCTS-new-100,77,True,MCTS-old-100,-1,10,29.997872829437256
MCTS-old-100__VS__MCTS-new-100__GAME__78,MCTS-old-100,MCTS-new-100,78,False,MCTS-old-100,1,17,59.55028986930847
MCTS-old-100__VS__MCTS-new-100__GAME__79,MCTS-old-100,MCTS-new-100,79,True,MCTS-new-100,1,6,17.844631671905518
MCTS-old-100__VS__MCTS-new-100__GAME__80,MCTS-old-100,MCTS-new-100,80,False,MCTS-old-100,1,15,44.71665048599243
MCTS-old-100__VS__MCTS-new-100__GAME__81,MCTS-old-100,MCTS-new-100,81,True,MCTS-old-100,-1,12,37.93232488632202
MCTS-old-100__VS__MCTS-new-100__GAME__82,MCTS-old-100,MCTS-new-100,82,False,MCTS-new-100,-1,10,27.110071897506714
MCTS-old-100__VS__MCTS-new-100__GAME__83,MCTS-old-100,MCTS-new-100,83,True,MCTS-new-100,1,9,22.617181301116943
MCTS-old-100__VS__MCTS-new-100__GAME__84,MCTS-old-100,MCTS-new-100,84,False,MCTS-old-100,1,37,206.33644723892212
MCTS-old-100__VS__MCTS-new-100__GAME__85,MCTS-old-100,MCTS-new-100,85,True,MCTS-new-100,1,25,81.61080598831177
MCTS-old-100__VS__MCTS-new-100__GAME__86,MCTS-old-100,MCTS-new-100,86,False,MCTS-old-100,1,8,24.02807354927063
MCTS-old-100__VS__MCTS-new-100__GAME__87,MCTS-old-100,MCTS-new-100,87,True,MCTS-old-100,-1,14,43.930702686309814
MCTS-old-100__VS__MCTS-new-100__GAME__88,MCTS-old-100,MCTS-new-100,88,False,MCTS-old-100,1,13,39.35010123252869
MCTS-old-100__VS__MCTS-new-100__GAME__89,MCTS-old-100,MCTS-new-100,89,True,MCTS-new-100,1,15,46.75187373161316
MCTS-old-100__VS__MCTS-new-100__GAME__90,MCTS-old-100,MCTS-new-100,90,False,MCTS-old-100,1,9,24.289062976837158
MCTS-old-100__VS__MCTS-new-100__GAME__91,MCTS-old-100,MCTS-new-100,91,True,MCTS-new-100,1,29,99.95516920089722
MCTS-old-100__VS__MCTS-new-100__GAME__92,MCTS-old-100,MCTS-new-100,92,False,MCTS-old-100,1,11,33.10351777076721
MCTS-old-100__VS__MCTS-new-100__GAME__93,MCTS-old-100,MCTS-new-100,93,True,MCTS-new-100,1,10,28.383773803710938
MCTS-old-100__VS__MCTS-new-100__GAME__94,MCTS-old-100,MCTS-new-100,94,False,MCTS-old-100,1,7,16.826950550079346
MCTS-old-100__VS__MCTS-new-100__GAME__95,MCTS-old-100,MCTS-new-100,95,True,MCTS-old-100,-1,14,46.14308953285217
MCTS-old-100__VS__MCTS-new-100__GAME__96,MCTS-old-100,MCTS-new-100,96,False,draw,0,50,206.08934354782104
MCTS-old-100__VS__MCTS-new-100__GAME__97,MCTS-old-100,MCTS-new-100,97,True,MCTS-old-100,-1,8,20.914813995361328
MCTS-old-100__VS__MCTS-new-100__GAME__98,MCTS-old-100,MCTS-new-100,98,False,MCTS-new-100,-1,26,105.04011273384094
MCTS-old-100__VS__MCTS-new-100__GAME__99,MCTS-old-100,MCTS-new-100,99,True,MCTS-new-100,1,6,16.86617350578308
MCTS-old-100__VS__MCTS-new-100__GAME__100,MCTS-old-100,MCTS-new-100,100,False,MCTS-old-100,1,13,37.902832984924316
MCTS-old-100__VS__MCTS-new-100__GAME__101,MCTS-old-100,MCTS-new-100,101,True,MCTS-new-100,1,9,21.107093811035156
MCTS-old-100__VS__MCTS-new-100__GAME__102,MCTS-old-100,MCTS-new-100,102,False,MCTS-old-100,1,8,23.78957223892212
MCTS-old-100__VS__MCTS-new-100__GAME__103,MCTS-old-100,MCTS-new-100,103,True,MCTS-new-100,1,5,12.873537540435791
MCTS-old-100__VS__MCTS-new-100__GAME__104,MCTS-old-100,MCTS-new-100,104,False,MCTS-new-100,-1,39,130.16901922225952
MCTS-old-100__VS__MCTS-new-100__GAME__105,MCTS-old-100,MCTS-new-100,105,True,MCTS-new-100,1,29,109.78539323806763
MCTS-old-100__VS__MCTS-new-100__GAME__106,MCTS-old-100,MCTS-new-100,106,False,MCTS-old-100,1,10,30.317923307418823
MCTS-old-100__VS__MCTS-new-100__GAME__107,MCTS-old-100,MCTS-new-100,107,True,MCTS-new-100,1,6,16.91503071784973
MCTS-old-100__VS__MCTS-new-100__GAME__108,MCTS-old-100,MCTS-new-100,108,False,MCTS-old-100,1,6,18.67186689376831
MCTS-old-100__VS__MCTS-new-100__GAME__109,MCTS-old-100,MCTS-new-100,109,True,MCTS-new-100,1,9,26.407881259918213
MCTS-old-100__VS__MCTS-new-100__GAME__110,MCTS-old-100,MCTS-new-100,110,False,MCTS-old-100,1,15,62.81089949607849
MCTS-old-100__VS__MCTS-new-100__GAME__111,MCTS-old-100,MCTS-new-100,111,True,MCTS-old-100,-1,16,92.07203316688538
MCTS-old-100__VS__MCTS-new-100__GAME__112,MCTS-old-100,MCTS-new-100,112,False,draw,0,50,332.2268433570862
MCTS-old-100__VS__MCTS-new-100__GAME__113,MCTS-old-100,MCTS-new-100,113,True,MCTS-old-100,-1,35,232.7050266265869
MCTS-old-100__VS__MCTS-new-100__GAME__114,MCTS-old-100,MCTS-new-100,114,False,MCTS-new-100,-1,19,116.06169176101685
MCTS-old-100__VS__MCTS-new-100__GAME__115,MCTS-old-100,MCTS-new-100,115,True,MCTS-new-100,1,8,36.77487325668335
MCTS-old-100__VS__MCTS-new-100__GAME__116,MCTS-old-100,MCTS-new-100,116,False,MCTS-old-100,1,23,136.08182048797607
MCTS-old-100__VS__MCTS-new-100__GAME__117,MCTS-old-100,MCTS-new-100,117,True,MCTS-new-100,1,4,20.49740982055664
MCTS-old-100__VS__MCTS-new-100__GAME__118,MCTS-old-100,MCTS-new-100,118,False,MCTS-old-100,1,6,29.506736993789673
MCTS-old-100__VS__MCTS-new-100__GAME__119,MCTS-old-100,MCTS-new-100,119,True,MCTS-new-100,1,31,185.54618883132935
MCTS-old-100__VS__MCTS-new-100__GAME__120,MCTS-old-100,MCTS-new-100,120,False,MCTS-new-100,-1,10,31.78451633453369
MCTS-old-100__VS__MCTS-new-100__GAME__121,MCTS-old-100,MCTS-new-100,121,True,MCTS-new-100,1,7,12.420439720153809
MCTS-old-100__VS__MCTS-new-100__GAME__122,MCTS-old-100,MCTS-new-100,122,False,draw,0,50,121.66681814193726
MCTS-old-100__VS__MCTS-new-100__GAME__123,MCTS-old-100,MCTS-new-100,123,True,MCTS-old-100,-1,15,25.948418378829956
MCTS-old-100__VS__MCTS-new-100__GAME__124,MCTS-old-100,MCTS-new-100,124,False,MCTS-new-100,-1,11,20.52572536468506
MCTS-old-100__VS__MCTS-new-100__GAME__125,MCTS-old-100,MCTS-new-100,125,True,MCTS-new-100,1,17,38.79997158050537
MCTS-old-100__VS__MCTS-new-100__GAME__126,MCTS-old-100,MCTS-new-100,126,False,MCTS-new-100,-1,25,58.820894956588745
MCTS-old-100__VS__MCTS-new-100__GAME__127,MCTS-old-100,MCTS-new-100,127,True,MCTS-new-100,1,6,10.70900297164917
MCTS-old-100__VS__MCTS-new-100__GAME__128,MCTS-old-100,MCTS-new-100,128,False,MCTS-old-100,1,7,10.473777770996094
MCTS-old-100__VS__MCTS-new-100__GAME__129,MCTS-old-100,MCTS-new-100,129,True,MCTS-new-100,1,6,12.78583836555481
MCTS-old-100__VS__MCTS-new-100__GAME__130,MCTS-old-100,MCTS-new-100,130,False,MCTS-old-100,1,6,11.991096019744873
MCTS-old-100__VS__MCTS-new-100__GAME__131,MCTS-old-100,MCTS-new-100,131,True,MCTS-old-100,-1,26,61.15901517868042
MCTS-old-100__VS__MCTS-new-100__GAME__132,MCTS-old-100,MCTS-new-100,132,False,draw,0,50,160.17919754981995
MCTS-old-100__VS__MCTS-new-100__GAME__133,MCTS-old-100,MCTS-new-100,133,True,MCTS-old-100,-1,18,38.21175503730774
MCTS-old-100__VS__MCTS-new-100__GAME__134,MCTS-old-100,MCTS-new-100,134,False,MCTS-old-100,1,6,11.90954875946045
MCTS-old-100__VS__MCTS-new-100__GAME__135,MCTS-old-100,MCTS-new-100,135,True,MCTS-new-100,1,29,63.91756582260132
MCTS-old-100__VS__MCTS-new-100__GAME__136,MCTS-old-100,MCTS-new-100,136,False,MCTS-old-100,1,8,14.601969003677368
MCTS-old-100__VS__MCTS-new-100__GAME__137,MCTS-old-100,MCTS-new-100,137,True,MCTS-new-100,1,5,6.312694549560547
MCTS-old-100__VS__MCTS-new-100__GAME__138,MCTS-old-100,MCTS-new-100,138,False,MCTS-old-100,1,11,21.551687240600586
MCTS-old-100__VS__MCTS-new-100__GAME__139,MCTS-old-100,MCTS-new-100,139,True,MCTS-old-100,-1,7,11.631248950958252
MCTS-old-100__VS__MCTS-new-100__GAME__140,MCTS-old-100,MCTS-new-100,140,False,MCTS-old-100,1,9,17.063490390777588
MCTS-old-100__VS__MCTS-new-100__GAME__141,MCTS-old-100,MCTS-new-100,141,True,MCTS-new-100,1,17,37.87482404708862
MCTS-old-100__VS__MCTS-new-100__GAME__142,MCTS-old-100,MCTS-new-100,142,False,draw,0,50,134.26995754241943
MCTS-old-100__VS__MCTS-new-100__GAME__143,MCTS-old-100,MCTS-new-100,143,True,MCTS-old-100,-1,20,38.898350954055786
MCTS-old-100__VS__MCTS-new-100__GAME__144,MCTS-old-100,MCTS-new-100,144,False,MCTS-old-100,1,15,34.16613054275513
MCTS-old-100__VS__MCTS-new-100__GAME__145,MCTS-old-100,MCTS-new-100,145,True,MCTS-new-100,1,9,15.305168390274048
MCTS-old-100__VS__MCTS-new-100__GAME__146,MCTS-old-100,MCTS-new-100,146,False,MCTS-old-100,1,13,26.459261894226074
MCTS-old-100__VS__MCTS-new-100__GAME__147,MCTS-old-100,MCTS-new-100,147,True,MCTS-new-100,1,21,51.20241045951843
MCTS-old-100__VS__MCTS-new-100__GAME__148,MCTS-old-100,MCTS-new-100,148,False,MCTS-old-100,1,7,11.467926740646362
MCTS-old-100__VS__MCTS-new-100__GAME__149,MCTS-old-100,MCTS-new-100,149,True,MCTS-old-100,-1,7,13.176635503768921
MCTS-old-100__VS__MCTS-new-100__GAME__150,MCTS-old-100,MCTS-new-100,150,False,MCTS-old-100,1,19,46.42181611061096
MCTS-old-100__VS__MCTS-new-100__GAME__151,MCTS-old-100,MCTS-new-100,151,True,MCTS-new-100,1,6,9.951091051101685
MCTS-old-100__VS__MCTS-new-100__GAME__152,MCTS-old-100,MCTS-new-100,152,False,MCTS-old-100,1,13,24.851382732391357
MCTS-old-100__VS__MCTS-new-100__GAME__153,MCTS-old-100,MCTS-new-100,153,True,draw,0,50,129.66891241073608
MCTS-old-100__VS__MCTS-new-100__GAME__154,MCTS-old-100,MCTS-new-100,154,False,MCTS-new-100,-1,14,25.65395212173462
MCTS-old-100__VS__MCTS-new-100__GAME__155,MCTS-old-100,MCTS-new-100,155,True,MCTS-old-100,-1,12,22.63187074661255
MCTS-old-100__VS__MCTS-new-100__GAME__156,MCTS-old-100,MCTS-new-100,156,False,draw,0,50,140.4870011806488
MCTS-old-100__VS__MCTS-new-100__GAME__157,MCTS-old-100,MCTS-new-100,157,True,MCTS-old-100,-1,14,27.16782021522522
MCTS-old-100__VS__MCTS-new-100__GAME__158,MCTS-old-100,MCTS-new-100,158,False,MCTS-old-100,1,7,11.069647312164307
MCTS-old-100__VS__MCTS-new-100__GAME__159,MCTS-old-100,MCTS-new-100,159,True,MCTS-new-100,1,6,12.207505941390991
MCTS-old-100__VS__MCTS-new-100__GAME__160,MCTS-old-100,MCTS-new-100,160,False,MCTS-old-100,1,12,22.16964101791382
MCTS-old-100__VS__MCTS-new-100__GAME__161,MCTS-old-100,MCTS-new-100,161,True,MCTS-old-100,-1,10,19.251739025115967
MCTS-old-100__VS__MCTS-new-100__GAME__162,MCTS-old-100,MCTS-new-100,162,False,MCTS-old-100,1,9,15.998149156570435
MCTS-old-100__VS__MCTS-new-100__GAME__163,MCTS-old-100,MCTS-new-100,163,True,MCTS-old-100,-1,34,84.4044234752655
MCTS-old-100__VS__MCTS-new-100__GAME__164,MCTS-old-100,MCTS-new-100,164,False,MCTS-old-100,1,18,39.984153270721436
MCTS-old-100__VS__MCTS-new-100__GAME__165,MCTS-old-100,MCTS-new-100,165,True,MCTS-old-100,-1,8,12.500093936920166
MCTS-old-100__VS__MCTS-new-100__GAME__166,MCTS-old-100,MCTS-new-100,166,False,MCTS-old-100,1,11,19.318047285079956
MCTS-old-100__VS__MCTS-new-100__GAME__167,MCTS-old-100,MCTS-new-100,167,True,MCTS-new-100,1,25,99.83944845199585
MCTS-old-100__VS__MCTS-new-100__GAME__168,MCTS-old-100,MCTS-new-100,168,False,MCTS-old-100,1,25,65.86148118972778
MCTS-old-100__VS__MCTS-new-100__GAME__169,MCTS-old-100,MCTS-new-100,169,True,MCTS-new-100,1,19,46.33002948760986
MCTS-old-100__VS__MCTS-new-100__GAME__170,MCTS-old-100,MCTS-new-100,170,False,MCTS-old-100,1,27,64.09396243095398
MCTS-old-100__VS__MCTS-new-100__GAME__171,MCTS-old-100,MCTS-new-100,171,True,MCTS-new-100,1,13,24.62080216407776
MCTS-old-100__VS__MCTS-new-100__GAME__172,MCTS-old-100,MCTS-new-100,172,False,MCTS-old-100,1,15,30.667056560516357
MCTS-old-100__VS__MCTS-new-100__GAME__173,MCTS-old-100,MCTS-new-100,173,True,MCTS-new-100,1,11,21.33503770828247
MCTS-old-100__VS__MCTS-new-100__GAME__174,MCTS-old-100,MCTS-new-100,174,False,draw,0,50,134.25646948814392
MCTS-old-100__VS__MCTS-new-100__GAME__175,MCTS-old-100,MCTS-new-100,175,True,MCTS-old-100,-1,21,54.040058612823486
MCTS-old-100__VS__MCTS-new-100__GAME__176,MCTS-old-100,MCTS-new-100,176,False,MCTS-new-100,-1,21,46.35655093193054
MCTS-old-100__VS__MCTS-new-100__GAME__177,MCTS-old-100,MCTS-new-100,177,True,MCTS-new-100,1,6,12.270054817199707
MCTS-old-100__VS__MCTS-new-100__GAME__178,MCTS-old-100,MCTS-new-100,178,False,draw,0,50,134.6464400291443
MCTS-old-100__VS__MCTS-new-100__GAME__179,MCTS-old-100,MCTS-new-100,179,True,MCTS-old-100,-1,18,36.936835527420044
MCTS-old-100__VS__MCTS-new-100__GAME__180,MCTS-old-100,MCTS-new-100,180,False,MCTS-new-100,-1,10,20.562616109848022
MCTS-old-100__VS__MCTS-new-100__GAME__181,MCTS-old-100,MCTS-new-100,181,True,MCTS-old-100,-1,7,11.914806604385376
MCTS-old-100__VS__MCTS-new-100__GAME__182,MCTS-old-100,MCTS-new-100,182,False,MCTS-new-100,-1,23,64.69875645637512
MCTS-old-100__VS__MCTS-new-100__GAME__183,MCTS-old-100,MCTS-new-100,183,True,MCTS-new-100,1,29,61.632070779800415
MCTS-old-100__VS__MCTS-new-100__GAME__184,MCTS-old-100,MCTS-new-100,184,False,MCTS-new-100,-1,25,64.39419746398926
MCTS-old-100__VS__MCTS-new-100__GAME__185,MCTS-old-100,MCTS-new-100,185,True,MCTS-old-100,-1,16,32.19250249862671
MCTS-old-100__VS__MCTS-new-100__GAME__186,MCTS-old-100,MCTS-new-100,186,False,MCTS-old-100,1,35,82.61106419563293
MCTS-old-100__VS__MCTS-new-100__GAME__187,MCTS-old-100,MCTS-new-100,187,True,MCTS-new-100,1,16,31.971078395843506
MCTS-old-100__VS__MCTS-new-100__GAME__188,MCTS-old-100,MCTS-new-100,188,False,draw,0,50,129.58598637580872
MCTS-old-100__VS__MCTS-new-100__GAME__189,MCTS-old-100,MCTS-new-100,189,True,MCTS-old-100,-1,23,57.50022578239441
MCTS-old-100__VS__MCTS-new-100__GAME__190,MCTS-old-100,MCTS-new-100,190,False,draw,0,50,127.83415126800537
MCTS-old-100__VS__MCTS-new-100__GAME__191,MCTS-old-100,MCTS-new-100,191,True,MCTS-new-100,1,39,93.7445318698883
MCTS-old-100__VS__MCTS-new-100__GAME__192,MCTS-old-100,MCTS-new-100,192,False,MCTS-new-100,-1,15,26.444557905197144
MCTS-old-100__VS__MCTS-new-100__GAME__193,MCTS-old-100,MCTS-new-100,193,True,MCTS-new-100,1,17,45.18300652503967
MCTS-old-100__VS__MCTS-new-100__GAME__194,MCTS-old-100,MCTS-new-100,194,False,MCTS-old-100,1,6,9.653688192367554
MCTS-old-100__VS__MCTS-new-100__GAME__195,MCTS-old-100,MCTS-new-100,195,True,draw,0,50,106.85853171348572
MCTS-old-100__VS__MCTS-new-100__GAME__196,MCTS-old-100,MCTS-new-100,196,False,draw,0,50,120.15014314651489
MCTS-old-100__VS__MCTS-new-100__GAME__197,MCTS-old-100,MCTS-new-100,197,True,MCTS-old-100,-1,28,81.49094152450562
MCTS-old-100__VS__MCTS-new-100__GAME__198,MCTS-old-100,MCTS-new-100,198,False,MCTS-old-100,1,9,15.832902431488037
MCTS-old-100__VS__MCTS-new-100__GAME__199,MCTS-old-100,MCTS-new-100,199,True,MCTS-new-100,1,6,10.189597129821777
MCTS-old-100__VS__MCTS-new-100__GAME__200,MCTS-old-100,MCTS-new-100,200,False,MCTS-new-100,-1,16,34.491671085357666
MCTS-old-100__VS__MCTS-new-100__GAME__201,MCTS-old-100,MCTS-new-100,201,True,MCTS-new-100,1,46,110.98991894721985
MCTS-old-100__VS__MCTS-new-100__GAME__202,MCTS-old-100,MCTS-new-100,202,False,MCTS-new-100,-1,8,14.773925542831421
MCTS-old-100__VS__MCTS-new-100__GAME__203,MCTS-old-100,MCTS-new-100,203,True,draw,0,50,130.2227590084076
MCTS-old-100__VS__MCTS-new-100__GAME__204,MCTS-old-100,MCTS-new-100,204,False,MCTS-new-100,-1,17,36.350306272506714
MCTS-old-100__VS__MCTS-new-100__GAME__205,MCTS-old-100,MCTS-new-100,205,True,MCTS-old-100,-1,30,72.19349956512451
MCTS-old-100__VS__MCTS-new-100__GAME__206,MCTS-old-100,MCTS-new-100,206,False,MCTS-old-100,1,9,15.43703317642212
MCTS-old-100__VS__MCTS-new-100__GAME__207,MCTS-old-100,MCTS-new-100,207,True,MCTS-old-100,-1,12,21.6629478931427
MCTS-old-100__VS__MCTS-new-100__GAME__208,MCTS-old-100,MCTS-new-100,208,False,MCTS-old-100,1,16,38.426982402801514
MCTS-old-100__VS__MCTS-new-100__GAME__209,MCTS-old-100,MCTS-new-100,209,True,MCTS-old-100,-1,19,38.86006712913513
MCTS-old-100__VS__MCTS-new-100__GAME__210,MCTS-old-100,MCTS-new-100,210,False,MCTS-old-100,1,8,13.035168170928955
MCTS-old-100__VS__MCTS-new-100__GAME__211,MCTS-old-100,MCTS-new-100,211,True,MCTS-old-100,-1,6,10.349178552627563
MCTS-old-100__VS__MCTS-new-100__GAME__212,MCTS-old-100,MCTS-new-100,212,False,MCTS-old-100,1,7,10.807103157043457
MCTS-old-100__VS__MCTS-new-100__GAME__213,MCTS-old-100,MCTS-new-100,213,True,MCTS-old-100,-1,11,19.105146646499634
MCTS-old-100__VS__MCTS-new-100__GAME__214,MCTS-old-100,MCTS-new-100,214,False,draw,0,50,138.7408308982849
MCTS-old-100__VS__MCTS-new-100__GAME__215,MCTS-old-100,MCTS-new-100,215,True,MCTS-new-100,1,24,57.77761363983154
MCTS-old-100__VS__MCTS-new-100__GAME__216,MCTS-old-100,MCTS-new-100,216,False,MCTS-old-100,1,9,14.899831056594849
MCTS-old-100__VS__MCTS-new-100__GAME__217,MCTS-old-100,MCTS-new-100,217,True,MCTS-new-100,1,10,19.98130702972412
MCTS-old-100__VS__MCTS-new-100__GAME__218,MCTS-old-100,MCTS-new-100,218,False,MCTS-old-100,1,16,33.438719511032104
MCTS-old-100__VS__MCTS-new-100__GAME__219,MCTS-old-100,MCTS-new-100,219,True,MCTS-old-100,-1,12,22.449915409088135
MCTS-old-100__VS__MCTS-new-100__GAME__220,MCTS-old-100,MCTS-new-100,220,False,MCTS-old-100,1,4,6.6230926513671875
MCTS-old-100__VS__MCTS-new-100__GAME__221,MCTS-old-100,MCTS-new-100,221,True,MCTS-old-100,-1,6,9.043146133422852
MCTS-old-100__VS__MCTS-new-100__GAME__222,MCTS-old-100,MCTS-new-100,222,False,MCTS-old-100,1,39,100.18105244636536
MCTS-old-100__VS__MCTS-new-100__GAME__223,MCTS-old-100,MCTS-new-100,223,True,MCTS-old-100,-1,26,55.4445104598999
MCTS-old-100__VS__MCTS-new-100__GAME__224,MCTS-old-100,MCTS-new-100,224,False,MCTS-old-100,1,7,11.910578727722168
MCTS-old-100__VS__MCTS-new-100__GAME__225,MCTS-old-100,MCTS-new-100,225,True,MCTS-new-100,1,6,10.851852893829346
MCTS-old-100__VS__MCTS-new-100__GAME__226,MCTS-old-100,MCTS-new-100,226,False,MCTS-old-100,1,9,19.05889058113098
MCTS-old-100__VS__MCTS-new-100__GAME__227,MCTS-old-100,MCTS-new-100,227,True,MCTS-new-100,1,7,13.243377447128296
MCTS-old-100__VS__MCTS-new-100__GAME__228,MCTS-old-100,MCTS-new-100,228,False,MCTS-old-100,1,6,10.331565856933594
MCTS-old-100__VS__MCTS-new-100__GAME__229,MCTS-old-100,MCTS-new-100,229,True,MCTS-old-100,-1,14,23.706599950790405
MCTS-old-100__VS__MCTS-new-100__GAME__230,MCTS-old-100,MCTS-new-100,230,False,MCTS-old-100,1,16,32.96724247932434
MCTS-old-100__VS__MCTS-new-100__GAME__231,MCTS-old-100,MCTS-new-100,231,True,draw,0,50,116.74105858802795
MCTS-old-100__VS__MCTS-new-100__GAME__232,MCTS-old-100,MCTS-new-100,232,False,MCTS-old-100,1,45,102.51495504379272
MCTS-old-100__VS__MCTS-new-100__GAME__233,MCTS-old-100,MCTS-new-100,233,True,MCTS-new-100,1,6,9.947744369506836
MCTS-old-100__VS__MCTS-new-100__GAME__234,MCTS-old-100,MCTS-new-100,234,False,MCTS-old-100,1,21,51.938640117645264
MCTS-old-100__VS__MCTS-new-100__GAME__235,MCTS-old-100,MCTS-new-100,235,True,MCTS-old-100,-1,10,17.640525341033936
MCTS-old-100__VS__MCTS-new-100__GAME__236,MCTS-old-100,MCTS-new-100,236,False,MCTS-new-100,-1,19,41.268949031829834
MCTS-old-100__VS__MCTS-new-100__GAME__237,MCTS-old-100,MCTS-new-100,237,True,MCTS-new-100,1,8,14.546431541442871
MCTS-old-100__VS__MCTS-new-100__GAME__238,MCTS-old-100,MCTS-new-100,238,False,MCTS-old-100,1,21,47.24592208862305
MCTS-old-100__VS__MCTS-new-100__GAME__239,MCTS-old-100,MCTS-new-100,239,True,MCTS-new-100,1,21,46.21763229370117
MCTS-old-100__VS__MCTS-new-100__GAME__240,MCTS-old-100,MCTS-new-100,240,False,MCTS-old-100,1,6,11.089392185211182
MCTS-old-100__VS__MCTS-new-100__GAME__241,MCTS-old-100,MCTS-new-100,241,True,MCTS-old-100,-1,14,29.49975323677063
MCTS-old-100__VS__MCTS-new-100__GAME__242,MCTS-old-100,MCTS-new-100,242,False,MCTS-old-100,1,27,72.04220581054688
MCTS-old-100__VS__MCTS-new-100__GAME__243,MCTS-old-100,MCTS-new-100,243,True,MCTS-new-100,1,39,83.96125912666321
MCTS-old-100__VS__MCTS-new-100__GAME__244,MCTS-old-100,MCTS-new-100,244,False,MCTS-new-100,-1,6,9.357012033462524
MCTS-old-100__VS__MCTS-new-100__GAME__245,MCTS-old-100,MCTS-new-100,245,True,MCTS-old-100,-1,10,16.324210166931152
MCTS-old-100__VS__MCTS-new-100__GAME__246,MCTS-old-100,MCTS-new-100,246,False,MCTS-new-100,-1,9,16.2609281539917
MCTS-old-100__VS__MCTS-new-100__GAME__247,MCTS-old-100,MCTS-new-100,247,True,MCTS-old-100,-1,20,43.570096015930176
MCTS-old-100__VS__MCTS-new-100__GAME__248,MCTS-old-100,MCTS-new-100,248,False,MCTS-old-100,1,6,10.719648361206055
MCTS-old-100__VS__MCTS-new-100__GAME__249,MCTS-old-100,MCTS-new-100,249,True,MCTS-old-100,-1,7,11.78661298751831
